"date","calendar_index","year","count","split","period","count_method","index","dataset","D_max","final_split","neural_split"
"2006-01-01",1,2006,7,"development",365,"Distinct incident_key per occurrence date.",1,"nyc_shootings",100,"development","train"
"2006-01-02",2,2006,3,"development",365,"Distinct incident_key per occurrence date.",2,"nyc_shootings",100,"development","train"
"2006-01-03",3,2006,4,"development",365,"Distinct incident_key per occurrence date.",3,"nyc_shootings",100,"development","train"
"2006-01-04",4,2006,4,"development",365,"Distinct incident_key per occurrence date.",4,"nyc_shootings",100,"development","train"
"2006-01-05",5,2006,4,"development",365,"Distinct incident_key per occurrence date.",5,"nyc_shootings",100,"development","train"
"2006-01-06",6,2006,3,"development",365,"Distinct incident_key per occurrence date.",6,"nyc_shootings",100,"development","train"
"2006-01-07",7,2006,2,"development",365,"Distinct incident_key per occurrence date.",7,"nyc_shootings",100,"development","train"
"2006-01-08",8,2006,4,"development",365,"Distinct incident_key per occurrence date.",8,"nyc_shootings",100,"development","train"
"2006-01-09",9,2006,6,"development",365,"Distinct incident_key per occurrence date.",9,"nyc_shootings",100,"development","train"
"2006-01-10",10,2006,3,"development",365,"Distinct incident_key per occurrence date.",10,"nyc_shootings",100,"development","train"
"2006-01-11",11,2006,2,"development",365,"Distinct incident_key per occurrence date.",11,"nyc_shootings",100,"development","train"
"2006-01-12",12,2006,2,"development",365,"Distinct incident_key per occurrence date.",12,"nyc_shootings",100,"development","train"
"2006-01-13",13,2006,6,"development",365,"Distinct incident_key per occurrence date.",13,"nyc_shootings",100,"development","train"
"2006-01-14",14,2006,5,"development",365,"Distinct incident_key per occurrence date.",14,"nyc_shootings",100,"development","train"
"2006-01-15",15,2006,3,"development",365,"Distinct incident_key per occurrence date.",15,"nyc_shootings",100,"development","train"
"2006-01-16",16,2006,4,"development",365,"Distinct incident_key per occurrence date.",16,"nyc_shootings",100,"development","train"
"2006-01-17",17,2006,3,"development",365,"Distinct incident_key per occurrence date.",17,"nyc_shootings",100,"development","train"
"2006-01-18",18,2006,3,"development",365,"Distinct incident_key per occurrence date.",18,"nyc_shootings",100,"development","train"
"2006-01-19",19,2006,6,"development",365,"Distinct incident_key per occurrence date.",19,"nyc_shootings",100,"development","train"
"2006-01-20",20,2006,2,"development",365,"Distinct incident_key per occurrence date.",20,"nyc_shootings",100,"development","train"
"2006-01-21",21,2006,5,"development",365,"Distinct incident_key per occurrence date.",21,"nyc_shootings",100,"development","train"
"2006-01-22",22,2006,9,"development",365,"Distinct incident_key per occurrence date.",22,"nyc_shootings",100,"development","train"
"2006-01-23",23,2006,3,"development",365,"Distinct incident_key per occurrence date.",23,"nyc_shootings",100,"development","train"
"2006-01-24",24,2006,3,"development",365,"Distinct incident_key per occurrence date.",24,"nyc_shootings",100,"development","train"
"2006-01-25",25,2006,2,"development",365,"Distinct incident_key per occurrence date.",25,"nyc_shootings",100,"development","train"
"2006-01-26",26,2006,1,"development",365,"Distinct incident_key per occurrence date.",26,"nyc_shootings",100,"development","train"
"2006-01-27",27,2006,0,"development",365,"Distinct incident_key per occurrence date.",27,"nyc_shootings",100,"development","train"
"2006-01-28",28,2006,4,"development",365,"Distinct incident_key per occurrence date.",28,"nyc_shootings",100,"development","train"
"2006-01-29",29,2006,4,"development",365,"Distinct incident_key per occurrence date.",29,"nyc_shootings",100,"development","train"
"2006-01-30",30,2006,3,"development",365,"Distinct incident_key per occurrence date.",30,"nyc_shootings",100,"development","train"
"2006-01-31",31,2006,2,"development",365,"Distinct incident_key per occurrence date.",31,"nyc_shootings",100,"development","train"
"2006-02-01",32,2006,6,"development",365,"Distinct incident_key per occurrence date.",32,"nyc_shootings",100,"development","train"
"2006-02-02",33,2006,2,"development",365,"Distinct incident_key per occurrence date.",33,"nyc_shootings",100,"development","train"
"2006-02-03",34,2006,2,"development",365,"Distinct incident_key per occurrence date.",34,"nyc_shootings",100,"development","train"
"2006-02-04",35,2006,6,"development",365,"Distinct incident_key per occurrence date.",35,"nyc_shootings",100,"development","train"
"2006-02-05",36,2006,6,"development",365,"Distinct incident_key per occurrence date.",36,"nyc_shootings",100,"development","train"
"2006-02-06",37,2006,1,"development",365,"Distinct incident_key per occurrence date.",37,"nyc_shootings",100,"development","train"
"2006-02-07",38,2006,1,"development",365,"Distinct incident_key per occurrence date.",38,"nyc_shootings",100,"development","train"
"2006-02-08",39,2006,2,"development",365,"Distinct incident_key per occurrence date.",39,"nyc_shootings",100,"development","train"
"2006-02-09",40,2006,2,"development",365,"Distinct incident_key per occurrence date.",40,"nyc_shootings",100,"development","train"
"2006-02-10",41,2006,2,"development",365,"Distinct incident_key per occurrence date.",41,"nyc_shootings",100,"development","train"
"2006-02-11",42,2006,4,"development",365,"Distinct incident_key per occurrence date.",42,"nyc_shootings",100,"development","train"
"2006-02-12",43,2006,2,"development",365,"Distinct incident_key per occurrence date.",43,"nyc_shootings",100,"development","train"
"2006-02-13",44,2006,2,"development",365,"Distinct incident_key per occurrence date.",44,"nyc_shootings",100,"development","train"
"2006-02-14",45,2006,1,"development",365,"Distinct incident_key per occurrence date.",45,"nyc_shootings",100,"development","train"
"2006-02-15",46,2006,3,"development",365,"Distinct incident_key per occurrence date.",46,"nyc_shootings",100,"development","train"
"2006-02-16",47,2006,2,"development",365,"Distinct incident_key per occurrence date.",47,"nyc_shootings",100,"development","train"
"2006-02-17",48,2006,7,"development",365,"Distinct incident_key per occurrence date.",48,"nyc_shootings",100,"development","train"
"2006-02-18",49,2006,2,"development",365,"Distinct incident_key per occurrence date.",49,"nyc_shootings",100,"development","train"
"2006-02-19",50,2006,8,"development",365,"Distinct incident_key per occurrence date.",50,"nyc_shootings",100,"development","train"
"2006-02-20",51,2006,2,"development",365,"Distinct incident_key per occurrence date.",51,"nyc_shootings",100,"development","train"
"2006-02-21",52,2006,4,"development",365,"Distinct incident_key per occurrence date.",52,"nyc_shootings",100,"development","train"
"2006-02-22",53,2006,2,"development",365,"Distinct incident_key per occurrence date.",53,"nyc_shootings",100,"development","train"
"2006-02-23",54,2006,0,"development",365,"Distinct incident_key per occurrence date.",54,"nyc_shootings",100,"development","train"
"2006-02-24",55,2006,2,"development",365,"Distinct incident_key per occurrence date.",55,"nyc_shootings",100,"development","train"
"2006-02-25",56,2006,3,"development",365,"Distinct incident_key per occurrence date.",56,"nyc_shootings",100,"development","train"
"2006-02-26",57,2006,2,"development",365,"Distinct incident_key per occurrence date.",57,"nyc_shootings",100,"development","train"
"2006-02-27",58,2006,0,"development",365,"Distinct incident_key per occurrence date.",58,"nyc_shootings",100,"development","train"
"2006-02-28",59,2006,5,"development",365,"Distinct incident_key per occurrence date.",59,"nyc_shootings",100,"development","train"
"2006-03-01",60,2006,0,"development",365,"Distinct incident_key per occurrence date.",60,"nyc_shootings",100,"development","train"
"2006-03-02",61,2006,3,"development",365,"Distinct incident_key per occurrence date.",61,"nyc_shootings",100,"development","train"
"2006-03-03",62,2006,1,"development",365,"Distinct incident_key per occurrence date.",62,"nyc_shootings",100,"development","train"
"2006-03-04",63,2006,5,"development",365,"Distinct incident_key per occurrence date.",63,"nyc_shootings",100,"development","train"
"2006-03-05",64,2006,4,"development",365,"Distinct incident_key per occurrence date.",64,"nyc_shootings",100,"development","train"
"2006-03-06",65,2006,4,"development",365,"Distinct incident_key per occurrence date.",65,"nyc_shootings",100,"development","train"
"2006-03-07",66,2006,0,"development",365,"Distinct incident_key per occurrence date.",66,"nyc_shootings",100,"development","train"
"2006-03-08",67,2006,0,"development",365,"Distinct incident_key per occurrence date.",67,"nyc_shootings",100,"development","train"
"2006-03-09",68,2006,2,"development",365,"Distinct incident_key per occurrence date.",68,"nyc_shootings",100,"development","train"
"2006-03-10",69,2006,2,"development",365,"Distinct incident_key per occurrence date.",69,"nyc_shootings",100,"development","train"
"2006-03-11",70,2006,6,"development",365,"Distinct incident_key per occurrence date.",70,"nyc_shootings",100,"development","train"
"2006-03-12",71,2006,1,"development",365,"Distinct incident_key per occurrence date.",71,"nyc_shootings",100,"development","train"
"2006-03-13",72,2006,2,"development",365,"Distinct incident_key per occurrence date.",72,"nyc_shootings",100,"development","train"
"2006-03-14",73,2006,1,"development",365,"Distinct incident_key per occurrence date.",73,"nyc_shootings",100,"development","train"
"2006-03-15",74,2006,1,"development",365,"Distinct incident_key per occurrence date.",74,"nyc_shootings",100,"development","train"
"2006-03-16",75,2006,4,"development",365,"Distinct incident_key per occurrence date.",75,"nyc_shootings",100,"development","train"
"2006-03-17",76,2006,2,"development",365,"Distinct incident_key per occurrence date.",76,"nyc_shootings",100,"development","train"
"2006-03-18",77,2006,1,"development",365,"Distinct incident_key per occurrence date.",77,"nyc_shootings",100,"development","train"
"2006-03-19",78,2006,3,"development",365,"Distinct incident_key per occurrence date.",78,"nyc_shootings",100,"development","train"
"2006-03-20",79,2006,4,"development",365,"Distinct incident_key per occurrence date.",79,"nyc_shootings",100,"development","train"
"2006-03-21",80,2006,3,"development",365,"Distinct incident_key per occurrence date.",80,"nyc_shootings",100,"development","train"
"2006-03-22",81,2006,2,"development",365,"Distinct incident_key per occurrence date.",81,"nyc_shootings",100,"development","train"
"2006-03-23",82,2006,3,"development",365,"Distinct incident_key per occurrence date.",82,"nyc_shootings",100,"development","train"
"2006-03-24",83,2006,4,"development",365,"Distinct incident_key per occurrence date.",83,"nyc_shootings",100,"development","train"
"2006-03-25",84,2006,4,"development",365,"Distinct incident_key per occurrence date.",84,"nyc_shootings",100,"development","train"
"2006-03-26",85,2006,5,"development",365,"Distinct incident_key per occurrence date.",85,"nyc_shootings",100,"development","train"
"2006-03-27",86,2006,3,"development",365,"Distinct incident_key per occurrence date.",86,"nyc_shootings",100,"development","train"
"2006-03-28",87,2006,3,"development",365,"Distinct incident_key per occurrence date.",87,"nyc_shootings",100,"development","train"
"2006-03-29",88,2006,3,"development",365,"Distinct incident_key per occurrence date.",88,"nyc_shootings",100,"development","train"
"2006-03-30",89,2006,0,"development",365,"Distinct incident_key per occurrence date.",89,"nyc_shootings",100,"development","train"
"2006-03-31",90,2006,3,"development",365,"Distinct incident_key per occurrence date.",90,"nyc_shootings",100,"development","train"
"2006-04-01",91,2006,5,"development",365,"Distinct incident_key per occurrence date.",91,"nyc_shootings",100,"development","train"
"2006-04-02",92,2006,4,"development",365,"Distinct incident_key per occurrence date.",92,"nyc_shootings",100,"development","train"
"2006-04-03",93,2006,4,"development",365,"Distinct incident_key per occurrence date.",93,"nyc_shootings",100,"development","train"
"2006-04-04",94,2006,3,"development",365,"Distinct incident_key per occurrence date.",94,"nyc_shootings",100,"development","train"
"2006-04-05",95,2006,2,"development",365,"Distinct incident_key per occurrence date.",95,"nyc_shootings",100,"development","train"
"2006-04-06",96,2006,4,"development",365,"Distinct incident_key per occurrence date.",96,"nyc_shootings",100,"development","train"
"2006-04-07",97,2006,1,"development",365,"Distinct incident_key per occurrence date.",97,"nyc_shootings",100,"development","train"
"2006-04-08",98,2006,5,"development",365,"Distinct incident_key per occurrence date.",98,"nyc_shootings",100,"development","train"
"2006-04-09",99,2006,1,"development",365,"Distinct incident_key per occurrence date.",99,"nyc_shootings",100,"development","train"
"2006-04-10",100,2006,6,"development",365,"Distinct incident_key per occurrence date.",100,"nyc_shootings",100,"development","train"
"2006-04-11",101,2006,3,"development",365,"Distinct incident_key per occurrence date.",101,"nyc_shootings",100,"development","train"
"2006-04-12",102,2006,1,"development",365,"Distinct incident_key per occurrence date.",102,"nyc_shootings",100,"development","train"
"2006-04-13",103,2006,3,"development",365,"Distinct incident_key per occurrence date.",103,"nyc_shootings",100,"development","train"
"2006-04-14",104,2006,5,"development",365,"Distinct incident_key per occurrence date.",104,"nyc_shootings",100,"development","train"
"2006-04-15",105,2006,4,"development",365,"Distinct incident_key per occurrence date.",105,"nyc_shootings",100,"development","train"
"2006-04-16",106,2006,7,"development",365,"Distinct incident_key per occurrence date.",106,"nyc_shootings",100,"development","train"
"2006-04-17",107,2006,3,"development",365,"Distinct incident_key per occurrence date.",107,"nyc_shootings",100,"development","train"
"2006-04-18",108,2006,3,"development",365,"Distinct incident_key per occurrence date.",108,"nyc_shootings",100,"development","train"
"2006-04-19",109,2006,3,"development",365,"Distinct incident_key per occurrence date.",109,"nyc_shootings",100,"development","train"
"2006-04-20",110,2006,3,"development",365,"Distinct incident_key per occurrence date.",110,"nyc_shootings",100,"development","train"
"2006-04-21",111,2006,7,"development",365,"Distinct incident_key per occurrence date.",111,"nyc_shootings",100,"development","train"
"2006-04-22",112,2006,4,"development",365,"Distinct incident_key per occurrence date.",112,"nyc_shootings",100,"development","train"
"2006-04-23",113,2006,5,"development",365,"Distinct incident_key per occurrence date.",113,"nyc_shootings",100,"development","train"
"2006-04-24",114,2006,5,"development",365,"Distinct incident_key per occurrence date.",114,"nyc_shootings",100,"development","train"
"2006-04-25",115,2006,4,"development",365,"Distinct incident_key per occurrence date.",115,"nyc_shootings",100,"development","train"
"2006-04-26",116,2006,4,"development",365,"Distinct incident_key per occurrence date.",116,"nyc_shootings",100,"development","train"
"2006-04-27",117,2006,2,"development",365,"Distinct incident_key per occurrence date.",117,"nyc_shootings",100,"development","train"
"2006-04-28",118,2006,5,"development",365,"Distinct incident_key per occurrence date.",118,"nyc_shootings",100,"development","train"
"2006-04-29",119,2006,4,"development",365,"Distinct incident_key per occurrence date.",119,"nyc_shootings",100,"development","train"
"2006-04-30",120,2006,3,"development",365,"Distinct incident_key per occurrence date.",120,"nyc_shootings",100,"development","train"
"2006-05-01",121,2006,7,"development",365,"Distinct incident_key per occurrence date.",121,"nyc_shootings",100,"development","train"
"2006-05-02",122,2006,3,"development",365,"Distinct incident_key per occurrence date.",122,"nyc_shootings",100,"development","train"
"2006-05-03",123,2006,3,"development",365,"Distinct incident_key per occurrence date.",123,"nyc_shootings",100,"development","train"
"2006-05-04",124,2006,4,"development",365,"Distinct incident_key per occurrence date.",124,"nyc_shootings",100,"development","train"
"2006-05-05",125,2006,7,"development",365,"Distinct incident_key per occurrence date.",125,"nyc_shootings",100,"development","train"
"2006-05-06",126,2006,4,"development",365,"Distinct incident_key per occurrence date.",126,"nyc_shootings",100,"development","train"
"2006-05-07",127,2006,8,"development",365,"Distinct incident_key per occurrence date.",127,"nyc_shootings",100,"development","train"
"2006-05-08",128,2006,3,"development",365,"Distinct incident_key per occurrence date.",128,"nyc_shootings",100,"development","train"
"2006-05-09",129,2006,1,"development",365,"Distinct incident_key per occurrence date.",129,"nyc_shootings",100,"development","train"
"2006-05-10",130,2006,5,"development",365,"Distinct incident_key per occurrence date.",130,"nyc_shootings",100,"development","train"
"2006-05-11",131,2006,4,"development",365,"Distinct incident_key per occurrence date.",131,"nyc_shootings",100,"development","train"
"2006-05-12",132,2006,2,"development",365,"Distinct incident_key per occurrence date.",132,"nyc_shootings",100,"development","train"
"2006-05-13",133,2006,4,"development",365,"Distinct incident_key per occurrence date.",133,"nyc_shootings",100,"development","train"
"2006-05-14",134,2006,4,"development",365,"Distinct incident_key per occurrence date.",134,"nyc_shootings",100,"development","train"
"2006-05-15",135,2006,2,"development",365,"Distinct incident_key per occurrence date.",135,"nyc_shootings",100,"development","train"
"2006-05-16",136,2006,1,"development",365,"Distinct incident_key per occurrence date.",136,"nyc_shootings",100,"development","train"
"2006-05-17",137,2006,4,"development",365,"Distinct incident_key per occurrence date.",137,"nyc_shootings",100,"development","train"
"2006-05-18",138,2006,5,"development",365,"Distinct incident_key per occurrence date.",138,"nyc_shootings",100,"development","train"
"2006-05-19",139,2006,1,"development",365,"Distinct incident_key per occurrence date.",139,"nyc_shootings",100,"development","train"
"2006-05-20",140,2006,7,"development",365,"Distinct incident_key per occurrence date.",140,"nyc_shootings",100,"development","train"
"2006-05-21",141,2006,8,"development",365,"Distinct incident_key per occurrence date.",141,"nyc_shootings",100,"development","train"
"2006-05-22",142,2006,3,"development",365,"Distinct incident_key per occurrence date.",142,"nyc_shootings",100,"development","train"
"2006-05-23",143,2006,6,"development",365,"Distinct incident_key per occurrence date.",143,"nyc_shootings",100,"development","train"
"2006-05-24",144,2006,5,"development",365,"Distinct incident_key per occurrence date.",144,"nyc_shootings",100,"development","train"
"2006-05-25",145,2006,4,"development",365,"Distinct incident_key per occurrence date.",145,"nyc_shootings",100,"development","train"
"2006-05-26",146,2006,4,"development",365,"Distinct incident_key per occurrence date.",146,"nyc_shootings",100,"development","train"
"2006-05-27",147,2006,4,"development",365,"Distinct incident_key per occurrence date.",147,"nyc_shootings",100,"development","train"
"2006-05-28",148,2006,8,"development",365,"Distinct incident_key per occurrence date.",148,"nyc_shootings",100,"development","train"
"2006-05-29",149,2006,8,"development",365,"Distinct incident_key per occurrence date.",149,"nyc_shootings",100,"development","train"
"2006-05-30",150,2006,3,"development",365,"Distinct incident_key per occurrence date.",150,"nyc_shootings",100,"development","train"
"2006-05-31",151,2006,2,"development",365,"Distinct incident_key per occurrence date.",151,"nyc_shootings",100,"development","train"
"2006-06-01",152,2006,4,"development",365,"Distinct incident_key per occurrence date.",152,"nyc_shootings",100,"development","train"
"2006-06-02",153,2006,4,"development",365,"Distinct incident_key per occurrence date.",153,"nyc_shootings",100,"development","train"
"2006-06-03",154,2006,8,"development",365,"Distinct incident_key per occurrence date.",154,"nyc_shootings",100,"development","train"
"2006-06-04",155,2006,6,"development",365,"Distinct incident_key per occurrence date.",155,"nyc_shootings",100,"development","train"
"2006-06-05",156,2006,3,"development",365,"Distinct incident_key per occurrence date.",156,"nyc_shootings",100,"development","train"
"2006-06-06",157,2006,2,"development",365,"Distinct incident_key per occurrence date.",157,"nyc_shootings",100,"development","train"
"2006-06-07",158,2006,3,"development",365,"Distinct incident_key per occurrence date.",158,"nyc_shootings",100,"development","train"
"2006-06-08",159,2006,2,"development",365,"Distinct incident_key per occurrence date.",159,"nyc_shootings",100,"development","train"
"2006-06-09",160,2006,5,"development",365,"Distinct incident_key per occurrence date.",160,"nyc_shootings",100,"development","train"
"2006-06-10",161,2006,4,"development",365,"Distinct incident_key per occurrence date.",161,"nyc_shootings",100,"development","train"
"2006-06-11",162,2006,2,"development",365,"Distinct incident_key per occurrence date.",162,"nyc_shootings",100,"development","train"
"2006-06-12",163,2006,6,"development",365,"Distinct incident_key per occurrence date.",163,"nyc_shootings",100,"development","train"
"2006-06-13",164,2006,2,"development",365,"Distinct incident_key per occurrence date.",164,"nyc_shootings",100,"development","train"
"2006-06-14",165,2006,4,"development",365,"Distinct incident_key per occurrence date.",165,"nyc_shootings",100,"development","train"
"2006-06-15",166,2006,3,"development",365,"Distinct incident_key per occurrence date.",166,"nyc_shootings",100,"development","train"
"2006-06-16",167,2006,2,"development",365,"Distinct incident_key per occurrence date.",167,"nyc_shootings",100,"development","train"
"2006-06-17",168,2006,6,"development",365,"Distinct incident_key per occurrence date.",168,"nyc_shootings",100,"development","train"
"2006-06-18",169,2006,13,"development",365,"Distinct incident_key per occurrence date.",169,"nyc_shootings",100,"development","train"
"2006-06-19",170,2006,5,"development",365,"Distinct incident_key per occurrence date.",170,"nyc_shootings",100,"development","train"
"2006-06-20",171,2006,6,"development",365,"Distinct incident_key per occurrence date.",171,"nyc_shootings",100,"development","train"
"2006-06-21",172,2006,6,"development",365,"Distinct incident_key per occurrence date.",172,"nyc_shootings",100,"development","train"
"2006-06-22",173,2006,5,"development",365,"Distinct incident_key per occurrence date.",173,"nyc_shootings",100,"development","train"
"2006-06-23",174,2006,10,"development",365,"Distinct incident_key per occurrence date.",174,"nyc_shootings",100,"development","train"
"2006-06-24",175,2006,5,"development",365,"Distinct incident_key per occurrence date.",175,"nyc_shootings",100,"development","train"
"2006-06-25",176,2006,3,"development",365,"Distinct incident_key per occurrence date.",176,"nyc_shootings",100,"development","train"
"2006-06-26",177,2006,4,"development",365,"Distinct incident_key per occurrence date.",177,"nyc_shootings",100,"development","train"
"2006-06-27",178,2006,5,"development",365,"Distinct incident_key per occurrence date.",178,"nyc_shootings",100,"development","train"
"2006-06-28",179,2006,9,"development",365,"Distinct incident_key per occurrence date.",179,"nyc_shootings",100,"development","train"
"2006-06-29",180,2006,1,"development",365,"Distinct incident_key per occurrence date.",180,"nyc_shootings",100,"development","train"
"2006-06-30",181,2006,8,"development",365,"Distinct incident_key per occurrence date.",181,"nyc_shootings",100,"development","train"
"2006-07-01",182,2006,2,"development",365,"Distinct incident_key per occurrence date.",182,"nyc_shootings",100,"development","train"
"2006-07-02",183,2006,8,"development",365,"Distinct incident_key per occurrence date.",183,"nyc_shootings",100,"development","train"
"2006-07-03",184,2006,5,"development",365,"Distinct incident_key per occurrence date.",184,"nyc_shootings",100,"development","train"
"2006-07-04",185,2006,7,"development",365,"Distinct incident_key per occurrence date.",185,"nyc_shootings",100,"development","train"
"2006-07-05",186,2006,6,"development",365,"Distinct incident_key per occurrence date.",186,"nyc_shootings",100,"development","train"
"2006-07-06",187,2006,2,"development",365,"Distinct incident_key per occurrence date.",187,"nyc_shootings",100,"development","train"
"2006-07-07",188,2006,4,"development",365,"Distinct incident_key per occurrence date.",188,"nyc_shootings",100,"development","train"
"2006-07-08",189,2006,8,"development",365,"Distinct incident_key per occurrence date.",189,"nyc_shootings",100,"development","train"
"2006-07-09",190,2006,9,"development",365,"Distinct incident_key per occurrence date.",190,"nyc_shootings",100,"development","train"
"2006-07-10",191,2006,5,"development",365,"Distinct incident_key per occurrence date.",191,"nyc_shootings",100,"development","train"
"2006-07-11",192,2006,7,"development",365,"Distinct incident_key per occurrence date.",192,"nyc_shootings",100,"development","train"
"2006-07-12",193,2006,3,"development",365,"Distinct incident_key per occurrence date.",193,"nyc_shootings",100,"development","train"
"2006-07-13",194,2006,5,"development",365,"Distinct incident_key per occurrence date.",194,"nyc_shootings",100,"development","train"
"2006-07-14",195,2006,6,"development",365,"Distinct incident_key per occurrence date.",195,"nyc_shootings",100,"development","train"
"2006-07-15",196,2006,8,"development",365,"Distinct incident_key per occurrence date.",196,"nyc_shootings",100,"development","train"
"2006-07-16",197,2006,7,"development",365,"Distinct incident_key per occurrence date.",197,"nyc_shootings",100,"development","train"
"2006-07-17",198,2006,5,"development",365,"Distinct incident_key per occurrence date.",198,"nyc_shootings",100,"development","train"
"2006-07-18",199,2006,6,"development",365,"Distinct incident_key per occurrence date.",199,"nyc_shootings",100,"development","train"
"2006-07-19",200,2006,5,"development",365,"Distinct incident_key per occurrence date.",200,"nyc_shootings",100,"development","train"
"2006-07-20",201,2006,1,"development",365,"Distinct incident_key per occurrence date.",201,"nyc_shootings",100,"development","train"
"2006-07-21",202,2006,6,"development",365,"Distinct incident_key per occurrence date.",202,"nyc_shootings",100,"development","train"
"2006-07-22",203,2006,10,"development",365,"Distinct incident_key per occurrence date.",203,"nyc_shootings",100,"development","train"
"2006-07-23",204,2006,5,"development",365,"Distinct incident_key per occurrence date.",204,"nyc_shootings",100,"development","train"
"2006-07-24",205,2006,4,"development",365,"Distinct incident_key per occurrence date.",205,"nyc_shootings",100,"development","train"
"2006-07-25",206,2006,3,"development",365,"Distinct incident_key per occurrence date.",206,"nyc_shootings",100,"development","train"
"2006-07-26",207,2006,7,"development",365,"Distinct incident_key per occurrence date.",207,"nyc_shootings",100,"development","train"
"2006-07-27",208,2006,4,"development",365,"Distinct incident_key per occurrence date.",208,"nyc_shootings",100,"development","train"
"2006-07-28",209,2006,4,"development",365,"Distinct incident_key per occurrence date.",209,"nyc_shootings",100,"development","train"
"2006-07-29",210,2006,4,"development",365,"Distinct incident_key per occurrence date.",210,"nyc_shootings",100,"development","train"
"2006-07-30",211,2006,11,"development",365,"Distinct incident_key per occurrence date.",211,"nyc_shootings",100,"development","train"
"2006-07-31",212,2006,2,"development",365,"Distinct incident_key per occurrence date.",212,"nyc_shootings",100,"development","train"
"2006-08-01",213,2006,5,"development",365,"Distinct incident_key per occurrence date.",213,"nyc_shootings",100,"development","train"
"2006-08-02",214,2006,3,"development",365,"Distinct incident_key per occurrence date.",214,"nyc_shootings",100,"development","train"
"2006-08-03",215,2006,4,"development",365,"Distinct incident_key per occurrence date.",215,"nyc_shootings",100,"development","train"
"2006-08-04",216,2006,1,"development",365,"Distinct incident_key per occurrence date.",216,"nyc_shootings",100,"development","train"
"2006-08-05",217,2006,7,"development",365,"Distinct incident_key per occurrence date.",217,"nyc_shootings",100,"development","train"
"2006-08-06",218,2006,10,"development",365,"Distinct incident_key per occurrence date.",218,"nyc_shootings",100,"development","train"
"2006-08-07",219,2006,6,"development",365,"Distinct incident_key per occurrence date.",219,"nyc_shootings",100,"development","train"
"2006-08-08",220,2006,7,"development",365,"Distinct incident_key per occurrence date.",220,"nyc_shootings",100,"development","train"
"2006-08-09",221,2006,6,"development",365,"Distinct incident_key per occurrence date.",221,"nyc_shootings",100,"development","train"
"2006-08-10",222,2006,2,"development",365,"Distinct incident_key per occurrence date.",222,"nyc_shootings",100,"development","train"
"2006-08-11",223,2006,7,"development",365,"Distinct incident_key per occurrence date.",223,"nyc_shootings",100,"development","train"
"2006-08-12",224,2006,6,"development",365,"Distinct incident_key per occurrence date.",224,"nyc_shootings",100,"development","train"
"2006-08-13",225,2006,9,"development",365,"Distinct incident_key per occurrence date.",225,"nyc_shootings",100,"development","train"
"2006-08-14",226,2006,5,"development",365,"Distinct incident_key per occurrence date.",226,"nyc_shootings",100,"development","train"
"2006-08-15",227,2006,3,"development",365,"Distinct incident_key per occurrence date.",227,"nyc_shootings",100,"development","train"
"2006-08-16",228,2006,8,"development",365,"Distinct incident_key per occurrence date.",228,"nyc_shootings",100,"development","train"
"2006-08-17",229,2006,6,"development",365,"Distinct incident_key per occurrence date.",229,"nyc_shootings",100,"development","train"
"2006-08-18",230,2006,6,"development",365,"Distinct incident_key per occurrence date.",230,"nyc_shootings",100,"development","train"
"2006-08-19",231,2006,6,"development",365,"Distinct incident_key per occurrence date.",231,"nyc_shootings",100,"development","train"
"2006-08-20",232,2006,10,"development",365,"Distinct incident_key per occurrence date.",232,"nyc_shootings",100,"development","train"
"2006-08-21",233,2006,6,"development",365,"Distinct incident_key per occurrence date.",233,"nyc_shootings",100,"development","train"
"2006-08-22",234,2006,5,"development",365,"Distinct incident_key per occurrence date.",234,"nyc_shootings",100,"development","train"
"2006-08-23",235,2006,2,"development",365,"Distinct incident_key per occurrence date.",235,"nyc_shootings",100,"development","train"
"2006-08-24",236,2006,2,"development",365,"Distinct incident_key per occurrence date.",236,"nyc_shootings",100,"development","train"
"2006-08-25",237,2006,8,"development",365,"Distinct incident_key per occurrence date.",237,"nyc_shootings",100,"development","train"
"2006-08-26",238,2006,6,"development",365,"Distinct incident_key per occurrence date.",238,"nyc_shootings",100,"development","train"
"2006-08-27",239,2006,8,"development",365,"Distinct incident_key per occurrence date.",239,"nyc_shootings",100,"development","train"
"2006-08-28",240,2006,4,"development",365,"Distinct incident_key per occurrence date.",240,"nyc_shootings",100,"development","train"
"2006-08-29",241,2006,3,"development",365,"Distinct incident_key per occurrence date.",241,"nyc_shootings",100,"development","train"
"2006-08-30",242,2006,4,"development",365,"Distinct incident_key per occurrence date.",242,"nyc_shootings",100,"development","train"
"2006-08-31",243,2006,12,"development",365,"Distinct incident_key per occurrence date.",243,"nyc_shootings",100,"development","train"
"2006-09-01",244,2006,1,"development",365,"Distinct incident_key per occurrence date.",244,"nyc_shootings",100,"development","train"
"2006-09-02",245,2006,4,"development",365,"Distinct incident_key per occurrence date.",245,"nyc_shootings",100,"development","train"
"2006-09-03",246,2006,3,"development",365,"Distinct incident_key per occurrence date.",246,"nyc_shootings",100,"development","train"
"2006-09-04",247,2006,12,"development",365,"Distinct incident_key per occurrence date.",247,"nyc_shootings",100,"development","train"
"2006-09-05",248,2006,4,"development",365,"Distinct incident_key per occurrence date.",248,"nyc_shootings",100,"development","train"
"2006-09-06",249,2006,1,"development",365,"Distinct incident_key per occurrence date.",249,"nyc_shootings",100,"development","train"
"2006-09-07",250,2006,4,"development",365,"Distinct incident_key per occurrence date.",250,"nyc_shootings",100,"development","train"
"2006-09-08",251,2006,6,"development",365,"Distinct incident_key per occurrence date.",251,"nyc_shootings",100,"development","train"
"2006-09-09",252,2006,6,"development",365,"Distinct incident_key per occurrence date.",252,"nyc_shootings",100,"development","train"
"2006-09-10",253,2006,7,"development",365,"Distinct incident_key per occurrence date.",253,"nyc_shootings",100,"development","train"
"2006-09-11",254,2006,5,"development",365,"Distinct incident_key per occurrence date.",254,"nyc_shootings",100,"development","train"
"2006-09-12",255,2006,1,"development",365,"Distinct incident_key per occurrence date.",255,"nyc_shootings",100,"development","train"
"2006-09-13",256,2006,5,"development",365,"Distinct incident_key per occurrence date.",256,"nyc_shootings",100,"development","train"
"2006-09-14",257,2006,6,"development",365,"Distinct incident_key per occurrence date.",257,"nyc_shootings",100,"development","train"
"2006-09-15",258,2006,3,"development",365,"Distinct incident_key per occurrence date.",258,"nyc_shootings",100,"development","train"
"2006-09-16",259,2006,9,"development",365,"Distinct incident_key per occurrence date.",259,"nyc_shootings",100,"development","train"
"2006-09-17",260,2006,11,"development",365,"Distinct incident_key per occurrence date.",260,"nyc_shootings",100,"development","train"
"2006-09-18",261,2006,5,"development",365,"Distinct incident_key per occurrence date.",261,"nyc_shootings",100,"development","train"
"2006-09-19",262,2006,7,"development",365,"Distinct incident_key per occurrence date.",262,"nyc_shootings",100,"development","train"
"2006-09-20",263,2006,4,"development",365,"Distinct incident_key per occurrence date.",263,"nyc_shootings",100,"development","train"
"2006-09-21",264,2006,5,"development",365,"Distinct incident_key per occurrence date.",264,"nyc_shootings",100,"development","train"
"2006-09-22",265,2006,3,"development",365,"Distinct incident_key per occurrence date.",265,"nyc_shootings",100,"development","train"
"2006-09-23",266,2006,6,"development",365,"Distinct incident_key per occurrence date.",266,"nyc_shootings",100,"development","train"
"2006-09-24",267,2006,8,"development",365,"Distinct incident_key per occurrence date.",267,"nyc_shootings",100,"development","train"
"2006-09-25",268,2006,4,"development",365,"Distinct incident_key per occurrence date.",268,"nyc_shootings",100,"development","train"
"2006-09-26",269,2006,5,"development",365,"Distinct incident_key per occurrence date.",269,"nyc_shootings",100,"development","train"
"2006-09-27",270,2006,3,"development",365,"Distinct incident_key per occurrence date.",270,"nyc_shootings",100,"development","train"
"2006-09-28",271,2006,3,"development",365,"Distinct incident_key per occurrence date.",271,"nyc_shootings",100,"development","train"
"2006-09-29",272,2006,4,"development",365,"Distinct incident_key per occurrence date.",272,"nyc_shootings",100,"development","train"
"2006-09-30",273,2006,7,"development",365,"Distinct incident_key per occurrence date.",273,"nyc_shootings",100,"development","train"
"2006-10-01",274,2006,10,"development",365,"Distinct incident_key per occurrence date.",274,"nyc_shootings",100,"development","train"
"2006-10-02",275,2006,4,"development",365,"Distinct incident_key per occurrence date.",275,"nyc_shootings",100,"development","train"
"2006-10-03",276,2006,6,"development",365,"Distinct incident_key per occurrence date.",276,"nyc_shootings",100,"development","train"
"2006-10-04",277,2006,5,"development",365,"Distinct incident_key per occurrence date.",277,"nyc_shootings",100,"development","train"
"2006-10-05",278,2006,2,"development",365,"Distinct incident_key per occurrence date.",278,"nyc_shootings",100,"development","train"
"2006-10-06",279,2006,5,"development",365,"Distinct incident_key per occurrence date.",279,"nyc_shootings",100,"development","train"
"2006-10-07",280,2006,5,"development",365,"Distinct incident_key per occurrence date.",280,"nyc_shootings",100,"development","train"
"2006-10-08",281,2006,6,"development",365,"Distinct incident_key per occurrence date.",281,"nyc_shootings",100,"development","train"
"2006-10-09",282,2006,8,"development",365,"Distinct incident_key per occurrence date.",282,"nyc_shootings",100,"development","train"
"2006-10-10",283,2006,4,"development",365,"Distinct incident_key per occurrence date.",283,"nyc_shootings",100,"development","train"
"2006-10-11",284,2006,2,"development",365,"Distinct incident_key per occurrence date.",284,"nyc_shootings",100,"development","train"
"2006-10-12",285,2006,5,"development",365,"Distinct incident_key per occurrence date.",285,"nyc_shootings",100,"development","train"
"2006-10-13",286,2006,3,"development",365,"Distinct incident_key per occurrence date.",286,"nyc_shootings",100,"development","train"
"2006-10-14",287,2006,7,"development",365,"Distinct incident_key per occurrence date.",287,"nyc_shootings",100,"development","train"
"2006-10-15",288,2006,7,"development",365,"Distinct incident_key per occurrence date.",288,"nyc_shootings",100,"development","train"
"2006-10-16",289,2006,6,"development",365,"Distinct incident_key per occurrence date.",289,"nyc_shootings",100,"development","train"
"2006-10-17",290,2006,1,"development",365,"Distinct incident_key per occurrence date.",290,"nyc_shootings",100,"development","train"
"2006-10-18",291,2006,3,"development",365,"Distinct incident_key per occurrence date.",291,"nyc_shootings",100,"development","train"
"2006-10-19",292,2006,4,"development",365,"Distinct incident_key per occurrence date.",292,"nyc_shootings",100,"development","train"
"2006-10-20",293,2006,7,"development",365,"Distinct incident_key per occurrence date.",293,"nyc_shootings",100,"development","train"
"2006-10-21",294,2006,2,"development",365,"Distinct incident_key per occurrence date.",294,"nyc_shootings",100,"development","train"
"2006-10-22",295,2006,7,"development",365,"Distinct incident_key per occurrence date.",295,"nyc_shootings",100,"development","train"
"2006-10-23",296,2006,5,"development",365,"Distinct incident_key per occurrence date.",296,"nyc_shootings",100,"development","train"
"2006-10-24",297,2006,0,"development",365,"Distinct incident_key per occurrence date.",297,"nyc_shootings",100,"development","train"
"2006-10-25",298,2006,5,"development",365,"Distinct incident_key per occurrence date.",298,"nyc_shootings",100,"development","train"
"2006-10-26",299,2006,2,"development",365,"Distinct incident_key per occurrence date.",299,"nyc_shootings",100,"development","train"
"2006-10-27",300,2006,5,"development",365,"Distinct incident_key per occurrence date.",300,"nyc_shootings",100,"development","train"
"2006-10-28",301,2006,4,"development",365,"Distinct incident_key per occurrence date.",301,"nyc_shootings",100,"development","train"
"2006-10-29",302,2006,8,"development",365,"Distinct incident_key per occurrence date.",302,"nyc_shootings",100,"development","train"
"2006-10-30",303,2006,5,"development",365,"Distinct incident_key per occurrence date.",303,"nyc_shootings",100,"development","train"
"2006-10-31",304,2006,7,"development",365,"Distinct incident_key per occurrence date.",304,"nyc_shootings",100,"development","train"
"2006-11-01",305,2006,3,"development",365,"Distinct incident_key per occurrence date.",305,"nyc_shootings",100,"development","train"
"2006-11-02",306,2006,4,"development",365,"Distinct incident_key per occurrence date.",306,"nyc_shootings",100,"development","train"
"2006-11-03",307,2006,2,"development",365,"Distinct incident_key per occurrence date.",307,"nyc_shootings",100,"development","train"
"2006-11-04",308,2006,1,"development",365,"Distinct incident_key per occurrence date.",308,"nyc_shootings",100,"development","train"
"2006-11-05",309,2006,3,"development",365,"Distinct incident_key per occurrence date.",309,"nyc_shootings",100,"development","train"
"2006-11-06",310,2006,0,"development",365,"Distinct incident_key per occurrence date.",310,"nyc_shootings",100,"development","train"
"2006-11-07",311,2006,2,"development",365,"Distinct incident_key per occurrence date.",311,"nyc_shootings",100,"development","train"
"2006-11-08",312,2006,3,"development",365,"Distinct incident_key per occurrence date.",312,"nyc_shootings",100,"development","train"
"2006-11-09",313,2006,4,"development",365,"Distinct incident_key per occurrence date.",313,"nyc_shootings",100,"development","train"
"2006-11-10",314,2006,1,"development",365,"Distinct incident_key per occurrence date.",314,"nyc_shootings",100,"development","train"
"2006-11-11",315,2006,6,"development",365,"Distinct incident_key per occurrence date.",315,"nyc_shootings",100,"development","train"
"2006-11-12",316,2006,8,"development",365,"Distinct incident_key per occurrence date.",316,"nyc_shootings",100,"development","train"
"2006-11-13",317,2006,3,"development",365,"Distinct incident_key per occurrence date.",317,"nyc_shootings",100,"development","train"
"2006-11-14",318,2006,2,"development",365,"Distinct incident_key per occurrence date.",318,"nyc_shootings",100,"development","train"
"2006-11-15",319,2006,6,"development",365,"Distinct incident_key per occurrence date.",319,"nyc_shootings",100,"development","train"
"2006-11-16",320,2006,3,"development",365,"Distinct incident_key per occurrence date.",320,"nyc_shootings",100,"development","train"
"2006-11-17",321,2006,4,"development",365,"Distinct incident_key per occurrence date.",321,"nyc_shootings",100,"development","train"
"2006-11-18",322,2006,7,"development",365,"Distinct incident_key per occurrence date.",322,"nyc_shootings",100,"development","train"
"2006-11-19",323,2006,7,"development",365,"Distinct incident_key per occurrence date.",323,"nyc_shootings",100,"development","train"
"2006-11-20",324,2006,3,"development",365,"Distinct incident_key per occurrence date.",324,"nyc_shootings",100,"development","train"
"2006-11-21",325,2006,3,"development",365,"Distinct incident_key per occurrence date.",325,"nyc_shootings",100,"development","train"
"2006-11-22",326,2006,6,"development",365,"Distinct incident_key per occurrence date.",326,"nyc_shootings",100,"development","train"
"2006-11-23",327,2006,3,"development",365,"Distinct incident_key per occurrence date.",327,"nyc_shootings",100,"development","train"
"2006-11-24",328,2006,2,"development",365,"Distinct incident_key per occurrence date.",328,"nyc_shootings",100,"development","train"
"2006-11-25",329,2006,12,"development",365,"Distinct incident_key per occurrence date.",329,"nyc_shootings",100,"development","train"
"2006-11-26",330,2006,9,"development",365,"Distinct incident_key per occurrence date.",330,"nyc_shootings",100,"development","train"
"2006-11-27",331,2006,4,"development",365,"Distinct incident_key per occurrence date.",331,"nyc_shootings",100,"development","train"
"2006-11-28",332,2006,2,"development",365,"Distinct incident_key per occurrence date.",332,"nyc_shootings",100,"development","train"
"2006-11-29",333,2006,2,"development",365,"Distinct incident_key per occurrence date.",333,"nyc_shootings",100,"development","train"
"2006-11-30",334,2006,6,"development",365,"Distinct incident_key per occurrence date.",334,"nyc_shootings",100,"development","train"
"2006-12-01",335,2006,4,"development",365,"Distinct incident_key per occurrence date.",335,"nyc_shootings",100,"development","train"
"2006-12-02",336,2006,5,"development",365,"Distinct incident_key per occurrence date.",336,"nyc_shootings",100,"development","train"
"2006-12-03",337,2006,6,"development",365,"Distinct incident_key per occurrence date.",337,"nyc_shootings",100,"development","train"
"2006-12-04",338,2006,4,"development",365,"Distinct incident_key per occurrence date.",338,"nyc_shootings",100,"development","train"
"2006-12-05",339,2006,6,"development",365,"Distinct incident_key per occurrence date.",339,"nyc_shootings",100,"development","train"
"2006-12-06",340,2006,3,"development",365,"Distinct incident_key per occurrence date.",340,"nyc_shootings",100,"development","train"
"2006-12-07",341,2006,4,"development",365,"Distinct incident_key per occurrence date.",341,"nyc_shootings",100,"development","train"
"2006-12-08",342,2006,1,"development",365,"Distinct incident_key per occurrence date.",342,"nyc_shootings",100,"development","train"
"2006-12-09",343,2006,2,"development",365,"Distinct incident_key per occurrence date.",343,"nyc_shootings",100,"development","train"
"2006-12-10",344,2006,6,"development",365,"Distinct incident_key per occurrence date.",344,"nyc_shootings",100,"development","train"
"2006-12-11",345,2006,3,"development",365,"Distinct incident_key per occurrence date.",345,"nyc_shootings",100,"development","train"
"2006-12-12",346,2006,3,"development",365,"Distinct incident_key per occurrence date.",346,"nyc_shootings",100,"development","train"
"2006-12-13",347,2006,3,"development",365,"Distinct incident_key per occurrence date.",347,"nyc_shootings",100,"development","train"
"2006-12-14",348,2006,1,"development",365,"Distinct incident_key per occurrence date.",348,"nyc_shootings",100,"development","train"
"2006-12-15",349,2006,6,"development",365,"Distinct incident_key per occurrence date.",349,"nyc_shootings",100,"development","train"
"2006-12-16",350,2006,4,"development",365,"Distinct incident_key per occurrence date.",350,"nyc_shootings",100,"development","train"
"2006-12-17",351,2006,5,"development",365,"Distinct incident_key per occurrence date.",351,"nyc_shootings",100,"development","train"
"2006-12-18",352,2006,3,"development",365,"Distinct incident_key per occurrence date.",352,"nyc_shootings",100,"development","train"
"2006-12-19",353,2006,2,"development",365,"Distinct incident_key per occurrence date.",353,"nyc_shootings",100,"development","train"
"2006-12-20",354,2006,2,"development",365,"Distinct incident_key per occurrence date.",354,"nyc_shootings",100,"development","train"
"2006-12-21",355,2006,6,"development",365,"Distinct incident_key per occurrence date.",355,"nyc_shootings",100,"development","train"
"2006-12-22",356,2006,8,"development",365,"Distinct incident_key per occurrence date.",356,"nyc_shootings",100,"development","train"
"2006-12-23",357,2006,5,"development",365,"Distinct incident_key per occurrence date.",357,"nyc_shootings",100,"development","train"
"2006-12-24",358,2006,6,"development",365,"Distinct incident_key per occurrence date.",358,"nyc_shootings",100,"development","train"
"2006-12-25",359,2006,6,"development",365,"Distinct incident_key per occurrence date.",359,"nyc_shootings",100,"development","train"
"2006-12-26",360,2006,4,"development",365,"Distinct incident_key per occurrence date.",360,"nyc_shootings",100,"development","train"
"2006-12-27",361,2006,4,"development",365,"Distinct incident_key per occurrence date.",361,"nyc_shootings",100,"development","train"
"2006-12-28",362,2006,3,"development",365,"Distinct incident_key per occurrence date.",362,"nyc_shootings",100,"development","train"
"2006-12-29",363,2006,3,"development",365,"Distinct incident_key per occurrence date.",363,"nyc_shootings",100,"development","train"
"2006-12-30",364,2006,6,"development",365,"Distinct incident_key per occurrence date.",364,"nyc_shootings",100,"development","train"
"2006-12-31",365,2006,8,"development",365,"Distinct incident_key per occurrence date.",365,"nyc_shootings",100,"development","train"
"2007-01-01",366,2007,11,"development",365,"Distinct incident_key per occurrence date.",366,"nyc_shootings",100,"development","train"
"2007-01-02",367,2007,3,"development",365,"Distinct incident_key per occurrence date.",367,"nyc_shootings",100,"development","train"
"2007-01-03",368,2007,5,"development",365,"Distinct incident_key per occurrence date.",368,"nyc_shootings",100,"development","train"
"2007-01-04",369,2007,3,"development",365,"Distinct incident_key per occurrence date.",369,"nyc_shootings",100,"development","train"
"2007-01-05",370,2007,5,"development",365,"Distinct incident_key per occurrence date.",370,"nyc_shootings",100,"development","train"
"2007-01-06",371,2007,1,"development",365,"Distinct incident_key per occurrence date.",371,"nyc_shootings",100,"development","train"
"2007-01-07",372,2007,3,"development",365,"Distinct incident_key per occurrence date.",372,"nyc_shootings",100,"development","train"
"2007-01-08",373,2007,2,"development",365,"Distinct incident_key per occurrence date.",373,"nyc_shootings",100,"development","train"
"2007-01-09",374,2007,2,"development",365,"Distinct incident_key per occurrence date.",374,"nyc_shootings",100,"development","train"
"2007-01-10",375,2007,2,"development",365,"Distinct incident_key per occurrence date.",375,"nyc_shootings",100,"development","train"
"2007-01-11",376,2007,3,"development",365,"Distinct incident_key per occurrence date.",376,"nyc_shootings",100,"development","train"
"2007-01-12",377,2007,4,"development",365,"Distinct incident_key per occurrence date.",377,"nyc_shootings",100,"development","train"
"2007-01-13",378,2007,5,"development",365,"Distinct incident_key per occurrence date.",378,"nyc_shootings",100,"development","train"
"2007-01-14",379,2007,2,"development",365,"Distinct incident_key per occurrence date.",379,"nyc_shootings",100,"development","train"
"2007-01-15",380,2007,3,"development",365,"Distinct incident_key per occurrence date.",380,"nyc_shootings",100,"development","train"
"2007-01-16",381,2007,2,"development",365,"Distinct incident_key per occurrence date.",381,"nyc_shootings",100,"development","train"
"2007-01-17",382,2007,1,"development",365,"Distinct incident_key per occurrence date.",382,"nyc_shootings",100,"development","train"
"2007-01-18",383,2007,0,"development",365,"Distinct incident_key per occurrence date.",383,"nyc_shootings",100,"development","train"
"2007-01-19",384,2007,3,"development",365,"Distinct incident_key per occurrence date.",384,"nyc_shootings",100,"development","train"
"2007-01-20",385,2007,5,"development",365,"Distinct incident_key per occurrence date.",385,"nyc_shootings",100,"development","train"
"2007-01-21",386,2007,2,"development",365,"Distinct incident_key per occurrence date.",386,"nyc_shootings",100,"development","train"
"2007-01-22",387,2007,1,"development",365,"Distinct incident_key per occurrence date.",387,"nyc_shootings",100,"development","train"
"2007-01-23",388,2007,1,"development",365,"Distinct incident_key per occurrence date.",388,"nyc_shootings",100,"development","train"
"2007-01-24",389,2007,3,"development",365,"Distinct incident_key per occurrence date.",389,"nyc_shootings",100,"development","train"
"2007-01-25",390,2007,1,"development",365,"Distinct incident_key per occurrence date.",390,"nyc_shootings",100,"development","train"
"2007-01-26",391,2007,2,"development",365,"Distinct incident_key per occurrence date.",391,"nyc_shootings",100,"development","train"
"2007-01-27",392,2007,4,"development",365,"Distinct incident_key per occurrence date.",392,"nyc_shootings",100,"development","train"
"2007-01-28",393,2007,3,"development",365,"Distinct incident_key per occurrence date.",393,"nyc_shootings",100,"development","train"
"2007-01-29",394,2007,5,"development",365,"Distinct incident_key per occurrence date.",394,"nyc_shootings",100,"development","train"
"2007-01-30",395,2007,1,"development",365,"Distinct incident_key per occurrence date.",395,"nyc_shootings",100,"development","train"
"2007-01-31",396,2007,2,"development",365,"Distinct incident_key per occurrence date.",396,"nyc_shootings",100,"development","train"
"2007-02-01",397,2007,3,"development",365,"Distinct incident_key per occurrence date.",397,"nyc_shootings",100,"development","train"
"2007-02-02",398,2007,3,"development",365,"Distinct incident_key per occurrence date.",398,"nyc_shootings",100,"development","train"
"2007-02-03",399,2007,2,"development",365,"Distinct incident_key per occurrence date.",399,"nyc_shootings",100,"development","train"
"2007-02-04",400,2007,1,"development",365,"Distinct incident_key per occurrence date.",400,"nyc_shootings",100,"development","train"
"2007-02-05",401,2007,2,"development",365,"Distinct incident_key per occurrence date.",401,"nyc_shootings",100,"development","train"
"2007-02-06",402,2007,1,"development",365,"Distinct incident_key per occurrence date.",402,"nyc_shootings",100,"development","train"
"2007-02-07",403,2007,1,"development",365,"Distinct incident_key per occurrence date.",403,"nyc_shootings",100,"development","train"
"2007-02-08",404,2007,4,"development",365,"Distinct incident_key per occurrence date.",404,"nyc_shootings",100,"development","train"
"2007-02-09",405,2007,2,"development",365,"Distinct incident_key per occurrence date.",405,"nyc_shootings",100,"development","train"
"2007-02-10",406,2007,6,"development",365,"Distinct incident_key per occurrence date.",406,"nyc_shootings",100,"development","train"
"2007-02-11",407,2007,6,"development",365,"Distinct incident_key per occurrence date.",407,"nyc_shootings",100,"development","train"
"2007-02-12",408,2007,1,"development",365,"Distinct incident_key per occurrence date.",408,"nyc_shootings",100,"development","train"
"2007-02-13",409,2007,1,"development",365,"Distinct incident_key per occurrence date.",409,"nyc_shootings",100,"development","train"
"2007-02-14",410,2007,1,"development",365,"Distinct incident_key per occurrence date.",410,"nyc_shootings",100,"development","train"
"2007-02-15",411,2007,0,"development",365,"Distinct incident_key per occurrence date.",411,"nyc_shootings",100,"development","train"
"2007-02-16",412,2007,2,"development",365,"Distinct incident_key per occurrence date.",412,"nyc_shootings",100,"development","train"
"2007-02-17",413,2007,4,"development",365,"Distinct incident_key per occurrence date.",413,"nyc_shootings",100,"development","train"
"2007-02-18",414,2007,3,"development",365,"Distinct incident_key per occurrence date.",414,"nyc_shootings",100,"development","train"
"2007-02-19",415,2007,0,"development",365,"Distinct incident_key per occurrence date.",415,"nyc_shootings",100,"development","train"
"2007-02-20",416,2007,0,"development",365,"Distinct incident_key per occurrence date.",416,"nyc_shootings",100,"development","train"
"2007-02-21",417,2007,3,"development",365,"Distinct incident_key per occurrence date.",417,"nyc_shootings",100,"development","train"
"2007-02-22",418,2007,1,"development",365,"Distinct incident_key per occurrence date.",418,"nyc_shootings",100,"development","train"
"2007-02-23",419,2007,1,"development",365,"Distinct incident_key per occurrence date.",419,"nyc_shootings",100,"development","train"
"2007-02-24",420,2007,2,"development",365,"Distinct incident_key per occurrence date.",420,"nyc_shootings",100,"development","train"
"2007-02-25",421,2007,3,"development",365,"Distinct incident_key per occurrence date.",421,"nyc_shootings",100,"development","train"
"2007-02-26",422,2007,2,"development",365,"Distinct incident_key per occurrence date.",422,"nyc_shootings",100,"development","train"
"2007-02-27",423,2007,2,"development",365,"Distinct incident_key per occurrence date.",423,"nyc_shootings",100,"development","train"
"2007-02-28",424,2007,5,"development",365,"Distinct incident_key per occurrence date.",424,"nyc_shootings",100,"development","train"
"2007-03-01",425,2007,0,"development",365,"Distinct incident_key per occurrence date.",425,"nyc_shootings",100,"development","train"
"2007-03-02",426,2007,0,"development",365,"Distinct incident_key per occurrence date.",426,"nyc_shootings",100,"development","train"
"2007-03-03",427,2007,3,"development",365,"Distinct incident_key per occurrence date.",427,"nyc_shootings",100,"development","train"
"2007-03-04",428,2007,5,"development",365,"Distinct incident_key per occurrence date.",428,"nyc_shootings",100,"development","train"
"2007-03-05",429,2007,2,"development",365,"Distinct incident_key per occurrence date.",429,"nyc_shootings",100,"development","train"
"2007-03-06",430,2007,0,"development",365,"Distinct incident_key per occurrence date.",430,"nyc_shootings",100,"development","train"
"2007-03-07",431,2007,3,"development",365,"Distinct incident_key per occurrence date.",431,"nyc_shootings",100,"development","train"
"2007-03-08",432,2007,3,"development",365,"Distinct incident_key per occurrence date.",432,"nyc_shootings",100,"development","train"
"2007-03-09",433,2007,2,"development",365,"Distinct incident_key per occurrence date.",433,"nyc_shootings",100,"development","train"
"2007-03-10",434,2007,2,"development",365,"Distinct incident_key per occurrence date.",434,"nyc_shootings",100,"development","train"
"2007-03-11",435,2007,2,"development",365,"Distinct incident_key per occurrence date.",435,"nyc_shootings",100,"development","train"
"2007-03-12",436,2007,3,"development",365,"Distinct incident_key per occurrence date.",436,"nyc_shootings",100,"development","train"
"2007-03-13",437,2007,3,"development",365,"Distinct incident_key per occurrence date.",437,"nyc_shootings",100,"development","train"
"2007-03-14",438,2007,3,"development",365,"Distinct incident_key per occurrence date.",438,"nyc_shootings",100,"development","train"
"2007-03-15",439,2007,0,"development",365,"Distinct incident_key per occurrence date.",439,"nyc_shootings",100,"development","train"
"2007-03-16",440,2007,2,"development",365,"Distinct incident_key per occurrence date.",440,"nyc_shootings",100,"development","train"
"2007-03-17",441,2007,1,"development",365,"Distinct incident_key per occurrence date.",441,"nyc_shootings",100,"development","train"
"2007-03-18",442,2007,2,"development",365,"Distinct incident_key per occurrence date.",442,"nyc_shootings",100,"development","train"
"2007-03-19",443,2007,4,"development",365,"Distinct incident_key per occurrence date.",443,"nyc_shootings",100,"development","train"
"2007-03-20",444,2007,1,"development",365,"Distinct incident_key per occurrence date.",444,"nyc_shootings",100,"development","train"
"2007-03-21",445,2007,3,"development",365,"Distinct incident_key per occurrence date.",445,"nyc_shootings",100,"development","train"
"2007-03-22",446,2007,4,"development",365,"Distinct incident_key per occurrence date.",446,"nyc_shootings",100,"development","train"
"2007-03-23",447,2007,2,"development",365,"Distinct incident_key per occurrence date.",447,"nyc_shootings",100,"development","train"
"2007-03-24",448,2007,1,"development",365,"Distinct incident_key per occurrence date.",448,"nyc_shootings",100,"development","train"
"2007-03-25",449,2007,2,"development",365,"Distinct incident_key per occurrence date.",449,"nyc_shootings",100,"development","train"
"2007-03-26",450,2007,2,"development",365,"Distinct incident_key per occurrence date.",450,"nyc_shootings",100,"development","train"
"2007-03-27",451,2007,4,"development",365,"Distinct incident_key per occurrence date.",451,"nyc_shootings",100,"development","train"
"2007-03-28",452,2007,3,"development",365,"Distinct incident_key per occurrence date.",452,"nyc_shootings",100,"development","train"
"2007-03-29",453,2007,2,"development",365,"Distinct incident_key per occurrence date.",453,"nyc_shootings",100,"development","train"
"2007-03-30",454,2007,1,"development",365,"Distinct incident_key per occurrence date.",454,"nyc_shootings",100,"development","train"
"2007-03-31",455,2007,7,"development",365,"Distinct incident_key per occurrence date.",455,"nyc_shootings",100,"development","train"
"2007-04-01",456,2007,4,"development",365,"Distinct incident_key per occurrence date.",456,"nyc_shootings",100,"development","train"
"2007-04-02",457,2007,4,"development",365,"Distinct incident_key per occurrence date.",457,"nyc_shootings",100,"development","train"
"2007-04-03",458,2007,2,"development",365,"Distinct incident_key per occurrence date.",458,"nyc_shootings",100,"development","train"
"2007-04-04",459,2007,5,"development",365,"Distinct incident_key per occurrence date.",459,"nyc_shootings",100,"development","train"
"2007-04-05",460,2007,3,"development",365,"Distinct incident_key per occurrence date.",460,"nyc_shootings",100,"development","train"
"2007-04-06",461,2007,2,"development",365,"Distinct incident_key per occurrence date.",461,"nyc_shootings",100,"development","train"
"2007-04-07",462,2007,4,"development",365,"Distinct incident_key per occurrence date.",462,"nyc_shootings",100,"development","train"
"2007-04-08",463,2007,2,"development",365,"Distinct incident_key per occurrence date.",463,"nyc_shootings",100,"development","train"
"2007-04-09",464,2007,2,"development",365,"Distinct incident_key per occurrence date.",464,"nyc_shootings",100,"development","train"
"2007-04-10",465,2007,1,"development",365,"Distinct incident_key per occurrence date.",465,"nyc_shootings",100,"development","train"
"2007-04-11",466,2007,2,"development",365,"Distinct incident_key per occurrence date.",466,"nyc_shootings",100,"development","train"
"2007-04-12",467,2007,1,"development",365,"Distinct incident_key per occurrence date.",467,"nyc_shootings",100,"development","train"
"2007-04-13",468,2007,3,"development",365,"Distinct incident_key per occurrence date.",468,"nyc_shootings",100,"development","train"
"2007-04-14",469,2007,0,"development",365,"Distinct incident_key per occurrence date.",469,"nyc_shootings",100,"development","train"
"2007-04-15",470,2007,5,"development",365,"Distinct incident_key per occurrence date.",470,"nyc_shootings",100,"development","train"
"2007-04-16",471,2007,1,"development",365,"Distinct incident_key per occurrence date.",471,"nyc_shootings",100,"development","train"
"2007-04-17",472,2007,3,"development",365,"Distinct incident_key per occurrence date.",472,"nyc_shootings",100,"development","train"
"2007-04-18",473,2007,3,"development",365,"Distinct incident_key per occurrence date.",473,"nyc_shootings",100,"development","train"
"2007-04-19",474,2007,4,"development",365,"Distinct incident_key per occurrence date.",474,"nyc_shootings",100,"development","train"
"2007-04-20",475,2007,3,"development",365,"Distinct incident_key per occurrence date.",475,"nyc_shootings",100,"development","train"
"2007-04-21",476,2007,7,"development",365,"Distinct incident_key per occurrence date.",476,"nyc_shootings",100,"development","train"
"2007-04-22",477,2007,10,"development",365,"Distinct incident_key per occurrence date.",477,"nyc_shootings",100,"development","train"
"2007-04-23",478,2007,8,"development",365,"Distinct incident_key per occurrence date.",478,"nyc_shootings",100,"development","train"
"2007-04-24",479,2007,5,"development",365,"Distinct incident_key per occurrence date.",479,"nyc_shootings",100,"development","train"
"2007-04-25",480,2007,1,"development",365,"Distinct incident_key per occurrence date.",480,"nyc_shootings",100,"development","train"
"2007-04-26",481,2007,0,"development",365,"Distinct incident_key per occurrence date.",481,"nyc_shootings",100,"development","train"
"2007-04-27",482,2007,5,"development",365,"Distinct incident_key per occurrence date.",482,"nyc_shootings",100,"development","train"
"2007-04-28",483,2007,5,"development",365,"Distinct incident_key per occurrence date.",483,"nyc_shootings",100,"development","train"
"2007-04-29",484,2007,1,"development",365,"Distinct incident_key per occurrence date.",484,"nyc_shootings",100,"development","train"
"2007-04-30",485,2007,3,"development",365,"Distinct incident_key per occurrence date.",485,"nyc_shootings",100,"development","train"
"2007-05-01",486,2007,1,"development",365,"Distinct incident_key per occurrence date.",486,"nyc_shootings",100,"development","train"
"2007-05-02",487,2007,3,"development",365,"Distinct incident_key per occurrence date.",487,"nyc_shootings",100,"development","train"
"2007-05-03",488,2007,2,"development",365,"Distinct incident_key per occurrence date.",488,"nyc_shootings",100,"development","train"
"2007-05-04",489,2007,3,"development",365,"Distinct incident_key per occurrence date.",489,"nyc_shootings",100,"development","train"
"2007-05-05",490,2007,9,"development",365,"Distinct incident_key per occurrence date.",490,"nyc_shootings",100,"development","train"
"2007-05-06",491,2007,4,"development",365,"Distinct incident_key per occurrence date.",491,"nyc_shootings",100,"development","train"
"2007-05-07",492,2007,5,"development",365,"Distinct incident_key per occurrence date.",492,"nyc_shootings",100,"development","train"
"2007-05-08",493,2007,7,"development",365,"Distinct incident_key per occurrence date.",493,"nyc_shootings",100,"development","train"
"2007-05-09",494,2007,5,"development",365,"Distinct incident_key per occurrence date.",494,"nyc_shootings",100,"development","train"
"2007-05-10",495,2007,5,"development",365,"Distinct incident_key per occurrence date.",495,"nyc_shootings",100,"development","train"
"2007-05-11",496,2007,2,"development",365,"Distinct incident_key per occurrence date.",496,"nyc_shootings",100,"development","train"
"2007-05-12",497,2007,6,"development",365,"Distinct incident_key per occurrence date.",497,"nyc_shootings",100,"development","train"
"2007-05-13",498,2007,4,"development",365,"Distinct incident_key per occurrence date.",498,"nyc_shootings",100,"development","train"
"2007-05-14",499,2007,7,"development",365,"Distinct incident_key per occurrence date.",499,"nyc_shootings",100,"development","train"
"2007-05-15",500,2007,6,"development",365,"Distinct incident_key per occurrence date.",500,"nyc_shootings",100,"development","train"
"2007-05-16",501,2007,5,"development",365,"Distinct incident_key per occurrence date.",501,"nyc_shootings",100,"development","train"
"2007-05-17",502,2007,7,"development",365,"Distinct incident_key per occurrence date.",502,"nyc_shootings",100,"development","train"
"2007-05-18",503,2007,7,"development",365,"Distinct incident_key per occurrence date.",503,"nyc_shootings",100,"development","train"
"2007-05-19",504,2007,3,"development",365,"Distinct incident_key per occurrence date.",504,"nyc_shootings",100,"development","train"
"2007-05-20",505,2007,5,"development",365,"Distinct incident_key per occurrence date.",505,"nyc_shootings",100,"development","train"
"2007-05-21",506,2007,2,"development",365,"Distinct incident_key per occurrence date.",506,"nyc_shootings",100,"development","train"
"2007-05-22",507,2007,4,"development",365,"Distinct incident_key per occurrence date.",507,"nyc_shootings",100,"development","train"
"2007-05-23",508,2007,8,"development",365,"Distinct incident_key per occurrence date.",508,"nyc_shootings",100,"development","train"
"2007-05-24",509,2007,5,"development",365,"Distinct incident_key per occurrence date.",509,"nyc_shootings",100,"development","train"
"2007-05-25",510,2007,5,"development",365,"Distinct incident_key per occurrence date.",510,"nyc_shootings",100,"development","train"
"2007-05-26",511,2007,11,"development",365,"Distinct incident_key per occurrence date.",511,"nyc_shootings",100,"development","train"
"2007-05-27",512,2007,8,"development",365,"Distinct incident_key per occurrence date.",512,"nyc_shootings",100,"development","train"
"2007-05-28",513,2007,4,"development",365,"Distinct incident_key per occurrence date.",513,"nyc_shootings",100,"development","train"
"2007-05-29",514,2007,9,"development",365,"Distinct incident_key per occurrence date.",514,"nyc_shootings",100,"development","train"
"2007-05-30",515,2007,6,"development",365,"Distinct incident_key per occurrence date.",515,"nyc_shootings",100,"development","train"
"2007-05-31",516,2007,4,"development",365,"Distinct incident_key per occurrence date.",516,"nyc_shootings",100,"development","train"
"2007-06-01",517,2007,6,"development",365,"Distinct incident_key per occurrence date.",517,"nyc_shootings",100,"development","train"
"2007-06-02",518,2007,7,"development",365,"Distinct incident_key per occurrence date.",518,"nyc_shootings",100,"development","train"
"2007-06-03",519,2007,5,"development",365,"Distinct incident_key per occurrence date.",519,"nyc_shootings",100,"development","train"
"2007-06-04",520,2007,1,"development",365,"Distinct incident_key per occurrence date.",520,"nyc_shootings",100,"development","train"
"2007-06-05",521,2007,5,"development",365,"Distinct incident_key per occurrence date.",521,"nyc_shootings",100,"development","train"
"2007-06-06",522,2007,6,"development",365,"Distinct incident_key per occurrence date.",522,"nyc_shootings",100,"development","train"
"2007-06-07",523,2007,5,"development",365,"Distinct incident_key per occurrence date.",523,"nyc_shootings",100,"development","train"
"2007-06-08",524,2007,4,"development",365,"Distinct incident_key per occurrence date.",524,"nyc_shootings",100,"development","train"
"2007-06-09",525,2007,9,"development",365,"Distinct incident_key per occurrence date.",525,"nyc_shootings",100,"development","train"
"2007-06-10",526,2007,7,"development",365,"Distinct incident_key per occurrence date.",526,"nyc_shootings",100,"development","train"
"2007-06-11",527,2007,5,"development",365,"Distinct incident_key per occurrence date.",527,"nyc_shootings",100,"development","train"
"2007-06-12",528,2007,4,"development",365,"Distinct incident_key per occurrence date.",528,"nyc_shootings",100,"development","train"
"2007-06-13",529,2007,1,"development",365,"Distinct incident_key per occurrence date.",529,"nyc_shootings",100,"development","train"
"2007-06-14",530,2007,1,"development",365,"Distinct incident_key per occurrence date.",530,"nyc_shootings",100,"development","train"
"2007-06-15",531,2007,5,"development",365,"Distinct incident_key per occurrence date.",531,"nyc_shootings",100,"development","train"
"2007-06-16",532,2007,7,"development",365,"Distinct incident_key per occurrence date.",532,"nyc_shootings",100,"development","train"
"2007-06-17",533,2007,9,"development",365,"Distinct incident_key per occurrence date.",533,"nyc_shootings",100,"development","train"
"2007-06-18",534,2007,4,"development",365,"Distinct incident_key per occurrence date.",534,"nyc_shootings",100,"development","train"
"2007-06-19",535,2007,3,"development",365,"Distinct incident_key per occurrence date.",535,"nyc_shootings",100,"development","train"
"2007-06-20",536,2007,3,"development",365,"Distinct incident_key per occurrence date.",536,"nyc_shootings",100,"development","train"
"2007-06-21",537,2007,2,"development",365,"Distinct incident_key per occurrence date.",537,"nyc_shootings",100,"development","train"
"2007-06-22",538,2007,3,"development",365,"Distinct incident_key per occurrence date.",538,"nyc_shootings",100,"development","train"
"2007-06-23",539,2007,11,"development",365,"Distinct incident_key per occurrence date.",539,"nyc_shootings",100,"development","train"
"2007-06-24",540,2007,10,"development",365,"Distinct incident_key per occurrence date.",540,"nyc_shootings",100,"development","train"
"2007-06-25",541,2007,5,"development",365,"Distinct incident_key per occurrence date.",541,"nyc_shootings",100,"development","train"
"2007-06-26",542,2007,3,"development",365,"Distinct incident_key per occurrence date.",542,"nyc_shootings",100,"development","train"
"2007-06-27",543,2007,6,"development",365,"Distinct incident_key per occurrence date.",543,"nyc_shootings",100,"development","train"
"2007-06-28",544,2007,5,"development",365,"Distinct incident_key per occurrence date.",544,"nyc_shootings",100,"development","train"
"2007-06-29",545,2007,5,"development",365,"Distinct incident_key per occurrence date.",545,"nyc_shootings",100,"development","train"
"2007-06-30",546,2007,11,"development",365,"Distinct incident_key per occurrence date.",546,"nyc_shootings",100,"development","train"
"2007-07-01",547,2007,7,"development",365,"Distinct incident_key per occurrence date.",547,"nyc_shootings",100,"development","train"
"2007-07-02",548,2007,3,"development",365,"Distinct incident_key per occurrence date.",548,"nyc_shootings",100,"development","train"
"2007-07-03",549,2007,6,"development",365,"Distinct incident_key per occurrence date.",549,"nyc_shootings",100,"development","train"
"2007-07-04",550,2007,4,"development",365,"Distinct incident_key per occurrence date.",550,"nyc_shootings",100,"development","train"
"2007-07-05",551,2007,5,"development",365,"Distinct incident_key per occurrence date.",551,"nyc_shootings",100,"development","train"
"2007-07-06",552,2007,4,"development",365,"Distinct incident_key per occurrence date.",552,"nyc_shootings",100,"development","train"
"2007-07-07",553,2007,6,"development",365,"Distinct incident_key per occurrence date.",553,"nyc_shootings",100,"development","train"
"2007-07-08",554,2007,7,"development",365,"Distinct incident_key per occurrence date.",554,"nyc_shootings",100,"development","train"
"2007-07-09",555,2007,4,"development",365,"Distinct incident_key per occurrence date.",555,"nyc_shootings",100,"development","train"
"2007-07-10",556,2007,3,"development",365,"Distinct incident_key per occurrence date.",556,"nyc_shootings",100,"development","train"
"2007-07-11",557,2007,3,"development",365,"Distinct incident_key per occurrence date.",557,"nyc_shootings",100,"development","train"
"2007-07-12",558,2007,4,"development",365,"Distinct incident_key per occurrence date.",558,"nyc_shootings",100,"development","train"
"2007-07-13",559,2007,6,"development",365,"Distinct incident_key per occurrence date.",559,"nyc_shootings",100,"development","train"
"2007-07-14",560,2007,6,"development",365,"Distinct incident_key per occurrence date.",560,"nyc_shootings",100,"development","train"
"2007-07-15",561,2007,2,"development",365,"Distinct incident_key per occurrence date.",561,"nyc_shootings",100,"development","train"
"2007-07-16",562,2007,7,"development",365,"Distinct incident_key per occurrence date.",562,"nyc_shootings",100,"development","train"
"2007-07-17",563,2007,8,"development",365,"Distinct incident_key per occurrence date.",563,"nyc_shootings",100,"development","train"
"2007-07-18",564,2007,3,"development",365,"Distinct incident_key per occurrence date.",564,"nyc_shootings",100,"development","train"
"2007-07-19",565,2007,4,"development",365,"Distinct incident_key per occurrence date.",565,"nyc_shootings",100,"development","train"
"2007-07-20",566,2007,5,"development",365,"Distinct incident_key per occurrence date.",566,"nyc_shootings",100,"development","train"
"2007-07-21",567,2007,5,"development",365,"Distinct incident_key per occurrence date.",567,"nyc_shootings",100,"development","train"
"2007-07-22",568,2007,10,"development",365,"Distinct incident_key per occurrence date.",568,"nyc_shootings",100,"development","train"
"2007-07-23",569,2007,3,"development",365,"Distinct incident_key per occurrence date.",569,"nyc_shootings",100,"development","train"
"2007-07-24",570,2007,4,"development",365,"Distinct incident_key per occurrence date.",570,"nyc_shootings",100,"development","train"
"2007-07-25",571,2007,4,"development",365,"Distinct incident_key per occurrence date.",571,"nyc_shootings",100,"development","train"
"2007-07-26",572,2007,5,"development",365,"Distinct incident_key per occurrence date.",572,"nyc_shootings",100,"development","train"
"2007-07-27",573,2007,7,"development",365,"Distinct incident_key per occurrence date.",573,"nyc_shootings",100,"development","train"
"2007-07-28",574,2007,9,"development",365,"Distinct incident_key per occurrence date.",574,"nyc_shootings",100,"development","train"
"2007-07-29",575,2007,7,"development",365,"Distinct incident_key per occurrence date.",575,"nyc_shootings",100,"development","train"
"2007-07-30",576,2007,3,"development",365,"Distinct incident_key per occurrence date.",576,"nyc_shootings",100,"development","train"
"2007-07-31",577,2007,10,"development",365,"Distinct incident_key per occurrence date.",577,"nyc_shootings",100,"development","train"
"2007-08-01",578,2007,7,"development",365,"Distinct incident_key per occurrence date.",578,"nyc_shootings",100,"development","train"
"2007-08-02",579,2007,3,"development",365,"Distinct incident_key per occurrence date.",579,"nyc_shootings",100,"development","train"
"2007-08-03",580,2007,5,"development",365,"Distinct incident_key per occurrence date.",580,"nyc_shootings",100,"development","train"
"2007-08-04",581,2007,9,"development",365,"Distinct incident_key per occurrence date.",581,"nyc_shootings",100,"development","train"
"2007-08-05",582,2007,10,"development",365,"Distinct incident_key per occurrence date.",582,"nyc_shootings",100,"development","train"
"2007-08-06",583,2007,3,"development",365,"Distinct incident_key per occurrence date.",583,"nyc_shootings",100,"development","train"
"2007-08-07",584,2007,5,"development",365,"Distinct incident_key per occurrence date.",584,"nyc_shootings",100,"development","train"
"2007-08-08",585,2007,4,"development",365,"Distinct incident_key per occurrence date.",585,"nyc_shootings",100,"development","train"
"2007-08-09",586,2007,4,"development",365,"Distinct incident_key per occurrence date.",586,"nyc_shootings",100,"development","train"
"2007-08-10",587,2007,3,"development",365,"Distinct incident_key per occurrence date.",587,"nyc_shootings",100,"development","train"
"2007-08-11",588,2007,9,"development",365,"Distinct incident_key per occurrence date.",588,"nyc_shootings",100,"development","train"
"2007-08-12",589,2007,13,"development",365,"Distinct incident_key per occurrence date.",589,"nyc_shootings",100,"development","train"
"2007-08-13",590,2007,1,"development",365,"Distinct incident_key per occurrence date.",590,"nyc_shootings",100,"development","train"
"2007-08-14",591,2007,4,"development",365,"Distinct incident_key per occurrence date.",591,"nyc_shootings",100,"development","train"
"2007-08-15",592,2007,0,"development",365,"Distinct incident_key per occurrence date.",592,"nyc_shootings",100,"development","train"
"2007-08-16",593,2007,4,"development",365,"Distinct incident_key per occurrence date.",593,"nyc_shootings",100,"development","train"
"2007-08-17",594,2007,4,"development",365,"Distinct incident_key per occurrence date.",594,"nyc_shootings",100,"development","train"
"2007-08-18",595,2007,3,"development",365,"Distinct incident_key per occurrence date.",595,"nyc_shootings",100,"development","train"
"2007-08-19",596,2007,5,"development",365,"Distinct incident_key per occurrence date.",596,"nyc_shootings",100,"development","train"
"2007-08-20",597,2007,3,"development",365,"Distinct incident_key per occurrence date.",597,"nyc_shootings",100,"development","train"
"2007-08-21",598,2007,1,"development",365,"Distinct incident_key per occurrence date.",598,"nyc_shootings",100,"development","train"
"2007-08-22",599,2007,7,"development",365,"Distinct incident_key per occurrence date.",599,"nyc_shootings",100,"development","train"
"2007-08-23",600,2007,4,"development",365,"Distinct incident_key per occurrence date.",600,"nyc_shootings",100,"development","train"
"2007-08-24",601,2007,6,"development",365,"Distinct incident_key per occurrence date.",601,"nyc_shootings",100,"development","train"
"2007-08-25",602,2007,9,"development",365,"Distinct incident_key per occurrence date.",602,"nyc_shootings",100,"development","train"
"2007-08-26",603,2007,12,"development",365,"Distinct incident_key per occurrence date.",603,"nyc_shootings",100,"development","train"
"2007-08-27",604,2007,6,"development",365,"Distinct incident_key per occurrence date.",604,"nyc_shootings",100,"development","train"
"2007-08-28",605,2007,3,"development",365,"Distinct incident_key per occurrence date.",605,"nyc_shootings",100,"development","train"
"2007-08-29",606,2007,2,"development",365,"Distinct incident_key per occurrence date.",606,"nyc_shootings",100,"development","train"
"2007-08-30",607,2007,9,"development",365,"Distinct incident_key per occurrence date.",607,"nyc_shootings",100,"development","train"
"2007-08-31",608,2007,3,"development",365,"Distinct incident_key per occurrence date.",608,"nyc_shootings",100,"development","train"
"2007-09-01",609,2007,3,"development",365,"Distinct incident_key per occurrence date.",609,"nyc_shootings",100,"development","train"
"2007-09-02",610,2007,10,"development",365,"Distinct incident_key per occurrence date.",610,"nyc_shootings",100,"development","train"
"2007-09-03",611,2007,8,"development",365,"Distinct incident_key per occurrence date.",611,"nyc_shootings",100,"development","train"
"2007-09-04",612,2007,2,"development",365,"Distinct incident_key per occurrence date.",612,"nyc_shootings",100,"development","train"
"2007-09-05",613,2007,2,"development",365,"Distinct incident_key per occurrence date.",613,"nyc_shootings",100,"development","train"
"2007-09-06",614,2007,2,"development",365,"Distinct incident_key per occurrence date.",614,"nyc_shootings",100,"development","train"
"2007-09-07",615,2007,1,"development",365,"Distinct incident_key per occurrence date.",615,"nyc_shootings",100,"development","train"
"2007-09-08",616,2007,5,"development",365,"Distinct incident_key per occurrence date.",616,"nyc_shootings",100,"development","train"
"2007-09-09",617,2007,14,"development",365,"Distinct incident_key per occurrence date.",617,"nyc_shootings",100,"development","train"
"2007-09-10",618,2007,8,"development",365,"Distinct incident_key per occurrence date.",618,"nyc_shootings",100,"development","train"
"2007-09-11",619,2007,4,"development",365,"Distinct incident_key per occurrence date.",619,"nyc_shootings",100,"development","train"
"2007-09-12",620,2007,4,"development",365,"Distinct incident_key per occurrence date.",620,"nyc_shootings",100,"development","train"
"2007-09-13",621,2007,5,"development",365,"Distinct incident_key per occurrence date.",621,"nyc_shootings",100,"development","train"
"2007-09-14",622,2007,4,"development",365,"Distinct incident_key per occurrence date.",622,"nyc_shootings",100,"development","train"
"2007-09-15",623,2007,9,"development",365,"Distinct incident_key per occurrence date.",623,"nyc_shootings",100,"development","train"
"2007-09-16",624,2007,4,"development",365,"Distinct incident_key per occurrence date.",624,"nyc_shootings",100,"development","train"
"2007-09-17",625,2007,1,"development",365,"Distinct incident_key per occurrence date.",625,"nyc_shootings",100,"development","train"
"2007-09-18",626,2007,3,"development",365,"Distinct incident_key per occurrence date.",626,"nyc_shootings",100,"development","train"
"2007-09-19",627,2007,2,"development",365,"Distinct incident_key per occurrence date.",627,"nyc_shootings",100,"development","train"
"2007-09-20",628,2007,2,"development",365,"Distinct incident_key per occurrence date.",628,"nyc_shootings",100,"development","train"
"2007-09-21",629,2007,4,"development",365,"Distinct incident_key per occurrence date.",629,"nyc_shootings",100,"development","train"
"2007-09-22",630,2007,5,"development",365,"Distinct incident_key per occurrence date.",630,"nyc_shootings",100,"development","train"
"2007-09-23",631,2007,5,"development",365,"Distinct incident_key per occurrence date.",631,"nyc_shootings",100,"development","train"
"2007-09-24",632,2007,3,"development",365,"Distinct incident_key per occurrence date.",632,"nyc_shootings",100,"development","train"
"2007-09-25",633,2007,7,"development",365,"Distinct incident_key per occurrence date.",633,"nyc_shootings",100,"development","train"
"2007-09-26",634,2007,2,"development",365,"Distinct incident_key per occurrence date.",634,"nyc_shootings",100,"development","train"
"2007-09-27",635,2007,2,"development",365,"Distinct incident_key per occurrence date.",635,"nyc_shootings",100,"development","train"
"2007-09-28",636,2007,2,"development",365,"Distinct incident_key per occurrence date.",636,"nyc_shootings",100,"development","train"
"2007-09-29",637,2007,3,"development",365,"Distinct incident_key per occurrence date.",637,"nyc_shootings",100,"development","train"
"2007-09-30",638,2007,6,"development",365,"Distinct incident_key per occurrence date.",638,"nyc_shootings",100,"development","train"
"2007-10-01",639,2007,3,"development",365,"Distinct incident_key per occurrence date.",639,"nyc_shootings",100,"development","train"
"2007-10-02",640,2007,4,"development",365,"Distinct incident_key per occurrence date.",640,"nyc_shootings",100,"development","train"
"2007-10-03",641,2007,5,"development",365,"Distinct incident_key per occurrence date.",641,"nyc_shootings",100,"development","train"
"2007-10-04",642,2007,1,"development",365,"Distinct incident_key per occurrence date.",642,"nyc_shootings",100,"development","train"
"2007-10-05",643,2007,3,"development",365,"Distinct incident_key per occurrence date.",643,"nyc_shootings",100,"development","train"
"2007-10-06",644,2007,14,"development",365,"Distinct incident_key per occurrence date.",644,"nyc_shootings",100,"development","train"
"2007-10-07",645,2007,6,"development",365,"Distinct incident_key per occurrence date.",645,"nyc_shootings",100,"development","train"
"2007-10-08",646,2007,7,"development",365,"Distinct incident_key per occurrence date.",646,"nyc_shootings",100,"development","train"
"2007-10-09",647,2007,4,"development",365,"Distinct incident_key per occurrence date.",647,"nyc_shootings",100,"development","train"
"2007-10-10",648,2007,5,"development",365,"Distinct incident_key per occurrence date.",648,"nyc_shootings",100,"development","train"
"2007-10-11",649,2007,2,"development",365,"Distinct incident_key per occurrence date.",649,"nyc_shootings",100,"development","train"
"2007-10-12",650,2007,4,"development",365,"Distinct incident_key per occurrence date.",650,"nyc_shootings",100,"development","train"
"2007-10-13",651,2007,6,"development",365,"Distinct incident_key per occurrence date.",651,"nyc_shootings",100,"development","train"
"2007-10-14",652,2007,3,"development",365,"Distinct incident_key per occurrence date.",652,"nyc_shootings",100,"development","train"
"2007-10-15",653,2007,3,"development",365,"Distinct incident_key per occurrence date.",653,"nyc_shootings",100,"development","train"
"2007-10-16",654,2007,5,"development",365,"Distinct incident_key per occurrence date.",654,"nyc_shootings",100,"development","train"
"2007-10-17",655,2007,4,"development",365,"Distinct incident_key per occurrence date.",655,"nyc_shootings",100,"development","train"
"2007-10-18",656,2007,4,"development",365,"Distinct incident_key per occurrence date.",656,"nyc_shootings",100,"development","train"
"2007-10-19",657,2007,5,"development",365,"Distinct incident_key per occurrence date.",657,"nyc_shootings",100,"development","train"
"2007-10-20",658,2007,7,"development",365,"Distinct incident_key per occurrence date.",658,"nyc_shootings",100,"development","train"
"2007-10-21",659,2007,9,"development",365,"Distinct incident_key per occurrence date.",659,"nyc_shootings",100,"development","train"
"2007-10-22",660,2007,2,"development",365,"Distinct incident_key per occurrence date.",660,"nyc_shootings",100,"development","train"
"2007-10-23",661,2007,5,"development",365,"Distinct incident_key per occurrence date.",661,"nyc_shootings",100,"development","train"
"2007-10-24",662,2007,3,"development",365,"Distinct incident_key per occurrence date.",662,"nyc_shootings",100,"development","train"
"2007-10-25",663,2007,5,"development",365,"Distinct incident_key per occurrence date.",663,"nyc_shootings",100,"development","train"
"2007-10-26",664,2007,2,"development",365,"Distinct incident_key per occurrence date.",664,"nyc_shootings",100,"development","train"
"2007-10-27",665,2007,7,"development",365,"Distinct incident_key per occurrence date.",665,"nyc_shootings",100,"development","train"
"2007-10-28",666,2007,6,"development",365,"Distinct incident_key per occurrence date.",666,"nyc_shootings",100,"development","train"
"2007-10-29",667,2007,2,"development",365,"Distinct incident_key per occurrence date.",667,"nyc_shootings",100,"development","train"
"2007-10-30",668,2007,7,"development",365,"Distinct incident_key per occurrence date.",668,"nyc_shootings",100,"development","train"
"2007-10-31",669,2007,5,"development",365,"Distinct incident_key per occurrence date.",669,"nyc_shootings",100,"development","train"
"2007-11-01",670,2007,5,"development",365,"Distinct incident_key per occurrence date.",670,"nyc_shootings",100,"development","train"
"2007-11-02",671,2007,6,"development",365,"Distinct incident_key per occurrence date.",671,"nyc_shootings",100,"development","train"
"2007-11-03",672,2007,5,"development",365,"Distinct incident_key per occurrence date.",672,"nyc_shootings",100,"development","train"
"2007-11-04",673,2007,9,"development",365,"Distinct incident_key per occurrence date.",673,"nyc_shootings",100,"development","train"
"2007-11-05",674,2007,3,"development",365,"Distinct incident_key per occurrence date.",674,"nyc_shootings",100,"development","train"
"2007-11-06",675,2007,5,"development",365,"Distinct incident_key per occurrence date.",675,"nyc_shootings",100,"development","train"
"2007-11-07",676,2007,1,"development",365,"Distinct incident_key per occurrence date.",676,"nyc_shootings",100,"development","train"
"2007-11-08",677,2007,2,"development",365,"Distinct incident_key per occurrence date.",677,"nyc_shootings",100,"development","train"
"2007-11-09",678,2007,6,"development",365,"Distinct incident_key per occurrence date.",678,"nyc_shootings",100,"development","train"
"2007-11-10",679,2007,5,"development",365,"Distinct incident_key per occurrence date.",679,"nyc_shootings",100,"development","train"
"2007-11-11",680,2007,0,"development",365,"Distinct incident_key per occurrence date.",680,"nyc_shootings",100,"development","train"
"2007-11-12",681,2007,1,"development",365,"Distinct incident_key per occurrence date.",681,"nyc_shootings",100,"development","train"
"2007-11-13",682,2007,0,"development",365,"Distinct incident_key per occurrence date.",682,"nyc_shootings",100,"development","train"
"2007-11-14",683,2007,3,"development",365,"Distinct incident_key per occurrence date.",683,"nyc_shootings",100,"development","train"
"2007-11-15",684,2007,1,"development",365,"Distinct incident_key per occurrence date.",684,"nyc_shootings",100,"development","train"
"2007-11-16",685,2007,3,"development",365,"Distinct incident_key per occurrence date.",685,"nyc_shootings",100,"development","train"
"2007-11-17",686,2007,6,"development",365,"Distinct incident_key per occurrence date.",686,"nyc_shootings",100,"development","train"
"2007-11-18",687,2007,6,"development",365,"Distinct incident_key per occurrence date.",687,"nyc_shootings",100,"development","train"
"2007-11-19",688,2007,1,"development",365,"Distinct incident_key per occurrence date.",688,"nyc_shootings",100,"development","train"
"2007-11-20",689,2007,5,"development",365,"Distinct incident_key per occurrence date.",689,"nyc_shootings",100,"development","train"
"2007-11-21",690,2007,2,"development",365,"Distinct incident_key per occurrence date.",690,"nyc_shootings",100,"development","train"
"2007-11-22",691,2007,2,"development",365,"Distinct incident_key per occurrence date.",691,"nyc_shootings",100,"development","train"
"2007-11-23",692,2007,3,"development",365,"Distinct incident_key per occurrence date.",692,"nyc_shootings",100,"development","train"
"2007-11-24",693,2007,0,"development",365,"Distinct incident_key per occurrence date.",693,"nyc_shootings",100,"development","train"
"2007-11-25",694,2007,8,"development",365,"Distinct incident_key per occurrence date.",694,"nyc_shootings",100,"development","train"
"2007-11-26",695,2007,3,"development",365,"Distinct incident_key per occurrence date.",695,"nyc_shootings",100,"development","train"
"2007-11-27",696,2007,3,"development",365,"Distinct incident_key per occurrence date.",696,"nyc_shootings",100,"development","train"
"2007-11-28",697,2007,2,"development",365,"Distinct incident_key per occurrence date.",697,"nyc_shootings",100,"development","train"
"2007-11-29",698,2007,0,"development",365,"Distinct incident_key per occurrence date.",698,"nyc_shootings",100,"development","train"
"2007-11-30",699,2007,3,"development",365,"Distinct incident_key per occurrence date.",699,"nyc_shootings",100,"development","train"
"2007-12-01",700,2007,4,"development",365,"Distinct incident_key per occurrence date.",700,"nyc_shootings",100,"development","train"
"2007-12-02",701,2007,5,"development",365,"Distinct incident_key per occurrence date.",701,"nyc_shootings",100,"development","train"
"2007-12-03",702,2007,3,"development",365,"Distinct incident_key per occurrence date.",702,"nyc_shootings",100,"development","train"
"2007-12-04",703,2007,1,"development",365,"Distinct incident_key per occurrence date.",703,"nyc_shootings",100,"development","train"
"2007-12-05",704,2007,0,"development",365,"Distinct incident_key per occurrence date.",704,"nyc_shootings",100,"development","train"
"2007-12-06",705,2007,3,"development",365,"Distinct incident_key per occurrence date.",705,"nyc_shootings",100,"development","train"
"2007-12-07",706,2007,1,"development",365,"Distinct incident_key per occurrence date.",706,"nyc_shootings",100,"development","train"
"2007-12-08",707,2007,3,"development",365,"Distinct incident_key per occurrence date.",707,"nyc_shootings",100,"development","train"
"2007-12-09",708,2007,7,"development",365,"Distinct incident_key per occurrence date.",708,"nyc_shootings",100,"development","train"
"2007-12-10",709,2007,3,"development",365,"Distinct incident_key per occurrence date.",709,"nyc_shootings",100,"development","train"
"2007-12-11",710,2007,3,"development",365,"Distinct incident_key per occurrence date.",710,"nyc_shootings",100,"development","train"
"2007-12-12",711,2007,0,"development",365,"Distinct incident_key per occurrence date.",711,"nyc_shootings",100,"development","train"
"2007-12-13",712,2007,0,"development",365,"Distinct incident_key per occurrence date.",712,"nyc_shootings",100,"development","train"
"2007-12-14",713,2007,2,"development",365,"Distinct incident_key per occurrence date.",713,"nyc_shootings",100,"development","train"
"2007-12-15",714,2007,2,"development",365,"Distinct incident_key per occurrence date.",714,"nyc_shootings",100,"development","train"
"2007-12-16",715,2007,6,"development",365,"Distinct incident_key per occurrence date.",715,"nyc_shootings",100,"development","train"
"2007-12-17",716,2007,5,"development",365,"Distinct incident_key per occurrence date.",716,"nyc_shootings",100,"development","train"
"2007-12-18",717,2007,1,"development",365,"Distinct incident_key per occurrence date.",717,"nyc_shootings",100,"development","train"
"2007-12-19",718,2007,0,"development",365,"Distinct incident_key per occurrence date.",718,"nyc_shootings",100,"development","train"
"2007-12-20",719,2007,5,"development",365,"Distinct incident_key per occurrence date.",719,"nyc_shootings",100,"development","train"
"2007-12-21",720,2007,3,"development",365,"Distinct incident_key per occurrence date.",720,"nyc_shootings",100,"development","train"
"2007-12-22",721,2007,4,"development",365,"Distinct incident_key per occurrence date.",721,"nyc_shootings",100,"development","train"
"2007-12-23",722,2007,6,"development",365,"Distinct incident_key per occurrence date.",722,"nyc_shootings",100,"development","train"
"2007-12-24",723,2007,8,"development",365,"Distinct incident_key per occurrence date.",723,"nyc_shootings",100,"development","train"
"2007-12-25",724,2007,5,"development",365,"Distinct incident_key per occurrence date.",724,"nyc_shootings",100,"development","train"
"2007-12-26",725,2007,1,"development",365,"Distinct incident_key per occurrence date.",725,"nyc_shootings",100,"development","train"
"2007-12-27",726,2007,2,"development",365,"Distinct incident_key per occurrence date.",726,"nyc_shootings",100,"development","train"
"2007-12-28",727,2007,1,"development",365,"Distinct incident_key per occurrence date.",727,"nyc_shootings",100,"development","train"
"2007-12-29",728,2007,2,"development",365,"Distinct incident_key per occurrence date.",728,"nyc_shootings",100,"development","train"
"2007-12-30",729,2007,7,"development",365,"Distinct incident_key per occurrence date.",729,"nyc_shootings",100,"development","train"
"2007-12-31",730,2007,2,"development",365,"Distinct incident_key per occurrence date.",730,"nyc_shootings",100,"development","train"
"2008-01-01",731,2008,15,"development",365,"Distinct incident_key per occurrence date.",731,"nyc_shootings",100,"development","train"
"2008-01-02",732,2008,1,"development",365,"Distinct incident_key per occurrence date.",732,"nyc_shootings",100,"development","train"
"2008-01-03",733,2008,0,"development",365,"Distinct incident_key per occurrence date.",733,"nyc_shootings",100,"development","train"
"2008-01-04",734,2008,4,"development",365,"Distinct incident_key per occurrence date.",734,"nyc_shootings",100,"development","train"
"2008-01-05",735,2008,6,"development",365,"Distinct incident_key per occurrence date.",735,"nyc_shootings",100,"development","train"
"2008-01-06",736,2008,3,"development",365,"Distinct incident_key per occurrence date.",736,"nyc_shootings",100,"development","train"
"2008-01-07",737,2008,5,"development",365,"Distinct incident_key per occurrence date.",737,"nyc_shootings",100,"development","train"
"2008-01-08",738,2008,2,"development",365,"Distinct incident_key per occurrence date.",738,"nyc_shootings",100,"development","train"
"2008-01-09",739,2008,1,"development",365,"Distinct incident_key per occurrence date.",739,"nyc_shootings",100,"development","train"
"2008-01-10",740,2008,2,"development",365,"Distinct incident_key per occurrence date.",740,"nyc_shootings",100,"development","train"
"2008-01-11",741,2008,2,"development",365,"Distinct incident_key per occurrence date.",741,"nyc_shootings",100,"development","train"
"2008-01-12",742,2008,2,"development",365,"Distinct incident_key per occurrence date.",742,"nyc_shootings",100,"development","train"
"2008-01-13",743,2008,8,"development",365,"Distinct incident_key per occurrence date.",743,"nyc_shootings",100,"development","train"
"2008-01-14",744,2008,1,"development",365,"Distinct incident_key per occurrence date.",744,"nyc_shootings",100,"development","train"
"2008-01-15",745,2008,2,"development",365,"Distinct incident_key per occurrence date.",745,"nyc_shootings",100,"development","train"
"2008-01-16",746,2008,1,"development",365,"Distinct incident_key per occurrence date.",746,"nyc_shootings",100,"development","train"
"2008-01-17",747,2008,1,"development",365,"Distinct incident_key per occurrence date.",747,"nyc_shootings",100,"development","train"
"2008-01-18",748,2008,5,"development",365,"Distinct incident_key per occurrence date.",748,"nyc_shootings",100,"development","train"
"2008-01-19",749,2008,0,"development",365,"Distinct incident_key per occurrence date.",749,"nyc_shootings",100,"development","train"
"2008-01-20",750,2008,2,"development",365,"Distinct incident_key per occurrence date.",750,"nyc_shootings",100,"development","train"
"2008-01-21",751,2008,5,"development",365,"Distinct incident_key per occurrence date.",751,"nyc_shootings",100,"development","train"
"2008-01-22",752,2008,2,"development",365,"Distinct incident_key per occurrence date.",752,"nyc_shootings",100,"development","train"
"2008-01-23",753,2008,1,"development",365,"Distinct incident_key per occurrence date.",753,"nyc_shootings",100,"development","train"
"2008-01-24",754,2008,3,"development",365,"Distinct incident_key per occurrence date.",754,"nyc_shootings",100,"development","train"
"2008-01-25",755,2008,1,"development",365,"Distinct incident_key per occurrence date.",755,"nyc_shootings",100,"development","train"
"2008-01-26",756,2008,6,"development",365,"Distinct incident_key per occurrence date.",756,"nyc_shootings",100,"development","train"
"2008-01-27",757,2008,9,"development",365,"Distinct incident_key per occurrence date.",757,"nyc_shootings",100,"development","train"
"2008-01-28",758,2008,2,"development",365,"Distinct incident_key per occurrence date.",758,"nyc_shootings",100,"development","train"
"2008-01-29",759,2008,2,"development",365,"Distinct incident_key per occurrence date.",759,"nyc_shootings",100,"development","train"
"2008-01-30",760,2008,2,"development",365,"Distinct incident_key per occurrence date.",760,"nyc_shootings",100,"development","train"
"2008-01-31",761,2008,3,"development",365,"Distinct incident_key per occurrence date.",761,"nyc_shootings",100,"development","train"
"2008-02-01",762,2008,3,"development",365,"Distinct incident_key per occurrence date.",762,"nyc_shootings",100,"development","train"
"2008-02-02",763,2008,3,"development",365,"Distinct incident_key per occurrence date.",763,"nyc_shootings",100,"development","train"
"2008-02-03",764,2008,4,"development",365,"Distinct incident_key per occurrence date.",764,"nyc_shootings",100,"development","train"
"2008-02-04",765,2008,1,"development",365,"Distinct incident_key per occurrence date.",765,"nyc_shootings",100,"development","train"
"2008-02-05",766,2008,2,"development",365,"Distinct incident_key per occurrence date.",766,"nyc_shootings",100,"development","train"
"2008-02-06",767,2008,2,"development",365,"Distinct incident_key per occurrence date.",767,"nyc_shootings",100,"development","train"
"2008-02-07",768,2008,1,"development",365,"Distinct incident_key per occurrence date.",768,"nyc_shootings",100,"development","train"
"2008-02-08",769,2008,0,"development",365,"Distinct incident_key per occurrence date.",769,"nyc_shootings",100,"development","train"
"2008-02-09",770,2008,5,"development",365,"Distinct incident_key per occurrence date.",770,"nyc_shootings",100,"development","train"
"2008-02-10",771,2008,1,"development",365,"Distinct incident_key per occurrence date.",771,"nyc_shootings",100,"development","train"
"2008-02-11",772,2008,0,"development",365,"Distinct incident_key per occurrence date.",772,"nyc_shootings",100,"development","train"
"2008-02-12",773,2008,2,"development",365,"Distinct incident_key per occurrence date.",773,"nyc_shootings",100,"development","train"
"2008-02-13",774,2008,1,"development",365,"Distinct incident_key per occurrence date.",774,"nyc_shootings",100,"development","train"
"2008-02-14",775,2008,3,"development",365,"Distinct incident_key per occurrence date.",775,"nyc_shootings",100,"development","train"
"2008-02-15",776,2008,4,"development",365,"Distinct incident_key per occurrence date.",776,"nyc_shootings",100,"development","train"
"2008-02-16",777,2008,7,"development",365,"Distinct incident_key per occurrence date.",777,"nyc_shootings",100,"development","train"
"2008-02-17",778,2008,2,"development",365,"Distinct incident_key per occurrence date.",778,"nyc_shootings",100,"development","train"
"2008-02-18",779,2008,2,"development",365,"Distinct incident_key per occurrence date.",779,"nyc_shootings",100,"development","train"
"2008-02-19",780,2008,2,"development",365,"Distinct incident_key per occurrence date.",780,"nyc_shootings",100,"development","train"
"2008-02-20",781,2008,2,"development",365,"Distinct incident_key per occurrence date.",781,"nyc_shootings",100,"development","train"
"2008-02-21",782,2008,2,"development",365,"Distinct incident_key per occurrence date.",782,"nyc_shootings",100,"development","train"
"2008-02-22",783,2008,2,"development",365,"Distinct incident_key per occurrence date.",783,"nyc_shootings",100,"development","train"
"2008-02-23",784,2008,2,"development",365,"Distinct incident_key per occurrence date.",784,"nyc_shootings",100,"development","train"
"2008-02-24",785,2008,3,"development",365,"Distinct incident_key per occurrence date.",785,"nyc_shootings",100,"development","train"
"2008-02-25",786,2008,2,"development",365,"Distinct incident_key per occurrence date.",786,"nyc_shootings",100,"development","train"
"2008-02-26",787,2008,0,"development",365,"Distinct incident_key per occurrence date.",787,"nyc_shootings",100,"development","train"
"2008-02-27",788,2008,1,"development",365,"Distinct incident_key per occurrence date.",788,"nyc_shootings",100,"development","train"
"2008-02-28",789,2008,0,"development",365,"Distinct incident_key per occurrence date.",789,"nyc_shootings",100,"development","train"
"2008-02-29",790,2008,5,"development",365,"Distinct incident_key per occurrence date.",790,"nyc_shootings",100,"development","train"
"2008-03-01",791,2008,2,"development",365,"Distinct incident_key per occurrence date.",791,"nyc_shootings",100,"development","train"
"2008-03-02",792,2008,3,"development",365,"Distinct incident_key per occurrence date.",792,"nyc_shootings",100,"development","train"
"2008-03-03",793,2008,3,"development",365,"Distinct incident_key per occurrence date.",793,"nyc_shootings",100,"development","train"
"2008-03-04",794,2008,3,"development",365,"Distinct incident_key per occurrence date.",794,"nyc_shootings",100,"development","train"
"2008-03-05",795,2008,1,"development",365,"Distinct incident_key per occurrence date.",795,"nyc_shootings",100,"development","train"
"2008-03-06",796,2008,1,"development",365,"Distinct incident_key per occurrence date.",796,"nyc_shootings",100,"development","train"
"2008-03-07",797,2008,2,"development",365,"Distinct incident_key per occurrence date.",797,"nyc_shootings",100,"development","train"
"2008-03-08",798,2008,4,"development",365,"Distinct incident_key per occurrence date.",798,"nyc_shootings",100,"development","train"
"2008-03-09",799,2008,6,"development",365,"Distinct incident_key per occurrence date.",799,"nyc_shootings",100,"development","train"
"2008-03-10",800,2008,1,"development",365,"Distinct incident_key per occurrence date.",800,"nyc_shootings",100,"development","train"
"2008-03-11",801,2008,4,"development",365,"Distinct incident_key per occurrence date.",801,"nyc_shootings",100,"development","train"
"2008-03-12",802,2008,0,"development",365,"Distinct incident_key per occurrence date.",802,"nyc_shootings",100,"development","train"
"2008-03-13",803,2008,2,"development",365,"Distinct incident_key per occurrence date.",803,"nyc_shootings",100,"development","train"
"2008-03-14",804,2008,6,"development",365,"Distinct incident_key per occurrence date.",804,"nyc_shootings",100,"development","train"
"2008-03-15",805,2008,6,"development",365,"Distinct incident_key per occurrence date.",805,"nyc_shootings",100,"development","train"
"2008-03-16",806,2008,7,"development",365,"Distinct incident_key per occurrence date.",806,"nyc_shootings",100,"development","train"
"2008-03-17",807,2008,2,"development",365,"Distinct incident_key per occurrence date.",807,"nyc_shootings",100,"development","train"
"2008-03-18",808,2008,0,"development",365,"Distinct incident_key per occurrence date.",808,"nyc_shootings",100,"development","train"
"2008-03-19",809,2008,3,"development",365,"Distinct incident_key per occurrence date.",809,"nyc_shootings",100,"development","train"
"2008-03-20",810,2008,1,"development",365,"Distinct incident_key per occurrence date.",810,"nyc_shootings",100,"development","train"
"2008-03-21",811,2008,4,"development",365,"Distinct incident_key per occurrence date.",811,"nyc_shootings",100,"development","train"
"2008-03-22",812,2008,3,"development",365,"Distinct incident_key per occurrence date.",812,"nyc_shootings",100,"development","train"
"2008-03-23",813,2008,7,"development",365,"Distinct incident_key per occurrence date.",813,"nyc_shootings",100,"development","train"
"2008-03-24",814,2008,4,"development",365,"Distinct incident_key per occurrence date.",814,"nyc_shootings",100,"development","train"
"2008-03-25",815,2008,3,"development",365,"Distinct incident_key per occurrence date.",815,"nyc_shootings",100,"development","train"
"2008-03-26",816,2008,4,"development",365,"Distinct incident_key per occurrence date.",816,"nyc_shootings",100,"development","train"
"2008-03-27",817,2008,2,"development",365,"Distinct incident_key per occurrence date.",817,"nyc_shootings",100,"development","train"
"2008-03-28",818,2008,3,"development",365,"Distinct incident_key per occurrence date.",818,"nyc_shootings",100,"development","train"
"2008-03-29",819,2008,5,"development",365,"Distinct incident_key per occurrence date.",819,"nyc_shootings",100,"development","train"
"2008-03-30",820,2008,4,"development",365,"Distinct incident_key per occurrence date.",820,"nyc_shootings",100,"development","train"
"2008-03-31",821,2008,4,"development",365,"Distinct incident_key per occurrence date.",821,"nyc_shootings",100,"development","train"
"2008-04-01",822,2008,3,"development",365,"Distinct incident_key per occurrence date.",822,"nyc_shootings",100,"development","train"
"2008-04-02",823,2008,3,"development",365,"Distinct incident_key per occurrence date.",823,"nyc_shootings",100,"development","train"
"2008-04-03",824,2008,6,"development",365,"Distinct incident_key per occurrence date.",824,"nyc_shootings",100,"development","train"
"2008-04-04",825,2008,0,"development",365,"Distinct incident_key per occurrence date.",825,"nyc_shootings",100,"development","train"
"2008-04-05",826,2008,5,"development",365,"Distinct incident_key per occurrence date.",826,"nyc_shootings",100,"development","train"
"2008-04-06",827,2008,3,"development",365,"Distinct incident_key per occurrence date.",827,"nyc_shootings",100,"development","train"
"2008-04-07",828,2008,3,"development",365,"Distinct incident_key per occurrence date.",828,"nyc_shootings",100,"development","train"
"2008-04-08",829,2008,3,"development",365,"Distinct incident_key per occurrence date.",829,"nyc_shootings",100,"development","train"
"2008-04-09",830,2008,1,"development",365,"Distinct incident_key per occurrence date.",830,"nyc_shootings",100,"development","train"
"2008-04-10",831,2008,3,"development",365,"Distinct incident_key per occurrence date.",831,"nyc_shootings",100,"development","train"
"2008-04-11",832,2008,2,"development",365,"Distinct incident_key per occurrence date.",832,"nyc_shootings",100,"development","train"
"2008-04-12",833,2008,9,"development",365,"Distinct incident_key per occurrence date.",833,"nyc_shootings",100,"development","train"
"2008-04-13",834,2008,2,"development",365,"Distinct incident_key per occurrence date.",834,"nyc_shootings",100,"development","train"
"2008-04-14",835,2008,5,"development",365,"Distinct incident_key per occurrence date.",835,"nyc_shootings",100,"development","train"
"2008-04-15",836,2008,3,"development",365,"Distinct incident_key per occurrence date.",836,"nyc_shootings",100,"development","train"
"2008-04-16",837,2008,0,"development",365,"Distinct incident_key per occurrence date.",837,"nyc_shootings",100,"development","train"
"2008-04-17",838,2008,4,"development",365,"Distinct incident_key per occurrence date.",838,"nyc_shootings",100,"development","train"
"2008-04-18",839,2008,8,"development",365,"Distinct incident_key per occurrence date.",839,"nyc_shootings",100,"development","train"
"2008-04-19",840,2008,8,"development",365,"Distinct incident_key per occurrence date.",840,"nyc_shootings",100,"development","train"
"2008-04-20",841,2008,2,"development",365,"Distinct incident_key per occurrence date.",841,"nyc_shootings",100,"development","train"
"2008-04-21",842,2008,4,"development",365,"Distinct incident_key per occurrence date.",842,"nyc_shootings",100,"development","train"
"2008-04-22",843,2008,6,"development",365,"Distinct incident_key per occurrence date.",843,"nyc_shootings",100,"development","train"
"2008-04-23",844,2008,5,"development",365,"Distinct incident_key per occurrence date.",844,"nyc_shootings",100,"development","train"
"2008-04-24",845,2008,9,"development",365,"Distinct incident_key per occurrence date.",845,"nyc_shootings",100,"development","train"
"2008-04-25",846,2008,3,"development",365,"Distinct incident_key per occurrence date.",846,"nyc_shootings",100,"development","train"
"2008-04-26",847,2008,5,"development",365,"Distinct incident_key per occurrence date.",847,"nyc_shootings",100,"development","train"
"2008-04-27",848,2008,7,"development",365,"Distinct incident_key per occurrence date.",848,"nyc_shootings",100,"development","train"
"2008-04-28",849,2008,0,"development",365,"Distinct incident_key per occurrence date.",849,"nyc_shootings",100,"development","train"
"2008-04-29",850,2008,7,"development",365,"Distinct incident_key per occurrence date.",850,"nyc_shootings",100,"development","train"
"2008-04-30",851,2008,2,"development",365,"Distinct incident_key per occurrence date.",851,"nyc_shootings",100,"development","train"
"2008-05-01",852,2008,3,"development",365,"Distinct incident_key per occurrence date.",852,"nyc_shootings",100,"development","train"
"2008-05-02",853,2008,3,"development",365,"Distinct incident_key per occurrence date.",853,"nyc_shootings",100,"development","train"
"2008-05-03",854,2008,6,"development",365,"Distinct incident_key per occurrence date.",854,"nyc_shootings",100,"development","train"
"2008-05-04",855,2008,8,"development",365,"Distinct incident_key per occurrence date.",855,"nyc_shootings",100,"development","train"
"2008-05-05",856,2008,4,"development",365,"Distinct incident_key per occurrence date.",856,"nyc_shootings",100,"development","train"
"2008-05-06",857,2008,3,"development",365,"Distinct incident_key per occurrence date.",857,"nyc_shootings",100,"development","train"
"2008-05-07",858,2008,2,"development",365,"Distinct incident_key per occurrence date.",858,"nyc_shootings",100,"development","train"
"2008-05-08",859,2008,4,"development",365,"Distinct incident_key per occurrence date.",859,"nyc_shootings",100,"development","train"
"2008-05-09",860,2008,4,"development",365,"Distinct incident_key per occurrence date.",860,"nyc_shootings",100,"development","train"
"2008-05-10",861,2008,7,"development",365,"Distinct incident_key per occurrence date.",861,"nyc_shootings",100,"development","train"
"2008-05-11",862,2008,7,"development",365,"Distinct incident_key per occurrence date.",862,"nyc_shootings",100,"development","train"
"2008-05-12",863,2008,1,"development",365,"Distinct incident_key per occurrence date.",863,"nyc_shootings",100,"development","train"
"2008-05-13",864,2008,7,"development",365,"Distinct incident_key per occurrence date.",864,"nyc_shootings",100,"development","train"
"2008-05-14",865,2008,9,"development",365,"Distinct incident_key per occurrence date.",865,"nyc_shootings",100,"development","train"
"2008-05-15",866,2008,2,"development",365,"Distinct incident_key per occurrence date.",866,"nyc_shootings",100,"development","train"
"2008-05-16",867,2008,0,"development",365,"Distinct incident_key per occurrence date.",867,"nyc_shootings",100,"development","train"
"2008-05-17",868,2008,10,"development",365,"Distinct incident_key per occurrence date.",868,"nyc_shootings",100,"development","train"
"2008-05-18",869,2008,3,"development",365,"Distinct incident_key per occurrence date.",869,"nyc_shootings",100,"development","train"
"2008-05-19",870,2008,4,"development",365,"Distinct incident_key per occurrence date.",870,"nyc_shootings",100,"development","train"
"2008-05-20",871,2008,2,"development",365,"Distinct incident_key per occurrence date.",871,"nyc_shootings",100,"development","train"
"2008-05-21",872,2008,3,"development",365,"Distinct incident_key per occurrence date.",872,"nyc_shootings",100,"development","train"
"2008-05-22",873,2008,2,"development",365,"Distinct incident_key per occurrence date.",873,"nyc_shootings",100,"development","train"
"2008-05-23",874,2008,2,"development",365,"Distinct incident_key per occurrence date.",874,"nyc_shootings",100,"development","train"
"2008-05-24",875,2008,12,"development",365,"Distinct incident_key per occurrence date.",875,"nyc_shootings",100,"development","train"
"2008-05-25",876,2008,11,"development",365,"Distinct incident_key per occurrence date.",876,"nyc_shootings",100,"development","train"
"2008-05-26",877,2008,11,"development",365,"Distinct incident_key per occurrence date.",877,"nyc_shootings",100,"development","train"
"2008-05-27",878,2008,4,"development",365,"Distinct incident_key per occurrence date.",878,"nyc_shootings",100,"development","train"
"2008-05-28",879,2008,4,"development",365,"Distinct incident_key per occurrence date.",879,"nyc_shootings",100,"development","train"
"2008-05-29",880,2008,4,"development",365,"Distinct incident_key per occurrence date.",880,"nyc_shootings",100,"development","train"
"2008-05-30",881,2008,2,"development",365,"Distinct incident_key per occurrence date.",881,"nyc_shootings",100,"development","train"
"2008-05-31",882,2008,7,"development",365,"Distinct incident_key per occurrence date.",882,"nyc_shootings",100,"development","train"
"2008-06-01",883,2008,6,"development",365,"Distinct incident_key per occurrence date.",883,"nyc_shootings",100,"development","train"
"2008-06-02",884,2008,9,"development",365,"Distinct incident_key per occurrence date.",884,"nyc_shootings",100,"development","train"
"2008-06-03",885,2008,2,"development",365,"Distinct incident_key per occurrence date.",885,"nyc_shootings",100,"development","train"
"2008-06-04",886,2008,7,"development",365,"Distinct incident_key per occurrence date.",886,"nyc_shootings",100,"development","train"
"2008-06-05",887,2008,3,"development",365,"Distinct incident_key per occurrence date.",887,"nyc_shootings",100,"development","train"
"2008-06-06",888,2008,8,"development",365,"Distinct incident_key per occurrence date.",888,"nyc_shootings",100,"development","train"
"2008-06-07",889,2008,5,"development",365,"Distinct incident_key per occurrence date.",889,"nyc_shootings",100,"development","train"
"2008-06-08",890,2008,3,"development",365,"Distinct incident_key per occurrence date.",890,"nyc_shootings",100,"development","train"
"2008-06-09",891,2008,8,"development",365,"Distinct incident_key per occurrence date.",891,"nyc_shootings",100,"development","train"
"2008-06-10",892,2008,6,"development",365,"Distinct incident_key per occurrence date.",892,"nyc_shootings",100,"development","train"
"2008-06-11",893,2008,3,"development",365,"Distinct incident_key per occurrence date.",893,"nyc_shootings",100,"development","train"
"2008-06-12",894,2008,2,"development",365,"Distinct incident_key per occurrence date.",894,"nyc_shootings",100,"development","train"
"2008-06-13",895,2008,2,"development",365,"Distinct incident_key per occurrence date.",895,"nyc_shootings",100,"development","train"
"2008-06-14",896,2008,6,"development",365,"Distinct incident_key per occurrence date.",896,"nyc_shootings",100,"development","train"
"2008-06-15",897,2008,4,"development",365,"Distinct incident_key per occurrence date.",897,"nyc_shootings",100,"development","train"
"2008-06-16",898,2008,1,"development",365,"Distinct incident_key per occurrence date.",898,"nyc_shootings",100,"development","train"
"2008-06-17",899,2008,2,"development",365,"Distinct incident_key per occurrence date.",899,"nyc_shootings",100,"development","train"
"2008-06-18",900,2008,4,"development",365,"Distinct incident_key per occurrence date.",900,"nyc_shootings",100,"development","train"
"2008-06-19",901,2008,4,"development",365,"Distinct incident_key per occurrence date.",901,"nyc_shootings",100,"development","train"
"2008-06-20",902,2008,3,"development",365,"Distinct incident_key per occurrence date.",902,"nyc_shootings",100,"development","train"
"2008-06-21",903,2008,9,"development",365,"Distinct incident_key per occurrence date.",903,"nyc_shootings",100,"development","train"
"2008-06-22",904,2008,8,"development",365,"Distinct incident_key per occurrence date.",904,"nyc_shootings",100,"development","train"
"2008-06-23",905,2008,2,"development",365,"Distinct incident_key per occurrence date.",905,"nyc_shootings",100,"development","train"
"2008-06-24",906,2008,8,"development",365,"Distinct incident_key per occurrence date.",906,"nyc_shootings",100,"development","train"
"2008-06-25",907,2008,7,"development",365,"Distinct incident_key per occurrence date.",907,"nyc_shootings",100,"development","train"
"2008-06-26",908,2008,6,"development",365,"Distinct incident_key per occurrence date.",908,"nyc_shootings",100,"development","train"
"2008-06-27",909,2008,5,"development",365,"Distinct incident_key per occurrence date.",909,"nyc_shootings",100,"development","train"
"2008-06-28",910,2008,10,"development",365,"Distinct incident_key per occurrence date.",910,"nyc_shootings",100,"development","train"
"2008-06-29",911,2008,6,"development",365,"Distinct incident_key per occurrence date.",911,"nyc_shootings",100,"development","train"
"2008-06-30",912,2008,2,"development",365,"Distinct incident_key per occurrence date.",912,"nyc_shootings",100,"development","train"
"2008-07-01",913,2008,3,"development",365,"Distinct incident_key per occurrence date.",913,"nyc_shootings",100,"development","train"
"2008-07-02",914,2008,7,"development",365,"Distinct incident_key per occurrence date.",914,"nyc_shootings",100,"development","train"
"2008-07-03",915,2008,4,"development",365,"Distinct incident_key per occurrence date.",915,"nyc_shootings",100,"development","train"
"2008-07-04",916,2008,9,"development",365,"Distinct incident_key per occurrence date.",916,"nyc_shootings",100,"development","train"
"2008-07-05",917,2008,12,"development",365,"Distinct incident_key per occurrence date.",917,"nyc_shootings",100,"development","train"
"2008-07-06",918,2008,5,"development",365,"Distinct incident_key per occurrence date.",918,"nyc_shootings",100,"development","train"
"2008-07-07",919,2008,6,"development",365,"Distinct incident_key per occurrence date.",919,"nyc_shootings",100,"development","train"
"2008-07-08",920,2008,5,"development",365,"Distinct incident_key per occurrence date.",920,"nyc_shootings",100,"development","train"
"2008-07-09",921,2008,1,"development",365,"Distinct incident_key per occurrence date.",921,"nyc_shootings",100,"development","train"
"2008-07-10",922,2008,7,"development",365,"Distinct incident_key per occurrence date.",922,"nyc_shootings",100,"development","train"
"2008-07-11",923,2008,6,"development",365,"Distinct incident_key per occurrence date.",923,"nyc_shootings",100,"development","train"
"2008-07-12",924,2008,8,"development",365,"Distinct incident_key per occurrence date.",924,"nyc_shootings",100,"development","train"
"2008-07-13",925,2008,5,"development",365,"Distinct incident_key per occurrence date.",925,"nyc_shootings",100,"development","train"
"2008-07-14",926,2008,1,"development",365,"Distinct incident_key per occurrence date.",926,"nyc_shootings",100,"development","train"
"2008-07-15",927,2008,5,"development",365,"Distinct incident_key per occurrence date.",927,"nyc_shootings",100,"development","train"
"2008-07-16",928,2008,5,"development",365,"Distinct incident_key per occurrence date.",928,"nyc_shootings",100,"development","train"
"2008-07-17",929,2008,3,"development",365,"Distinct incident_key per occurrence date.",929,"nyc_shootings",100,"development","train"
"2008-07-18",930,2008,6,"development",365,"Distinct incident_key per occurrence date.",930,"nyc_shootings",100,"development","train"
"2008-07-19",931,2008,9,"development",365,"Distinct incident_key per occurrence date.",931,"nyc_shootings",100,"development","train"
"2008-07-20",932,2008,4,"development",365,"Distinct incident_key per occurrence date.",932,"nyc_shootings",100,"development","train"
"2008-07-21",933,2008,5,"development",365,"Distinct incident_key per occurrence date.",933,"nyc_shootings",100,"development","train"
"2008-07-22",934,2008,6,"development",365,"Distinct incident_key per occurrence date.",934,"nyc_shootings",100,"development","train"
"2008-07-23",935,2008,1,"development",365,"Distinct incident_key per occurrence date.",935,"nyc_shootings",100,"development","train"
"2008-07-24",936,2008,4,"development",365,"Distinct incident_key per occurrence date.",936,"nyc_shootings",100,"development","train"
"2008-07-25",937,2008,2,"development",365,"Distinct incident_key per occurrence date.",937,"nyc_shootings",100,"development","train"
"2008-07-26",938,2008,15,"development",365,"Distinct incident_key per occurrence date.",938,"nyc_shootings",100,"development","train"
"2008-07-27",939,2008,11,"development",365,"Distinct incident_key per occurrence date.",939,"nyc_shootings",100,"development","train"
"2008-07-28",940,2008,6,"development",365,"Distinct incident_key per occurrence date.",940,"nyc_shootings",100,"development","train"
"2008-07-29",941,2008,6,"development",365,"Distinct incident_key per occurrence date.",941,"nyc_shootings",100,"development","train"
"2008-07-30",942,2008,3,"development",365,"Distinct incident_key per occurrence date.",942,"nyc_shootings",100,"development","train"
"2008-07-31",943,2008,2,"development",365,"Distinct incident_key per occurrence date.",943,"nyc_shootings",100,"development","train"
"2008-08-01",944,2008,3,"development",365,"Distinct incident_key per occurrence date.",944,"nyc_shootings",100,"development","train"
"2008-08-02",945,2008,6,"development",365,"Distinct incident_key per occurrence date.",945,"nyc_shootings",100,"development","train"
"2008-08-03",946,2008,7,"development",365,"Distinct incident_key per occurrence date.",946,"nyc_shootings",100,"development","train"
"2008-08-04",947,2008,5,"development",365,"Distinct incident_key per occurrence date.",947,"nyc_shootings",100,"development","train"
"2008-08-05",948,2008,3,"development",365,"Distinct incident_key per occurrence date.",948,"nyc_shootings",100,"development","train"
"2008-08-06",949,2008,6,"development",365,"Distinct incident_key per occurrence date.",949,"nyc_shootings",100,"development","train"
"2008-08-07",950,2008,4,"development",365,"Distinct incident_key per occurrence date.",950,"nyc_shootings",100,"development","train"
"2008-08-08",951,2008,4,"development",365,"Distinct incident_key per occurrence date.",951,"nyc_shootings",100,"development","train"
"2008-08-09",952,2008,9,"development",365,"Distinct incident_key per occurrence date.",952,"nyc_shootings",100,"development","train"
"2008-08-10",953,2008,7,"development",365,"Distinct incident_key per occurrence date.",953,"nyc_shootings",100,"development","train"
"2008-08-11",954,2008,3,"development",365,"Distinct incident_key per occurrence date.",954,"nyc_shootings",100,"development","train"
"2008-08-12",955,2008,2,"development",365,"Distinct incident_key per occurrence date.",955,"nyc_shootings",100,"development","train"
"2008-08-13",956,2008,2,"development",365,"Distinct incident_key per occurrence date.",956,"nyc_shootings",100,"development","train"
"2008-08-14",957,2008,5,"development",365,"Distinct incident_key per occurrence date.",957,"nyc_shootings",100,"development","train"
"2008-08-15",958,2008,3,"development",365,"Distinct incident_key per occurrence date.",958,"nyc_shootings",100,"development","train"
"2008-08-16",959,2008,9,"development",365,"Distinct incident_key per occurrence date.",959,"nyc_shootings",100,"development","train"
"2008-08-17",960,2008,7,"development",365,"Distinct incident_key per occurrence date.",960,"nyc_shootings",100,"development","train"
"2008-08-18",961,2008,6,"development",365,"Distinct incident_key per occurrence date.",961,"nyc_shootings",100,"development","train"
"2008-08-19",962,2008,2,"development",365,"Distinct incident_key per occurrence date.",962,"nyc_shootings",100,"development","train"
"2008-08-20",963,2008,2,"development",365,"Distinct incident_key per occurrence date.",963,"nyc_shootings",100,"development","train"
"2008-08-21",964,2008,6,"development",365,"Distinct incident_key per occurrence date.",964,"nyc_shootings",100,"development","train"
"2008-08-22",965,2008,7,"development",365,"Distinct incident_key per occurrence date.",965,"nyc_shootings",100,"development","train"
"2008-08-23",966,2008,11,"development",365,"Distinct incident_key per occurrence date.",966,"nyc_shootings",100,"development","train"
"2008-08-24",967,2008,9,"development",365,"Distinct incident_key per occurrence date.",967,"nyc_shootings",100,"development","train"
"2008-08-25",968,2008,3,"development",365,"Distinct incident_key per occurrence date.",968,"nyc_shootings",100,"development","train"
"2008-08-26",969,2008,6,"development",365,"Distinct incident_key per occurrence date.",969,"nyc_shootings",100,"development","train"
"2008-08-27",970,2008,2,"development",365,"Distinct incident_key per occurrence date.",970,"nyc_shootings",100,"development","train"
"2008-08-28",971,2008,5,"development",365,"Distinct incident_key per occurrence date.",971,"nyc_shootings",100,"development","train"
"2008-08-29",972,2008,2,"development",365,"Distinct incident_key per occurrence date.",972,"nyc_shootings",100,"development","train"
"2008-08-30",973,2008,8,"development",365,"Distinct incident_key per occurrence date.",973,"nyc_shootings",100,"development","train"
"2008-08-31",974,2008,13,"development",365,"Distinct incident_key per occurrence date.",974,"nyc_shootings",100,"development","train"
"2008-09-01",975,2008,10,"development",365,"Distinct incident_key per occurrence date.",975,"nyc_shootings",100,"development","train"
"2008-09-02",976,2008,4,"development",365,"Distinct incident_key per occurrence date.",976,"nyc_shootings",100,"development","train"
"2008-09-03",977,2008,4,"development",365,"Distinct incident_key per occurrence date.",977,"nyc_shootings",100,"development","train"
"2008-09-04",978,2008,2,"development",365,"Distinct incident_key per occurrence date.",978,"nyc_shootings",100,"development","train"
"2008-09-05",979,2008,7,"development",365,"Distinct incident_key per occurrence date.",979,"nyc_shootings",100,"development","train"
"2008-09-06",980,2008,3,"development",365,"Distinct incident_key per occurrence date.",980,"nyc_shootings",100,"development","train"
"2008-09-07",981,2008,5,"development",365,"Distinct incident_key per occurrence date.",981,"nyc_shootings",100,"development","train"
"2008-09-08",982,2008,3,"development",365,"Distinct incident_key per occurrence date.",982,"nyc_shootings",100,"development","train"
"2008-09-09",983,2008,5,"development",365,"Distinct incident_key per occurrence date.",983,"nyc_shootings",100,"development","train"
"2008-09-10",984,2008,2,"development",365,"Distinct incident_key per occurrence date.",984,"nyc_shootings",100,"development","train"
"2008-09-11",985,2008,4,"development",365,"Distinct incident_key per occurrence date.",985,"nyc_shootings",100,"development","train"
"2008-09-12",986,2008,2,"development",365,"Distinct incident_key per occurrence date.",986,"nyc_shootings",100,"development","train"
"2008-09-13",987,2008,9,"development",365,"Distinct incident_key per occurrence date.",987,"nyc_shootings",100,"development","train"
"2008-09-14",988,2008,11,"development",365,"Distinct incident_key per occurrence date.",988,"nyc_shootings",100,"development","train"
"2008-09-15",989,2008,2,"development",365,"Distinct incident_key per occurrence date.",989,"nyc_shootings",100,"development","train"
"2008-09-16",990,2008,5,"development",365,"Distinct incident_key per occurrence date.",990,"nyc_shootings",100,"development","train"
"2008-09-17",991,2008,0,"development",365,"Distinct incident_key per occurrence date.",991,"nyc_shootings",100,"development","train"
"2008-09-18",992,2008,4,"development",365,"Distinct incident_key per occurrence date.",992,"nyc_shootings",100,"development","train"
"2008-09-19",993,2008,1,"development",365,"Distinct incident_key per occurrence date.",993,"nyc_shootings",100,"development","train"
"2008-09-20",994,2008,6,"development",365,"Distinct incident_key per occurrence date.",994,"nyc_shootings",100,"development","train"
"2008-09-21",995,2008,8,"development",365,"Distinct incident_key per occurrence date.",995,"nyc_shootings",100,"development","train"
"2008-09-22",996,2008,6,"development",365,"Distinct incident_key per occurrence date.",996,"nyc_shootings",100,"development","train"
"2008-09-23",997,2008,5,"development",365,"Distinct incident_key per occurrence date.",997,"nyc_shootings",100,"development","train"
"2008-09-24",998,2008,5,"development",365,"Distinct incident_key per occurrence date.",998,"nyc_shootings",100,"development","train"
"2008-09-25",999,2008,1,"development",365,"Distinct incident_key per occurrence date.",999,"nyc_shootings",100,"development","train"
"2008-09-26",1000,2008,4,"development",365,"Distinct incident_key per occurrence date.",1000,"nyc_shootings",100,"development","train"
"2008-09-27",1001,2008,7,"development",365,"Distinct incident_key per occurrence date.",1001,"nyc_shootings",100,"development","train"
"2008-09-28",1002,2008,11,"development",365,"Distinct incident_key per occurrence date.",1002,"nyc_shootings",100,"development","train"
"2008-09-29",1003,2008,7,"development",365,"Distinct incident_key per occurrence date.",1003,"nyc_shootings",100,"development","train"
"2008-09-30",1004,2008,8,"development",365,"Distinct incident_key per occurrence date.",1004,"nyc_shootings",100,"development","train"
"2008-10-01",1005,2008,3,"development",365,"Distinct incident_key per occurrence date.",1005,"nyc_shootings",100,"development","train"
"2008-10-02",1006,2008,2,"development",365,"Distinct incident_key per occurrence date.",1006,"nyc_shootings",100,"development","train"
"2008-10-03",1007,2008,4,"development",365,"Distinct incident_key per occurrence date.",1007,"nyc_shootings",100,"development","train"
"2008-10-04",1008,2008,8,"development",365,"Distinct incident_key per occurrence date.",1008,"nyc_shootings",100,"development","train"
"2008-10-05",1009,2008,7,"development",365,"Distinct incident_key per occurrence date.",1009,"nyc_shootings",100,"development","train"
"2008-10-06",1010,2008,3,"development",365,"Distinct incident_key per occurrence date.",1010,"nyc_shootings",100,"development","train"
"2008-10-07",1011,2008,2,"development",365,"Distinct incident_key per occurrence date.",1011,"nyc_shootings",100,"development","train"
"2008-10-08",1012,2008,3,"development",365,"Distinct incident_key per occurrence date.",1012,"nyc_shootings",100,"development","train"
"2008-10-09",1013,2008,5,"development",365,"Distinct incident_key per occurrence date.",1013,"nyc_shootings",100,"development","train"
"2008-10-10",1014,2008,5,"development",365,"Distinct incident_key per occurrence date.",1014,"nyc_shootings",100,"development","train"
"2008-10-11",1015,2008,4,"development",365,"Distinct incident_key per occurrence date.",1015,"nyc_shootings",100,"development","train"
"2008-10-12",1016,2008,8,"development",365,"Distinct incident_key per occurrence date.",1016,"nyc_shootings",100,"development","train"
"2008-10-13",1017,2008,4,"development",365,"Distinct incident_key per occurrence date.",1017,"nyc_shootings",100,"development","train"
"2008-10-14",1018,2008,3,"development",365,"Distinct incident_key per occurrence date.",1018,"nyc_shootings",100,"development","train"
"2008-10-15",1019,2008,3,"development",365,"Distinct incident_key per occurrence date.",1019,"nyc_shootings",100,"development","train"
"2008-10-16",1020,2008,1,"development",365,"Distinct incident_key per occurrence date.",1020,"nyc_shootings",100,"development","train"
"2008-10-17",1021,2008,4,"development",365,"Distinct incident_key per occurrence date.",1021,"nyc_shootings",100,"development","train"
"2008-10-18",1022,2008,7,"development",365,"Distinct incident_key per occurrence date.",1022,"nyc_shootings",100,"development","train"
"2008-10-19",1023,2008,3,"development",365,"Distinct incident_key per occurrence date.",1023,"nyc_shootings",100,"development","train"
"2008-10-20",1024,2008,2,"development",365,"Distinct incident_key per occurrence date.",1024,"nyc_shootings",100,"development","train"
"2008-10-21",1025,2008,5,"development",365,"Distinct incident_key per occurrence date.",1025,"nyc_shootings",100,"development","train"
"2008-10-22",1026,2008,3,"development",365,"Distinct incident_key per occurrence date.",1026,"nyc_shootings",100,"development","train"
"2008-10-23",1027,2008,3,"development",365,"Distinct incident_key per occurrence date.",1027,"nyc_shootings",100,"development","train"
"2008-10-24",1028,2008,3,"development",365,"Distinct incident_key per occurrence date.",1028,"nyc_shootings",100,"development","train"
"2008-10-25",1029,2008,7,"development",365,"Distinct incident_key per occurrence date.",1029,"nyc_shootings",100,"development","train"
"2008-10-26",1030,2008,3,"development",365,"Distinct incident_key per occurrence date.",1030,"nyc_shootings",100,"development","train"
"2008-10-27",1031,2008,5,"development",365,"Distinct incident_key per occurrence date.",1031,"nyc_shootings",100,"development","train"
"2008-10-28",1032,2008,0,"development",365,"Distinct incident_key per occurrence date.",1032,"nyc_shootings",100,"development","train"
"2008-10-29",1033,2008,2,"development",365,"Distinct incident_key per occurrence date.",1033,"nyc_shootings",100,"development","train"
"2008-10-30",1034,2008,1,"development",365,"Distinct incident_key per occurrence date.",1034,"nyc_shootings",100,"development","train"
"2008-10-31",1035,2008,4,"development",365,"Distinct incident_key per occurrence date.",1035,"nyc_shootings",100,"development","train"
"2008-11-01",1036,2008,5,"development",365,"Distinct incident_key per occurrence date.",1036,"nyc_shootings",100,"development","train"
"2008-11-02",1037,2008,2,"development",365,"Distinct incident_key per occurrence date.",1037,"nyc_shootings",100,"development","train"
"2008-11-03",1038,2008,2,"development",365,"Distinct incident_key per occurrence date.",1038,"nyc_shootings",100,"development","train"
"2008-11-04",1039,2008,4,"development",365,"Distinct incident_key per occurrence date.",1039,"nyc_shootings",100,"development","train"
"2008-11-05",1040,2008,3,"development",365,"Distinct incident_key per occurrence date.",1040,"nyc_shootings",100,"development","train"
"2008-11-06",1041,2008,2,"development",365,"Distinct incident_key per occurrence date.",1041,"nyc_shootings",100,"development","train"
"2008-11-07",1042,2008,4,"development",365,"Distinct incident_key per occurrence date.",1042,"nyc_shootings",100,"development","train"
"2008-11-08",1043,2008,4,"development",365,"Distinct incident_key per occurrence date.",1043,"nyc_shootings",100,"development","train"
"2008-11-09",1044,2008,4,"development",365,"Distinct incident_key per occurrence date.",1044,"nyc_shootings",100,"development","train"
"2008-11-10",1045,2008,2,"development",365,"Distinct incident_key per occurrence date.",1045,"nyc_shootings",100,"development","train"
"2008-11-11",1046,2008,5,"development",365,"Distinct incident_key per occurrence date.",1046,"nyc_shootings",100,"development","train"
"2008-11-12",1047,2008,4,"development",365,"Distinct incident_key per occurrence date.",1047,"nyc_shootings",100,"development","train"
"2008-11-13",1048,2008,3,"development",365,"Distinct incident_key per occurrence date.",1048,"nyc_shootings",100,"development","train"
"2008-11-14",1049,2008,4,"development",365,"Distinct incident_key per occurrence date.",1049,"nyc_shootings",100,"development","train"
"2008-11-15",1050,2008,4,"development",365,"Distinct incident_key per occurrence date.",1050,"nyc_shootings",100,"development","train"
"2008-11-16",1051,2008,2,"development",365,"Distinct incident_key per occurrence date.",1051,"nyc_shootings",100,"development","train"
"2008-11-17",1052,2008,8,"development",365,"Distinct incident_key per occurrence date.",1052,"nyc_shootings",100,"development","train"
"2008-11-18",1053,2008,5,"development",365,"Distinct incident_key per occurrence date.",1053,"nyc_shootings",100,"development","train"
"2008-11-19",1054,2008,6,"development",365,"Distinct incident_key per occurrence date.",1054,"nyc_shootings",100,"development","train"
"2008-11-20",1055,2008,2,"development",365,"Distinct incident_key per occurrence date.",1055,"nyc_shootings",100,"development","train"
"2008-11-21",1056,2008,2,"development",365,"Distinct incident_key per occurrence date.",1056,"nyc_shootings",100,"development","train"
"2008-11-22",1057,2008,5,"development",365,"Distinct incident_key per occurrence date.",1057,"nyc_shootings",100,"development","train"
"2008-11-23",1058,2008,3,"development",365,"Distinct incident_key per occurrence date.",1058,"nyc_shootings",100,"development","train"
"2008-11-24",1059,2008,1,"development",365,"Distinct incident_key per occurrence date.",1059,"nyc_shootings",100,"development","train"
"2008-11-25",1060,2008,1,"development",365,"Distinct incident_key per occurrence date.",1060,"nyc_shootings",100,"development","train"
"2008-11-26",1061,2008,2,"development",365,"Distinct incident_key per occurrence date.",1061,"nyc_shootings",100,"development","train"
"2008-11-27",1062,2008,4,"development",365,"Distinct incident_key per occurrence date.",1062,"nyc_shootings",100,"development","train"
"2008-11-28",1063,2008,1,"development",365,"Distinct incident_key per occurrence date.",1063,"nyc_shootings",100,"development","train"
"2008-11-29",1064,2008,2,"development",365,"Distinct incident_key per occurrence date.",1064,"nyc_shootings",100,"development","train"
"2008-11-30",1065,2008,5,"development",365,"Distinct incident_key per occurrence date.",1065,"nyc_shootings",100,"development","train"
"2008-12-01",1066,2008,5,"development",365,"Distinct incident_key per occurrence date.",1066,"nyc_shootings",100,"development","train"
"2008-12-02",1067,2008,7,"development",365,"Distinct incident_key per occurrence date.",1067,"nyc_shootings",100,"development","train"
"2008-12-03",1068,2008,2,"development",365,"Distinct incident_key per occurrence date.",1068,"nyc_shootings",100,"development","train"
"2008-12-04",1069,2008,0,"development",365,"Distinct incident_key per occurrence date.",1069,"nyc_shootings",100,"development","train"
"2008-12-05",1070,2008,1,"development",365,"Distinct incident_key per occurrence date.",1070,"nyc_shootings",100,"development","train"
"2008-12-06",1071,2008,5,"development",365,"Distinct incident_key per occurrence date.",1071,"nyc_shootings",100,"development","train"
"2008-12-07",1072,2008,3,"development",365,"Distinct incident_key per occurrence date.",1072,"nyc_shootings",100,"development","train"
"2008-12-08",1073,2008,2,"development",365,"Distinct incident_key per occurrence date.",1073,"nyc_shootings",100,"development","train"
"2008-12-09",1074,2008,1,"development",365,"Distinct incident_key per occurrence date.",1074,"nyc_shootings",100,"development","train"
"2008-12-10",1075,2008,3,"development",365,"Distinct incident_key per occurrence date.",1075,"nyc_shootings",100,"development","train"
"2008-12-11",1076,2008,4,"development",365,"Distinct incident_key per occurrence date.",1076,"nyc_shootings",100,"development","train"
"2008-12-12",1077,2008,2,"development",365,"Distinct incident_key per occurrence date.",1077,"nyc_shootings",100,"development","train"
"2008-12-13",1078,2008,6,"development",365,"Distinct incident_key per occurrence date.",1078,"nyc_shootings",100,"development","train"
"2008-12-14",1079,2008,7,"development",365,"Distinct incident_key per occurrence date.",1079,"nyc_shootings",100,"development","train"
"2008-12-15",1080,2008,3,"development",365,"Distinct incident_key per occurrence date.",1080,"nyc_shootings",100,"development","train"
"2008-12-16",1081,2008,4,"development",365,"Distinct incident_key per occurrence date.",1081,"nyc_shootings",100,"development","train"
"2008-12-17",1082,2008,4,"development",365,"Distinct incident_key per occurrence date.",1082,"nyc_shootings",100,"development","train"
"2008-12-18",1083,2008,2,"development",365,"Distinct incident_key per occurrence date.",1083,"nyc_shootings",100,"development","train"
"2008-12-19",1084,2008,2,"development",365,"Distinct incident_key per occurrence date.",1084,"nyc_shootings",100,"development","train"
"2008-12-20",1085,2008,8,"development",365,"Distinct incident_key per occurrence date.",1085,"nyc_shootings",100,"development","train"
"2008-12-21",1086,2008,4,"development",365,"Distinct incident_key per occurrence date.",1086,"nyc_shootings",100,"development","train"
"2008-12-22",1087,2008,3,"development",365,"Distinct incident_key per occurrence date.",1087,"nyc_shootings",100,"development","train"
"2008-12-23",1088,2008,2,"development",365,"Distinct incident_key per occurrence date.",1088,"nyc_shootings",100,"development","train"
"2008-12-24",1089,2008,4,"development",365,"Distinct incident_key per occurrence date.",1089,"nyc_shootings",100,"development","train"
"2008-12-25",1090,2008,5,"development",365,"Distinct incident_key per occurrence date.",1090,"nyc_shootings",100,"development","train"
"2008-12-26",1091,2008,8,"development",365,"Distinct incident_key per occurrence date.",1091,"nyc_shootings",100,"development","train"
"2008-12-27",1092,2008,6,"development",365,"Distinct incident_key per occurrence date.",1092,"nyc_shootings",100,"development","train"
"2008-12-28",1093,2008,8,"development",365,"Distinct incident_key per occurrence date.",1093,"nyc_shootings",100,"development","train"
"2008-12-29",1094,2008,4,"development",365,"Distinct incident_key per occurrence date.",1094,"nyc_shootings",100,"development","train"
"2008-12-30",1095,2008,6,"development",365,"Distinct incident_key per occurrence date.",1095,"nyc_shootings",100,"development","train"
"2008-12-31",1096,2008,5,"development",365,"Distinct incident_key per occurrence date.",1096,"nyc_shootings",100,"development","train"
"2009-01-01",1097,2009,6,"development",365,"Distinct incident_key per occurrence date.",1097,"nyc_shootings",100,"development","train"
"2009-01-02",1098,2009,3,"development",365,"Distinct incident_key per occurrence date.",1098,"nyc_shootings",100,"development","train"
"2009-01-03",1099,2009,5,"development",365,"Distinct incident_key per occurrence date.",1099,"nyc_shootings",100,"development","train"
"2009-01-04",1100,2009,3,"development",365,"Distinct incident_key per occurrence date.",1100,"nyc_shootings",100,"development","train"
"2009-01-05",1101,2009,2,"development",365,"Distinct incident_key per occurrence date.",1101,"nyc_shootings",100,"development","train"
"2009-01-06",1102,2009,1,"development",365,"Distinct incident_key per occurrence date.",1102,"nyc_shootings",100,"development","train"
"2009-01-07",1103,2009,0,"development",365,"Distinct incident_key per occurrence date.",1103,"nyc_shootings",100,"development","train"
"2009-01-08",1104,2009,2,"development",365,"Distinct incident_key per occurrence date.",1104,"nyc_shootings",100,"development","train"
"2009-01-09",1105,2009,1,"development",365,"Distinct incident_key per occurrence date.",1105,"nyc_shootings",100,"development","train"
"2009-01-10",1106,2009,7,"development",365,"Distinct incident_key per occurrence date.",1106,"nyc_shootings",100,"development","train"
"2009-01-11",1107,2009,3,"development",365,"Distinct incident_key per occurrence date.",1107,"nyc_shootings",100,"development","train"
"2009-01-12",1108,2009,2,"development",365,"Distinct incident_key per occurrence date.",1108,"nyc_shootings",100,"development","train"
"2009-01-13",1109,2009,5,"development",365,"Distinct incident_key per occurrence date.",1109,"nyc_shootings",100,"development","train"
"2009-01-14",1110,2009,0,"development",365,"Distinct incident_key per occurrence date.",1110,"nyc_shootings",100,"development","train"
"2009-01-15",1111,2009,2,"development",365,"Distinct incident_key per occurrence date.",1111,"nyc_shootings",100,"development","train"
"2009-01-16",1112,2009,3,"development",365,"Distinct incident_key per occurrence date.",1112,"nyc_shootings",100,"development","train"
"2009-01-17",1113,2009,2,"development",365,"Distinct incident_key per occurrence date.",1113,"nyc_shootings",100,"development","train"
"2009-01-18",1114,2009,5,"development",365,"Distinct incident_key per occurrence date.",1114,"nyc_shootings",100,"development","train"
"2009-01-19",1115,2009,2,"development",365,"Distinct incident_key per occurrence date.",1115,"nyc_shootings",100,"development","train"
"2009-01-20",1116,2009,2,"development",365,"Distinct incident_key per occurrence date.",1116,"nyc_shootings",100,"development","train"
"2009-01-21",1117,2009,2,"development",365,"Distinct incident_key per occurrence date.",1117,"nyc_shootings",100,"development","train"
"2009-01-22",1118,2009,1,"development",365,"Distinct incident_key per occurrence date.",1118,"nyc_shootings",100,"development","train"
"2009-01-23",1119,2009,4,"development",365,"Distinct incident_key per occurrence date.",1119,"nyc_shootings",100,"development","train"
"2009-01-24",1120,2009,7,"development",365,"Distinct incident_key per occurrence date.",1120,"nyc_shootings",100,"development","train"
"2009-01-25",1121,2009,2,"development",365,"Distinct incident_key per occurrence date.",1121,"nyc_shootings",100,"development","train"
"2009-01-26",1122,2009,2,"development",365,"Distinct incident_key per occurrence date.",1122,"nyc_shootings",100,"development","train"
"2009-01-27",1123,2009,0,"development",365,"Distinct incident_key per occurrence date.",1123,"nyc_shootings",100,"development","train"
"2009-01-28",1124,2009,3,"development",365,"Distinct incident_key per occurrence date.",1124,"nyc_shootings",100,"development","train"
"2009-01-29",1125,2009,0,"development",365,"Distinct incident_key per occurrence date.",1125,"nyc_shootings",100,"development","train"
"2009-01-30",1126,2009,0,"development",365,"Distinct incident_key per occurrence date.",1126,"nyc_shootings",100,"development","train"
"2009-01-31",1127,2009,2,"development",365,"Distinct incident_key per occurrence date.",1127,"nyc_shootings",100,"development","train"
"2009-02-01",1128,2009,6,"development",365,"Distinct incident_key per occurrence date.",1128,"nyc_shootings",100,"development","train"
"2009-02-02",1129,2009,2,"development",365,"Distinct incident_key per occurrence date.",1129,"nyc_shootings",100,"development","train"
"2009-02-03",1130,2009,2,"development",365,"Distinct incident_key per occurrence date.",1130,"nyc_shootings",100,"development","train"
"2009-02-04",1131,2009,1,"development",365,"Distinct incident_key per occurrence date.",1131,"nyc_shootings",100,"development","train"
"2009-02-05",1132,2009,1,"development",365,"Distinct incident_key per occurrence date.",1132,"nyc_shootings",100,"development","train"
"2009-02-06",1133,2009,1,"development",365,"Distinct incident_key per occurrence date.",1133,"nyc_shootings",100,"development","train"
"2009-02-07",1134,2009,3,"development",365,"Distinct incident_key per occurrence date.",1134,"nyc_shootings",100,"development","train"
"2009-02-08",1135,2009,8,"development",365,"Distinct incident_key per occurrence date.",1135,"nyc_shootings",100,"development","train"
"2009-02-09",1136,2009,3,"development",365,"Distinct incident_key per occurrence date.",1136,"nyc_shootings",100,"development","train"
"2009-02-10",1137,2009,3,"development",365,"Distinct incident_key per occurrence date.",1137,"nyc_shootings",100,"development","train"
"2009-02-11",1138,2009,2,"development",365,"Distinct incident_key per occurrence date.",1138,"nyc_shootings",100,"development","train"
"2009-02-12",1139,2009,2,"development",365,"Distinct incident_key per occurrence date.",1139,"nyc_shootings",100,"development","train"
"2009-02-13",1140,2009,1,"development",365,"Distinct incident_key per occurrence date.",1140,"nyc_shootings",100,"development","train"
"2009-02-14",1141,2009,5,"development",365,"Distinct incident_key per occurrence date.",1141,"nyc_shootings",100,"development","train"
"2009-02-15",1142,2009,1,"development",365,"Distinct incident_key per occurrence date.",1142,"nyc_shootings",100,"development","train"
"2009-02-16",1143,2009,3,"development",365,"Distinct incident_key per occurrence date.",1143,"nyc_shootings",100,"development","train"
"2009-02-17",1144,2009,3,"development",365,"Distinct incident_key per occurrence date.",1144,"nyc_shootings",100,"development","train"
"2009-02-18",1145,2009,4,"development",365,"Distinct incident_key per occurrence date.",1145,"nyc_shootings",100,"development","train"
"2009-02-19",1146,2009,2,"development",365,"Distinct incident_key per occurrence date.",1146,"nyc_shootings",100,"development","train"
"2009-02-20",1147,2009,1,"development",365,"Distinct incident_key per occurrence date.",1147,"nyc_shootings",100,"development","train"
"2009-02-21",1148,2009,0,"development",365,"Distinct incident_key per occurrence date.",1148,"nyc_shootings",100,"development","train"
"2009-02-22",1149,2009,3,"development",365,"Distinct incident_key per occurrence date.",1149,"nyc_shootings",100,"development","train"
"2009-02-23",1150,2009,1,"development",365,"Distinct incident_key per occurrence date.",1150,"nyc_shootings",100,"development","train"
"2009-02-24",1151,2009,2,"development",365,"Distinct incident_key per occurrence date.",1151,"nyc_shootings",100,"development","train"
"2009-02-25",1152,2009,4,"development",365,"Distinct incident_key per occurrence date.",1152,"nyc_shootings",100,"development","train"
"2009-02-26",1153,2009,1,"development",365,"Distinct incident_key per occurrence date.",1153,"nyc_shootings",100,"development","train"
"2009-02-27",1154,2009,6,"development",365,"Distinct incident_key per occurrence date.",1154,"nyc_shootings",100,"development","train"
"2009-02-28",1155,2009,4,"development",365,"Distinct incident_key per occurrence date.",1155,"nyc_shootings",100,"development","train"
"2009-03-01",1156,2009,3,"development",365,"Distinct incident_key per occurrence date.",1156,"nyc_shootings",100,"development","train"
"2009-03-02",1157,2009,2,"development",365,"Distinct incident_key per occurrence date.",1157,"nyc_shootings",100,"development","train"
"2009-03-03",1158,2009,2,"development",365,"Distinct incident_key per occurrence date.",1158,"nyc_shootings",100,"development","train"
"2009-03-04",1159,2009,0,"development",365,"Distinct incident_key per occurrence date.",1159,"nyc_shootings",100,"development","train"
"2009-03-05",1160,2009,0,"development",365,"Distinct incident_key per occurrence date.",1160,"nyc_shootings",100,"development","train"
"2009-03-06",1161,2009,4,"development",365,"Distinct incident_key per occurrence date.",1161,"nyc_shootings",100,"development","train"
"2009-03-07",1162,2009,3,"development",365,"Distinct incident_key per occurrence date.",1162,"nyc_shootings",100,"development","train"
"2009-03-08",1163,2009,2,"development",365,"Distinct incident_key per occurrence date.",1163,"nyc_shootings",100,"development","train"
"2009-03-09",1164,2009,1,"development",365,"Distinct incident_key per occurrence date.",1164,"nyc_shootings",100,"development","train"
"2009-03-10",1165,2009,3,"development",365,"Distinct incident_key per occurrence date.",1165,"nyc_shootings",100,"development","train"
"2009-03-11",1166,2009,3,"development",365,"Distinct incident_key per occurrence date.",1166,"nyc_shootings",100,"development","train"
"2009-03-12",1167,2009,1,"development",365,"Distinct incident_key per occurrence date.",1167,"nyc_shootings",100,"development","train"
"2009-03-13",1168,2009,3,"development",365,"Distinct incident_key per occurrence date.",1168,"nyc_shootings",100,"development","train"
"2009-03-14",1169,2009,2,"development",365,"Distinct incident_key per occurrence date.",1169,"nyc_shootings",100,"development","train"
"2009-03-15",1170,2009,6,"development",365,"Distinct incident_key per occurrence date.",1170,"nyc_shootings",100,"development","train"
"2009-03-16",1171,2009,1,"development",365,"Distinct incident_key per occurrence date.",1171,"nyc_shootings",100,"development","train"
"2009-03-17",1172,2009,3,"development",365,"Distinct incident_key per occurrence date.",1172,"nyc_shootings",100,"development","train"
"2009-03-18",1173,2009,3,"development",365,"Distinct incident_key per occurrence date.",1173,"nyc_shootings",100,"development","train"
"2009-03-19",1174,2009,2,"development",365,"Distinct incident_key per occurrence date.",1174,"nyc_shootings",100,"development","train"
"2009-03-20",1175,2009,2,"development",365,"Distinct incident_key per occurrence date.",1175,"nyc_shootings",100,"development","train"
"2009-03-21",1176,2009,3,"development",365,"Distinct incident_key per occurrence date.",1176,"nyc_shootings",100,"development","train"
"2009-03-22",1177,2009,3,"development",365,"Distinct incident_key per occurrence date.",1177,"nyc_shootings",100,"development","train"
"2009-03-23",1178,2009,1,"development",365,"Distinct incident_key per occurrence date.",1178,"nyc_shootings",100,"development","train"
"2009-03-24",1179,2009,2,"development",365,"Distinct incident_key per occurrence date.",1179,"nyc_shootings",100,"development","train"
"2009-03-25",1180,2009,6,"development",365,"Distinct incident_key per occurrence date.",1180,"nyc_shootings",100,"development","train"
"2009-03-26",1181,2009,0,"development",365,"Distinct incident_key per occurrence date.",1181,"nyc_shootings",100,"development","train"
"2009-03-27",1182,2009,3,"development",365,"Distinct incident_key per occurrence date.",1182,"nyc_shootings",100,"development","train"
"2009-03-28",1183,2009,6,"development",365,"Distinct incident_key per occurrence date.",1183,"nyc_shootings",100,"development","train"
"2009-03-29",1184,2009,5,"development",365,"Distinct incident_key per occurrence date.",1184,"nyc_shootings",100,"development","train"
"2009-03-30",1185,2009,6,"development",365,"Distinct incident_key per occurrence date.",1185,"nyc_shootings",100,"development","train"
"2009-03-31",1186,2009,5,"development",365,"Distinct incident_key per occurrence date.",1186,"nyc_shootings",100,"development","train"
"2009-04-01",1187,2009,3,"development",365,"Distinct incident_key per occurrence date.",1187,"nyc_shootings",100,"development","train"
"2009-04-02",1188,2009,6,"development",365,"Distinct incident_key per occurrence date.",1188,"nyc_shootings",100,"development","train"
"2009-04-03",1189,2009,2,"development",365,"Distinct incident_key per occurrence date.",1189,"nyc_shootings",100,"development","train"
"2009-04-04",1190,2009,6,"development",365,"Distinct incident_key per occurrence date.",1190,"nyc_shootings",100,"development","train"
"2009-04-05",1191,2009,5,"development",365,"Distinct incident_key per occurrence date.",1191,"nyc_shootings",100,"development","train"
"2009-04-06",1192,2009,0,"development",365,"Distinct incident_key per occurrence date.",1192,"nyc_shootings",100,"development","train"
"2009-04-07",1193,2009,2,"development",365,"Distinct incident_key per occurrence date.",1193,"nyc_shootings",100,"development","train"
"2009-04-08",1194,2009,2,"development",365,"Distinct incident_key per occurrence date.",1194,"nyc_shootings",100,"development","train"
"2009-04-09",1195,2009,2,"development",365,"Distinct incident_key per occurrence date.",1195,"nyc_shootings",100,"development","train"
"2009-04-10",1196,2009,2,"development",365,"Distinct incident_key per occurrence date.",1196,"nyc_shootings",100,"development","train"
"2009-04-11",1197,2009,4,"development",365,"Distinct incident_key per occurrence date.",1197,"nyc_shootings",100,"development","train"
"2009-04-12",1198,2009,3,"development",365,"Distinct incident_key per occurrence date.",1198,"nyc_shootings",100,"development","train"
"2009-04-13",1199,2009,2,"development",365,"Distinct incident_key per occurrence date.",1199,"nyc_shootings",100,"development","train"
"2009-04-14",1200,2009,1,"development",365,"Distinct incident_key per occurrence date.",1200,"nyc_shootings",100,"development","train"
"2009-04-15",1201,2009,2,"development",365,"Distinct incident_key per occurrence date.",1201,"nyc_shootings",100,"development","train"
"2009-04-16",1202,2009,4,"development",365,"Distinct incident_key per occurrence date.",1202,"nyc_shootings",100,"development","train"
"2009-04-17",1203,2009,6,"development",365,"Distinct incident_key per occurrence date.",1203,"nyc_shootings",100,"development","train"
"2009-04-18",1204,2009,4,"development",365,"Distinct incident_key per occurrence date.",1204,"nyc_shootings",100,"development","train"
"2009-04-19",1205,2009,5,"development",365,"Distinct incident_key per occurrence date.",1205,"nyc_shootings",100,"development","train"
"2009-04-20",1206,2009,5,"development",365,"Distinct incident_key per occurrence date.",1206,"nyc_shootings",100,"development","train"
"2009-04-21",1207,2009,3,"development",365,"Distinct incident_key per occurrence date.",1207,"nyc_shootings",100,"development","train"
"2009-04-22",1208,2009,1,"development",365,"Distinct incident_key per occurrence date.",1208,"nyc_shootings",100,"development","train"
"2009-04-23",1209,2009,4,"development",365,"Distinct incident_key per occurrence date.",1209,"nyc_shootings",100,"development","train"
"2009-04-24",1210,2009,4,"development",365,"Distinct incident_key per occurrence date.",1210,"nyc_shootings",100,"development","train"
"2009-04-25",1211,2009,7,"development",365,"Distinct incident_key per occurrence date.",1211,"nyc_shootings",100,"development","train"
"2009-04-26",1212,2009,16,"development",365,"Distinct incident_key per occurrence date.",1212,"nyc_shootings",100,"development","train"
"2009-04-27",1213,2009,8,"development",365,"Distinct incident_key per occurrence date.",1213,"nyc_shootings",100,"development","train"
"2009-04-28",1214,2009,2,"development",365,"Distinct incident_key per occurrence date.",1214,"nyc_shootings",100,"development","train"
"2009-04-29",1215,2009,3,"development",365,"Distinct incident_key per occurrence date.",1215,"nyc_shootings",100,"development","train"
"2009-04-30",1216,2009,1,"development",365,"Distinct incident_key per occurrence date.",1216,"nyc_shootings",100,"development","train"
"2009-05-01",1217,2009,4,"development",365,"Distinct incident_key per occurrence date.",1217,"nyc_shootings",100,"development","train"
"2009-05-02",1218,2009,8,"development",365,"Distinct incident_key per occurrence date.",1218,"nyc_shootings",100,"development","train"
"2009-05-03",1219,2009,4,"development",365,"Distinct incident_key per occurrence date.",1219,"nyc_shootings",100,"development","train"
"2009-05-04",1220,2009,1,"development",365,"Distinct incident_key per occurrence date.",1220,"nyc_shootings",100,"development","train"
"2009-05-05",1221,2009,1,"development",365,"Distinct incident_key per occurrence date.",1221,"nyc_shootings",100,"development","train"
"2009-05-06",1222,2009,1,"development",365,"Distinct incident_key per occurrence date.",1222,"nyc_shootings",100,"development","train"
"2009-05-07",1223,2009,0,"development",365,"Distinct incident_key per occurrence date.",1223,"nyc_shootings",100,"development","train"
"2009-05-08",1224,2009,4,"development",365,"Distinct incident_key per occurrence date.",1224,"nyc_shootings",100,"development","train"
"2009-05-09",1225,2009,2,"development",365,"Distinct incident_key per occurrence date.",1225,"nyc_shootings",100,"development","train"
"2009-05-10",1226,2009,10,"development",365,"Distinct incident_key per occurrence date.",1226,"nyc_shootings",100,"development","train"
"2009-05-11",1227,2009,3,"development",365,"Distinct incident_key per occurrence date.",1227,"nyc_shootings",100,"development","train"
"2009-05-12",1228,2009,1,"development",365,"Distinct incident_key per occurrence date.",1228,"nyc_shootings",100,"development","train"
"2009-05-13",1229,2009,6,"development",365,"Distinct incident_key per occurrence date.",1229,"nyc_shootings",100,"development","train"
"2009-05-14",1230,2009,3,"development",365,"Distinct incident_key per occurrence date.",1230,"nyc_shootings",100,"development","train"
"2009-05-15",1231,2009,5,"development",365,"Distinct incident_key per occurrence date.",1231,"nyc_shootings",100,"development","train"
"2009-05-16",1232,2009,8,"development",365,"Distinct incident_key per occurrence date.",1232,"nyc_shootings",100,"development","train"
"2009-05-17",1233,2009,6,"development",365,"Distinct incident_key per occurrence date.",1233,"nyc_shootings",100,"development","train"
"2009-05-18",1234,2009,1,"development",365,"Distinct incident_key per occurrence date.",1234,"nyc_shootings",100,"development","train"
"2009-05-19",1235,2009,3,"development",365,"Distinct incident_key per occurrence date.",1235,"nyc_shootings",100,"development","train"
"2009-05-20",1236,2009,2,"development",365,"Distinct incident_key per occurrence date.",1236,"nyc_shootings",100,"development","train"
"2009-05-21",1237,2009,5,"development",365,"Distinct incident_key per occurrence date.",1237,"nyc_shootings",100,"development","train"
"2009-05-22",1238,2009,4,"development",365,"Distinct incident_key per occurrence date.",1238,"nyc_shootings",100,"development","train"
"2009-05-23",1239,2009,4,"development",365,"Distinct incident_key per occurrence date.",1239,"nyc_shootings",100,"development","train"
"2009-05-24",1240,2009,7,"development",365,"Distinct incident_key per occurrence date.",1240,"nyc_shootings",100,"development","train"
"2009-05-25",1241,2009,7,"development",365,"Distinct incident_key per occurrence date.",1241,"nyc_shootings",100,"development","train"
"2009-05-26",1242,2009,3,"development",365,"Distinct incident_key per occurrence date.",1242,"nyc_shootings",100,"development","train"
"2009-05-27",1243,2009,2,"development",365,"Distinct incident_key per occurrence date.",1243,"nyc_shootings",100,"development","train"
"2009-05-28",1244,2009,7,"development",365,"Distinct incident_key per occurrence date.",1244,"nyc_shootings",100,"development","train"
"2009-05-29",1245,2009,4,"development",365,"Distinct incident_key per occurrence date.",1245,"nyc_shootings",100,"development","train"
"2009-05-30",1246,2009,8,"development",365,"Distinct incident_key per occurrence date.",1246,"nyc_shootings",100,"development","train"
"2009-05-31",1247,2009,5,"development",365,"Distinct incident_key per occurrence date.",1247,"nyc_shootings",100,"development","train"
"2009-06-01",1248,2009,5,"development",365,"Distinct incident_key per occurrence date.",1248,"nyc_shootings",100,"development","train"
"2009-06-02",1249,2009,5,"development",365,"Distinct incident_key per occurrence date.",1249,"nyc_shootings",100,"development","train"
"2009-06-03",1250,2009,0,"development",365,"Distinct incident_key per occurrence date.",1250,"nyc_shootings",100,"development","train"
"2009-06-04",1251,2009,1,"development",365,"Distinct incident_key per occurrence date.",1251,"nyc_shootings",100,"development","train"
"2009-06-05",1252,2009,1,"development",365,"Distinct incident_key per occurrence date.",1252,"nyc_shootings",100,"development","train"
"2009-06-06",1253,2009,5,"development",365,"Distinct incident_key per occurrence date.",1253,"nyc_shootings",100,"development","train"
"2009-06-07",1254,2009,9,"development",365,"Distinct incident_key per occurrence date.",1254,"nyc_shootings",100,"development","train"
"2009-06-08",1255,2009,7,"development",365,"Distinct incident_key per occurrence date.",1255,"nyc_shootings",100,"development","train"
"2009-06-09",1256,2009,3,"development",365,"Distinct incident_key per occurrence date.",1256,"nyc_shootings",100,"development","train"
"2009-06-10",1257,2009,2,"development",365,"Distinct incident_key per occurrence date.",1257,"nyc_shootings",100,"development","train"
"2009-06-11",1258,2009,2,"development",365,"Distinct incident_key per occurrence date.",1258,"nyc_shootings",100,"development","train"
"2009-06-12",1259,2009,3,"development",365,"Distinct incident_key per occurrence date.",1259,"nyc_shootings",100,"development","train"
"2009-06-13",1260,2009,11,"development",365,"Distinct incident_key per occurrence date.",1260,"nyc_shootings",100,"development","train"
"2009-06-14",1261,2009,9,"development",365,"Distinct incident_key per occurrence date.",1261,"nyc_shootings",100,"development","train"
"2009-06-15",1262,2009,6,"development",365,"Distinct incident_key per occurrence date.",1262,"nyc_shootings",100,"development","train"
"2009-06-16",1263,2009,3,"development",365,"Distinct incident_key per occurrence date.",1263,"nyc_shootings",100,"development","train"
"2009-06-17",1264,2009,3,"development",365,"Distinct incident_key per occurrence date.",1264,"nyc_shootings",100,"development","train"
"2009-06-18",1265,2009,2,"development",365,"Distinct incident_key per occurrence date.",1265,"nyc_shootings",100,"development","train"
"2009-06-19",1266,2009,7,"development",365,"Distinct incident_key per occurrence date.",1266,"nyc_shootings",100,"development","train"
"2009-06-20",1267,2009,10,"development",365,"Distinct incident_key per occurrence date.",1267,"nyc_shootings",100,"development","train"
"2009-06-21",1268,2009,5,"development",365,"Distinct incident_key per occurrence date.",1268,"nyc_shootings",100,"development","train"
"2009-06-22",1269,2009,3,"development",365,"Distinct incident_key per occurrence date.",1269,"nyc_shootings",100,"development","train"
"2009-06-23",1270,2009,5,"development",365,"Distinct incident_key per occurrence date.",1270,"nyc_shootings",100,"development","train"
"2009-06-24",1271,2009,2,"development",365,"Distinct incident_key per occurrence date.",1271,"nyc_shootings",100,"development","train"
"2009-06-25",1272,2009,6,"development",365,"Distinct incident_key per occurrence date.",1272,"nyc_shootings",100,"development","train"
"2009-06-26",1273,2009,8,"development",365,"Distinct incident_key per occurrence date.",1273,"nyc_shootings",100,"development","train"
"2009-06-27",1274,2009,1,"development",365,"Distinct incident_key per occurrence date.",1274,"nyc_shootings",100,"development","train"
"2009-06-28",1275,2009,13,"development",365,"Distinct incident_key per occurrence date.",1275,"nyc_shootings",100,"development","train"
"2009-06-29",1276,2009,6,"development",365,"Distinct incident_key per occurrence date.",1276,"nyc_shootings",100,"development","train"
"2009-06-30",1277,2009,6,"development",365,"Distinct incident_key per occurrence date.",1277,"nyc_shootings",100,"development","train"
"2009-07-01",1278,2009,5,"development",365,"Distinct incident_key per occurrence date.",1278,"nyc_shootings",100,"development","train"
"2009-07-02",1279,2009,4,"development",365,"Distinct incident_key per occurrence date.",1279,"nyc_shootings",100,"development","train"
"2009-07-03",1280,2009,5,"development",365,"Distinct incident_key per occurrence date.",1280,"nyc_shootings",100,"development","train"
"2009-07-04",1281,2009,9,"development",365,"Distinct incident_key per occurrence date.",1281,"nyc_shootings",100,"development","train"
"2009-07-05",1282,2009,6,"development",365,"Distinct incident_key per occurrence date.",1282,"nyc_shootings",100,"development","train"
"2009-07-06",1283,2009,5,"development",365,"Distinct incident_key per occurrence date.",1283,"nyc_shootings",100,"development","train"
"2009-07-07",1284,2009,5,"development",365,"Distinct incident_key per occurrence date.",1284,"nyc_shootings",100,"development","train"
"2009-07-08",1285,2009,4,"development",365,"Distinct incident_key per occurrence date.",1285,"nyc_shootings",100,"development","train"
"2009-07-09",1286,2009,1,"development",365,"Distinct incident_key per occurrence date.",1286,"nyc_shootings",100,"development","train"
"2009-07-10",1287,2009,7,"development",365,"Distinct incident_key per occurrence date.",1287,"nyc_shootings",100,"development","train"
"2009-07-11",1288,2009,9,"development",365,"Distinct incident_key per occurrence date.",1288,"nyc_shootings",100,"development","train"
"2009-07-12",1289,2009,11,"development",365,"Distinct incident_key per occurrence date.",1289,"nyc_shootings",100,"development","train"
"2009-07-13",1290,2009,3,"development",365,"Distinct incident_key per occurrence date.",1290,"nyc_shootings",100,"development","train"
"2009-07-14",1291,2009,3,"development",365,"Distinct incident_key per occurrence date.",1291,"nyc_shootings",100,"development","train"
"2009-07-15",1292,2009,1,"development",365,"Distinct incident_key per occurrence date.",1292,"nyc_shootings",100,"development","train"
"2009-07-16",1293,2009,4,"development",365,"Distinct incident_key per occurrence date.",1293,"nyc_shootings",100,"development","train"
"2009-07-17",1294,2009,5,"development",365,"Distinct incident_key per occurrence date.",1294,"nyc_shootings",100,"development","train"
"2009-07-18",1295,2009,8,"development",365,"Distinct incident_key per occurrence date.",1295,"nyc_shootings",100,"development","train"
"2009-07-19",1296,2009,14,"development",365,"Distinct incident_key per occurrence date.",1296,"nyc_shootings",100,"development","train"
"2009-07-20",1297,2009,5,"development",365,"Distinct incident_key per occurrence date.",1297,"nyc_shootings",100,"development","train"
"2009-07-21",1298,2009,5,"development",365,"Distinct incident_key per occurrence date.",1298,"nyc_shootings",100,"development","train"
"2009-07-22",1299,2009,3,"development",365,"Distinct incident_key per occurrence date.",1299,"nyc_shootings",100,"development","train"
"2009-07-23",1300,2009,5,"development",365,"Distinct incident_key per occurrence date.",1300,"nyc_shootings",100,"development","train"
"2009-07-24",1301,2009,4,"development",365,"Distinct incident_key per occurrence date.",1301,"nyc_shootings",100,"development","train"
"2009-07-25",1302,2009,8,"development",365,"Distinct incident_key per occurrence date.",1302,"nyc_shootings",100,"development","train"
"2009-07-26",1303,2009,7,"development",365,"Distinct incident_key per occurrence date.",1303,"nyc_shootings",100,"development","train"
"2009-07-27",1304,2009,3,"development",365,"Distinct incident_key per occurrence date.",1304,"nyc_shootings",100,"development","train"
"2009-07-28",1305,2009,5,"development",365,"Distinct incident_key per occurrence date.",1305,"nyc_shootings",100,"development","train"
"2009-07-29",1306,2009,5,"development",365,"Distinct incident_key per occurrence date.",1306,"nyc_shootings",100,"development","train"
"2009-07-30",1307,2009,6,"development",365,"Distinct incident_key per occurrence date.",1307,"nyc_shootings",100,"development","train"
"2009-07-31",1308,2009,8,"development",365,"Distinct incident_key per occurrence date.",1308,"nyc_shootings",100,"development","train"
"2009-08-01",1309,2009,9,"development",365,"Distinct incident_key per occurrence date.",1309,"nyc_shootings",100,"development","train"
"2009-08-02",1310,2009,12,"development",365,"Distinct incident_key per occurrence date.",1310,"nyc_shootings",100,"development","train"
"2009-08-03",1311,2009,2,"development",365,"Distinct incident_key per occurrence date.",1311,"nyc_shootings",100,"development","train"
"2009-08-04",1312,2009,4,"development",365,"Distinct incident_key per occurrence date.",1312,"nyc_shootings",100,"development","train"
"2009-08-05",1313,2009,4,"development",365,"Distinct incident_key per occurrence date.",1313,"nyc_shootings",100,"development","train"
"2009-08-06",1314,2009,2,"development",365,"Distinct incident_key per occurrence date.",1314,"nyc_shootings",100,"development","train"
"2009-08-07",1315,2009,12,"development",365,"Distinct incident_key per occurrence date.",1315,"nyc_shootings",100,"development","train"
"2009-08-08",1316,2009,7,"development",365,"Distinct incident_key per occurrence date.",1316,"nyc_shootings",100,"development","train"
"2009-08-09",1317,2009,11,"development",365,"Distinct incident_key per occurrence date.",1317,"nyc_shootings",100,"development","train"
"2009-08-10",1318,2009,4,"development",365,"Distinct incident_key per occurrence date.",1318,"nyc_shootings",100,"development","train"
"2009-08-11",1319,2009,2,"development",365,"Distinct incident_key per occurrence date.",1319,"nyc_shootings",100,"development","train"
"2009-08-12",1320,2009,4,"development",365,"Distinct incident_key per occurrence date.",1320,"nyc_shootings",100,"development","train"
"2009-08-13",1321,2009,3,"development",365,"Distinct incident_key per occurrence date.",1321,"nyc_shootings",100,"development","train"
"2009-08-14",1322,2009,4,"development",365,"Distinct incident_key per occurrence date.",1322,"nyc_shootings",100,"development","train"
"2009-08-15",1323,2009,11,"development",365,"Distinct incident_key per occurrence date.",1323,"nyc_shootings",100,"development","train"
"2009-08-16",1324,2009,10,"development",365,"Distinct incident_key per occurrence date.",1324,"nyc_shootings",100,"development","train"
"2009-08-17",1325,2009,3,"development",365,"Distinct incident_key per occurrence date.",1325,"nyc_shootings",100,"development","train"
"2009-08-18",1326,2009,6,"development",365,"Distinct incident_key per occurrence date.",1326,"nyc_shootings",100,"development","train"
"2009-08-19",1327,2009,5,"development",365,"Distinct incident_key per occurrence date.",1327,"nyc_shootings",100,"development","train"
"2009-08-20",1328,2009,4,"development",365,"Distinct incident_key per occurrence date.",1328,"nyc_shootings",100,"development","train"
"2009-08-21",1329,2009,3,"development",365,"Distinct incident_key per occurrence date.",1329,"nyc_shootings",100,"development","train"
"2009-08-22",1330,2009,7,"development",365,"Distinct incident_key per occurrence date.",1330,"nyc_shootings",100,"development","train"
"2009-08-23",1331,2009,12,"development",365,"Distinct incident_key per occurrence date.",1331,"nyc_shootings",100,"development","train"
"2009-08-24",1332,2009,5,"development",365,"Distinct incident_key per occurrence date.",1332,"nyc_shootings",100,"development","train"
"2009-08-25",1333,2009,3,"development",365,"Distinct incident_key per occurrence date.",1333,"nyc_shootings",100,"development","train"
"2009-08-26",1334,2009,1,"development",365,"Distinct incident_key per occurrence date.",1334,"nyc_shootings",100,"development","train"
"2009-08-27",1335,2009,4,"development",365,"Distinct incident_key per occurrence date.",1335,"nyc_shootings",100,"development","train"
"2009-08-28",1336,2009,2,"development",365,"Distinct incident_key per occurrence date.",1336,"nyc_shootings",100,"development","train"
"2009-08-29",1337,2009,3,"development",365,"Distinct incident_key per occurrence date.",1337,"nyc_shootings",100,"development","train"
"2009-08-30",1338,2009,6,"development",365,"Distinct incident_key per occurrence date.",1338,"nyc_shootings",100,"development","train"
"2009-08-31",1339,2009,5,"development",365,"Distinct incident_key per occurrence date.",1339,"nyc_shootings",100,"development","train"
"2009-09-01",1340,2009,2,"development",365,"Distinct incident_key per occurrence date.",1340,"nyc_shootings",100,"development","train"
"2009-09-02",1341,2009,1,"development",365,"Distinct incident_key per occurrence date.",1341,"nyc_shootings",100,"development","train"
"2009-09-03",1342,2009,3,"development",365,"Distinct incident_key per occurrence date.",1342,"nyc_shootings",100,"development","train"
"2009-09-04",1343,2009,1,"development",365,"Distinct incident_key per occurrence date.",1343,"nyc_shootings",100,"development","train"
"2009-09-05",1344,2009,8,"development",365,"Distinct incident_key per occurrence date.",1344,"nyc_shootings",100,"development","train"
"2009-09-06",1345,2009,6,"development",365,"Distinct incident_key per occurrence date.",1345,"nyc_shootings",100,"development","train"
"2009-09-07",1346,2009,7,"development",365,"Distinct incident_key per occurrence date.",1346,"nyc_shootings",100,"development","train"
"2009-09-08",1347,2009,1,"development",365,"Distinct incident_key per occurrence date.",1347,"nyc_shootings",100,"development","train"
"2009-09-09",1348,2009,4,"development",365,"Distinct incident_key per occurrence date.",1348,"nyc_shootings",100,"development","train"
"2009-09-10",1349,2009,2,"development",365,"Distinct incident_key per occurrence date.",1349,"nyc_shootings",100,"development","train"
"2009-09-11",1350,2009,3,"development",365,"Distinct incident_key per occurrence date.",1350,"nyc_shootings",100,"development","train"
"2009-09-12",1351,2009,3,"development",365,"Distinct incident_key per occurrence date.",1351,"nyc_shootings",100,"development","train"
"2009-09-13",1352,2009,2,"development",365,"Distinct incident_key per occurrence date.",1352,"nyc_shootings",100,"development","train"
"2009-09-14",1353,2009,3,"development",365,"Distinct incident_key per occurrence date.",1353,"nyc_shootings",100,"development","train"
"2009-09-15",1354,2009,2,"development",365,"Distinct incident_key per occurrence date.",1354,"nyc_shootings",100,"development","train"
"2009-09-16",1355,2009,6,"development",365,"Distinct incident_key per occurrence date.",1355,"nyc_shootings",100,"development","train"
"2009-09-17",1356,2009,0,"development",365,"Distinct incident_key per occurrence date.",1356,"nyc_shootings",100,"development","train"
"2009-09-18",1357,2009,2,"development",365,"Distinct incident_key per occurrence date.",1357,"nyc_shootings",100,"development","train"
"2009-09-19",1358,2009,3,"development",365,"Distinct incident_key per occurrence date.",1358,"nyc_shootings",100,"development","train"
"2009-09-20",1359,2009,10,"development",365,"Distinct incident_key per occurrence date.",1359,"nyc_shootings",100,"development","train"
"2009-09-21",1360,2009,7,"development",365,"Distinct incident_key per occurrence date.",1360,"nyc_shootings",100,"development","train"
"2009-09-22",1361,2009,4,"development",365,"Distinct incident_key per occurrence date.",1361,"nyc_shootings",100,"development","train"
"2009-09-23",1362,2009,3,"development",365,"Distinct incident_key per occurrence date.",1362,"nyc_shootings",100,"development","train"
"2009-09-24",1363,2009,5,"development",365,"Distinct incident_key per occurrence date.",1363,"nyc_shootings",100,"development","train"
"2009-09-25",1364,2009,3,"development",365,"Distinct incident_key per occurrence date.",1364,"nyc_shootings",100,"development","train"
"2009-09-26",1365,2009,10,"development",365,"Distinct incident_key per occurrence date.",1365,"nyc_shootings",100,"development","train"
"2009-09-27",1366,2009,6,"development",365,"Distinct incident_key per occurrence date.",1366,"nyc_shootings",100,"development","train"
"2009-09-28",1367,2009,5,"development",365,"Distinct incident_key per occurrence date.",1367,"nyc_shootings",100,"development","train"
"2009-09-29",1368,2009,2,"development",365,"Distinct incident_key per occurrence date.",1368,"nyc_shootings",100,"development","train"
"2009-09-30",1369,2009,2,"development",365,"Distinct incident_key per occurrence date.",1369,"nyc_shootings",100,"development","train"
"2009-10-01",1370,2009,3,"development",365,"Distinct incident_key per occurrence date.",1370,"nyc_shootings",100,"development","train"
"2009-10-02",1371,2009,5,"development",365,"Distinct incident_key per occurrence date.",1371,"nyc_shootings",100,"development","train"
"2009-10-03",1372,2009,1,"development",365,"Distinct incident_key per occurrence date.",1372,"nyc_shootings",100,"development","train"
"2009-10-04",1373,2009,2,"development",365,"Distinct incident_key per occurrence date.",1373,"nyc_shootings",100,"development","train"
"2009-10-05",1374,2009,7,"development",365,"Distinct incident_key per occurrence date.",1374,"nyc_shootings",100,"development","train"
"2009-10-06",1375,2009,2,"development",365,"Distinct incident_key per occurrence date.",1375,"nyc_shootings",100,"development","train"
"2009-10-07",1376,2009,0,"development",365,"Distinct incident_key per occurrence date.",1376,"nyc_shootings",100,"development","train"
"2009-10-08",1377,2009,4,"development",365,"Distinct incident_key per occurrence date.",1377,"nyc_shootings",100,"development","train"
"2009-10-09",1378,2009,7,"development",365,"Distinct incident_key per occurrence date.",1378,"nyc_shootings",100,"development","train"
"2009-10-10",1379,2009,4,"development",365,"Distinct incident_key per occurrence date.",1379,"nyc_shootings",100,"development","train"
"2009-10-11",1380,2009,4,"development",365,"Distinct incident_key per occurrence date.",1380,"nyc_shootings",100,"development","train"
"2009-10-12",1381,2009,6,"development",365,"Distinct incident_key per occurrence date.",1381,"nyc_shootings",100,"development","train"
"2009-10-13",1382,2009,2,"development",365,"Distinct incident_key per occurrence date.",1382,"nyc_shootings",100,"development","train"
"2009-10-14",1383,2009,2,"development",365,"Distinct incident_key per occurrence date.",1383,"nyc_shootings",100,"development","train"
"2009-10-15",1384,2009,3,"development",365,"Distinct incident_key per occurrence date.",1384,"nyc_shootings",100,"development","train"
"2009-10-16",1385,2009,3,"development",365,"Distinct incident_key per occurrence date.",1385,"nyc_shootings",100,"development","train"
"2009-10-17",1386,2009,6,"development",365,"Distinct incident_key per occurrence date.",1386,"nyc_shootings",100,"development","train"
"2009-10-18",1387,2009,4,"development",365,"Distinct incident_key per occurrence date.",1387,"nyc_shootings",100,"development","train"
"2009-10-19",1388,2009,3,"development",365,"Distinct incident_key per occurrence date.",1388,"nyc_shootings",100,"development","train"
"2009-10-20",1389,2009,6,"development",365,"Distinct incident_key per occurrence date.",1389,"nyc_shootings",100,"development","train"
"2009-10-21",1390,2009,1,"development",365,"Distinct incident_key per occurrence date.",1390,"nyc_shootings",100,"development","train"
"2009-10-22",1391,2009,4,"development",365,"Distinct incident_key per occurrence date.",1391,"nyc_shootings",100,"development","train"
"2009-10-23",1392,2009,2,"development",365,"Distinct incident_key per occurrence date.",1392,"nyc_shootings",100,"development","train"
"2009-10-24",1393,2009,5,"development",365,"Distinct incident_key per occurrence date.",1393,"nyc_shootings",100,"development","train"
"2009-10-25",1394,2009,8,"development",365,"Distinct incident_key per occurrence date.",1394,"nyc_shootings",100,"development","train"
"2009-10-26",1395,2009,2,"development",365,"Distinct incident_key per occurrence date.",1395,"nyc_shootings",100,"development","train"
"2009-10-27",1396,2009,2,"development",365,"Distinct incident_key per occurrence date.",1396,"nyc_shootings",100,"development","train"
"2009-10-28",1397,2009,3,"development",365,"Distinct incident_key per occurrence date.",1397,"nyc_shootings",100,"development","train"
"2009-10-29",1398,2009,2,"development",365,"Distinct incident_key per occurrence date.",1398,"nyc_shootings",100,"development","train"
"2009-10-30",1399,2009,4,"development",365,"Distinct incident_key per occurrence date.",1399,"nyc_shootings",100,"development","train"
"2009-10-31",1400,2009,2,"development",365,"Distinct incident_key per occurrence date.",1400,"nyc_shootings",100,"development","train"
"2009-11-01",1401,2009,9,"development",365,"Distinct incident_key per occurrence date.",1401,"nyc_shootings",100,"development","train"
"2009-11-02",1402,2009,3,"development",365,"Distinct incident_key per occurrence date.",1402,"nyc_shootings",100,"development","train"
"2009-11-03",1403,2009,4,"development",365,"Distinct incident_key per occurrence date.",1403,"nyc_shootings",100,"development","train"
"2009-11-04",1404,2009,2,"development",365,"Distinct incident_key per occurrence date.",1404,"nyc_shootings",100,"development","train"
"2009-11-05",1405,2009,2,"development",365,"Distinct incident_key per occurrence date.",1405,"nyc_shootings",100,"development","train"
"2009-11-06",1406,2009,0,"development",365,"Distinct incident_key per occurrence date.",1406,"nyc_shootings",100,"development","train"
"2009-11-07",1407,2009,7,"development",365,"Distinct incident_key per occurrence date.",1407,"nyc_shootings",100,"development","train"
"2009-11-08",1408,2009,4,"development",365,"Distinct incident_key per occurrence date.",1408,"nyc_shootings",100,"development","train"
"2009-11-09",1409,2009,3,"development",365,"Distinct incident_key per occurrence date.",1409,"nyc_shootings",100,"development","train"
"2009-11-10",1410,2009,4,"development",365,"Distinct incident_key per occurrence date.",1410,"nyc_shootings",100,"development","train"
"2009-11-11",1411,2009,2,"development",365,"Distinct incident_key per occurrence date.",1411,"nyc_shootings",100,"development","train"
"2009-11-12",1412,2009,1,"development",365,"Distinct incident_key per occurrence date.",1412,"nyc_shootings",100,"development","train"
"2009-11-13",1413,2009,3,"development",365,"Distinct incident_key per occurrence date.",1413,"nyc_shootings",100,"development","train"
"2009-11-14",1414,2009,8,"development",365,"Distinct incident_key per occurrence date.",1414,"nyc_shootings",100,"development","train"
"2009-11-15",1415,2009,7,"development",365,"Distinct incident_key per occurrence date.",1415,"nyc_shootings",100,"development","train"
"2009-11-16",1416,2009,5,"development",365,"Distinct incident_key per occurrence date.",1416,"nyc_shootings",100,"development","train"
"2009-11-17",1417,2009,5,"development",365,"Distinct incident_key per occurrence date.",1417,"nyc_shootings",100,"development","train"
"2009-11-18",1418,2009,2,"development",365,"Distinct incident_key per occurrence date.",1418,"nyc_shootings",100,"development","train"
"2009-11-19",1419,2009,2,"development",365,"Distinct incident_key per occurrence date.",1419,"nyc_shootings",100,"development","train"
"2009-11-20",1420,2009,4,"development",365,"Distinct incident_key per occurrence date.",1420,"nyc_shootings",100,"development","train"
"2009-11-21",1421,2009,3,"development",365,"Distinct incident_key per occurrence date.",1421,"nyc_shootings",100,"development","train"
"2009-11-22",1422,2009,5,"development",365,"Distinct incident_key per occurrence date.",1422,"nyc_shootings",100,"development","train"
"2009-11-23",1423,2009,4,"development",365,"Distinct incident_key per occurrence date.",1423,"nyc_shootings",100,"development","train"
"2009-11-24",1424,2009,3,"development",365,"Distinct incident_key per occurrence date.",1424,"nyc_shootings",100,"development","train"
"2009-11-25",1425,2009,4,"development",365,"Distinct incident_key per occurrence date.",1425,"nyc_shootings",100,"development","train"
"2009-11-26",1426,2009,5,"development",365,"Distinct incident_key per occurrence date.",1426,"nyc_shootings",100,"development","train"
"2009-11-27",1427,2009,7,"development",365,"Distinct incident_key per occurrence date.",1427,"nyc_shootings",100,"development","train"
"2009-11-28",1428,2009,5,"development",365,"Distinct incident_key per occurrence date.",1428,"nyc_shootings",100,"development","train"
"2009-11-29",1429,2009,7,"development",365,"Distinct incident_key per occurrence date.",1429,"nyc_shootings",100,"development","train"
"2009-11-30",1430,2009,2,"development",365,"Distinct incident_key per occurrence date.",1430,"nyc_shootings",100,"development","train"
"2009-12-01",1431,2009,3,"development",365,"Distinct incident_key per occurrence date.",1431,"nyc_shootings",100,"development","train"
"2009-12-02",1432,2009,3,"development",365,"Distinct incident_key per occurrence date.",1432,"nyc_shootings",100,"development","train"
"2009-12-03",1433,2009,0,"development",365,"Distinct incident_key per occurrence date.",1433,"nyc_shootings",100,"development","train"
"2009-12-04",1434,2009,1,"development",365,"Distinct incident_key per occurrence date.",1434,"nyc_shootings",100,"development","train"
"2009-12-05",1435,2009,4,"development",365,"Distinct incident_key per occurrence date.",1435,"nyc_shootings",100,"development","train"
"2009-12-06",1436,2009,4,"development",365,"Distinct incident_key per occurrence date.",1436,"nyc_shootings",100,"development","train"
"2009-12-07",1437,2009,6,"development",365,"Distinct incident_key per occurrence date.",1437,"nyc_shootings",100,"development","train"
"2009-12-08",1438,2009,1,"development",365,"Distinct incident_key per occurrence date.",1438,"nyc_shootings",100,"development","train"
"2009-12-09",1439,2009,3,"development",365,"Distinct incident_key per occurrence date.",1439,"nyc_shootings",100,"development","train"
"2009-12-10",1440,2009,2,"development",365,"Distinct incident_key per occurrence date.",1440,"nyc_shootings",100,"development","train"
"2009-12-11",1441,2009,2,"development",365,"Distinct incident_key per occurrence date.",1441,"nyc_shootings",100,"development","train"
"2009-12-12",1442,2009,3,"development",365,"Distinct incident_key per occurrence date.",1442,"nyc_shootings",100,"development","train"
"2009-12-13",1443,2009,4,"development",365,"Distinct incident_key per occurrence date.",1443,"nyc_shootings",100,"development","train"
"2009-12-14",1444,2009,0,"development",365,"Distinct incident_key per occurrence date.",1444,"nyc_shootings",100,"development","train"
"2009-12-15",1445,2009,2,"development",365,"Distinct incident_key per occurrence date.",1445,"nyc_shootings",100,"development","train"
"2009-12-16",1446,2009,1,"development",365,"Distinct incident_key per occurrence date.",1446,"nyc_shootings",100,"development","train"
"2009-12-17",1447,2009,4,"development",365,"Distinct incident_key per occurrence date.",1447,"nyc_shootings",100,"development","train"
"2009-12-18",1448,2009,5,"development",365,"Distinct incident_key per occurrence date.",1448,"nyc_shootings",100,"development","train"
"2009-12-19",1449,2009,4,"development",365,"Distinct incident_key per occurrence date.",1449,"nyc_shootings",100,"development","train"
"2009-12-20",1450,2009,3,"development",365,"Distinct incident_key per occurrence date.",1450,"nyc_shootings",100,"development","train"
"2009-12-21",1451,2009,4,"development",365,"Distinct incident_key per occurrence date.",1451,"nyc_shootings",100,"development","train"
"2009-12-22",1452,2009,4,"development",365,"Distinct incident_key per occurrence date.",1452,"nyc_shootings",100,"development","train"
"2009-12-23",1453,2009,1,"development",365,"Distinct incident_key per occurrence date.",1453,"nyc_shootings",100,"development","train"
"2009-12-24",1454,2009,3,"development",365,"Distinct incident_key per occurrence date.",1454,"nyc_shootings",100,"development","train"
"2009-12-25",1455,2009,7,"development",365,"Distinct incident_key per occurrence date.",1455,"nyc_shootings",100,"development","train"
"2009-12-26",1456,2009,6,"development",365,"Distinct incident_key per occurrence date.",1456,"nyc_shootings",100,"development","train"
"2009-12-27",1457,2009,5,"development",365,"Distinct incident_key per occurrence date.",1457,"nyc_shootings",100,"development","train"
"2009-12-28",1458,2009,3,"development",365,"Distinct incident_key per occurrence date.",1458,"nyc_shootings",100,"development","train"
"2009-12-29",1459,2009,3,"development",365,"Distinct incident_key per occurrence date.",1459,"nyc_shootings",100,"development","train"
"2009-12-30",1460,2009,1,"development",365,"Distinct incident_key per occurrence date.",1460,"nyc_shootings",100,"development","train"
"2009-12-31",1461,2009,5,"development",365,"Distinct incident_key per occurrence date.",1461,"nyc_shootings",100,"development","train"
"2010-01-01",1462,2010,8,"development",365,"Distinct incident_key per occurrence date.",1462,"nyc_shootings",100,"development","train"
"2010-01-02",1463,2010,2,"development",365,"Distinct incident_key per occurrence date.",1463,"nyc_shootings",100,"development","train"
"2010-01-03",1464,2010,2,"development",365,"Distinct incident_key per occurrence date.",1464,"nyc_shootings",100,"development","train"
"2010-01-04",1465,2010,1,"development",365,"Distinct incident_key per occurrence date.",1465,"nyc_shootings",100,"development","train"
"2010-01-05",1466,2010,1,"development",365,"Distinct incident_key per occurrence date.",1466,"nyc_shootings",100,"development","train"
"2010-01-06",1467,2010,1,"development",365,"Distinct incident_key per occurrence date.",1467,"nyc_shootings",100,"development","train"
"2010-01-07",1468,2010,1,"development",365,"Distinct incident_key per occurrence date.",1468,"nyc_shootings",100,"development","train"
"2010-01-08",1469,2010,3,"development",365,"Distinct incident_key per occurrence date.",1469,"nyc_shootings",100,"development","train"
"2010-01-09",1470,2010,4,"development",365,"Distinct incident_key per occurrence date.",1470,"nyc_shootings",100,"development","train"
"2010-01-10",1471,2010,3,"development",365,"Distinct incident_key per occurrence date.",1471,"nyc_shootings",100,"development","train"
"2010-01-11",1472,2010,2,"development",365,"Distinct incident_key per occurrence date.",1472,"nyc_shootings",100,"development","train"
"2010-01-12",1473,2010,0,"development",365,"Distinct incident_key per occurrence date.",1473,"nyc_shootings",100,"development","train"
"2010-01-13",1474,2010,1,"development",365,"Distinct incident_key per occurrence date.",1474,"nyc_shootings",100,"development","train"
"2010-01-14",1475,2010,3,"development",365,"Distinct incident_key per occurrence date.",1475,"nyc_shootings",100,"development","train"
"2010-01-15",1476,2010,5,"development",365,"Distinct incident_key per occurrence date.",1476,"nyc_shootings",100,"development","train"
"2010-01-16",1477,2010,2,"development",365,"Distinct incident_key per occurrence date.",1477,"nyc_shootings",100,"development","train"
"2010-01-17",1478,2010,3,"development",365,"Distinct incident_key per occurrence date.",1478,"nyc_shootings",100,"development","train"
"2010-01-18",1479,2010,6,"development",365,"Distinct incident_key per occurrence date.",1479,"nyc_shootings",100,"development","train"
"2010-01-19",1480,2010,1,"development",365,"Distinct incident_key per occurrence date.",1480,"nyc_shootings",100,"development","train"
"2010-01-20",1481,2010,2,"development",365,"Distinct incident_key per occurrence date.",1481,"nyc_shootings",100,"development","train"
"2010-01-21",1482,2010,1,"development",365,"Distinct incident_key per occurrence date.",1482,"nyc_shootings",100,"development","train"
"2010-01-22",1483,2010,5,"development",365,"Distinct incident_key per occurrence date.",1483,"nyc_shootings",100,"development","train"
"2010-01-23",1484,2010,6,"development",365,"Distinct incident_key per occurrence date.",1484,"nyc_shootings",100,"development","train"
"2010-01-24",1485,2010,6,"development",365,"Distinct incident_key per occurrence date.",1485,"nyc_shootings",100,"development","train"
"2010-01-25",1486,2010,3,"development",365,"Distinct incident_key per occurrence date.",1486,"nyc_shootings",100,"development","train"
"2010-01-26",1487,2010,0,"development",365,"Distinct incident_key per occurrence date.",1487,"nyc_shootings",100,"development","train"
"2010-01-27",1488,2010,1,"development",365,"Distinct incident_key per occurrence date.",1488,"nyc_shootings",100,"development","train"
"2010-01-28",1489,2010,1,"development",365,"Distinct incident_key per occurrence date.",1489,"nyc_shootings",100,"development","train"
"2010-01-29",1490,2010,3,"development",365,"Distinct incident_key per occurrence date.",1490,"nyc_shootings",100,"development","train"
"2010-01-30",1491,2010,5,"development",365,"Distinct incident_key per occurrence date.",1491,"nyc_shootings",100,"development","train"
"2010-01-31",1492,2010,4,"development",365,"Distinct incident_key per occurrence date.",1492,"nyc_shootings",100,"development","train"
"2010-02-01",1493,2010,6,"development",365,"Distinct incident_key per occurrence date.",1493,"nyc_shootings",100,"development","train"
"2010-02-02",1494,2010,1,"development",365,"Distinct incident_key per occurrence date.",1494,"nyc_shootings",100,"development","train"
"2010-02-03",1495,2010,0,"development",365,"Distinct incident_key per occurrence date.",1495,"nyc_shootings",100,"development","train"
"2010-02-04",1496,2010,3,"development",365,"Distinct incident_key per occurrence date.",1496,"nyc_shootings",100,"development","train"
"2010-02-05",1497,2010,2,"development",365,"Distinct incident_key per occurrence date.",1497,"nyc_shootings",100,"development","train"
"2010-02-06",1498,2010,4,"development",365,"Distinct incident_key per occurrence date.",1498,"nyc_shootings",100,"development","train"
"2010-02-07",1499,2010,3,"development",365,"Distinct incident_key per occurrence date.",1499,"nyc_shootings",100,"development","train"
"2010-02-08",1500,2010,6,"development",365,"Distinct incident_key per occurrence date.",1500,"nyc_shootings",100,"development","train"
"2010-02-09",1501,2010,2,"development",365,"Distinct incident_key per occurrence date.",1501,"nyc_shootings",100,"development","train"
"2010-02-10",1502,2010,0,"development",365,"Distinct incident_key per occurrence date.",1502,"nyc_shootings",100,"development","train"
"2010-02-11",1503,2010,3,"development",365,"Distinct incident_key per occurrence date.",1503,"nyc_shootings",100,"development","train"
"2010-02-12",1504,2010,7,"development",365,"Distinct incident_key per occurrence date.",1504,"nyc_shootings",100,"development","train"
"2010-02-13",1505,2010,1,"development",365,"Distinct incident_key per occurrence date.",1505,"nyc_shootings",100,"development","train"
"2010-02-14",1506,2010,5,"development",365,"Distinct incident_key per occurrence date.",1506,"nyc_shootings",100,"development","train"
"2010-02-15",1507,2010,1,"development",365,"Distinct incident_key per occurrence date.",1507,"nyc_shootings",100,"development","train"
"2010-02-16",1508,2010,5,"development",365,"Distinct incident_key per occurrence date.",1508,"nyc_shootings",100,"development","train"
"2010-02-17",1509,2010,1,"development",365,"Distinct incident_key per occurrence date.",1509,"nyc_shootings",100,"development","train"
"2010-02-18",1510,2010,0,"development",365,"Distinct incident_key per occurrence date.",1510,"nyc_shootings",100,"development","train"
"2010-02-19",1511,2010,3,"development",365,"Distinct incident_key per occurrence date.",1511,"nyc_shootings",100,"development","train"
"2010-02-20",1512,2010,4,"development",365,"Distinct incident_key per occurrence date.",1512,"nyc_shootings",100,"development","train"
"2010-02-21",1513,2010,5,"development",365,"Distinct incident_key per occurrence date.",1513,"nyc_shootings",100,"development","train"
"2010-02-22",1514,2010,6,"development",365,"Distinct incident_key per occurrence date.",1514,"nyc_shootings",100,"development","train"
"2010-02-23",1515,2010,1,"development",365,"Distinct incident_key per occurrence date.",1515,"nyc_shootings",100,"development","train"
"2010-02-24",1516,2010,1,"development",365,"Distinct incident_key per occurrence date.",1516,"nyc_shootings",100,"development","train"
"2010-02-25",1517,2010,0,"development",365,"Distinct incident_key per occurrence date.",1517,"nyc_shootings",100,"development","train"
"2010-02-26",1518,2010,5,"development",365,"Distinct incident_key per occurrence date.",1518,"nyc_shootings",100,"development","train"
"2010-02-27",1519,2010,4,"development",365,"Distinct incident_key per occurrence date.",1519,"nyc_shootings",100,"development","train"
"2010-02-28",1520,2010,4,"development",365,"Distinct incident_key per occurrence date.",1520,"nyc_shootings",100,"development","train"
"2010-03-01",1521,2010,1,"development",365,"Distinct incident_key per occurrence date.",1521,"nyc_shootings",100,"development","train"
"2010-03-02",1522,2010,0,"development",365,"Distinct incident_key per occurrence date.",1522,"nyc_shootings",100,"development","train"
"2010-03-03",1523,2010,1,"development",365,"Distinct incident_key per occurrence date.",1523,"nyc_shootings",100,"development","train"
"2010-03-04",1524,2010,2,"development",365,"Distinct incident_key per occurrence date.",1524,"nyc_shootings",100,"development","train"
"2010-03-05",1525,2010,3,"development",365,"Distinct incident_key per occurrence date.",1525,"nyc_shootings",100,"development","train"
"2010-03-06",1526,2010,5,"development",365,"Distinct incident_key per occurrence date.",1526,"nyc_shootings",100,"development","train"
"2010-03-07",1527,2010,3,"development",365,"Distinct incident_key per occurrence date.",1527,"nyc_shootings",100,"development","train"
"2010-03-08",1528,2010,2,"development",365,"Distinct incident_key per occurrence date.",1528,"nyc_shootings",100,"development","train"
"2010-03-09",1529,2010,2,"development",365,"Distinct incident_key per occurrence date.",1529,"nyc_shootings",100,"development","train"
"2010-03-10",1530,2010,2,"development",365,"Distinct incident_key per occurrence date.",1530,"nyc_shootings",100,"development","train"
"2010-03-11",1531,2010,5,"development",365,"Distinct incident_key per occurrence date.",1531,"nyc_shootings",100,"development","train"
"2010-03-12",1532,2010,2,"development",365,"Distinct incident_key per occurrence date.",1532,"nyc_shootings",100,"development","train"
"2010-03-13",1533,2010,5,"development",365,"Distinct incident_key per occurrence date.",1533,"nyc_shootings",100,"development","train"
"2010-03-14",1534,2010,4,"development",365,"Distinct incident_key per occurrence date.",1534,"nyc_shootings",100,"development","train"
"2010-03-15",1535,2010,4,"development",365,"Distinct incident_key per occurrence date.",1535,"nyc_shootings",100,"development","train"
"2010-03-16",1536,2010,4,"development",365,"Distinct incident_key per occurrence date.",1536,"nyc_shootings",100,"development","train"
"2010-03-17",1537,2010,6,"development",365,"Distinct incident_key per occurrence date.",1537,"nyc_shootings",100,"development","train"
"2010-03-18",1538,2010,9,"development",365,"Distinct incident_key per occurrence date.",1538,"nyc_shootings",100,"development","train"
"2010-03-19",1539,2010,6,"development",365,"Distinct incident_key per occurrence date.",1539,"nyc_shootings",100,"development","train"
"2010-03-20",1540,2010,8,"development",365,"Distinct incident_key per occurrence date.",1540,"nyc_shootings",100,"development","train"
"2010-03-21",1541,2010,3,"development",365,"Distinct incident_key per occurrence date.",1541,"nyc_shootings",100,"development","train"
"2010-03-22",1542,2010,4,"development",365,"Distinct incident_key per occurrence date.",1542,"nyc_shootings",100,"development","train"
"2010-03-23",1543,2010,2,"development",365,"Distinct incident_key per occurrence date.",1543,"nyc_shootings",100,"development","train"
"2010-03-24",1544,2010,0,"development",365,"Distinct incident_key per occurrence date.",1544,"nyc_shootings",100,"development","train"
"2010-03-25",1545,2010,3,"development",365,"Distinct incident_key per occurrence date.",1545,"nyc_shootings",100,"development","train"
"2010-03-26",1546,2010,3,"development",365,"Distinct incident_key per occurrence date.",1546,"nyc_shootings",100,"development","train"
"2010-03-27",1547,2010,5,"development",365,"Distinct incident_key per occurrence date.",1547,"nyc_shootings",100,"development","train"
"2010-03-28",1548,2010,4,"development",365,"Distinct incident_key per occurrence date.",1548,"nyc_shootings",100,"development","train"
"2010-03-29",1549,2010,2,"development",365,"Distinct incident_key per occurrence date.",1549,"nyc_shootings",100,"development","train"
"2010-03-30",1550,2010,2,"development",365,"Distinct incident_key per occurrence date.",1550,"nyc_shootings",100,"development","train"
"2010-03-31",1551,2010,4,"development",365,"Distinct incident_key per occurrence date.",1551,"nyc_shootings",100,"development","train"
"2010-04-01",1552,2010,2,"development",365,"Distinct incident_key per occurrence date.",1552,"nyc_shootings",100,"development","train"
"2010-04-02",1553,2010,3,"development",365,"Distinct incident_key per occurrence date.",1553,"nyc_shootings",100,"development","train"
"2010-04-03",1554,2010,5,"development",365,"Distinct incident_key per occurrence date.",1554,"nyc_shootings",100,"development","train"
"2010-04-04",1555,2010,8,"development",365,"Distinct incident_key per occurrence date.",1555,"nyc_shootings",100,"development","train"
"2010-04-05",1556,2010,7,"development",365,"Distinct incident_key per occurrence date.",1556,"nyc_shootings",100,"development","train"
"2010-04-06",1557,2010,7,"development",365,"Distinct incident_key per occurrence date.",1557,"nyc_shootings",100,"development","train"
"2010-04-07",1558,2010,4,"development",365,"Distinct incident_key per occurrence date.",1558,"nyc_shootings",100,"development","train"
"2010-04-08",1559,2010,1,"development",365,"Distinct incident_key per occurrence date.",1559,"nyc_shootings",100,"development","train"
"2010-04-09",1560,2010,5,"development",365,"Distinct incident_key per occurrence date.",1560,"nyc_shootings",100,"development","train"
"2010-04-10",1561,2010,2,"development",365,"Distinct incident_key per occurrence date.",1561,"nyc_shootings",100,"development","train"
"2010-04-11",1562,2010,8,"development",365,"Distinct incident_key per occurrence date.",1562,"nyc_shootings",100,"development","train"
"2010-04-12",1563,2010,7,"development",365,"Distinct incident_key per occurrence date.",1563,"nyc_shootings",100,"development","train"
"2010-04-13",1564,2010,4,"development",365,"Distinct incident_key per occurrence date.",1564,"nyc_shootings",100,"development","train"
"2010-04-14",1565,2010,1,"development",365,"Distinct incident_key per occurrence date.",1565,"nyc_shootings",100,"development","train"
"2010-04-15",1566,2010,5,"development",365,"Distinct incident_key per occurrence date.",1566,"nyc_shootings",100,"development","train"
"2010-04-16",1567,2010,4,"development",365,"Distinct incident_key per occurrence date.",1567,"nyc_shootings",100,"development","train"
"2010-04-17",1568,2010,2,"development",365,"Distinct incident_key per occurrence date.",1568,"nyc_shootings",100,"development","train"
"2010-04-18",1569,2010,4,"development",365,"Distinct incident_key per occurrence date.",1569,"nyc_shootings",100,"development","train"
"2010-04-19",1570,2010,4,"development",365,"Distinct incident_key per occurrence date.",1570,"nyc_shootings",100,"development","train"
"2010-04-20",1571,2010,1,"development",365,"Distinct incident_key per occurrence date.",1571,"nyc_shootings",100,"development","train"
"2010-04-21",1572,2010,4,"development",365,"Distinct incident_key per occurrence date.",1572,"nyc_shootings",100,"development","train"
"2010-04-22",1573,2010,1,"development",365,"Distinct incident_key per occurrence date.",1573,"nyc_shootings",100,"development","train"
"2010-04-23",1574,2010,2,"development",365,"Distinct incident_key per occurrence date.",1574,"nyc_shootings",100,"development","train"
"2010-04-24",1575,2010,5,"development",365,"Distinct incident_key per occurrence date.",1575,"nyc_shootings",100,"development","train"
"2010-04-25",1576,2010,2,"development",365,"Distinct incident_key per occurrence date.",1576,"nyc_shootings",100,"development","train"
"2010-04-26",1577,2010,5,"development",365,"Distinct incident_key per occurrence date.",1577,"nyc_shootings",100,"development","train"
"2010-04-27",1578,2010,1,"development",365,"Distinct incident_key per occurrence date.",1578,"nyc_shootings",100,"development","train"
"2010-04-28",1579,2010,4,"development",365,"Distinct incident_key per occurrence date.",1579,"nyc_shootings",100,"development","train"
"2010-04-29",1580,2010,7,"development",365,"Distinct incident_key per occurrence date.",1580,"nyc_shootings",100,"development","train"
"2010-04-30",1581,2010,5,"development",365,"Distinct incident_key per occurrence date.",1581,"nyc_shootings",100,"development","train"
"2010-05-01",1582,2010,4,"development",365,"Distinct incident_key per occurrence date.",1582,"nyc_shootings",100,"development","train"
"2010-05-02",1583,2010,3,"development",365,"Distinct incident_key per occurrence date.",1583,"nyc_shootings",100,"development","train"
"2010-05-03",1584,2010,3,"development",365,"Distinct incident_key per occurrence date.",1584,"nyc_shootings",100,"development","train"
"2010-05-04",1585,2010,1,"development",365,"Distinct incident_key per occurrence date.",1585,"nyc_shootings",100,"development","train"
"2010-05-05",1586,2010,2,"development",365,"Distinct incident_key per occurrence date.",1586,"nyc_shootings",100,"development","train"
"2010-05-06",1587,2010,4,"development",365,"Distinct incident_key per occurrence date.",1587,"nyc_shootings",100,"development","train"
"2010-05-07",1588,2010,3,"development",365,"Distinct incident_key per occurrence date.",1588,"nyc_shootings",100,"development","train"
"2010-05-08",1589,2010,3,"development",365,"Distinct incident_key per occurrence date.",1589,"nyc_shootings",100,"development","train"
"2010-05-09",1590,2010,3,"development",365,"Distinct incident_key per occurrence date.",1590,"nyc_shootings",100,"development","train"
"2010-05-10",1591,2010,2,"development",365,"Distinct incident_key per occurrence date.",1591,"nyc_shootings",100,"development","train"
"2010-05-11",1592,2010,3,"development",365,"Distinct incident_key per occurrence date.",1592,"nyc_shootings",100,"development","train"
"2010-05-12",1593,2010,2,"development",365,"Distinct incident_key per occurrence date.",1593,"nyc_shootings",100,"development","train"
"2010-05-13",1594,2010,1,"development",365,"Distinct incident_key per occurrence date.",1594,"nyc_shootings",100,"development","train"
"2010-05-14",1595,2010,0,"development",365,"Distinct incident_key per occurrence date.",1595,"nyc_shootings",100,"development","train"
"2010-05-15",1596,2010,11,"development",365,"Distinct incident_key per occurrence date.",1596,"nyc_shootings",100,"development","train"
"2010-05-16",1597,2010,7,"development",365,"Distinct incident_key per occurrence date.",1597,"nyc_shootings",100,"development","train"
"2010-05-17",1598,2010,6,"development",365,"Distinct incident_key per occurrence date.",1598,"nyc_shootings",100,"development","train"
"2010-05-18",1599,2010,2,"development",365,"Distinct incident_key per occurrence date.",1599,"nyc_shootings",100,"development","train"
"2010-05-19",1600,2010,3,"development",365,"Distinct incident_key per occurrence date.",1600,"nyc_shootings",100,"development","train"
"2010-05-20",1601,2010,2,"development",365,"Distinct incident_key per occurrence date.",1601,"nyc_shootings",100,"development","train"
"2010-05-21",1602,2010,4,"development",365,"Distinct incident_key per occurrence date.",1602,"nyc_shootings",100,"development","train"
"2010-05-22",1603,2010,8,"development",365,"Distinct incident_key per occurrence date.",1603,"nyc_shootings",100,"development","train"
"2010-05-23",1604,2010,7,"development",365,"Distinct incident_key per occurrence date.",1604,"nyc_shootings",100,"development","train"
"2010-05-24",1605,2010,1,"development",365,"Distinct incident_key per occurrence date.",1605,"nyc_shootings",100,"development","train"
"2010-05-25",1606,2010,3,"development",365,"Distinct incident_key per occurrence date.",1606,"nyc_shootings",100,"development","train"
"2010-05-26",1607,2010,4,"development",365,"Distinct incident_key per occurrence date.",1607,"nyc_shootings",100,"development","train"
"2010-05-27",1608,2010,5,"development",365,"Distinct incident_key per occurrence date.",1608,"nyc_shootings",100,"development","train"
"2010-05-28",1609,2010,4,"development",365,"Distinct incident_key per occurrence date.",1609,"nyc_shootings",100,"development","train"
"2010-05-29",1610,2010,4,"development",365,"Distinct incident_key per occurrence date.",1610,"nyc_shootings",100,"development","train"
"2010-05-30",1611,2010,6,"development",365,"Distinct incident_key per occurrence date.",1611,"nyc_shootings",100,"development","train"
"2010-05-31",1612,2010,10,"development",365,"Distinct incident_key per occurrence date.",1612,"nyc_shootings",100,"development","train"
"2010-06-01",1613,2010,5,"development",365,"Distinct incident_key per occurrence date.",1613,"nyc_shootings",100,"development","train"
"2010-06-02",1614,2010,2,"development",365,"Distinct incident_key per occurrence date.",1614,"nyc_shootings",100,"development","train"
"2010-06-03",1615,2010,3,"development",365,"Distinct incident_key per occurrence date.",1615,"nyc_shootings",100,"development","train"
"2010-06-04",1616,2010,5,"development",365,"Distinct incident_key per occurrence date.",1616,"nyc_shootings",100,"development","train"
"2010-06-05",1617,2010,6,"development",365,"Distinct incident_key per occurrence date.",1617,"nyc_shootings",100,"development","train"
"2010-06-06",1618,2010,10,"development",365,"Distinct incident_key per occurrence date.",1618,"nyc_shootings",100,"development","train"
"2010-06-07",1619,2010,2,"development",365,"Distinct incident_key per occurrence date.",1619,"nyc_shootings",100,"development","train"
"2010-06-08",1620,2010,3,"development",365,"Distinct incident_key per occurrence date.",1620,"nyc_shootings",100,"development","train"
"2010-06-09",1621,2010,3,"development",365,"Distinct incident_key per occurrence date.",1621,"nyc_shootings",100,"development","train"
"2010-06-10",1622,2010,2,"development",365,"Distinct incident_key per occurrence date.",1622,"nyc_shootings",100,"development","train"
"2010-06-11",1623,2010,2,"development",365,"Distinct incident_key per occurrence date.",1623,"nyc_shootings",100,"development","train"
"2010-06-12",1624,2010,6,"development",365,"Distinct incident_key per occurrence date.",1624,"nyc_shootings",100,"development","train"
"2010-06-13",1625,2010,8,"development",365,"Distinct incident_key per occurrence date.",1625,"nyc_shootings",100,"development","train"
"2010-06-14",1626,2010,5,"development",365,"Distinct incident_key per occurrence date.",1626,"nyc_shootings",100,"development","train"
"2010-06-15",1627,2010,2,"development",365,"Distinct incident_key per occurrence date.",1627,"nyc_shootings",100,"development","train"
"2010-06-16",1628,2010,3,"development",365,"Distinct incident_key per occurrence date.",1628,"nyc_shootings",100,"development","train"
"2010-06-17",1629,2010,2,"development",365,"Distinct incident_key per occurrence date.",1629,"nyc_shootings",100,"development","train"
"2010-06-18",1630,2010,3,"development",365,"Distinct incident_key per occurrence date.",1630,"nyc_shootings",100,"development","train"
"2010-06-19",1631,2010,7,"development",365,"Distinct incident_key per occurrence date.",1631,"nyc_shootings",100,"development","train"
"2010-06-20",1632,2010,15,"development",365,"Distinct incident_key per occurrence date.",1632,"nyc_shootings",100,"development","train"
"2010-06-21",1633,2010,8,"development",365,"Distinct incident_key per occurrence date.",1633,"nyc_shootings",100,"development","train"
"2010-06-22",1634,2010,3,"development",365,"Distinct incident_key per occurrence date.",1634,"nyc_shootings",100,"development","train"
"2010-06-23",1635,2010,1,"development",365,"Distinct incident_key per occurrence date.",1635,"nyc_shootings",100,"development","train"
"2010-06-24",1636,2010,3,"development",365,"Distinct incident_key per occurrence date.",1636,"nyc_shootings",100,"development","train"
"2010-06-25",1637,2010,6,"development",365,"Distinct incident_key per occurrence date.",1637,"nyc_shootings",100,"development","train"
"2010-06-26",1638,2010,10,"development",365,"Distinct incident_key per occurrence date.",1638,"nyc_shootings",100,"development","train"
"2010-06-27",1639,2010,10,"development",365,"Distinct incident_key per occurrence date.",1639,"nyc_shootings",100,"development","train"
"2010-06-28",1640,2010,6,"development",365,"Distinct incident_key per occurrence date.",1640,"nyc_shootings",100,"development","train"
"2010-06-29",1641,2010,6,"development",365,"Distinct incident_key per occurrence date.",1641,"nyc_shootings",100,"development","train"
"2010-06-30",1642,2010,11,"development",365,"Distinct incident_key per occurrence date.",1642,"nyc_shootings",100,"development","train"
"2010-07-01",1643,2010,1,"development",365,"Distinct incident_key per occurrence date.",1643,"nyc_shootings",100,"development","train"
"2010-07-02",1644,2010,7,"development",365,"Distinct incident_key per occurrence date.",1644,"nyc_shootings",100,"development","train"
"2010-07-03",1645,2010,5,"development",365,"Distinct incident_key per occurrence date.",1645,"nyc_shootings",100,"development","train"
"2010-07-04",1646,2010,10,"development",365,"Distinct incident_key per occurrence date.",1646,"nyc_shootings",100,"development","train"
"2010-07-05",1647,2010,10,"development",365,"Distinct incident_key per occurrence date.",1647,"nyc_shootings",100,"development","train"
"2010-07-06",1648,2010,2,"development",365,"Distinct incident_key per occurrence date.",1648,"nyc_shootings",100,"development","train"
"2010-07-07",1649,2010,4,"development",365,"Distinct incident_key per occurrence date.",1649,"nyc_shootings",100,"development","train"
"2010-07-08",1650,2010,7,"development",365,"Distinct incident_key per occurrence date.",1650,"nyc_shootings",100,"development","train"
"2010-07-09",1651,2010,3,"development",365,"Distinct incident_key per occurrence date.",1651,"nyc_shootings",100,"development","train"
"2010-07-10",1652,2010,2,"development",365,"Distinct incident_key per occurrence date.",1652,"nyc_shootings",100,"development","train"
"2010-07-11",1653,2010,8,"development",365,"Distinct incident_key per occurrence date.",1653,"nyc_shootings",100,"development","train"
"2010-07-12",1654,2010,2,"development",365,"Distinct incident_key per occurrence date.",1654,"nyc_shootings",100,"development","train"
"2010-07-13",1655,2010,2,"development",365,"Distinct incident_key per occurrence date.",1655,"nyc_shootings",100,"development","train"
"2010-07-14",1656,2010,5,"development",365,"Distinct incident_key per occurrence date.",1656,"nyc_shootings",100,"development","train"
"2010-07-15",1657,2010,6,"development",365,"Distinct incident_key per occurrence date.",1657,"nyc_shootings",100,"development","train"
"2010-07-16",1658,2010,4,"development",365,"Distinct incident_key per occurrence date.",1658,"nyc_shootings",100,"development","train"
"2010-07-17",1659,2010,7,"development",365,"Distinct incident_key per occurrence date.",1659,"nyc_shootings",100,"development","train"
"2010-07-18",1660,2010,13,"development",365,"Distinct incident_key per occurrence date.",1660,"nyc_shootings",100,"development","train"
"2010-07-19",1661,2010,12,"development",365,"Distinct incident_key per occurrence date.",1661,"nyc_shootings",100,"development","train"
"2010-07-20",1662,2010,4,"development",365,"Distinct incident_key per occurrence date.",1662,"nyc_shootings",100,"development","train"
"2010-07-21",1663,2010,4,"development",365,"Distinct incident_key per occurrence date.",1663,"nyc_shootings",100,"development","train"
"2010-07-22",1664,2010,4,"development",365,"Distinct incident_key per occurrence date.",1664,"nyc_shootings",100,"development","train"
"2010-07-23",1665,2010,5,"development",365,"Distinct incident_key per occurrence date.",1665,"nyc_shootings",100,"development","train"
"2010-07-24",1666,2010,4,"development",365,"Distinct incident_key per occurrence date.",1666,"nyc_shootings",100,"development","train"
"2010-07-25",1667,2010,6,"development",365,"Distinct incident_key per occurrence date.",1667,"nyc_shootings",100,"development","train"
"2010-07-26",1668,2010,5,"development",365,"Distinct incident_key per occurrence date.",1668,"nyc_shootings",100,"development","train"
"2010-07-27",1669,2010,2,"development",365,"Distinct incident_key per occurrence date.",1669,"nyc_shootings",100,"development","train"
"2010-07-28",1670,2010,6,"development",365,"Distinct incident_key per occurrence date.",1670,"nyc_shootings",100,"development","train"
"2010-07-29",1671,2010,4,"development",365,"Distinct incident_key per occurrence date.",1671,"nyc_shootings",100,"development","train"
"2010-07-30",1672,2010,2,"development",365,"Distinct incident_key per occurrence date.",1672,"nyc_shootings",100,"development","train"
"2010-07-31",1673,2010,12,"development",365,"Distinct incident_key per occurrence date.",1673,"nyc_shootings",100,"development","train"
"2010-08-01",1674,2010,11,"development",365,"Distinct incident_key per occurrence date.",1674,"nyc_shootings",100,"development","train"
"2010-08-02",1675,2010,6,"development",365,"Distinct incident_key per occurrence date.",1675,"nyc_shootings",100,"development","train"
"2010-08-03",1676,2010,3,"development",365,"Distinct incident_key per occurrence date.",1676,"nyc_shootings",100,"development","train"
"2010-08-04",1677,2010,3,"development",365,"Distinct incident_key per occurrence date.",1677,"nyc_shootings",100,"development","train"
"2010-08-05",1678,2010,3,"development",365,"Distinct incident_key per occurrence date.",1678,"nyc_shootings",100,"development","train"
"2010-08-06",1679,2010,4,"development",365,"Distinct incident_key per occurrence date.",1679,"nyc_shootings",100,"development","train"
"2010-08-07",1680,2010,14,"development",365,"Distinct incident_key per occurrence date.",1680,"nyc_shootings",100,"development","train"
"2010-08-08",1681,2010,10,"development",365,"Distinct incident_key per occurrence date.",1681,"nyc_shootings",100,"development","train"
"2010-08-09",1682,2010,7,"development",365,"Distinct incident_key per occurrence date.",1682,"nyc_shootings",100,"development","train"
"2010-08-10",1683,2010,7,"development",365,"Distinct incident_key per occurrence date.",1683,"nyc_shootings",100,"development","train"
"2010-08-11",1684,2010,4,"development",365,"Distinct incident_key per occurrence date.",1684,"nyc_shootings",100,"development","train"
"2010-08-12",1685,2010,2,"development",365,"Distinct incident_key per occurrence date.",1685,"nyc_shootings",100,"development","train"
"2010-08-13",1686,2010,2,"development",365,"Distinct incident_key per occurrence date.",1686,"nyc_shootings",100,"development","train"
"2010-08-14",1687,2010,9,"development",365,"Distinct incident_key per occurrence date.",1687,"nyc_shootings",100,"development","train"
"2010-08-15",1688,2010,10,"development",365,"Distinct incident_key per occurrence date.",1688,"nyc_shootings",100,"development","train"
"2010-08-16",1689,2010,4,"development",365,"Distinct incident_key per occurrence date.",1689,"nyc_shootings",100,"development","train"
"2010-08-17",1690,2010,2,"development",365,"Distinct incident_key per occurrence date.",1690,"nyc_shootings",100,"development","train"
"2010-08-18",1691,2010,1,"development",365,"Distinct incident_key per occurrence date.",1691,"nyc_shootings",100,"development","train"
"2010-08-19",1692,2010,4,"development",365,"Distinct incident_key per occurrence date.",1692,"nyc_shootings",100,"development","train"
"2010-08-20",1693,2010,3,"development",365,"Distinct incident_key per occurrence date.",1693,"nyc_shootings",100,"development","train"
"2010-08-21",1694,2010,7,"development",365,"Distinct incident_key per occurrence date.",1694,"nyc_shootings",100,"development","train"
"2010-08-22",1695,2010,9,"development",365,"Distinct incident_key per occurrence date.",1695,"nyc_shootings",100,"development","train"
"2010-08-23",1696,2010,4,"development",365,"Distinct incident_key per occurrence date.",1696,"nyc_shootings",100,"development","train"
"2010-08-24",1697,2010,2,"development",365,"Distinct incident_key per occurrence date.",1697,"nyc_shootings",100,"development","train"
"2010-08-25",1698,2010,4,"development",365,"Distinct incident_key per occurrence date.",1698,"nyc_shootings",100,"development","train"
"2010-08-26",1699,2010,4,"development",365,"Distinct incident_key per occurrence date.",1699,"nyc_shootings",100,"development","train"
"2010-08-27",1700,2010,2,"development",365,"Distinct incident_key per occurrence date.",1700,"nyc_shootings",100,"development","train"
"2010-08-28",1701,2010,6,"development",365,"Distinct incident_key per occurrence date.",1701,"nyc_shootings",100,"development","train"
"2010-08-29",1702,2010,9,"development",365,"Distinct incident_key per occurrence date.",1702,"nyc_shootings",100,"development","train"
"2010-08-30",1703,2010,3,"development",365,"Distinct incident_key per occurrence date.",1703,"nyc_shootings",100,"development","train"
"2010-08-31",1704,2010,4,"development",365,"Distinct incident_key per occurrence date.",1704,"nyc_shootings",100,"development","train"
"2010-09-01",1705,2010,8,"development",365,"Distinct incident_key per occurrence date.",1705,"nyc_shootings",100,"development","train"
"2010-09-02",1706,2010,4,"development",365,"Distinct incident_key per occurrence date.",1706,"nyc_shootings",100,"development","train"
"2010-09-03",1707,2010,10,"development",365,"Distinct incident_key per occurrence date.",1707,"nyc_shootings",100,"development","train"
"2010-09-04",1708,2010,2,"development",365,"Distinct incident_key per occurrence date.",1708,"nyc_shootings",100,"development","train"
"2010-09-05",1709,2010,3,"development",365,"Distinct incident_key per occurrence date.",1709,"nyc_shootings",100,"development","train"
"2010-09-06",1710,2010,8,"development",365,"Distinct incident_key per occurrence date.",1710,"nyc_shootings",100,"development","train"
"2010-09-07",1711,2010,1,"development",365,"Distinct incident_key per occurrence date.",1711,"nyc_shootings",100,"development","train"
"2010-09-08",1712,2010,3,"development",365,"Distinct incident_key per occurrence date.",1712,"nyc_shootings",100,"development","train"
"2010-09-09",1713,2010,5,"development",365,"Distinct incident_key per occurrence date.",1713,"nyc_shootings",100,"development","train"
"2010-09-10",1714,2010,3,"development",365,"Distinct incident_key per occurrence date.",1714,"nyc_shootings",100,"development","train"
"2010-09-11",1715,2010,9,"development",365,"Distinct incident_key per occurrence date.",1715,"nyc_shootings",100,"development","train"
"2010-09-12",1716,2010,6,"development",365,"Distinct incident_key per occurrence date.",1716,"nyc_shootings",100,"development","train"
"2010-09-13",1717,2010,1,"development",365,"Distinct incident_key per occurrence date.",1717,"nyc_shootings",100,"development","train"
"2010-09-14",1718,2010,3,"development",365,"Distinct incident_key per occurrence date.",1718,"nyc_shootings",100,"development","train"
"2010-09-15",1719,2010,1,"development",365,"Distinct incident_key per occurrence date.",1719,"nyc_shootings",100,"development","train"
"2010-09-16",1720,2010,1,"development",365,"Distinct incident_key per occurrence date.",1720,"nyc_shootings",100,"development","train"
"2010-09-17",1721,2010,3,"development",365,"Distinct incident_key per occurrence date.",1721,"nyc_shootings",100,"development","train"
"2010-09-18",1722,2010,9,"development",365,"Distinct incident_key per occurrence date.",1722,"nyc_shootings",100,"development","train"
"2010-09-19",1723,2010,7,"development",365,"Distinct incident_key per occurrence date.",1723,"nyc_shootings",100,"development","train"
"2010-09-20",1724,2010,3,"development",365,"Distinct incident_key per occurrence date.",1724,"nyc_shootings",100,"development","train"
"2010-09-21",1725,2010,3,"development",365,"Distinct incident_key per occurrence date.",1725,"nyc_shootings",100,"development","train"
"2010-09-22",1726,2010,5,"development",365,"Distinct incident_key per occurrence date.",1726,"nyc_shootings",100,"development","train"
"2010-09-23",1727,2010,5,"development",365,"Distinct incident_key per occurrence date.",1727,"nyc_shootings",100,"development","train"
"2010-09-24",1728,2010,13,"development",365,"Distinct incident_key per occurrence date.",1728,"nyc_shootings",100,"development","train"
"2010-09-25",1729,2010,7,"development",365,"Distinct incident_key per occurrence date.",1729,"nyc_shootings",100,"development","train"
"2010-09-26",1730,2010,5,"development",365,"Distinct incident_key per occurrence date.",1730,"nyc_shootings",100,"development","train"
"2010-09-27",1731,2010,1,"development",365,"Distinct incident_key per occurrence date.",1731,"nyc_shootings",100,"development","train"
"2010-09-28",1732,2010,5,"development",365,"Distinct incident_key per occurrence date.",1732,"nyc_shootings",100,"development","train"
"2010-09-29",1733,2010,6,"development",365,"Distinct incident_key per occurrence date.",1733,"nyc_shootings",100,"development","train"
"2010-09-30",1734,2010,3,"development",365,"Distinct incident_key per occurrence date.",1734,"nyc_shootings",100,"development","train"
"2010-10-01",1735,2010,4,"development",365,"Distinct incident_key per occurrence date.",1735,"nyc_shootings",100,"development","train"
"2010-10-02",1736,2010,2,"development",365,"Distinct incident_key per occurrence date.",1736,"nyc_shootings",100,"development","train"
"2010-10-03",1737,2010,5,"development",365,"Distinct incident_key per occurrence date.",1737,"nyc_shootings",100,"development","train"
"2010-10-04",1738,2010,5,"development",365,"Distinct incident_key per occurrence date.",1738,"nyc_shootings",100,"development","train"
"2010-10-05",1739,2010,4,"development",365,"Distinct incident_key per occurrence date.",1739,"nyc_shootings",100,"development","train"
"2010-10-06",1740,2010,4,"development",365,"Distinct incident_key per occurrence date.",1740,"nyc_shootings",100,"development","train"
"2010-10-07",1741,2010,4,"development",365,"Distinct incident_key per occurrence date.",1741,"nyc_shootings",100,"development","train"
"2010-10-08",1742,2010,1,"development",365,"Distinct incident_key per occurrence date.",1742,"nyc_shootings",100,"development","train"
"2010-10-09",1743,2010,6,"development",365,"Distinct incident_key per occurrence date.",1743,"nyc_shootings",100,"development","train"
"2010-10-10",1744,2010,5,"development",365,"Distinct incident_key per occurrence date.",1744,"nyc_shootings",100,"development","train"
"2010-10-11",1745,2010,2,"development",365,"Distinct incident_key per occurrence date.",1745,"nyc_shootings",100,"development","train"
"2010-10-12",1746,2010,4,"development",365,"Distinct incident_key per occurrence date.",1746,"nyc_shootings",100,"development","train"
"2010-10-13",1747,2010,2,"development",365,"Distinct incident_key per occurrence date.",1747,"nyc_shootings",100,"development","train"
"2010-10-14",1748,2010,2,"development",365,"Distinct incident_key per occurrence date.",1748,"nyc_shootings",100,"development","train"
"2010-10-15",1749,2010,2,"development",365,"Distinct incident_key per occurrence date.",1749,"nyc_shootings",100,"development","train"
"2010-10-16",1750,2010,3,"development",365,"Distinct incident_key per occurrence date.",1750,"nyc_shootings",100,"development","train"
"2010-10-17",1751,2010,2,"development",365,"Distinct incident_key per occurrence date.",1751,"nyc_shootings",100,"development","train"
"2010-10-18",1752,2010,2,"development",365,"Distinct incident_key per occurrence date.",1752,"nyc_shootings",100,"development","train"
"2010-10-19",1753,2010,0,"development",365,"Distinct incident_key per occurrence date.",1753,"nyc_shootings",100,"development","train"
"2010-10-20",1754,2010,4,"development",365,"Distinct incident_key per occurrence date.",1754,"nyc_shootings",100,"development","train"
"2010-10-21",1755,2010,1,"development",365,"Distinct incident_key per occurrence date.",1755,"nyc_shootings",100,"development","train"
"2010-10-22",1756,2010,3,"development",365,"Distinct incident_key per occurrence date.",1756,"nyc_shootings",100,"development","train"
"2010-10-23",1757,2010,5,"development",365,"Distinct incident_key per occurrence date.",1757,"nyc_shootings",100,"development","train"
"2010-10-24",1758,2010,4,"development",365,"Distinct incident_key per occurrence date.",1758,"nyc_shootings",100,"development","train"
"2010-10-25",1759,2010,3,"development",365,"Distinct incident_key per occurrence date.",1759,"nyc_shootings",100,"development","train"
"2010-10-26",1760,2010,5,"development",365,"Distinct incident_key per occurrence date.",1760,"nyc_shootings",100,"development","train"
"2010-10-27",1761,2010,5,"development",365,"Distinct incident_key per occurrence date.",1761,"nyc_shootings",100,"development","train"
"2010-10-28",1762,2010,8,"development",365,"Distinct incident_key per occurrence date.",1762,"nyc_shootings",100,"development","train"
"2010-10-29",1763,2010,2,"development",365,"Distinct incident_key per occurrence date.",1763,"nyc_shootings",100,"development","train"
"2010-10-30",1764,2010,3,"development",365,"Distinct incident_key per occurrence date.",1764,"nyc_shootings",100,"development","train"
"2010-10-31",1765,2010,7,"development",365,"Distinct incident_key per occurrence date.",1765,"nyc_shootings",100,"development","train"
"2010-11-01",1766,2010,4,"development",365,"Distinct incident_key per occurrence date.",1766,"nyc_shootings",100,"development","train"
"2010-11-02",1767,2010,2,"development",365,"Distinct incident_key per occurrence date.",1767,"nyc_shootings",100,"development","train"
"2010-11-03",1768,2010,0,"development",365,"Distinct incident_key per occurrence date.",1768,"nyc_shootings",100,"development","train"
"2010-11-04",1769,2010,1,"development",365,"Distinct incident_key per occurrence date.",1769,"nyc_shootings",100,"development","train"
"2010-11-05",1770,2010,2,"development",365,"Distinct incident_key per occurrence date.",1770,"nyc_shootings",100,"development","train"
"2010-11-06",1771,2010,7,"development",365,"Distinct incident_key per occurrence date.",1771,"nyc_shootings",100,"development","train"
"2010-11-07",1772,2010,5,"development",365,"Distinct incident_key per occurrence date.",1772,"nyc_shootings",100,"development","train"
"2010-11-08",1773,2010,5,"development",365,"Distinct incident_key per occurrence date.",1773,"nyc_shootings",100,"development","train"
"2010-11-09",1774,2010,2,"development",365,"Distinct incident_key per occurrence date.",1774,"nyc_shootings",100,"development","train"
"2010-11-10",1775,2010,2,"development",365,"Distinct incident_key per occurrence date.",1775,"nyc_shootings",100,"development","train"
"2010-11-11",1776,2010,2,"development",365,"Distinct incident_key per occurrence date.",1776,"nyc_shootings",100,"development","train"
"2010-11-12",1777,2010,4,"development",365,"Distinct incident_key per occurrence date.",1777,"nyc_shootings",100,"development","train"
"2010-11-13",1778,2010,9,"development",365,"Distinct incident_key per occurrence date.",1778,"nyc_shootings",100,"development","train"
"2010-11-14",1779,2010,7,"development",365,"Distinct incident_key per occurrence date.",1779,"nyc_shootings",100,"development","train"
"2010-11-15",1780,2010,1,"development",365,"Distinct incident_key per occurrence date.",1780,"nyc_shootings",100,"development","train"
"2010-11-16",1781,2010,2,"development",365,"Distinct incident_key per occurrence date.",1781,"nyc_shootings",100,"development","train"
"2010-11-17",1782,2010,0,"development",365,"Distinct incident_key per occurrence date.",1782,"nyc_shootings",100,"development","train"
"2010-11-18",1783,2010,0,"development",365,"Distinct incident_key per occurrence date.",1783,"nyc_shootings",100,"development","train"
"2010-11-19",1784,2010,3,"development",365,"Distinct incident_key per occurrence date.",1784,"nyc_shootings",100,"development","train"
"2010-11-20",1785,2010,7,"development",365,"Distinct incident_key per occurrence date.",1785,"nyc_shootings",100,"development","train"
"2010-11-21",1786,2010,8,"development",365,"Distinct incident_key per occurrence date.",1786,"nyc_shootings",100,"development","train"
"2010-11-22",1787,2010,5,"development",365,"Distinct incident_key per occurrence date.",1787,"nyc_shootings",100,"development","train"
"2010-11-23",1788,2010,2,"development",365,"Distinct incident_key per occurrence date.",1788,"nyc_shootings",100,"development","train"
"2010-11-24",1789,2010,2,"development",365,"Distinct incident_key per occurrence date.",1789,"nyc_shootings",100,"development","train"
"2010-11-25",1790,2010,3,"development",365,"Distinct incident_key per occurrence date.",1790,"nyc_shootings",100,"development","train"
"2010-11-26",1791,2010,6,"development",365,"Distinct incident_key per occurrence date.",1791,"nyc_shootings",100,"development","train"
"2010-11-27",1792,2010,3,"development",365,"Distinct incident_key per occurrence date.",1792,"nyc_shootings",100,"development","train"
"2010-11-28",1793,2010,4,"development",365,"Distinct incident_key per occurrence date.",1793,"nyc_shootings",100,"development","train"
"2010-11-29",1794,2010,6,"development",365,"Distinct incident_key per occurrence date.",1794,"nyc_shootings",100,"development","train"
"2010-11-30",1795,2010,4,"development",365,"Distinct incident_key per occurrence date.",1795,"nyc_shootings",100,"development","train"
"2010-12-01",1796,2010,2,"development",365,"Distinct incident_key per occurrence date.",1796,"nyc_shootings",100,"development","train"
"2010-12-02",1797,2010,0,"development",365,"Distinct incident_key per occurrence date.",1797,"nyc_shootings",100,"development","train"
"2010-12-03",1798,2010,3,"development",365,"Distinct incident_key per occurrence date.",1798,"nyc_shootings",100,"development","train"
"2010-12-04",1799,2010,5,"development",365,"Distinct incident_key per occurrence date.",1799,"nyc_shootings",100,"development","train"
"2010-12-05",1800,2010,6,"development",365,"Distinct incident_key per occurrence date.",1800,"nyc_shootings",100,"development","train"
"2010-12-06",1801,2010,4,"development",365,"Distinct incident_key per occurrence date.",1801,"nyc_shootings",100,"development","train"
"2010-12-07",1802,2010,4,"development",365,"Distinct incident_key per occurrence date.",1802,"nyc_shootings",100,"development","train"
"2010-12-08",1803,2010,0,"development",365,"Distinct incident_key per occurrence date.",1803,"nyc_shootings",100,"development","train"
"2010-12-09",1804,2010,1,"development",365,"Distinct incident_key per occurrence date.",1804,"nyc_shootings",100,"development","train"
"2010-12-10",1805,2010,4,"development",365,"Distinct incident_key per occurrence date.",1805,"nyc_shootings",100,"development","train"
"2010-12-11",1806,2010,6,"development",365,"Distinct incident_key per occurrence date.",1806,"nyc_shootings",100,"development","train"
"2010-12-12",1807,2010,5,"development",365,"Distinct incident_key per occurrence date.",1807,"nyc_shootings",100,"development","train"
"2010-12-13",1808,2010,6,"development",365,"Distinct incident_key per occurrence date.",1808,"nyc_shootings",100,"development","train"
"2010-12-14",1809,2010,1,"development",365,"Distinct incident_key per occurrence date.",1809,"nyc_shootings",100,"development","train"
"2010-12-15",1810,2010,2,"development",365,"Distinct incident_key per occurrence date.",1810,"nyc_shootings",100,"development","train"
"2010-12-16",1811,2010,3,"development",365,"Distinct incident_key per occurrence date.",1811,"nyc_shootings",100,"development","train"
"2010-12-17",1812,2010,2,"development",365,"Distinct incident_key per occurrence date.",1812,"nyc_shootings",100,"development","train"
"2010-12-18",1813,2010,6,"development",365,"Distinct incident_key per occurrence date.",1813,"nyc_shootings",100,"development","train"
"2010-12-19",1814,2010,2,"development",365,"Distinct incident_key per occurrence date.",1814,"nyc_shootings",100,"development","train"
"2010-12-20",1815,2010,2,"development",365,"Distinct incident_key per occurrence date.",1815,"nyc_shootings",100,"development","train"
"2010-12-21",1816,2010,2,"development",365,"Distinct incident_key per occurrence date.",1816,"nyc_shootings",100,"development","train"
"2010-12-22",1817,2010,3,"development",365,"Distinct incident_key per occurrence date.",1817,"nyc_shootings",100,"development","train"
"2010-12-23",1818,2010,3,"development",365,"Distinct incident_key per occurrence date.",1818,"nyc_shootings",100,"development","train"
"2010-12-24",1819,2010,3,"development",365,"Distinct incident_key per occurrence date.",1819,"nyc_shootings",100,"development","train"
"2010-12-25",1820,2010,4,"development",365,"Distinct incident_key per occurrence date.",1820,"nyc_shootings",100,"development","train"
"2010-12-26",1821,2010,8,"development",365,"Distinct incident_key per occurrence date.",1821,"nyc_shootings",100,"development","train"
"2010-12-27",1822,2010,3,"development",365,"Distinct incident_key per occurrence date.",1822,"nyc_shootings",100,"development","train"
"2010-12-28",1823,2010,3,"development",365,"Distinct incident_key per occurrence date.",1823,"nyc_shootings",100,"development","train"
"2010-12-29",1824,2010,2,"development",365,"Distinct incident_key per occurrence date.",1824,"nyc_shootings",100,"development","train"
"2010-12-30",1825,2010,4,"development",365,"Distinct incident_key per occurrence date.",1825,"nyc_shootings",100,"development","train"
"2010-12-31",1826,2010,9,"development",365,"Distinct incident_key per occurrence date.",1826,"nyc_shootings",100,"development","train"
"2011-01-01",1827,2011,12,"development",365,"Distinct incident_key per occurrence date.",1827,"nyc_shootings",100,"development","train"
"2011-01-02",1828,2011,2,"development",365,"Distinct incident_key per occurrence date.",1828,"nyc_shootings",100,"development","train"
"2011-01-03",1829,2011,1,"development",365,"Distinct incident_key per occurrence date.",1829,"nyc_shootings",100,"development","train"
"2011-01-04",1830,2011,0,"development",365,"Distinct incident_key per occurrence date.",1830,"nyc_shootings",100,"development","train"
"2011-01-05",1831,2011,3,"development",365,"Distinct incident_key per occurrence date.",1831,"nyc_shootings",100,"development","train"
"2011-01-06",1832,2011,4,"development",365,"Distinct incident_key per occurrence date.",1832,"nyc_shootings",100,"development","train"
"2011-01-07",1833,2011,0,"development",365,"Distinct incident_key per occurrence date.",1833,"nyc_shootings",100,"development","train"
"2011-01-08",1834,2011,1,"development",365,"Distinct incident_key per occurrence date.",1834,"nyc_shootings",100,"development","train"
"2011-01-09",1835,2011,3,"development",365,"Distinct incident_key per occurrence date.",1835,"nyc_shootings",100,"development","train"
"2011-01-10",1836,2011,4,"development",365,"Distinct incident_key per occurrence date.",1836,"nyc_shootings",100,"development","train"
"2011-01-11",1837,2011,2,"development",365,"Distinct incident_key per occurrence date.",1837,"nyc_shootings",100,"development","train"
"2011-01-12",1838,2011,1,"development",365,"Distinct incident_key per occurrence date.",1838,"nyc_shootings",100,"development","train"
"2011-01-13",1839,2011,2,"development",365,"Distinct incident_key per occurrence date.",1839,"nyc_shootings",100,"development","train"
"2011-01-14",1840,2011,4,"development",365,"Distinct incident_key per occurrence date.",1840,"nyc_shootings",100,"development","train"
"2011-01-15",1841,2011,4,"development",365,"Distinct incident_key per occurrence date.",1841,"nyc_shootings",100,"development","train"
"2011-01-16",1842,2011,8,"development",365,"Distinct incident_key per occurrence date.",1842,"nyc_shootings",100,"development","train"
"2011-01-17",1843,2011,2,"development",365,"Distinct incident_key per occurrence date.",1843,"nyc_shootings",100,"development","train"
"2011-01-18",1844,2011,1,"development",365,"Distinct incident_key per occurrence date.",1844,"nyc_shootings",100,"development","train"
"2011-01-19",1845,2011,1,"development",365,"Distinct incident_key per occurrence date.",1845,"nyc_shootings",100,"development","train"
"2011-01-20",1846,2011,1,"development",365,"Distinct incident_key per occurrence date.",1846,"nyc_shootings",100,"development","train"
"2011-01-21",1847,2011,4,"development",365,"Distinct incident_key per occurrence date.",1847,"nyc_shootings",100,"development","train"
"2011-01-22",1848,2011,3,"development",365,"Distinct incident_key per occurrence date.",1848,"nyc_shootings",100,"development","train"
"2011-01-23",1849,2011,3,"development",365,"Distinct incident_key per occurrence date.",1849,"nyc_shootings",100,"development","train"
"2011-01-24",1850,2011,2,"development",365,"Distinct incident_key per occurrence date.",1850,"nyc_shootings",100,"development","train"
"2011-01-25",1851,2011,1,"development",365,"Distinct incident_key per occurrence date.",1851,"nyc_shootings",100,"development","train"
"2011-01-26",1852,2011,0,"development",365,"Distinct incident_key per occurrence date.",1852,"nyc_shootings",100,"development","train"
"2011-01-27",1853,2011,2,"development",365,"Distinct incident_key per occurrence date.",1853,"nyc_shootings",100,"development","train"
"2011-01-28",1854,2011,1,"development",365,"Distinct incident_key per occurrence date.",1854,"nyc_shootings",100,"development","train"
"2011-01-29",1855,2011,4,"development",365,"Distinct incident_key per occurrence date.",1855,"nyc_shootings",100,"development","train"
"2011-01-30",1856,2011,2,"development",365,"Distinct incident_key per occurrence date.",1856,"nyc_shootings",100,"development","train"
"2011-01-31",1857,2011,5,"development",365,"Distinct incident_key per occurrence date.",1857,"nyc_shootings",100,"development","train"
"2011-02-01",1858,2011,1,"development",365,"Distinct incident_key per occurrence date.",1858,"nyc_shootings",100,"development","train"
"2011-02-02",1859,2011,6,"development",365,"Distinct incident_key per occurrence date.",1859,"nyc_shootings",100,"development","train"
"2011-02-03",1860,2011,2,"development",365,"Distinct incident_key per occurrence date.",1860,"nyc_shootings",100,"development","train"
"2011-02-04",1861,2011,2,"development",365,"Distinct incident_key per occurrence date.",1861,"nyc_shootings",100,"development","train"
"2011-02-05",1862,2011,4,"development",365,"Distinct incident_key per occurrence date.",1862,"nyc_shootings",100,"development","train"
"2011-02-06",1863,2011,6,"development",365,"Distinct incident_key per occurrence date.",1863,"nyc_shootings",100,"development","train"
"2011-02-07",1864,2011,3,"development",365,"Distinct incident_key per occurrence date.",1864,"nyc_shootings",100,"development","train"
"2011-02-08",1865,2011,1,"development",365,"Distinct incident_key per occurrence date.",1865,"nyc_shootings",100,"development","train"
"2011-02-09",1866,2011,2,"development",365,"Distinct incident_key per occurrence date.",1866,"nyc_shootings",100,"development","train"
"2011-02-10",1867,2011,3,"development",365,"Distinct incident_key per occurrence date.",1867,"nyc_shootings",100,"development","train"
"2011-02-11",1868,2011,4,"development",365,"Distinct incident_key per occurrence date.",1868,"nyc_shootings",100,"development","train"
"2011-02-12",1869,2011,4,"development",365,"Distinct incident_key per occurrence date.",1869,"nyc_shootings",100,"development","train"
"2011-02-13",1870,2011,4,"development",365,"Distinct incident_key per occurrence date.",1870,"nyc_shootings",100,"development","train"
"2011-02-14",1871,2011,3,"development",365,"Distinct incident_key per occurrence date.",1871,"nyc_shootings",100,"development","train"
"2011-02-15",1872,2011,1,"development",365,"Distinct incident_key per occurrence date.",1872,"nyc_shootings",100,"development","train"
"2011-02-16",1873,2011,3,"development",365,"Distinct incident_key per occurrence date.",1873,"nyc_shootings",100,"development","train"
"2011-02-17",1874,2011,2,"development",365,"Distinct incident_key per occurrence date.",1874,"nyc_shootings",100,"development","train"
"2011-02-18",1875,2011,2,"development",365,"Distinct incident_key per occurrence date.",1875,"nyc_shootings",100,"development","train"
"2011-02-19",1876,2011,0,"development",365,"Distinct incident_key per occurrence date.",1876,"nyc_shootings",100,"development","train"
"2011-02-20",1877,2011,6,"development",365,"Distinct incident_key per occurrence date.",1877,"nyc_shootings",100,"development","train"
"2011-02-21",1878,2011,2,"development",365,"Distinct incident_key per occurrence date.",1878,"nyc_shootings",100,"development","train"
"2011-02-22",1879,2011,0,"development",365,"Distinct incident_key per occurrence date.",1879,"nyc_shootings",100,"development","train"
"2011-02-23",1880,2011,0,"development",365,"Distinct incident_key per occurrence date.",1880,"nyc_shootings",100,"development","train"
"2011-02-24",1881,2011,2,"development",365,"Distinct incident_key per occurrence date.",1881,"nyc_shootings",100,"development","train"
"2011-02-25",1882,2011,4,"development",365,"Distinct incident_key per occurrence date.",1882,"nyc_shootings",100,"development","train"
"2011-02-26",1883,2011,3,"development",365,"Distinct incident_key per occurrence date.",1883,"nyc_shootings",100,"development","train"
"2011-02-27",1884,2011,5,"development",365,"Distinct incident_key per occurrence date.",1884,"nyc_shootings",100,"development","train"
"2011-02-28",1885,2011,2,"development",365,"Distinct incident_key per occurrence date.",1885,"nyc_shootings",100,"development","train"
"2011-03-01",1886,2011,3,"development",365,"Distinct incident_key per occurrence date.",1886,"nyc_shootings",100,"development","train"
"2011-03-02",1887,2011,1,"development",365,"Distinct incident_key per occurrence date.",1887,"nyc_shootings",100,"development","train"
"2011-03-03",1888,2011,0,"development",365,"Distinct incident_key per occurrence date.",1888,"nyc_shootings",100,"development","train"
"2011-03-04",1889,2011,2,"development",365,"Distinct incident_key per occurrence date.",1889,"nyc_shootings",100,"development","train"
"2011-03-05",1890,2011,6,"development",365,"Distinct incident_key per occurrence date.",1890,"nyc_shootings",100,"development","train"
"2011-03-06",1891,2011,3,"development",365,"Distinct incident_key per occurrence date.",1891,"nyc_shootings",100,"development","train"
"2011-03-07",1892,2011,1,"development",365,"Distinct incident_key per occurrence date.",1892,"nyc_shootings",100,"development","train"
"2011-03-08",1893,2011,2,"development",365,"Distinct incident_key per occurrence date.",1893,"nyc_shootings",100,"development","train"
"2011-03-09",1894,2011,1,"development",365,"Distinct incident_key per occurrence date.",1894,"nyc_shootings",100,"development","train"
"2011-03-10",1895,2011,2,"development",365,"Distinct incident_key per occurrence date.",1895,"nyc_shootings",100,"development","train"
"2011-03-11",1896,2011,2,"development",365,"Distinct incident_key per occurrence date.",1896,"nyc_shootings",100,"development","train"
"2011-03-12",1897,2011,5,"development",365,"Distinct incident_key per occurrence date.",1897,"nyc_shootings",100,"development","train"
"2011-03-13",1898,2011,5,"development",365,"Distinct incident_key per occurrence date.",1898,"nyc_shootings",100,"development","train"
"2011-03-14",1899,2011,1,"development",365,"Distinct incident_key per occurrence date.",1899,"nyc_shootings",100,"development","train"
"2011-03-15",1900,2011,0,"development",365,"Distinct incident_key per occurrence date.",1900,"nyc_shootings",100,"development","train"
"2011-03-16",1901,2011,3,"development",365,"Distinct incident_key per occurrence date.",1901,"nyc_shootings",100,"development","train"
"2011-03-17",1902,2011,5,"development",365,"Distinct incident_key per occurrence date.",1902,"nyc_shootings",100,"development","train"
"2011-03-18",1903,2011,2,"development",365,"Distinct incident_key per occurrence date.",1903,"nyc_shootings",100,"development","train"
"2011-03-19",1904,2011,7,"development",365,"Distinct incident_key per occurrence date.",1904,"nyc_shootings",100,"development","train"
"2011-03-20",1905,2011,3,"development",365,"Distinct incident_key per occurrence date.",1905,"nyc_shootings",100,"development","train"
"2011-03-21",1906,2011,2,"development",365,"Distinct incident_key per occurrence date.",1906,"nyc_shootings",100,"development","train"
"2011-03-22",1907,2011,4,"development",365,"Distinct incident_key per occurrence date.",1907,"nyc_shootings",100,"development","train"
"2011-03-23",1908,2011,3,"development",365,"Distinct incident_key per occurrence date.",1908,"nyc_shootings",100,"development","train"
"2011-03-24",1909,2011,1,"development",365,"Distinct incident_key per occurrence date.",1909,"nyc_shootings",100,"development","train"
"2011-03-25",1910,2011,3,"development",365,"Distinct incident_key per occurrence date.",1910,"nyc_shootings",100,"development","train"
"2011-03-26",1911,2011,3,"development",365,"Distinct incident_key per occurrence date.",1911,"nyc_shootings",100,"development","train"
"2011-03-27",1912,2011,2,"development",365,"Distinct incident_key per occurrence date.",1912,"nyc_shootings",100,"development","train"
"2011-03-28",1913,2011,2,"development",365,"Distinct incident_key per occurrence date.",1913,"nyc_shootings",100,"development","train"
"2011-03-29",1914,2011,1,"development",365,"Distinct incident_key per occurrence date.",1914,"nyc_shootings",100,"development","train"
"2011-03-30",1915,2011,1,"development",365,"Distinct incident_key per occurrence date.",1915,"nyc_shootings",100,"development","train"
"2011-03-31",1916,2011,1,"development",365,"Distinct incident_key per occurrence date.",1916,"nyc_shootings",100,"development","train"
"2011-04-01",1917,2011,4,"development",365,"Distinct incident_key per occurrence date.",1917,"nyc_shootings",100,"development","train"
"2011-04-02",1918,2011,8,"development",365,"Distinct incident_key per occurrence date.",1918,"nyc_shootings",100,"development","train"
"2011-04-03",1919,2011,3,"development",365,"Distinct incident_key per occurrence date.",1919,"nyc_shootings",100,"development","train"
"2011-04-04",1920,2011,1,"development",365,"Distinct incident_key per occurrence date.",1920,"nyc_shootings",100,"development","train"
"2011-04-05",1921,2011,1,"development",365,"Distinct incident_key per occurrence date.",1921,"nyc_shootings",100,"development","train"
"2011-04-06",1922,2011,5,"development",365,"Distinct incident_key per occurrence date.",1922,"nyc_shootings",100,"development","train"
"2011-04-07",1923,2011,4,"development",365,"Distinct incident_key per occurrence date.",1923,"nyc_shootings",100,"development","train"
"2011-04-08",1924,2011,4,"development",365,"Distinct incident_key per occurrence date.",1924,"nyc_shootings",100,"development","train"
"2011-04-09",1925,2011,2,"development",365,"Distinct incident_key per occurrence date.",1925,"nyc_shootings",100,"development","train"
"2011-04-10",1926,2011,3,"development",365,"Distinct incident_key per occurrence date.",1926,"nyc_shootings",100,"development","train"
"2011-04-11",1927,2011,7,"development",365,"Distinct incident_key per occurrence date.",1927,"nyc_shootings",100,"development","train"
"2011-04-12",1928,2011,3,"development",365,"Distinct incident_key per occurrence date.",1928,"nyc_shootings",100,"development","train"
"2011-04-13",1929,2011,1,"development",365,"Distinct incident_key per occurrence date.",1929,"nyc_shootings",100,"development","train"
"2011-04-14",1930,2011,3,"development",365,"Distinct incident_key per occurrence date.",1930,"nyc_shootings",100,"development","train"
"2011-04-15",1931,2011,1,"development",365,"Distinct incident_key per occurrence date.",1931,"nyc_shootings",100,"development","train"
"2011-04-16",1932,2011,4,"development",365,"Distinct incident_key per occurrence date.",1932,"nyc_shootings",100,"development","train"
"2011-04-17",1933,2011,4,"development",365,"Distinct incident_key per occurrence date.",1933,"nyc_shootings",100,"development","train"
"2011-04-18",1934,2011,3,"development",365,"Distinct incident_key per occurrence date.",1934,"nyc_shootings",100,"development","train"
"2011-04-19",1935,2011,2,"development",365,"Distinct incident_key per occurrence date.",1935,"nyc_shootings",100,"development","train"
"2011-04-20",1936,2011,1,"development",365,"Distinct incident_key per occurrence date.",1936,"nyc_shootings",100,"development","train"
"2011-04-21",1937,2011,0,"development",365,"Distinct incident_key per occurrence date.",1937,"nyc_shootings",100,"development","train"
"2011-04-22",1938,2011,1,"development",365,"Distinct incident_key per occurrence date.",1938,"nyc_shootings",100,"development","train"
"2011-04-23",1939,2011,3,"development",365,"Distinct incident_key per occurrence date.",1939,"nyc_shootings",100,"development","train"
"2011-04-24",1940,2011,4,"development",365,"Distinct incident_key per occurrence date.",1940,"nyc_shootings",100,"development","train"
"2011-04-25",1941,2011,8,"development",365,"Distinct incident_key per occurrence date.",1941,"nyc_shootings",100,"development","train"
"2011-04-26",1942,2011,6,"development",365,"Distinct incident_key per occurrence date.",1942,"nyc_shootings",100,"development","train"
"2011-04-27",1943,2011,8,"development",365,"Distinct incident_key per occurrence date.",1943,"nyc_shootings",100,"development","train"
"2011-04-28",1944,2011,4,"development",365,"Distinct incident_key per occurrence date.",1944,"nyc_shootings",100,"development","train"
"2011-04-29",1945,2011,3,"development",365,"Distinct incident_key per occurrence date.",1945,"nyc_shootings",100,"development","train"
"2011-04-30",1946,2011,8,"development",365,"Distinct incident_key per occurrence date.",1946,"nyc_shootings",100,"development","train"
"2011-05-01",1947,2011,6,"development",365,"Distinct incident_key per occurrence date.",1947,"nyc_shootings",100,"development","train"
"2011-05-02",1948,2011,3,"development",365,"Distinct incident_key per occurrence date.",1948,"nyc_shootings",100,"development","train"
"2011-05-03",1949,2011,4,"development",365,"Distinct incident_key per occurrence date.",1949,"nyc_shootings",100,"development","train"
"2011-05-04",1950,2011,0,"development",365,"Distinct incident_key per occurrence date.",1950,"nyc_shootings",100,"development","train"
"2011-05-05",1951,2011,5,"development",365,"Distinct incident_key per occurrence date.",1951,"nyc_shootings",100,"development","train"
"2011-05-06",1952,2011,0,"development",365,"Distinct incident_key per occurrence date.",1952,"nyc_shootings",100,"development","train"
"2011-05-07",1953,2011,5,"development",365,"Distinct incident_key per occurrence date.",1953,"nyc_shootings",100,"development","train"
"2011-05-08",1954,2011,3,"development",365,"Distinct incident_key per occurrence date.",1954,"nyc_shootings",100,"development","train"
"2011-05-09",1955,2011,5,"development",365,"Distinct incident_key per occurrence date.",1955,"nyc_shootings",100,"development","train"
"2011-05-10",1956,2011,5,"development",365,"Distinct incident_key per occurrence date.",1956,"nyc_shootings",100,"development","train"
"2011-05-11",1957,2011,5,"development",365,"Distinct incident_key per occurrence date.",1957,"nyc_shootings",100,"development","train"
"2011-05-12",1958,2011,3,"development",365,"Distinct incident_key per occurrence date.",1958,"nyc_shootings",100,"development","train"
"2011-05-13",1959,2011,2,"development",365,"Distinct incident_key per occurrence date.",1959,"nyc_shootings",100,"development","train"
"2011-05-14",1960,2011,3,"development",365,"Distinct incident_key per occurrence date.",1960,"nyc_shootings",100,"development","train"
"2011-05-15",1961,2011,5,"development",365,"Distinct incident_key per occurrence date.",1961,"nyc_shootings",100,"development","train"
"2011-05-16",1962,2011,1,"development",365,"Distinct incident_key per occurrence date.",1962,"nyc_shootings",100,"development","train"
"2011-05-17",1963,2011,2,"development",365,"Distinct incident_key per occurrence date.",1963,"nyc_shootings",100,"development","train"
"2011-05-18",1964,2011,4,"development",365,"Distinct incident_key per occurrence date.",1964,"nyc_shootings",100,"development","train"
"2011-05-19",1965,2011,7,"development",365,"Distinct incident_key per occurrence date.",1965,"nyc_shootings",100,"development","train"
"2011-05-20",1966,2011,1,"development",365,"Distinct incident_key per occurrence date.",1966,"nyc_shootings",100,"development","train"
"2011-05-21",1967,2011,6,"development",365,"Distinct incident_key per occurrence date.",1967,"nyc_shootings",100,"development","train"
"2011-05-22",1968,2011,2,"development",365,"Distinct incident_key per occurrence date.",1968,"nyc_shootings",100,"development","train"
"2011-05-23",1969,2011,2,"development",365,"Distinct incident_key per occurrence date.",1969,"nyc_shootings",100,"development","train"
"2011-05-24",1970,2011,7,"development",365,"Distinct incident_key per occurrence date.",1970,"nyc_shootings",100,"development","train"
"2011-05-25",1971,2011,3,"development",365,"Distinct incident_key per occurrence date.",1971,"nyc_shootings",100,"development","train"
"2011-05-26",1972,2011,2,"development",365,"Distinct incident_key per occurrence date.",1972,"nyc_shootings",100,"development","train"
"2011-05-27",1973,2011,5,"development",365,"Distinct incident_key per occurrence date.",1973,"nyc_shootings",100,"development","train"
"2011-05-28",1974,2011,6,"development",365,"Distinct incident_key per occurrence date.",1974,"nyc_shootings",100,"development","train"
"2011-05-29",1975,2011,10,"development",365,"Distinct incident_key per occurrence date.",1975,"nyc_shootings",100,"development","train"
"2011-05-30",1976,2011,13,"development",365,"Distinct incident_key per occurrence date.",1976,"nyc_shootings",100,"development","train"
"2011-05-31",1977,2011,6,"development",365,"Distinct incident_key per occurrence date.",1977,"nyc_shootings",100,"development","train"
"2011-06-01",1978,2011,3,"development",365,"Distinct incident_key per occurrence date.",1978,"nyc_shootings",100,"development","train"
"2011-06-02",1979,2011,4,"development",365,"Distinct incident_key per occurrence date.",1979,"nyc_shootings",100,"development","train"
"2011-06-03",1980,2011,2,"development",365,"Distinct incident_key per occurrence date.",1980,"nyc_shootings",100,"development","train"
"2011-06-04",1981,2011,3,"development",365,"Distinct incident_key per occurrence date.",1981,"nyc_shootings",100,"development","train"
"2011-06-05",1982,2011,6,"development",365,"Distinct incident_key per occurrence date.",1982,"nyc_shootings",100,"development","train"
"2011-06-06",1983,2011,2,"development",365,"Distinct incident_key per occurrence date.",1983,"nyc_shootings",100,"development","train"
"2011-06-07",1984,2011,5,"development",365,"Distinct incident_key per occurrence date.",1984,"nyc_shootings",100,"development","train"
"2011-06-08",1985,2011,4,"development",365,"Distinct incident_key per occurrence date.",1985,"nyc_shootings",100,"development","train"
"2011-06-09",1986,2011,5,"development",365,"Distinct incident_key per occurrence date.",1986,"nyc_shootings",100,"development","train"
"2011-06-10",1987,2011,5,"development",365,"Distinct incident_key per occurrence date.",1987,"nyc_shootings",100,"development","train"
"2011-06-11",1988,2011,5,"development",365,"Distinct incident_key per occurrence date.",1988,"nyc_shootings",100,"development","train"
"2011-06-12",1989,2011,3,"development",365,"Distinct incident_key per occurrence date.",1989,"nyc_shootings",100,"development","train"
"2011-06-13",1990,2011,0,"development",365,"Distinct incident_key per occurrence date.",1990,"nyc_shootings",100,"development","train"
"2011-06-14",1991,2011,1,"development",365,"Distinct incident_key per occurrence date.",1991,"nyc_shootings",100,"development","train"
"2011-06-15",1992,2011,4,"development",365,"Distinct incident_key per occurrence date.",1992,"nyc_shootings",100,"development","train"
"2011-06-16",1993,2011,2,"development",365,"Distinct incident_key per occurrence date.",1993,"nyc_shootings",100,"development","train"
"2011-06-17",1994,2011,4,"development",365,"Distinct incident_key per occurrence date.",1994,"nyc_shootings",100,"development","train"
"2011-06-18",1995,2011,8,"development",365,"Distinct incident_key per occurrence date.",1995,"nyc_shootings",100,"development","train"
"2011-06-19",1996,2011,10,"development",365,"Distinct incident_key per occurrence date.",1996,"nyc_shootings",100,"development","train"
"2011-06-20",1997,2011,4,"development",365,"Distinct incident_key per occurrence date.",1997,"nyc_shootings",100,"development","train"
"2011-06-21",1998,2011,6,"development",365,"Distinct incident_key per occurrence date.",1998,"nyc_shootings",100,"development","train"
"2011-06-22",1999,2011,3,"development",365,"Distinct incident_key per occurrence date.",1999,"nyc_shootings",100,"development","train"
"2011-06-23",2000,2011,2,"development",365,"Distinct incident_key per occurrence date.",2000,"nyc_shootings",100,"development","train"
"2011-06-24",2001,2011,5,"development",365,"Distinct incident_key per occurrence date.",2001,"nyc_shootings",100,"development","train"
"2011-06-25",2002,2011,4,"development",365,"Distinct incident_key per occurrence date.",2002,"nyc_shootings",100,"development","train"
"2011-06-26",2003,2011,10,"development",365,"Distinct incident_key per occurrence date.",2003,"nyc_shootings",100,"development","train"
"2011-06-27",2004,2011,3,"development",365,"Distinct incident_key per occurrence date.",2004,"nyc_shootings",100,"development","train"
"2011-06-28",2005,2011,5,"development",365,"Distinct incident_key per occurrence date.",2005,"nyc_shootings",100,"development","train"
"2011-06-29",2006,2011,3,"development",365,"Distinct incident_key per occurrence date.",2006,"nyc_shootings",100,"development","train"
"2011-06-30",2007,2011,5,"development",365,"Distinct incident_key per occurrence date.",2007,"nyc_shootings",100,"development","train"
"2011-07-01",2008,2011,2,"development",365,"Distinct incident_key per occurrence date.",2008,"nyc_shootings",100,"development","train"
"2011-07-02",2009,2011,8,"development",365,"Distinct incident_key per occurrence date.",2009,"nyc_shootings",100,"development","train"
"2011-07-03",2010,2011,6,"development",365,"Distinct incident_key per occurrence date.",2010,"nyc_shootings",100,"development","train"
"2011-07-04",2011,2011,7,"development",365,"Distinct incident_key per occurrence date.",2011,"nyc_shootings",100,"development","train"
"2011-07-05",2012,2011,14,"development",365,"Distinct incident_key per occurrence date.",2012,"nyc_shootings",100,"development","train"
"2011-07-06",2013,2011,3,"development",365,"Distinct incident_key per occurrence date.",2013,"nyc_shootings",100,"development","train"
"2011-07-07",2014,2011,5,"development",365,"Distinct incident_key per occurrence date.",2014,"nyc_shootings",100,"development","train"
"2011-07-08",2015,2011,4,"development",365,"Distinct incident_key per occurrence date.",2015,"nyc_shootings",100,"development","train"
"2011-07-09",2016,2011,5,"development",365,"Distinct incident_key per occurrence date.",2016,"nyc_shootings",100,"development","train"
"2011-07-10",2017,2011,9,"development",365,"Distinct incident_key per occurrence date.",2017,"nyc_shootings",100,"development","train"
"2011-07-11",2018,2011,5,"development",365,"Distinct incident_key per occurrence date.",2018,"nyc_shootings",100,"development","train"
"2011-07-12",2019,2011,4,"development",365,"Distinct incident_key per occurrence date.",2019,"nyc_shootings",100,"development","train"
"2011-07-13",2020,2011,5,"development",365,"Distinct incident_key per occurrence date.",2020,"nyc_shootings",100,"development","train"
"2011-07-14",2021,2011,3,"development",365,"Distinct incident_key per occurrence date.",2021,"nyc_shootings",100,"development","train"
"2011-07-15",2022,2011,7,"development",365,"Distinct incident_key per occurrence date.",2022,"nyc_shootings",100,"development","train"
"2011-07-16",2023,2011,9,"development",365,"Distinct incident_key per occurrence date.",2023,"nyc_shootings",100,"development","train"
"2011-07-17",2024,2011,12,"development",365,"Distinct incident_key per occurrence date.",2024,"nyc_shootings",100,"development","train"
"2011-07-18",2025,2011,5,"development",365,"Distinct incident_key per occurrence date.",2025,"nyc_shootings",100,"development","train"
"2011-07-19",2026,2011,1,"development",365,"Distinct incident_key per occurrence date.",2026,"nyc_shootings",100,"development","train"
"2011-07-20",2027,2011,5,"development",365,"Distinct incident_key per occurrence date.",2027,"nyc_shootings",100,"development","train"
"2011-07-21",2028,2011,6,"development",365,"Distinct incident_key per occurrence date.",2028,"nyc_shootings",100,"development","train"
"2011-07-22",2029,2011,2,"development",365,"Distinct incident_key per occurrence date.",2029,"nyc_shootings",100,"development","train"
"2011-07-23",2030,2011,6,"development",365,"Distinct incident_key per occurrence date.",2030,"nyc_shootings",100,"development","train"
"2011-07-24",2031,2011,0,"development",365,"Distinct incident_key per occurrence date.",2031,"nyc_shootings",100,"development","train"
"2011-07-25",2032,2011,8,"development",365,"Distinct incident_key per occurrence date.",2032,"nyc_shootings",100,"development","train"
"2011-07-26",2033,2011,2,"development",365,"Distinct incident_key per occurrence date.",2033,"nyc_shootings",100,"development","train"
"2011-07-27",2034,2011,7,"development",365,"Distinct incident_key per occurrence date.",2034,"nyc_shootings",100,"development","train"
"2011-07-28",2035,2011,9,"development",365,"Distinct incident_key per occurrence date.",2035,"nyc_shootings",100,"development","train"
"2011-07-29",2036,2011,3,"development",365,"Distinct incident_key per occurrence date.",2036,"nyc_shootings",100,"development","train"
"2011-07-30",2037,2011,6,"development",365,"Distinct incident_key per occurrence date.",2037,"nyc_shootings",100,"development","train"
"2011-07-31",2038,2011,6,"development",365,"Distinct incident_key per occurrence date.",2038,"nyc_shootings",100,"development","train"
"2011-08-01",2039,2011,6,"development",365,"Distinct incident_key per occurrence date.",2039,"nyc_shootings",100,"development","train"
"2011-08-02",2040,2011,6,"development",365,"Distinct incident_key per occurrence date.",2040,"nyc_shootings",100,"development","train"
"2011-08-03",2041,2011,1,"development",365,"Distinct incident_key per occurrence date.",2041,"nyc_shootings",100,"development","train"
"2011-08-04",2042,2011,8,"development",365,"Distinct incident_key per occurrence date.",2042,"nyc_shootings",100,"development","train"
"2011-08-05",2043,2011,7,"development",365,"Distinct incident_key per occurrence date.",2043,"nyc_shootings",100,"development","train"
"2011-08-06",2044,2011,12,"development",365,"Distinct incident_key per occurrence date.",2044,"nyc_shootings",100,"development","train"
"2011-08-07",2045,2011,7,"development",365,"Distinct incident_key per occurrence date.",2045,"nyc_shootings",100,"development","train"
"2011-08-08",2046,2011,7,"development",365,"Distinct incident_key per occurrence date.",2046,"nyc_shootings",100,"development","train"
"2011-08-09",2047,2011,6,"development",365,"Distinct incident_key per occurrence date.",2047,"nyc_shootings",100,"development","train"
"2011-08-10",2048,2011,3,"development",365,"Distinct incident_key per occurrence date.",2048,"nyc_shootings",100,"development","train"
"2011-08-11",2049,2011,2,"development",365,"Distinct incident_key per occurrence date.",2049,"nyc_shootings",100,"development","train"
"2011-08-12",2050,2011,6,"development",365,"Distinct incident_key per occurrence date.",2050,"nyc_shootings",100,"development","train"
"2011-08-13",2051,2011,7,"development",365,"Distinct incident_key per occurrence date.",2051,"nyc_shootings",100,"development","train"
"2011-08-14",2052,2011,4,"development",365,"Distinct incident_key per occurrence date.",2052,"nyc_shootings",100,"development","train"
"2011-08-15",2053,2011,4,"development",365,"Distinct incident_key per occurrence date.",2053,"nyc_shootings",100,"development","train"
"2011-08-16",2054,2011,7,"development",365,"Distinct incident_key per occurrence date.",2054,"nyc_shootings",100,"development","train"
"2011-08-17",2055,2011,5,"development",365,"Distinct incident_key per occurrence date.",2055,"nyc_shootings",100,"development","train"
"2011-08-18",2056,2011,3,"development",365,"Distinct incident_key per occurrence date.",2056,"nyc_shootings",100,"development","train"
"2011-08-19",2057,2011,2,"development",365,"Distinct incident_key per occurrence date.",2057,"nyc_shootings",100,"development","train"
"2011-08-20",2058,2011,3,"development",365,"Distinct incident_key per occurrence date.",2058,"nyc_shootings",100,"development","train"
"2011-08-21",2059,2011,10,"development",365,"Distinct incident_key per occurrence date.",2059,"nyc_shootings",100,"development","train"
"2011-08-22",2060,2011,3,"development",365,"Distinct incident_key per occurrence date.",2060,"nyc_shootings",100,"development","train"
"2011-08-23",2061,2011,6,"development",365,"Distinct incident_key per occurrence date.",2061,"nyc_shootings",100,"development","train"
"2011-08-24",2062,2011,3,"development",365,"Distinct incident_key per occurrence date.",2062,"nyc_shootings",100,"development","train"
"2011-08-25",2063,2011,7,"development",365,"Distinct incident_key per occurrence date.",2063,"nyc_shootings",100,"development","train"
"2011-08-26",2064,2011,6,"development",365,"Distinct incident_key per occurrence date.",2064,"nyc_shootings",100,"development","train"
"2011-08-27",2065,2011,8,"development",365,"Distinct incident_key per occurrence date.",2065,"nyc_shootings",100,"development","train"
"2011-08-28",2066,2011,1,"development",365,"Distinct incident_key per occurrence date.",2066,"nyc_shootings",100,"development","train"
"2011-08-29",2067,2011,14,"development",365,"Distinct incident_key per occurrence date.",2067,"nyc_shootings",100,"development","train"
"2011-08-30",2068,2011,6,"development",365,"Distinct incident_key per occurrence date.",2068,"nyc_shootings",100,"development","train"
"2011-08-31",2069,2011,9,"development",365,"Distinct incident_key per occurrence date.",2069,"nyc_shootings",100,"development","train"
"2011-09-01",2070,2011,3,"development",365,"Distinct incident_key per occurrence date.",2070,"nyc_shootings",100,"development","train"
"2011-09-02",2071,2011,8,"development",365,"Distinct incident_key per occurrence date.",2071,"nyc_shootings",100,"development","train"
"2011-09-03",2072,2011,11,"development",365,"Distinct incident_key per occurrence date.",2072,"nyc_shootings",100,"development","train"
"2011-09-04",2073,2011,21,"development",365,"Distinct incident_key per occurrence date.",2073,"nyc_shootings",100,"development","train"
"2011-09-05",2074,2011,8,"development",365,"Distinct incident_key per occurrence date.",2074,"nyc_shootings",100,"development","train"
"2011-09-06",2075,2011,2,"development",365,"Distinct incident_key per occurrence date.",2075,"nyc_shootings",100,"development","train"
"2011-09-07",2076,2011,3,"development",365,"Distinct incident_key per occurrence date.",2076,"nyc_shootings",100,"development","train"
"2011-09-08",2077,2011,3,"development",365,"Distinct incident_key per occurrence date.",2077,"nyc_shootings",100,"development","train"
"2011-09-09",2078,2011,5,"development",365,"Distinct incident_key per occurrence date.",2078,"nyc_shootings",100,"development","train"
"2011-09-10",2079,2011,7,"development",365,"Distinct incident_key per occurrence date.",2079,"nyc_shootings",100,"development","train"
"2011-09-11",2080,2011,10,"development",365,"Distinct incident_key per occurrence date.",2080,"nyc_shootings",100,"development","train"
"2011-09-12",2081,2011,4,"development",365,"Distinct incident_key per occurrence date.",2081,"nyc_shootings",100,"development","train"
"2011-09-13",2082,2011,1,"development",365,"Distinct incident_key per occurrence date.",2082,"nyc_shootings",100,"development","train"
"2011-09-14",2083,2011,4,"development",365,"Distinct incident_key per occurrence date.",2083,"nyc_shootings",100,"development","train"
"2011-09-15",2084,2011,2,"development",365,"Distinct incident_key per occurrence date.",2084,"nyc_shootings",100,"development","train"
"2011-09-16",2085,2011,4,"development",365,"Distinct incident_key per occurrence date.",2085,"nyc_shootings",100,"development","train"
"2011-09-17",2086,2011,6,"development",365,"Distinct incident_key per occurrence date.",2086,"nyc_shootings",100,"development","train"
"2011-09-18",2087,2011,8,"development",365,"Distinct incident_key per occurrence date.",2087,"nyc_shootings",100,"development","train"
"2011-09-19",2088,2011,4,"development",365,"Distinct incident_key per occurrence date.",2088,"nyc_shootings",100,"development","train"
"2011-09-20",2089,2011,3,"development",365,"Distinct incident_key per occurrence date.",2089,"nyc_shootings",100,"development","train"
"2011-09-21",2090,2011,6,"development",365,"Distinct incident_key per occurrence date.",2090,"nyc_shootings",100,"development","train"
"2011-09-22",2091,2011,2,"development",365,"Distinct incident_key per occurrence date.",2091,"nyc_shootings",100,"development","train"
"2011-09-23",2092,2011,4,"development",365,"Distinct incident_key per occurrence date.",2092,"nyc_shootings",100,"development","train"
"2011-09-24",2093,2011,6,"development",365,"Distinct incident_key per occurrence date.",2093,"nyc_shootings",100,"development","train"
"2011-09-25",2094,2011,12,"development",365,"Distinct incident_key per occurrence date.",2094,"nyc_shootings",100,"development","train"
"2011-09-26",2095,2011,2,"development",365,"Distinct incident_key per occurrence date.",2095,"nyc_shootings",100,"development","train"
"2011-09-27",2096,2011,7,"development",365,"Distinct incident_key per occurrence date.",2096,"nyc_shootings",100,"development","train"
"2011-09-28",2097,2011,5,"development",365,"Distinct incident_key per occurrence date.",2097,"nyc_shootings",100,"development","train"
"2011-09-29",2098,2011,2,"development",365,"Distinct incident_key per occurrence date.",2098,"nyc_shootings",100,"development","train"
"2011-09-30",2099,2011,5,"development",365,"Distinct incident_key per occurrence date.",2099,"nyc_shootings",100,"development","train"
"2011-10-01",2100,2011,4,"development",365,"Distinct incident_key per occurrence date.",2100,"nyc_shootings",100,"development","train"
"2011-10-02",2101,2011,5,"development",365,"Distinct incident_key per occurrence date.",2101,"nyc_shootings",100,"development","train"
"2011-10-03",2102,2011,3,"development",365,"Distinct incident_key per occurrence date.",2102,"nyc_shootings",100,"development","train"
"2011-10-04",2103,2011,6,"development",365,"Distinct incident_key per occurrence date.",2103,"nyc_shootings",100,"development","train"
"2011-10-05",2104,2011,1,"development",365,"Distinct incident_key per occurrence date.",2104,"nyc_shootings",100,"development","train"
"2011-10-06",2105,2011,1,"development",365,"Distinct incident_key per occurrence date.",2105,"nyc_shootings",100,"development","train"
"2011-10-07",2106,2011,3,"development",365,"Distinct incident_key per occurrence date.",2106,"nyc_shootings",100,"development","train"
"2011-10-08",2107,2011,5,"development",365,"Distinct incident_key per occurrence date.",2107,"nyc_shootings",100,"development","train"
"2011-10-09",2108,2011,11,"development",365,"Distinct incident_key per occurrence date.",2108,"nyc_shootings",100,"development","train"
"2011-10-10",2109,2011,7,"development",365,"Distinct incident_key per occurrence date.",2109,"nyc_shootings",100,"development","train"
"2011-10-11",2110,2011,3,"development",365,"Distinct incident_key per occurrence date.",2110,"nyc_shootings",100,"development","train"
"2011-10-12",2111,2011,5,"development",365,"Distinct incident_key per occurrence date.",2111,"nyc_shootings",100,"development","train"
"2011-10-13",2112,2011,3,"development",365,"Distinct incident_key per occurrence date.",2112,"nyc_shootings",100,"development","train"
"2011-10-14",2113,2011,8,"development",365,"Distinct incident_key per occurrence date.",2113,"nyc_shootings",100,"development","train"
"2011-10-15",2114,2011,11,"development",365,"Distinct incident_key per occurrence date.",2114,"nyc_shootings",100,"development","train"
"2011-10-16",2115,2011,12,"development",365,"Distinct incident_key per occurrence date.",2115,"nyc_shootings",100,"development","train"
"2011-10-17",2116,2011,9,"development",365,"Distinct incident_key per occurrence date.",2116,"nyc_shootings",100,"development","train"
"2011-10-18",2117,2011,4,"development",365,"Distinct incident_key per occurrence date.",2117,"nyc_shootings",100,"development","train"
"2011-10-19",2118,2011,1,"development",365,"Distinct incident_key per occurrence date.",2118,"nyc_shootings",100,"development","train"
"2011-10-20",2119,2011,5,"development",365,"Distinct incident_key per occurrence date.",2119,"nyc_shootings",100,"development","train"
"2011-10-21",2120,2011,5,"development",365,"Distinct incident_key per occurrence date.",2120,"nyc_shootings",100,"development","train"
"2011-10-22",2121,2011,11,"development",365,"Distinct incident_key per occurrence date.",2121,"nyc_shootings",100,"development","train"
"2011-10-23",2122,2011,5,"development",365,"Distinct incident_key per occurrence date.",2122,"nyc_shootings",100,"development","train"
"2011-10-24",2123,2011,4,"development",365,"Distinct incident_key per occurrence date.",2123,"nyc_shootings",100,"development","train"
"2011-10-25",2124,2011,0,"development",365,"Distinct incident_key per occurrence date.",2124,"nyc_shootings",100,"development","train"
"2011-10-26",2125,2011,0,"development",365,"Distinct incident_key per occurrence date.",2125,"nyc_shootings",100,"development","train"
"2011-10-27",2126,2011,1,"development",365,"Distinct incident_key per occurrence date.",2126,"nyc_shootings",100,"development","train"
"2011-10-28",2127,2011,7,"development",365,"Distinct incident_key per occurrence date.",2127,"nyc_shootings",100,"development","train"
"2011-10-29",2128,2011,4,"development",365,"Distinct incident_key per occurrence date.",2128,"nyc_shootings",100,"development","train"
"2011-10-30",2129,2011,6,"development",365,"Distinct incident_key per occurrence date.",2129,"nyc_shootings",100,"development","train"
"2011-10-31",2130,2011,5,"development",365,"Distinct incident_key per occurrence date.",2130,"nyc_shootings",100,"development","train"
"2011-11-01",2131,2011,4,"development",365,"Distinct incident_key per occurrence date.",2131,"nyc_shootings",100,"development","train"
"2011-11-02",2132,2011,3,"development",365,"Distinct incident_key per occurrence date.",2132,"nyc_shootings",100,"development","train"
"2011-11-03",2133,2011,0,"development",365,"Distinct incident_key per occurrence date.",2133,"nyc_shootings",100,"development","train"
"2011-11-04",2134,2011,3,"development",365,"Distinct incident_key per occurrence date.",2134,"nyc_shootings",100,"development","train"
"2011-11-05",2135,2011,3,"development",365,"Distinct incident_key per occurrence date.",2135,"nyc_shootings",100,"development","train"
"2011-11-06",2136,2011,2,"development",365,"Distinct incident_key per occurrence date.",2136,"nyc_shootings",100,"development","train"
"2011-11-07",2137,2011,5,"development",365,"Distinct incident_key per occurrence date.",2137,"nyc_shootings",100,"development","train"
"2011-11-08",2138,2011,4,"development",365,"Distinct incident_key per occurrence date.",2138,"nyc_shootings",100,"development","train"
"2011-11-09",2139,2011,5,"development",365,"Distinct incident_key per occurrence date.",2139,"nyc_shootings",100,"development","train"
"2011-11-10",2140,2011,2,"development",365,"Distinct incident_key per occurrence date.",2140,"nyc_shootings",100,"development","train"
"2011-11-11",2141,2011,5,"development",365,"Distinct incident_key per occurrence date.",2141,"nyc_shootings",100,"development","train"
"2011-11-12",2142,2011,6,"development",365,"Distinct incident_key per occurrence date.",2142,"nyc_shootings",100,"development","train"
"2011-11-13",2143,2011,8,"development",365,"Distinct incident_key per occurrence date.",2143,"nyc_shootings",100,"development","train"
"2011-11-14",2144,2011,1,"development",365,"Distinct incident_key per occurrence date.",2144,"nyc_shootings",100,"development","train"
"2011-11-15",2145,2011,4,"development",365,"Distinct incident_key per occurrence date.",2145,"nyc_shootings",100,"development","train"
"2011-11-16",2146,2011,2,"development",365,"Distinct incident_key per occurrence date.",2146,"nyc_shootings",100,"development","train"
"2011-11-17",2147,2011,4,"development",365,"Distinct incident_key per occurrence date.",2147,"nyc_shootings",100,"development","train"
"2011-11-18",2148,2011,3,"development",365,"Distinct incident_key per occurrence date.",2148,"nyc_shootings",100,"development","train"
"2011-11-19",2149,2011,4,"development",365,"Distinct incident_key per occurrence date.",2149,"nyc_shootings",100,"development","train"
"2011-11-20",2150,2011,8,"development",365,"Distinct incident_key per occurrence date.",2150,"nyc_shootings",100,"development","train"
"2011-11-21",2151,2011,5,"development",365,"Distinct incident_key per occurrence date.",2151,"nyc_shootings",100,"development","train"
"2011-11-22",2152,2011,4,"development",365,"Distinct incident_key per occurrence date.",2152,"nyc_shootings",100,"development","train"
"2011-11-23",2153,2011,5,"development",365,"Distinct incident_key per occurrence date.",2153,"nyc_shootings",100,"development","train"
"2011-11-24",2154,2011,6,"development",365,"Distinct incident_key per occurrence date.",2154,"nyc_shootings",100,"development","train"
"2011-11-25",2155,2011,5,"development",365,"Distinct incident_key per occurrence date.",2155,"nyc_shootings",100,"development","train"
"2011-11-26",2156,2011,3,"development",365,"Distinct incident_key per occurrence date.",2156,"nyc_shootings",100,"development","train"
"2011-11-27",2157,2011,3,"development",365,"Distinct incident_key per occurrence date.",2157,"nyc_shootings",100,"development","train"
"2011-11-28",2158,2011,2,"development",365,"Distinct incident_key per occurrence date.",2158,"nyc_shootings",100,"development","train"
"2011-11-29",2159,2011,3,"development",365,"Distinct incident_key per occurrence date.",2159,"nyc_shootings",100,"development","train"
"2011-11-30",2160,2011,0,"development",365,"Distinct incident_key per occurrence date.",2160,"nyc_shootings",100,"development","train"
"2011-12-01",2161,2011,2,"development",365,"Distinct incident_key per occurrence date.",2161,"nyc_shootings",100,"development","train"
"2011-12-02",2162,2011,6,"development",365,"Distinct incident_key per occurrence date.",2162,"nyc_shootings",100,"development","train"
"2011-12-03",2163,2011,7,"development",365,"Distinct incident_key per occurrence date.",2163,"nyc_shootings",100,"development","train"
"2011-12-04",2164,2011,8,"development",365,"Distinct incident_key per occurrence date.",2164,"nyc_shootings",100,"development","train"
"2011-12-05",2165,2011,5,"development",365,"Distinct incident_key per occurrence date.",2165,"nyc_shootings",100,"development","train"
"2011-12-06",2166,2011,3,"development",365,"Distinct incident_key per occurrence date.",2166,"nyc_shootings",100,"development","train"
"2011-12-07",2167,2011,1,"development",365,"Distinct incident_key per occurrence date.",2167,"nyc_shootings",100,"development","train"
"2011-12-08",2168,2011,3,"development",365,"Distinct incident_key per occurrence date.",2168,"nyc_shootings",100,"development","train"
"2011-12-09",2169,2011,0,"development",365,"Distinct incident_key per occurrence date.",2169,"nyc_shootings",100,"development","train"
"2011-12-10",2170,2011,6,"development",365,"Distinct incident_key per occurrence date.",2170,"nyc_shootings",100,"development","train"
"2011-12-11",2171,2011,4,"development",365,"Distinct incident_key per occurrence date.",2171,"nyc_shootings",100,"development","train"
"2011-12-12",2172,2011,6,"development",365,"Distinct incident_key per occurrence date.",2172,"nyc_shootings",100,"development","train"
"2011-12-13",2173,2011,4,"development",365,"Distinct incident_key per occurrence date.",2173,"nyc_shootings",100,"development","train"
"2011-12-14",2174,2011,4,"development",365,"Distinct incident_key per occurrence date.",2174,"nyc_shootings",100,"development","train"
"2011-12-15",2175,2011,4,"development",365,"Distinct incident_key per occurrence date.",2175,"nyc_shootings",100,"development","train"
"2011-12-16",2176,2011,3,"development",365,"Distinct incident_key per occurrence date.",2176,"nyc_shootings",100,"development","train"
"2011-12-17",2177,2011,4,"development",365,"Distinct incident_key per occurrence date.",2177,"nyc_shootings",100,"development","train"
"2011-12-18",2178,2011,4,"development",365,"Distinct incident_key per occurrence date.",2178,"nyc_shootings",100,"development","train"
"2011-12-19",2179,2011,2,"development",365,"Distinct incident_key per occurrence date.",2179,"nyc_shootings",100,"development","train"
"2011-12-20",2180,2011,0,"development",365,"Distinct incident_key per occurrence date.",2180,"nyc_shootings",100,"development","train"
"2011-12-21",2181,2011,4,"development",365,"Distinct incident_key per occurrence date.",2181,"nyc_shootings",100,"development","train"
"2011-12-22",2182,2011,5,"development",365,"Distinct incident_key per occurrence date.",2182,"nyc_shootings",100,"development","train"
"2011-12-23",2183,2011,2,"development",365,"Distinct incident_key per occurrence date.",2183,"nyc_shootings",100,"development","train"
"2011-12-24",2184,2011,3,"development",365,"Distinct incident_key per occurrence date.",2184,"nyc_shootings",100,"development","train"
"2011-12-25",2185,2011,4,"development",365,"Distinct incident_key per occurrence date.",2185,"nyc_shootings",100,"development","train"
"2011-12-26",2186,2011,6,"development",365,"Distinct incident_key per occurrence date.",2186,"nyc_shootings",100,"development","train"
"2011-12-27",2187,2011,5,"development",365,"Distinct incident_key per occurrence date.",2187,"nyc_shootings",100,"development","train"
"2011-12-28",2188,2011,1,"development",365,"Distinct incident_key per occurrence date.",2188,"nyc_shootings",100,"development","train"
"2011-12-29",2189,2011,1,"development",365,"Distinct incident_key per occurrence date.",2189,"nyc_shootings",100,"development","train"
"2011-12-30",2190,2011,3,"development",365,"Distinct incident_key per occurrence date.",2190,"nyc_shootings",100,"development","train"
"2011-12-31",2191,2011,9,"development",365,"Distinct incident_key per occurrence date.",2191,"nyc_shootings",100,"development","train"
"2012-01-01",2192,2012,11,"development",365,"Distinct incident_key per occurrence date.",2192,"nyc_shootings",100,"development","train"
"2012-01-02",2193,2012,2,"development",365,"Distinct incident_key per occurrence date.",2193,"nyc_shootings",100,"development","train"
"2012-01-03",2194,2012,2,"development",365,"Distinct incident_key per occurrence date.",2194,"nyc_shootings",100,"development","train"
"2012-01-04",2195,2012,1,"development",365,"Distinct incident_key per occurrence date.",2195,"nyc_shootings",100,"development","train"
"2012-01-05",2196,2012,3,"development",365,"Distinct incident_key per occurrence date.",2196,"nyc_shootings",100,"development","train"
"2012-01-06",2197,2012,4,"development",365,"Distinct incident_key per occurrence date.",2197,"nyc_shootings",100,"development","train"
"2012-01-07",2198,2012,3,"development",365,"Distinct incident_key per occurrence date.",2198,"nyc_shootings",100,"development","train"
"2012-01-08",2199,2012,2,"development",365,"Distinct incident_key per occurrence date.",2199,"nyc_shootings",100,"development","train"
"2012-01-09",2200,2012,2,"development",365,"Distinct incident_key per occurrence date.",2200,"nyc_shootings",100,"development","train"
"2012-01-10",2201,2012,3,"development",365,"Distinct incident_key per occurrence date.",2201,"nyc_shootings",100,"development","train"
"2012-01-11",2202,2012,3,"development",365,"Distinct incident_key per occurrence date.",2202,"nyc_shootings",100,"development","train"
"2012-01-12",2203,2012,3,"development",365,"Distinct incident_key per occurrence date.",2203,"nyc_shootings",100,"development","train"
"2012-01-13",2204,2012,4,"development",365,"Distinct incident_key per occurrence date.",2204,"nyc_shootings",100,"development","train"
"2012-01-14",2205,2012,2,"development",365,"Distinct incident_key per occurrence date.",2205,"nyc_shootings",100,"development","train"
"2012-01-15",2206,2012,1,"development",365,"Distinct incident_key per occurrence date.",2206,"nyc_shootings",100,"development","train"
"2012-01-16",2207,2012,3,"development",365,"Distinct incident_key per occurrence date.",2207,"nyc_shootings",100,"development","train"
"2012-01-17",2208,2012,1,"development",365,"Distinct incident_key per occurrence date.",2208,"nyc_shootings",100,"development","train"
"2012-01-18",2209,2012,3,"development",365,"Distinct incident_key per occurrence date.",2209,"nyc_shootings",100,"development","train"
"2012-01-19",2210,2012,2,"development",365,"Distinct incident_key per occurrence date.",2210,"nyc_shootings",100,"development","train"
"2012-01-20",2211,2012,2,"development",365,"Distinct incident_key per occurrence date.",2211,"nyc_shootings",100,"development","train"
"2012-01-21",2212,2012,9,"development",365,"Distinct incident_key per occurrence date.",2212,"nyc_shootings",100,"development","train"
"2012-01-22",2213,2012,3,"development",365,"Distinct incident_key per occurrence date.",2213,"nyc_shootings",100,"development","train"
"2012-01-23",2214,2012,1,"development",365,"Distinct incident_key per occurrence date.",2214,"nyc_shootings",100,"development","train"
"2012-01-24",2215,2012,3,"development",365,"Distinct incident_key per occurrence date.",2215,"nyc_shootings",100,"development","train"
"2012-01-25",2216,2012,1,"development",365,"Distinct incident_key per occurrence date.",2216,"nyc_shootings",100,"development","train"
"2012-01-26",2217,2012,1,"development",365,"Distinct incident_key per occurrence date.",2217,"nyc_shootings",100,"development","train"
"2012-01-27",2218,2012,3,"development",365,"Distinct incident_key per occurrence date.",2218,"nyc_shootings",100,"development","train"
"2012-01-28",2219,2012,4,"development",365,"Distinct incident_key per occurrence date.",2219,"nyc_shootings",100,"development","train"
"2012-01-29",2220,2012,3,"development",365,"Distinct incident_key per occurrence date.",2220,"nyc_shootings",100,"development","train"
"2012-01-30",2221,2012,2,"development",365,"Distinct incident_key per occurrence date.",2221,"nyc_shootings",100,"development","train"
"2012-01-31",2222,2012,4,"development",365,"Distinct incident_key per occurrence date.",2222,"nyc_shootings",100,"development","train"
"2012-02-01",2223,2012,3,"development",365,"Distinct incident_key per occurrence date.",2223,"nyc_shootings",100,"development","train"
"2012-02-02",2224,2012,3,"development",365,"Distinct incident_key per occurrence date.",2224,"nyc_shootings",100,"development","train"
"2012-02-03",2225,2012,0,"development",365,"Distinct incident_key per occurrence date.",2225,"nyc_shootings",100,"development","train"
"2012-02-04",2226,2012,5,"development",365,"Distinct incident_key per occurrence date.",2226,"nyc_shootings",100,"development","train"
"2012-02-05",2227,2012,6,"development",365,"Distinct incident_key per occurrence date.",2227,"nyc_shootings",100,"development","train"
"2012-02-06",2228,2012,0,"development",365,"Distinct incident_key per occurrence date.",2228,"nyc_shootings",100,"development","train"
"2012-02-07",2229,2012,0,"development",365,"Distinct incident_key per occurrence date.",2229,"nyc_shootings",100,"development","train"
"2012-02-08",2230,2012,6,"development",365,"Distinct incident_key per occurrence date.",2230,"nyc_shootings",100,"development","train"
"2012-02-09",2231,2012,0,"development",365,"Distinct incident_key per occurrence date.",2231,"nyc_shootings",100,"development","train"
"2012-02-10",2232,2012,2,"development",365,"Distinct incident_key per occurrence date.",2232,"nyc_shootings",100,"development","train"
"2012-02-11",2233,2012,7,"development",365,"Distinct incident_key per occurrence date.",2233,"nyc_shootings",100,"development","train"
"2012-02-12",2234,2012,0,"development",365,"Distinct incident_key per occurrence date.",2234,"nyc_shootings",100,"development","train"
"2012-02-13",2235,2012,7,"development",365,"Distinct incident_key per occurrence date.",2235,"nyc_shootings",100,"development","train"
"2012-02-14",2236,2012,1,"development",365,"Distinct incident_key per occurrence date.",2236,"nyc_shootings",100,"development","train"
"2012-02-15",2237,2012,0,"development",365,"Distinct incident_key per occurrence date.",2237,"nyc_shootings",100,"development","train"
"2012-02-16",2238,2012,3,"development",365,"Distinct incident_key per occurrence date.",2238,"nyc_shootings",100,"development","train"
"2012-02-17",2239,2012,3,"development",365,"Distinct incident_key per occurrence date.",2239,"nyc_shootings",100,"development","train"
"2012-02-18",2240,2012,6,"development",365,"Distinct incident_key per occurrence date.",2240,"nyc_shootings",100,"development","train"
"2012-02-19",2241,2012,3,"development",365,"Distinct incident_key per occurrence date.",2241,"nyc_shootings",100,"development","train"
"2012-02-20",2242,2012,1,"development",365,"Distinct incident_key per occurrence date.",2242,"nyc_shootings",100,"development","train"
"2012-02-21",2243,2012,5,"development",365,"Distinct incident_key per occurrence date.",2243,"nyc_shootings",100,"development","train"
"2012-02-22",2244,2012,1,"development",365,"Distinct incident_key per occurrence date.",2244,"nyc_shootings",100,"development","train"
"2012-02-23",2245,2012,2,"development",365,"Distinct incident_key per occurrence date.",2245,"nyc_shootings",100,"development","train"
"2012-02-24",2246,2012,2,"development",365,"Distinct incident_key per occurrence date.",2246,"nyc_shootings",100,"development","train"
"2012-02-25",2247,2012,7,"development",365,"Distinct incident_key per occurrence date.",2247,"nyc_shootings",100,"development","train"
"2012-02-26",2248,2012,6,"development",365,"Distinct incident_key per occurrence date.",2248,"nyc_shootings",100,"development","train"
"2012-02-27",2249,2012,3,"development",365,"Distinct incident_key per occurrence date.",2249,"nyc_shootings",100,"development","train"
"2012-02-28",2250,2012,1,"development",365,"Distinct incident_key per occurrence date.",2250,"nyc_shootings",100,"development","train"
"2012-02-29",2251,2012,0,"development",365,"Distinct incident_key per occurrence date.",2251,"nyc_shootings",100,"development","train"
"2012-03-01",2252,2012,3,"development",365,"Distinct incident_key per occurrence date.",2252,"nyc_shootings",100,"development","train"
"2012-03-02",2253,2012,4,"development",365,"Distinct incident_key per occurrence date.",2253,"nyc_shootings",100,"development","train"
"2012-03-03",2254,2012,6,"development",365,"Distinct incident_key per occurrence date.",2254,"nyc_shootings",100,"development","train"
"2012-03-04",2255,2012,3,"development",365,"Distinct incident_key per occurrence date.",2255,"nyc_shootings",100,"development","train"
"2012-03-05",2256,2012,2,"development",365,"Distinct incident_key per occurrence date.",2256,"nyc_shootings",100,"development","train"
"2012-03-06",2257,2012,3,"development",365,"Distinct incident_key per occurrence date.",2257,"nyc_shootings",100,"development","train"
"2012-03-07",2258,2012,2,"development",365,"Distinct incident_key per occurrence date.",2258,"nyc_shootings",100,"development","train"
"2012-03-08",2259,2012,7,"development",365,"Distinct incident_key per occurrence date.",2259,"nyc_shootings",100,"development","train"
"2012-03-09",2260,2012,1,"development",365,"Distinct incident_key per occurrence date.",2260,"nyc_shootings",100,"development","train"
"2012-03-10",2261,2012,5,"development",365,"Distinct incident_key per occurrence date.",2261,"nyc_shootings",100,"development","train"
"2012-03-11",2262,2012,5,"development",365,"Distinct incident_key per occurrence date.",2262,"nyc_shootings",100,"development","train"
"2012-03-12",2263,2012,2,"development",365,"Distinct incident_key per occurrence date.",2263,"nyc_shootings",100,"development","train"
"2012-03-13",2264,2012,3,"development",365,"Distinct incident_key per occurrence date.",2264,"nyc_shootings",100,"development","train"
"2012-03-14",2265,2012,1,"development",365,"Distinct incident_key per occurrence date.",2265,"nyc_shootings",100,"development","train"
"2012-03-15",2266,2012,3,"development",365,"Distinct incident_key per occurrence date.",2266,"nyc_shootings",100,"development","train"
"2012-03-16",2267,2012,1,"development",365,"Distinct incident_key per occurrence date.",2267,"nyc_shootings",100,"development","train"
"2012-03-17",2268,2012,6,"development",365,"Distinct incident_key per occurrence date.",2268,"nyc_shootings",100,"development","train"
"2012-03-18",2269,2012,4,"development",365,"Distinct incident_key per occurrence date.",2269,"nyc_shootings",100,"development","train"
"2012-03-19",2270,2012,9,"development",365,"Distinct incident_key per occurrence date.",2270,"nyc_shootings",100,"development","train"
"2012-03-20",2271,2012,6,"development",365,"Distinct incident_key per occurrence date.",2271,"nyc_shootings",100,"development","train"
"2012-03-21",2272,2012,4,"development",365,"Distinct incident_key per occurrence date.",2272,"nyc_shootings",100,"development","train"
"2012-03-22",2273,2012,1,"development",365,"Distinct incident_key per occurrence date.",2273,"nyc_shootings",100,"development","train"
"2012-03-23",2274,2012,4,"development",365,"Distinct incident_key per occurrence date.",2274,"nyc_shootings",100,"development","train"
"2012-03-24",2275,2012,4,"development",365,"Distinct incident_key per occurrence date.",2275,"nyc_shootings",100,"development","train"
"2012-03-25",2276,2012,7,"development",365,"Distinct incident_key per occurrence date.",2276,"nyc_shootings",100,"development","train"
"2012-03-26",2277,2012,3,"development",365,"Distinct incident_key per occurrence date.",2277,"nyc_shootings",100,"development","train"
"2012-03-27",2278,2012,1,"development",365,"Distinct incident_key per occurrence date.",2278,"nyc_shootings",100,"development","train"
"2012-03-28",2279,2012,0,"development",365,"Distinct incident_key per occurrence date.",2279,"nyc_shootings",100,"development","train"
"2012-03-29",2280,2012,0,"development",365,"Distinct incident_key per occurrence date.",2280,"nyc_shootings",100,"development","train"
"2012-03-30",2281,2012,2,"development",365,"Distinct incident_key per occurrence date.",2281,"nyc_shootings",100,"development","train"
"2012-03-31",2282,2012,2,"development",365,"Distinct incident_key per occurrence date.",2282,"nyc_shootings",100,"development","train"
"2012-04-01",2283,2012,1,"development",365,"Distinct incident_key per occurrence date.",2283,"nyc_shootings",100,"development","train"
"2012-04-02",2284,2012,4,"development",365,"Distinct incident_key per occurrence date.",2284,"nyc_shootings",100,"development","train"
"2012-04-03",2285,2012,1,"development",365,"Distinct incident_key per occurrence date.",2285,"nyc_shootings",100,"development","train"
"2012-04-04",2286,2012,4,"development",365,"Distinct incident_key per occurrence date.",2286,"nyc_shootings",100,"development","train"
"2012-04-05",2287,2012,1,"development",365,"Distinct incident_key per occurrence date.",2287,"nyc_shootings",100,"development","train"
"2012-04-06",2288,2012,2,"development",365,"Distinct incident_key per occurrence date.",2288,"nyc_shootings",100,"development","train"
"2012-04-07",2289,2012,5,"development",365,"Distinct incident_key per occurrence date.",2289,"nyc_shootings",100,"development","train"
"2012-04-08",2290,2012,4,"development",365,"Distinct incident_key per occurrence date.",2290,"nyc_shootings",100,"development","train"
"2012-04-09",2291,2012,2,"development",365,"Distinct incident_key per occurrence date.",2291,"nyc_shootings",100,"development","train"
"2012-04-10",2292,2012,1,"development",365,"Distinct incident_key per occurrence date.",2292,"nyc_shootings",100,"development","train"
"2012-04-11",2293,2012,2,"development",365,"Distinct incident_key per occurrence date.",2293,"nyc_shootings",100,"development","train"
"2012-04-12",2294,2012,1,"development",365,"Distinct incident_key per occurrence date.",2294,"nyc_shootings",100,"development","train"
"2012-04-13",2295,2012,1,"development",365,"Distinct incident_key per occurrence date.",2295,"nyc_shootings",100,"development","train"
"2012-04-14",2296,2012,9,"development",365,"Distinct incident_key per occurrence date.",2296,"nyc_shootings",100,"development","train"
"2012-04-15",2297,2012,7,"development",365,"Distinct incident_key per occurrence date.",2297,"nyc_shootings",100,"development","train"
"2012-04-16",2298,2012,5,"development",365,"Distinct incident_key per occurrence date.",2298,"nyc_shootings",100,"development","train"
"2012-04-17",2299,2012,8,"development",365,"Distinct incident_key per occurrence date.",2299,"nyc_shootings",100,"development","train"
"2012-04-18",2300,2012,5,"development",365,"Distinct incident_key per occurrence date.",2300,"nyc_shootings",100,"development","train"
"2012-04-19",2301,2012,2,"development",365,"Distinct incident_key per occurrence date.",2301,"nyc_shootings",100,"development","train"
"2012-04-20",2302,2012,5,"development",365,"Distinct incident_key per occurrence date.",2302,"nyc_shootings",100,"development","train"
"2012-04-21",2303,2012,2,"development",365,"Distinct incident_key per occurrence date.",2303,"nyc_shootings",100,"development","train"
"2012-04-22",2304,2012,5,"development",365,"Distinct incident_key per occurrence date.",2304,"nyc_shootings",100,"development","train"
"2012-04-23",2305,2012,2,"development",365,"Distinct incident_key per occurrence date.",2305,"nyc_shootings",100,"development","train"
"2012-04-24",2306,2012,3,"development",365,"Distinct incident_key per occurrence date.",2306,"nyc_shootings",100,"development","train"
"2012-04-25",2307,2012,5,"development",365,"Distinct incident_key per occurrence date.",2307,"nyc_shootings",100,"development","train"
"2012-04-26",2308,2012,1,"development",365,"Distinct incident_key per occurrence date.",2308,"nyc_shootings",100,"development","train"
"2012-04-27",2309,2012,1,"development",365,"Distinct incident_key per occurrence date.",2309,"nyc_shootings",100,"development","train"
"2012-04-28",2310,2012,2,"development",365,"Distinct incident_key per occurrence date.",2310,"nyc_shootings",100,"development","train"
"2012-04-29",2311,2012,6,"development",365,"Distinct incident_key per occurrence date.",2311,"nyc_shootings",100,"development","train"
"2012-04-30",2312,2012,1,"development",365,"Distinct incident_key per occurrence date.",2312,"nyc_shootings",100,"development","train"
"2012-05-01",2313,2012,3,"development",365,"Distinct incident_key per occurrence date.",2313,"nyc_shootings",100,"development","train"
"2012-05-02",2314,2012,2,"development",365,"Distinct incident_key per occurrence date.",2314,"nyc_shootings",100,"development","train"
"2012-05-03",2315,2012,1,"development",365,"Distinct incident_key per occurrence date.",2315,"nyc_shootings",100,"development","train"
"2012-05-04",2316,2012,2,"development",365,"Distinct incident_key per occurrence date.",2316,"nyc_shootings",100,"development","train"
"2012-05-05",2317,2012,5,"development",365,"Distinct incident_key per occurrence date.",2317,"nyc_shootings",100,"development","train"
"2012-05-06",2318,2012,4,"development",365,"Distinct incident_key per occurrence date.",2318,"nyc_shootings",100,"development","train"
"2012-05-07",2319,2012,0,"development",365,"Distinct incident_key per occurrence date.",2319,"nyc_shootings",100,"development","train"
"2012-05-08",2320,2012,2,"development",365,"Distinct incident_key per occurrence date.",2320,"nyc_shootings",100,"development","train"
"2012-05-09",2321,2012,2,"development",365,"Distinct incident_key per occurrence date.",2321,"nyc_shootings",100,"development","train"
"2012-05-10",2322,2012,4,"development",365,"Distinct incident_key per occurrence date.",2322,"nyc_shootings",100,"development","train"
"2012-05-11",2323,2012,3,"development",365,"Distinct incident_key per occurrence date.",2323,"nyc_shootings",100,"development","train"
"2012-05-12",2324,2012,12,"development",365,"Distinct incident_key per occurrence date.",2324,"nyc_shootings",100,"development","train"
"2012-05-13",2325,2012,8,"development",365,"Distinct incident_key per occurrence date.",2325,"nyc_shootings",100,"development","train"
"2012-05-14",2326,2012,5,"development",365,"Distinct incident_key per occurrence date.",2326,"nyc_shootings",100,"development","train"
"2012-05-15",2327,2012,1,"development",365,"Distinct incident_key per occurrence date.",2327,"nyc_shootings",100,"development","train"
"2012-05-16",2328,2012,6,"development",365,"Distinct incident_key per occurrence date.",2328,"nyc_shootings",100,"development","train"
"2012-05-17",2329,2012,5,"development",365,"Distinct incident_key per occurrence date.",2329,"nyc_shootings",100,"development","train"
"2012-05-18",2330,2012,0,"development",365,"Distinct incident_key per occurrence date.",2330,"nyc_shootings",100,"development","train"
"2012-05-19",2331,2012,9,"development",365,"Distinct incident_key per occurrence date.",2331,"nyc_shootings",100,"development","train"
"2012-05-20",2332,2012,7,"development",365,"Distinct incident_key per occurrence date.",2332,"nyc_shootings",100,"development","train"
"2012-05-21",2333,2012,5,"development",365,"Distinct incident_key per occurrence date.",2333,"nyc_shootings",100,"development","train"
"2012-05-22",2334,2012,5,"development",365,"Distinct incident_key per occurrence date.",2334,"nyc_shootings",100,"development","train"
"2012-05-23",2335,2012,5,"development",365,"Distinct incident_key per occurrence date.",2335,"nyc_shootings",100,"development","train"
"2012-05-24",2336,2012,2,"development",365,"Distinct incident_key per occurrence date.",2336,"nyc_shootings",100,"development","train"
"2012-05-25",2337,2012,5,"development",365,"Distinct incident_key per occurrence date.",2337,"nyc_shootings",100,"development","train"
"2012-05-26",2338,2012,10,"development",365,"Distinct incident_key per occurrence date.",2338,"nyc_shootings",100,"development","train"
"2012-05-27",2339,2012,11,"development",365,"Distinct incident_key per occurrence date.",2339,"nyc_shootings",100,"development","train"
"2012-05-28",2340,2012,7,"development",365,"Distinct incident_key per occurrence date.",2340,"nyc_shootings",100,"development","train"
"2012-05-29",2341,2012,5,"development",365,"Distinct incident_key per occurrence date.",2341,"nyc_shootings",100,"development","train"
"2012-05-30",2342,2012,1,"development",365,"Distinct incident_key per occurrence date.",2342,"nyc_shootings",100,"development","train"
"2012-05-31",2343,2012,3,"development",365,"Distinct incident_key per occurrence date.",2343,"nyc_shootings",100,"development","train"
"2012-06-01",2344,2012,2,"development",365,"Distinct incident_key per occurrence date.",2344,"nyc_shootings",100,"development","train"
"2012-06-02",2345,2012,4,"development",365,"Distinct incident_key per occurrence date.",2345,"nyc_shootings",100,"development","train"
"2012-06-03",2346,2012,3,"development",365,"Distinct incident_key per occurrence date.",2346,"nyc_shootings",100,"development","train"
"2012-06-04",2347,2012,1,"development",365,"Distinct incident_key per occurrence date.",2347,"nyc_shootings",100,"development","train"
"2012-06-05",2348,2012,3,"development",365,"Distinct incident_key per occurrence date.",2348,"nyc_shootings",100,"development","train"
"2012-06-06",2349,2012,6,"development",365,"Distinct incident_key per occurrence date.",2349,"nyc_shootings",100,"development","train"
"2012-06-07",2350,2012,3,"development",365,"Distinct incident_key per occurrence date.",2350,"nyc_shootings",100,"development","train"
"2012-06-08",2351,2012,4,"development",365,"Distinct incident_key per occurrence date.",2351,"nyc_shootings",100,"development","train"
"2012-06-09",2352,2012,7,"development",365,"Distinct incident_key per occurrence date.",2352,"nyc_shootings",100,"development","train"
"2012-06-10",2353,2012,5,"development",365,"Distinct incident_key per occurrence date.",2353,"nyc_shootings",100,"development","train"
"2012-06-11",2354,2012,7,"development",365,"Distinct incident_key per occurrence date.",2354,"nyc_shootings",100,"development","train"
"2012-06-12",2355,2012,3,"development",365,"Distinct incident_key per occurrence date.",2355,"nyc_shootings",100,"development","train"
"2012-06-13",2356,2012,7,"development",365,"Distinct incident_key per occurrence date.",2356,"nyc_shootings",100,"development","train"
"2012-06-14",2357,2012,1,"development",365,"Distinct incident_key per occurrence date.",2357,"nyc_shootings",100,"development","train"
"2012-06-15",2358,2012,5,"development",365,"Distinct incident_key per occurrence date.",2358,"nyc_shootings",100,"development","train"
"2012-06-16",2359,2012,4,"development",365,"Distinct incident_key per occurrence date.",2359,"nyc_shootings",100,"development","train"
"2012-06-17",2360,2012,6,"development",365,"Distinct incident_key per occurrence date.",2360,"nyc_shootings",100,"development","train"
"2012-06-18",2361,2012,4,"development",365,"Distinct incident_key per occurrence date.",2361,"nyc_shootings",100,"development","train"
"2012-06-19",2362,2012,5,"development",365,"Distinct incident_key per occurrence date.",2362,"nyc_shootings",100,"development","train"
"2012-06-20",2363,2012,7,"development",365,"Distinct incident_key per occurrence date.",2363,"nyc_shootings",100,"development","train"
"2012-06-21",2364,2012,6,"development",365,"Distinct incident_key per occurrence date.",2364,"nyc_shootings",100,"development","train"
"2012-06-22",2365,2012,3,"development",365,"Distinct incident_key per occurrence date.",2365,"nyc_shootings",100,"development","train"
"2012-06-23",2366,2012,4,"development",365,"Distinct incident_key per occurrence date.",2366,"nyc_shootings",100,"development","train"
"2012-06-24",2367,2012,10,"development",365,"Distinct incident_key per occurrence date.",2367,"nyc_shootings",100,"development","train"
"2012-06-25",2368,2012,2,"development",365,"Distinct incident_key per occurrence date.",2368,"nyc_shootings",100,"development","train"
"2012-06-26",2369,2012,1,"development",365,"Distinct incident_key per occurrence date.",2369,"nyc_shootings",100,"development","train"
"2012-06-27",2370,2012,5,"development",365,"Distinct incident_key per occurrence date.",2370,"nyc_shootings",100,"development","train"
"2012-06-28",2371,2012,8,"development",365,"Distinct incident_key per occurrence date.",2371,"nyc_shootings",100,"development","train"
"2012-06-29",2372,2012,13,"development",365,"Distinct incident_key per occurrence date.",2372,"nyc_shootings",100,"development","train"
"2012-06-30",2373,2012,8,"development",365,"Distinct incident_key per occurrence date.",2373,"nyc_shootings",100,"development","train"
"2012-07-01",2374,2012,8,"development",365,"Distinct incident_key per occurrence date.",2374,"nyc_shootings",100,"development","train"
"2012-07-02",2375,2012,9,"development",365,"Distinct incident_key per occurrence date.",2375,"nyc_shootings",100,"development","train"
"2012-07-03",2376,2012,4,"development",365,"Distinct incident_key per occurrence date.",2376,"nyc_shootings",100,"development","train"
"2012-07-04",2377,2012,14,"development",365,"Distinct incident_key per occurrence date.",2377,"nyc_shootings",100,"development","train"
"2012-07-05",2378,2012,12,"development",365,"Distinct incident_key per occurrence date.",2378,"nyc_shootings",100,"development","train"
"2012-07-06",2379,2012,5,"development",365,"Distinct incident_key per occurrence date.",2379,"nyc_shootings",100,"development","train"
"2012-07-07",2380,2012,10,"development",365,"Distinct incident_key per occurrence date.",2380,"nyc_shootings",100,"development","train"
"2012-07-08",2381,2012,8,"development",365,"Distinct incident_key per occurrence date.",2381,"nyc_shootings",100,"development","train"
"2012-07-09",2382,2012,9,"development",365,"Distinct incident_key per occurrence date.",2382,"nyc_shootings",100,"development","train"
"2012-07-10",2383,2012,2,"development",365,"Distinct incident_key per occurrence date.",2383,"nyc_shootings",100,"development","train"
"2012-07-11",2384,2012,5,"development",365,"Distinct incident_key per occurrence date.",2384,"nyc_shootings",100,"development","train"
"2012-07-12",2385,2012,5,"development",365,"Distinct incident_key per occurrence date.",2385,"nyc_shootings",100,"development","train"
"2012-07-13",2386,2012,2,"development",365,"Distinct incident_key per occurrence date.",2386,"nyc_shootings",100,"development","train"
"2012-07-14",2387,2012,7,"development",365,"Distinct incident_key per occurrence date.",2387,"nyc_shootings",100,"development","train"
"2012-07-15",2388,2012,10,"development",365,"Distinct incident_key per occurrence date.",2388,"nyc_shootings",100,"development","train"
"2012-07-16",2389,2012,2,"development",365,"Distinct incident_key per occurrence date.",2389,"nyc_shootings",100,"development","train"
"2012-07-17",2390,2012,3,"development",365,"Distinct incident_key per occurrence date.",2390,"nyc_shootings",100,"development","train"
"2012-07-18",2391,2012,3,"development",365,"Distinct incident_key per occurrence date.",2391,"nyc_shootings",100,"development","train"
"2012-07-19",2392,2012,3,"development",365,"Distinct incident_key per occurrence date.",2392,"nyc_shootings",100,"development","train"
"2012-07-20",2393,2012,2,"development",365,"Distinct incident_key per occurrence date.",2393,"nyc_shootings",100,"development","train"
"2012-07-21",2394,2012,9,"development",365,"Distinct incident_key per occurrence date.",2394,"nyc_shootings",100,"development","train"
"2012-07-22",2395,2012,6,"development",365,"Distinct incident_key per occurrence date.",2395,"nyc_shootings",100,"development","train"
"2012-07-23",2396,2012,3,"development",365,"Distinct incident_key per occurrence date.",2396,"nyc_shootings",100,"development","train"
"2012-07-24",2397,2012,4,"development",365,"Distinct incident_key per occurrence date.",2397,"nyc_shootings",100,"development","train"
"2012-07-25",2398,2012,5,"development",365,"Distinct incident_key per occurrence date.",2398,"nyc_shootings",100,"development","train"
"2012-07-26",2399,2012,7,"development",365,"Distinct incident_key per occurrence date.",2399,"nyc_shootings",100,"development","train"
"2012-07-27",2400,2012,2,"development",365,"Distinct incident_key per occurrence date.",2400,"nyc_shootings",100,"development","train"
"2012-07-28",2401,2012,10,"development",365,"Distinct incident_key per occurrence date.",2401,"nyc_shootings",100,"development","train"
"2012-07-29",2402,2012,8,"development",365,"Distinct incident_key per occurrence date.",2402,"nyc_shootings",100,"development","train"
"2012-07-30",2403,2012,7,"development",365,"Distinct incident_key per occurrence date.",2403,"nyc_shootings",100,"development","train"
"2012-07-31",2404,2012,4,"development",365,"Distinct incident_key per occurrence date.",2404,"nyc_shootings",100,"development","train"
"2012-08-01",2405,2012,2,"development",365,"Distinct incident_key per occurrence date.",2405,"nyc_shootings",100,"development","train"
"2012-08-02",2406,2012,6,"development",365,"Distinct incident_key per occurrence date.",2406,"nyc_shootings",100,"development","train"
"2012-08-03",2407,2012,4,"development",365,"Distinct incident_key per occurrence date.",2407,"nyc_shootings",100,"development","train"
"2012-08-04",2408,2012,6,"development",365,"Distinct incident_key per occurrence date.",2408,"nyc_shootings",100,"development","train"
"2012-08-05",2409,2012,12,"development",365,"Distinct incident_key per occurrence date.",2409,"nyc_shootings",100,"development","train"
"2012-08-06",2410,2012,1,"development",365,"Distinct incident_key per occurrence date.",2410,"nyc_shootings",100,"development","train"
"2012-08-07",2411,2012,6,"development",365,"Distinct incident_key per occurrence date.",2411,"nyc_shootings",100,"development","train"
"2012-08-08",2412,2012,5,"development",365,"Distinct incident_key per occurrence date.",2412,"nyc_shootings",100,"development","train"
"2012-08-09",2413,2012,2,"development",365,"Distinct incident_key per occurrence date.",2413,"nyc_shootings",100,"development","train"
"2012-08-10",2414,2012,2,"development",365,"Distinct incident_key per occurrence date.",2414,"nyc_shootings",100,"development","train"
"2012-08-11",2415,2012,8,"development",365,"Distinct incident_key per occurrence date.",2415,"nyc_shootings",100,"development","train"
"2012-08-12",2416,2012,5,"development",365,"Distinct incident_key per occurrence date.",2416,"nyc_shootings",100,"development","train"
"2012-08-13",2417,2012,2,"development",365,"Distinct incident_key per occurrence date.",2417,"nyc_shootings",100,"development","train"
"2012-08-14",2418,2012,3,"development",365,"Distinct incident_key per occurrence date.",2418,"nyc_shootings",100,"development","train"
"2012-08-15",2419,2012,1,"development",365,"Distinct incident_key per occurrence date.",2419,"nyc_shootings",100,"development","train"
"2012-08-16",2420,2012,3,"development",365,"Distinct incident_key per occurrence date.",2420,"nyc_shootings",100,"development","train"
"2012-08-17",2421,2012,5,"development",365,"Distinct incident_key per occurrence date.",2421,"nyc_shootings",100,"development","train"
"2012-08-18",2422,2012,7,"development",365,"Distinct incident_key per occurrence date.",2422,"nyc_shootings",100,"development","train"
"2012-08-19",2423,2012,1,"development",365,"Distinct incident_key per occurrence date.",2423,"nyc_shootings",100,"development","train"
"2012-08-20",2424,2012,5,"development",365,"Distinct incident_key per occurrence date.",2424,"nyc_shootings",100,"development","train"
"2012-08-21",2425,2012,5,"development",365,"Distinct incident_key per occurrence date.",2425,"nyc_shootings",100,"development","train"
"2012-08-22",2426,2012,3,"development",365,"Distinct incident_key per occurrence date.",2426,"nyc_shootings",100,"development","train"
"2012-08-23",2427,2012,3,"development",365,"Distinct incident_key per occurrence date.",2427,"nyc_shootings",100,"development","train"
"2012-08-24",2428,2012,3,"development",365,"Distinct incident_key per occurrence date.",2428,"nyc_shootings",100,"development","train"
"2012-08-25",2429,2012,6,"development",365,"Distinct incident_key per occurrence date.",2429,"nyc_shootings",100,"development","train"
"2012-08-26",2430,2012,8,"development",365,"Distinct incident_key per occurrence date.",2430,"nyc_shootings",100,"development","train"
"2012-08-27",2431,2012,6,"development",365,"Distinct incident_key per occurrence date.",2431,"nyc_shootings",100,"development","train"
"2012-08-28",2432,2012,3,"development",365,"Distinct incident_key per occurrence date.",2432,"nyc_shootings",100,"development","train"
"2012-08-29",2433,2012,1,"development",365,"Distinct incident_key per occurrence date.",2433,"nyc_shootings",100,"development","train"
"2012-08-30",2434,2012,8,"development",365,"Distinct incident_key per occurrence date.",2434,"nyc_shootings",100,"development","train"
"2012-08-31",2435,2012,3,"development",365,"Distinct incident_key per occurrence date.",2435,"nyc_shootings",100,"development","train"
"2012-09-01",2436,2012,4,"development",365,"Distinct incident_key per occurrence date.",2436,"nyc_shootings",100,"development","train"
"2012-09-02",2437,2012,9,"development",365,"Distinct incident_key per occurrence date.",2437,"nyc_shootings",100,"development","train"
"2012-09-03",2438,2012,6,"development",365,"Distinct incident_key per occurrence date.",2438,"nyc_shootings",100,"development","train"
"2012-09-04",2439,2012,4,"development",365,"Distinct incident_key per occurrence date.",2439,"nyc_shootings",100,"development","train"
"2012-09-05",2440,2012,2,"development",365,"Distinct incident_key per occurrence date.",2440,"nyc_shootings",100,"development","train"
"2012-09-06",2441,2012,4,"development",365,"Distinct incident_key per occurrence date.",2441,"nyc_shootings",100,"development","train"
"2012-09-07",2442,2012,8,"development",365,"Distinct incident_key per occurrence date.",2442,"nyc_shootings",100,"development","train"
"2012-09-08",2443,2012,6,"development",365,"Distinct incident_key per occurrence date.",2443,"nyc_shootings",100,"development","train"
"2012-09-09",2444,2012,4,"development",365,"Distinct incident_key per occurrence date.",2444,"nyc_shootings",100,"development","train"
"2012-09-10",2445,2012,0,"development",365,"Distinct incident_key per occurrence date.",2445,"nyc_shootings",100,"development","train"
"2012-09-11",2446,2012,0,"development",365,"Distinct incident_key per occurrence date.",2446,"nyc_shootings",100,"development","train"
"2012-09-12",2447,2012,1,"development",365,"Distinct incident_key per occurrence date.",2447,"nyc_shootings",100,"development","train"
"2012-09-13",2448,2012,1,"development",365,"Distinct incident_key per occurrence date.",2448,"nyc_shootings",100,"development","train"
"2012-09-14",2449,2012,4,"development",365,"Distinct incident_key per occurrence date.",2449,"nyc_shootings",100,"development","train"
"2012-09-15",2450,2012,7,"development",365,"Distinct incident_key per occurrence date.",2450,"nyc_shootings",100,"development","train"
"2012-09-16",2451,2012,6,"development",365,"Distinct incident_key per occurrence date.",2451,"nyc_shootings",100,"development","train"
"2012-09-17",2452,2012,4,"development",365,"Distinct incident_key per occurrence date.",2452,"nyc_shootings",100,"development","train"
"2012-09-18",2453,2012,5,"development",365,"Distinct incident_key per occurrence date.",2453,"nyc_shootings",100,"development","train"
"2012-09-19",2454,2012,0,"development",365,"Distinct incident_key per occurrence date.",2454,"nyc_shootings",100,"development","train"
"2012-09-20",2455,2012,2,"development",365,"Distinct incident_key per occurrence date.",2455,"nyc_shootings",100,"development","train"
"2012-09-21",2456,2012,4,"development",365,"Distinct incident_key per occurrence date.",2456,"nyc_shootings",100,"development","train"
"2012-09-22",2457,2012,8,"development",365,"Distinct incident_key per occurrence date.",2457,"nyc_shootings",100,"development","train"
"2012-09-23",2458,2012,6,"development",365,"Distinct incident_key per occurrence date.",2458,"nyc_shootings",100,"development","train"
"2012-09-24",2459,2012,1,"development",365,"Distinct incident_key per occurrence date.",2459,"nyc_shootings",100,"development","train"
"2012-09-25",2460,2012,7,"development",365,"Distinct incident_key per occurrence date.",2460,"nyc_shootings",100,"development","train"
"2012-09-26",2461,2012,4,"development",365,"Distinct incident_key per occurrence date.",2461,"nyc_shootings",100,"development","train"
"2012-09-27",2462,2012,2,"development",365,"Distinct incident_key per occurrence date.",2462,"nyc_shootings",100,"development","train"
"2012-09-28",2463,2012,3,"development",365,"Distinct incident_key per occurrence date.",2463,"nyc_shootings",100,"development","train"
"2012-09-29",2464,2012,4,"development",365,"Distinct incident_key per occurrence date.",2464,"nyc_shootings",100,"development","train"
"2012-09-30",2465,2012,9,"development",365,"Distinct incident_key per occurrence date.",2465,"nyc_shootings",100,"development","train"
"2012-10-01",2466,2012,3,"development",365,"Distinct incident_key per occurrence date.",2466,"nyc_shootings",100,"development","train"
"2012-10-02",2467,2012,3,"development",365,"Distinct incident_key per occurrence date.",2467,"nyc_shootings",100,"development","train"
"2012-10-03",2468,2012,2,"development",365,"Distinct incident_key per occurrence date.",2468,"nyc_shootings",100,"development","train"
"2012-10-04",2469,2012,5,"development",365,"Distinct incident_key per occurrence date.",2469,"nyc_shootings",100,"development","train"
"2012-10-05",2470,2012,0,"development",365,"Distinct incident_key per occurrence date.",2470,"nyc_shootings",100,"development","train"
"2012-10-06",2471,2012,3,"development",365,"Distinct incident_key per occurrence date.",2471,"nyc_shootings",100,"development","train"
"2012-10-07",2472,2012,3,"development",365,"Distinct incident_key per occurrence date.",2472,"nyc_shootings",100,"development","train"
"2012-10-08",2473,2012,2,"development",365,"Distinct incident_key per occurrence date.",2473,"nyc_shootings",100,"development","train"
"2012-10-09",2474,2012,3,"development",365,"Distinct incident_key per occurrence date.",2474,"nyc_shootings",100,"development","train"
"2012-10-10",2475,2012,1,"development",365,"Distinct incident_key per occurrence date.",2475,"nyc_shootings",100,"development","train"
"2012-10-11",2476,2012,0,"development",365,"Distinct incident_key per occurrence date.",2476,"nyc_shootings",100,"development","train"
"2012-10-12",2477,2012,2,"development",365,"Distinct incident_key per occurrence date.",2477,"nyc_shootings",100,"development","train"
"2012-10-13",2478,2012,7,"development",365,"Distinct incident_key per occurrence date.",2478,"nyc_shootings",100,"development","train"
"2012-10-14",2479,2012,9,"development",365,"Distinct incident_key per occurrence date.",2479,"nyc_shootings",100,"development","train"
"2012-10-15",2480,2012,4,"development",365,"Distinct incident_key per occurrence date.",2480,"nyc_shootings",100,"development","train"
"2012-10-16",2481,2012,2,"development",365,"Distinct incident_key per occurrence date.",2481,"nyc_shootings",100,"development","train"
"2012-10-17",2482,2012,2,"development",365,"Distinct incident_key per occurrence date.",2482,"nyc_shootings",100,"development","train"
"2012-10-18",2483,2012,1,"development",365,"Distinct incident_key per occurrence date.",2483,"nyc_shootings",100,"development","train"
"2012-10-19",2484,2012,2,"development",365,"Distinct incident_key per occurrence date.",2484,"nyc_shootings",100,"development","train"
"2012-10-20",2485,2012,3,"development",365,"Distinct incident_key per occurrence date.",2485,"nyc_shootings",100,"development","train"
"2012-10-21",2486,2012,3,"development",365,"Distinct incident_key per occurrence date.",2486,"nyc_shootings",100,"development","train"
"2012-10-22",2487,2012,4,"development",365,"Distinct incident_key per occurrence date.",2487,"nyc_shootings",100,"development","train"
"2012-10-23",2488,2012,3,"development",365,"Distinct incident_key per occurrence date.",2488,"nyc_shootings",100,"development","train"
"2012-10-24",2489,2012,3,"development",365,"Distinct incident_key per occurrence date.",2489,"nyc_shootings",100,"development","train"
"2012-10-25",2490,2012,2,"development",365,"Distinct incident_key per occurrence date.",2490,"nyc_shootings",100,"development","train"
"2012-10-26",2491,2012,1,"development",365,"Distinct incident_key per occurrence date.",2491,"nyc_shootings",100,"development","train"
"2012-10-27",2492,2012,6,"development",365,"Distinct incident_key per occurrence date.",2492,"nyc_shootings",100,"development","train"
"2012-10-28",2493,2012,3,"development",365,"Distinct incident_key per occurrence date.",2493,"nyc_shootings",100,"development","train"
"2012-10-29",2494,2012,2,"development",365,"Distinct incident_key per occurrence date.",2494,"nyc_shootings",100,"development","train"
"2012-10-30",2495,2012,4,"development",365,"Distinct incident_key per occurrence date.",2495,"nyc_shootings",100,"development","train"
"2012-10-31",2496,2012,2,"development",365,"Distinct incident_key per occurrence date.",2496,"nyc_shootings",100,"development","train"
"2012-11-01",2497,2012,5,"development",365,"Distinct incident_key per occurrence date.",2497,"nyc_shootings",100,"development","train"
"2012-11-02",2498,2012,3,"development",365,"Distinct incident_key per occurrence date.",2498,"nyc_shootings",100,"development","train"
"2012-11-03",2499,2012,1,"development",365,"Distinct incident_key per occurrence date.",2499,"nyc_shootings",100,"development","train"
"2012-11-04",2500,2012,4,"development",365,"Distinct incident_key per occurrence date.",2500,"nyc_shootings",100,"development","train"
"2012-11-05",2501,2012,1,"development",365,"Distinct incident_key per occurrence date.",2501,"nyc_shootings",100,"development","train"
"2012-11-06",2502,2012,1,"development",365,"Distinct incident_key per occurrence date.",2502,"nyc_shootings",100,"development","train"
"2012-11-07",2503,2012,3,"development",365,"Distinct incident_key per occurrence date.",2503,"nyc_shootings",100,"development","train"
"2012-11-08",2504,2012,1,"development",365,"Distinct incident_key per occurrence date.",2504,"nyc_shootings",100,"development","train"
"2012-11-09",2505,2012,2,"development",365,"Distinct incident_key per occurrence date.",2505,"nyc_shootings",100,"development","train"
"2012-11-10",2506,2012,4,"development",365,"Distinct incident_key per occurrence date.",2506,"nyc_shootings",100,"development","train"
"2012-11-11",2507,2012,7,"development",365,"Distinct incident_key per occurrence date.",2507,"nyc_shootings",100,"development","train"
"2012-11-12",2508,2012,0,"development",365,"Distinct incident_key per occurrence date.",2508,"nyc_shootings",100,"development","train"
"2012-11-13",2509,2012,4,"development",365,"Distinct incident_key per occurrence date.",2509,"nyc_shootings",100,"development","train"
"2012-11-14",2510,2012,2,"development",365,"Distinct incident_key per occurrence date.",2510,"nyc_shootings",100,"development","train"
"2012-11-15",2511,2012,1,"development",365,"Distinct incident_key per occurrence date.",2511,"nyc_shootings",100,"development","train"
"2012-11-16",2512,2012,1,"development",365,"Distinct incident_key per occurrence date.",2512,"nyc_shootings",100,"development","train"
"2012-11-17",2513,2012,7,"development",365,"Distinct incident_key per occurrence date.",2513,"nyc_shootings",100,"development","train"
"2012-11-18",2514,2012,0,"development",365,"Distinct incident_key per occurrence date.",2514,"nyc_shootings",100,"development","train"
"2012-11-19",2515,2012,4,"development",365,"Distinct incident_key per occurrence date.",2515,"nyc_shootings",100,"development","train"
"2012-11-20",2516,2012,2,"development",365,"Distinct incident_key per occurrence date.",2516,"nyc_shootings",100,"development","train"
"2012-11-21",2517,2012,2,"development",365,"Distinct incident_key per occurrence date.",2517,"nyc_shootings",100,"development","train"
"2012-11-22",2518,2012,4,"development",365,"Distinct incident_key per occurrence date.",2518,"nyc_shootings",100,"development","train"
"2012-11-23",2519,2012,5,"development",365,"Distinct incident_key per occurrence date.",2519,"nyc_shootings",100,"development","train"
"2012-11-24",2520,2012,3,"development",365,"Distinct incident_key per occurrence date.",2520,"nyc_shootings",100,"development","train"
"2012-11-25",2521,2012,5,"development",365,"Distinct incident_key per occurrence date.",2521,"nyc_shootings",100,"development","train"
"2012-11-26",2522,2012,0,"development",365,"Distinct incident_key per occurrence date.",2522,"nyc_shootings",100,"development","train"
"2012-11-27",2523,2012,2,"development",365,"Distinct incident_key per occurrence date.",2523,"nyc_shootings",100,"development","train"
"2012-11-28",2524,2012,2,"development",365,"Distinct incident_key per occurrence date.",2524,"nyc_shootings",100,"development","train"
"2012-11-29",2525,2012,2,"development",365,"Distinct incident_key per occurrence date.",2525,"nyc_shootings",100,"development","train"
"2012-11-30",2526,2012,9,"development",365,"Distinct incident_key per occurrence date.",2526,"nyc_shootings",100,"development","train"
"2012-12-01",2527,2012,3,"development",365,"Distinct incident_key per occurrence date.",2527,"nyc_shootings",100,"development","train"
"2012-12-02",2528,2012,7,"development",365,"Distinct incident_key per occurrence date.",2528,"nyc_shootings",100,"development","train"
"2012-12-03",2529,2012,1,"development",365,"Distinct incident_key per occurrence date.",2529,"nyc_shootings",100,"development","train"
"2012-12-04",2530,2012,1,"development",365,"Distinct incident_key per occurrence date.",2530,"nyc_shootings",100,"development","train"
"2012-12-05",2531,2012,3,"development",365,"Distinct incident_key per occurrence date.",2531,"nyc_shootings",100,"development","train"
"2012-12-06",2532,2012,1,"development",365,"Distinct incident_key per occurrence date.",2532,"nyc_shootings",100,"development","train"
"2012-12-07",2533,2012,1,"development",365,"Distinct incident_key per occurrence date.",2533,"nyc_shootings",100,"development","train"
"2012-12-08",2534,2012,3,"development",365,"Distinct incident_key per occurrence date.",2534,"nyc_shootings",100,"development","train"
"2012-12-09",2535,2012,3,"development",365,"Distinct incident_key per occurrence date.",2535,"nyc_shootings",100,"development","train"
"2012-12-10",2536,2012,5,"development",365,"Distinct incident_key per occurrence date.",2536,"nyc_shootings",100,"development","train"
"2012-12-11",2537,2012,4,"development",365,"Distinct incident_key per occurrence date.",2537,"nyc_shootings",100,"development","train"
"2012-12-12",2538,2012,4,"development",365,"Distinct incident_key per occurrence date.",2538,"nyc_shootings",100,"development","train"
"2012-12-13",2539,2012,4,"development",365,"Distinct incident_key per occurrence date.",2539,"nyc_shootings",100,"development","train"
"2012-12-14",2540,2012,2,"development",365,"Distinct incident_key per occurrence date.",2540,"nyc_shootings",100,"development","train"
"2012-12-15",2541,2012,0,"development",365,"Distinct incident_key per occurrence date.",2541,"nyc_shootings",100,"development","train"
"2012-12-16",2542,2012,3,"development",365,"Distinct incident_key per occurrence date.",2542,"nyc_shootings",100,"development","train"
"2012-12-17",2543,2012,4,"development",365,"Distinct incident_key per occurrence date.",2543,"nyc_shootings",100,"development","train"
"2012-12-18",2544,2012,0,"development",365,"Distinct incident_key per occurrence date.",2544,"nyc_shootings",100,"development","train"
"2012-12-19",2545,2012,1,"development",365,"Distinct incident_key per occurrence date.",2545,"nyc_shootings",100,"development","train"
"2012-12-20",2546,2012,4,"development",365,"Distinct incident_key per occurrence date.",2546,"nyc_shootings",100,"development","train"
"2012-12-21",2547,2012,4,"development",365,"Distinct incident_key per occurrence date.",2547,"nyc_shootings",100,"development","train"
"2012-12-22",2548,2012,3,"development",365,"Distinct incident_key per occurrence date.",2548,"nyc_shootings",100,"development","train"
"2012-12-23",2549,2012,3,"development",365,"Distinct incident_key per occurrence date.",2549,"nyc_shootings",100,"development","train"
"2012-12-24",2550,2012,3,"development",365,"Distinct incident_key per occurrence date.",2550,"nyc_shootings",100,"development","train"
"2012-12-25",2551,2012,2,"development",365,"Distinct incident_key per occurrence date.",2551,"nyc_shootings",100,"development","train"
"2012-12-26",2552,2012,0,"development",365,"Distinct incident_key per occurrence date.",2552,"nyc_shootings",100,"development","train"
"2012-12-27",2553,2012,3,"development",365,"Distinct incident_key per occurrence date.",2553,"nyc_shootings",100,"development","train"
"2012-12-28",2554,2012,2,"development",365,"Distinct incident_key per occurrence date.",2554,"nyc_shootings",100,"development","train"
"2012-12-29",2555,2012,5,"development",365,"Distinct incident_key per occurrence date.",2555,"nyc_shootings",100,"development","train"
"2012-12-30",2556,2012,3,"development",365,"Distinct incident_key per occurrence date.",2556,"nyc_shootings",100,"development","train"
"2012-12-31",2557,2012,3,"development",365,"Distinct incident_key per occurrence date.",2557,"nyc_shootings",100,"development","train"
"2013-01-01",2558,2013,10,"development",365,"Distinct incident_key per occurrence date.",2558,"nyc_shootings",100,"development","train"
"2013-01-02",2559,2013,2,"development",365,"Distinct incident_key per occurrence date.",2559,"nyc_shootings",100,"development","train"
"2013-01-03",2560,2013,6,"development",365,"Distinct incident_key per occurrence date.",2560,"nyc_shootings",100,"development","train"
"2013-01-04",2561,2013,2,"development",365,"Distinct incident_key per occurrence date.",2561,"nyc_shootings",100,"development","train"
"2013-01-05",2562,2013,3,"development",365,"Distinct incident_key per occurrence date.",2562,"nyc_shootings",100,"development","train"
"2013-01-06",2563,2013,4,"development",365,"Distinct incident_key per occurrence date.",2563,"nyc_shootings",100,"development","train"
"2013-01-07",2564,2013,6,"development",365,"Distinct incident_key per occurrence date.",2564,"nyc_shootings",100,"development","train"
"2013-01-08",2565,2013,6,"development",365,"Distinct incident_key per occurrence date.",2565,"nyc_shootings",100,"development","train"
"2013-01-09",2566,2013,2,"development",365,"Distinct incident_key per occurrence date.",2566,"nyc_shootings",100,"development","train"
"2013-01-10",2567,2013,7,"development",365,"Distinct incident_key per occurrence date.",2567,"nyc_shootings",100,"development","train"
"2013-01-11",2568,2013,1,"development",365,"Distinct incident_key per occurrence date.",2568,"nyc_shootings",100,"development","train"
"2013-01-12",2569,2013,1,"development",365,"Distinct incident_key per occurrence date.",2569,"nyc_shootings",100,"development","train"
"2013-01-13",2570,2013,7,"development",365,"Distinct incident_key per occurrence date.",2570,"nyc_shootings",100,"development","train"
"2013-01-14",2571,2013,1,"development",365,"Distinct incident_key per occurrence date.",2571,"nyc_shootings",100,"development","train"
"2013-01-15",2572,2013,2,"development",365,"Distinct incident_key per occurrence date.",2572,"nyc_shootings",100,"development","train"
"2013-01-16",2573,2013,4,"development",365,"Distinct incident_key per occurrence date.",2573,"nyc_shootings",100,"development","train"
"2013-01-17",2574,2013,1,"development",365,"Distinct incident_key per occurrence date.",2574,"nyc_shootings",100,"development","train"
"2013-01-18",2575,2013,2,"development",365,"Distinct incident_key per occurrence date.",2575,"nyc_shootings",100,"development","train"
"2013-01-19",2576,2013,2,"development",365,"Distinct incident_key per occurrence date.",2576,"nyc_shootings",100,"development","train"
"2013-01-20",2577,2013,2,"development",365,"Distinct incident_key per occurrence date.",2577,"nyc_shootings",100,"development","train"
"2013-01-21",2578,2013,1,"development",365,"Distinct incident_key per occurrence date.",2578,"nyc_shootings",100,"development","train"
"2013-01-22",2579,2013,2,"development",365,"Distinct incident_key per occurrence date.",2579,"nyc_shootings",100,"development","train"
"2013-01-23",2580,2013,2,"development",365,"Distinct incident_key per occurrence date.",2580,"nyc_shootings",100,"development","train"
"2013-01-24",2581,2013,1,"development",365,"Distinct incident_key per occurrence date.",2581,"nyc_shootings",100,"development","train"
"2013-01-25",2582,2013,1,"development",365,"Distinct incident_key per occurrence date.",2582,"nyc_shootings",100,"development","train"
"2013-01-26",2583,2013,2,"development",365,"Distinct incident_key per occurrence date.",2583,"nyc_shootings",100,"development","train"
"2013-01-27",2584,2013,5,"development",365,"Distinct incident_key per occurrence date.",2584,"nyc_shootings",100,"development","train"
"2013-01-28",2585,2013,1,"development",365,"Distinct incident_key per occurrence date.",2585,"nyc_shootings",100,"development","train"
"2013-01-29",2586,2013,2,"development",365,"Distinct incident_key per occurrence date.",2586,"nyc_shootings",100,"development","train"
"2013-01-30",2587,2013,3,"development",365,"Distinct incident_key per occurrence date.",2587,"nyc_shootings",100,"development","train"
"2013-01-31",2588,2013,2,"development",365,"Distinct incident_key per occurrence date.",2588,"nyc_shootings",100,"development","train"
"2013-02-01",2589,2013,2,"development",365,"Distinct incident_key per occurrence date.",2589,"nyc_shootings",100,"development","train"
"2013-02-02",2590,2013,2,"development",365,"Distinct incident_key per occurrence date.",2590,"nyc_shootings",100,"development","train"
"2013-02-03",2591,2013,0,"development",365,"Distinct incident_key per occurrence date.",2591,"nyc_shootings",100,"development","train"
"2013-02-04",2592,2013,1,"development",365,"Distinct incident_key per occurrence date.",2592,"nyc_shootings",100,"development","train"
"2013-02-05",2593,2013,2,"development",365,"Distinct incident_key per occurrence date.",2593,"nyc_shootings",100,"development","train"
"2013-02-06",2594,2013,1,"development",365,"Distinct incident_key per occurrence date.",2594,"nyc_shootings",100,"development","train"
"2013-02-07",2595,2013,4,"development",365,"Distinct incident_key per occurrence date.",2595,"nyc_shootings",100,"development","train"
"2013-02-08",2596,2013,4,"development",365,"Distinct incident_key per occurrence date.",2596,"nyc_shootings",100,"development","train"
"2013-02-09",2597,2013,3,"development",365,"Distinct incident_key per occurrence date.",2597,"nyc_shootings",100,"development","train"
"2013-02-10",2598,2013,2,"development",365,"Distinct incident_key per occurrence date.",2598,"nyc_shootings",100,"development","train"
"2013-02-11",2599,2013,0,"development",365,"Distinct incident_key per occurrence date.",2599,"nyc_shootings",100,"development","train"
"2013-02-12",2600,2013,1,"development",365,"Distinct incident_key per occurrence date.",2600,"nyc_shootings",100,"development","train"
"2013-02-13",2601,2013,1,"development",365,"Distinct incident_key per occurrence date.",2601,"nyc_shootings",100,"development","train"
"2013-02-14",2602,2013,3,"development",365,"Distinct incident_key per occurrence date.",2602,"nyc_shootings",100,"development","train"
"2013-02-15",2603,2013,2,"development",365,"Distinct incident_key per occurrence date.",2603,"nyc_shootings",100,"development","train"
"2013-02-16",2604,2013,2,"development",365,"Distinct incident_key per occurrence date.",2604,"nyc_shootings",100,"development","train"
"2013-02-17",2605,2013,2,"development",365,"Distinct incident_key per occurrence date.",2605,"nyc_shootings",100,"development","train"
"2013-02-18",2606,2013,1,"development",365,"Distinct incident_key per occurrence date.",2606,"nyc_shootings",100,"development","train"
"2013-02-19",2607,2013,2,"development",365,"Distinct incident_key per occurrence date.",2607,"nyc_shootings",100,"development","train"
"2013-02-20",2608,2013,3,"development",365,"Distinct incident_key per occurrence date.",2608,"nyc_shootings",100,"development","train"
"2013-02-21",2609,2013,1,"development",365,"Distinct incident_key per occurrence date.",2609,"nyc_shootings",100,"development","train"
"2013-02-22",2610,2013,1,"development",365,"Distinct incident_key per occurrence date.",2610,"nyc_shootings",100,"development","train"
"2013-02-23",2611,2013,2,"development",365,"Distinct incident_key per occurrence date.",2611,"nyc_shootings",100,"development","train"
"2013-02-24",2612,2013,4,"development",365,"Distinct incident_key per occurrence date.",2612,"nyc_shootings",100,"development","train"
"2013-02-25",2613,2013,2,"development",365,"Distinct incident_key per occurrence date.",2613,"nyc_shootings",100,"development","train"
"2013-02-26",2614,2013,1,"development",365,"Distinct incident_key per occurrence date.",2614,"nyc_shootings",100,"development","train"
"2013-02-27",2615,2013,1,"development",365,"Distinct incident_key per occurrence date.",2615,"nyc_shootings",100,"development","train"
"2013-02-28",2616,2013,0,"development",365,"Distinct incident_key per occurrence date.",2616,"nyc_shootings",100,"development","train"
"2013-03-01",2617,2013,2,"development",365,"Distinct incident_key per occurrence date.",2617,"nyc_shootings",100,"development","train"
"2013-03-02",2618,2013,3,"development",365,"Distinct incident_key per occurrence date.",2618,"nyc_shootings",100,"development","train"
"2013-03-03",2619,2013,4,"development",365,"Distinct incident_key per occurrence date.",2619,"nyc_shootings",100,"development","train"
"2013-03-04",2620,2013,0,"development",365,"Distinct incident_key per occurrence date.",2620,"nyc_shootings",100,"development","train"
"2013-03-05",2621,2013,2,"development",365,"Distinct incident_key per occurrence date.",2621,"nyc_shootings",100,"development","train"
"2013-03-06",2622,2013,1,"development",365,"Distinct incident_key per occurrence date.",2622,"nyc_shootings",100,"development","train"
"2013-03-07",2623,2013,2,"development",365,"Distinct incident_key per occurrence date.",2623,"nyc_shootings",100,"development","train"
"2013-03-08",2624,2013,0,"development",365,"Distinct incident_key per occurrence date.",2624,"nyc_shootings",100,"development","train"
"2013-03-09",2625,2013,4,"development",365,"Distinct incident_key per occurrence date.",2625,"nyc_shootings",100,"development","train"
"2013-03-10",2626,2013,5,"development",365,"Distinct incident_key per occurrence date.",2626,"nyc_shootings",100,"development","train"
"2013-03-11",2627,2013,2,"development",365,"Distinct incident_key per occurrence date.",2627,"nyc_shootings",100,"development","train"
"2013-03-12",2628,2013,1,"development",365,"Distinct incident_key per occurrence date.",2628,"nyc_shootings",100,"development","train"
"2013-03-13",2629,2013,1,"development",365,"Distinct incident_key per occurrence date.",2629,"nyc_shootings",100,"development","train"
"2013-03-14",2630,2013,1,"development",365,"Distinct incident_key per occurrence date.",2630,"nyc_shootings",100,"development","train"
"2013-03-15",2631,2013,3,"development",365,"Distinct incident_key per occurrence date.",2631,"nyc_shootings",100,"development","train"
"2013-03-16",2632,2013,2,"development",365,"Distinct incident_key per occurrence date.",2632,"nyc_shootings",100,"development","train"
"2013-03-17",2633,2013,3,"development",365,"Distinct incident_key per occurrence date.",2633,"nyc_shootings",100,"development","train"
"2013-03-18",2634,2013,4,"development",365,"Distinct incident_key per occurrence date.",2634,"nyc_shootings",100,"development","train"
"2013-03-19",2635,2013,1,"development",365,"Distinct incident_key per occurrence date.",2635,"nyc_shootings",100,"development","train"
"2013-03-20",2636,2013,2,"development",365,"Distinct incident_key per occurrence date.",2636,"nyc_shootings",100,"development","train"
"2013-03-21",2637,2013,0,"development",365,"Distinct incident_key per occurrence date.",2637,"nyc_shootings",100,"development","train"
"2013-03-22",2638,2013,1,"development",365,"Distinct incident_key per occurrence date.",2638,"nyc_shootings",100,"development","train"
"2013-03-23",2639,2013,4,"development",365,"Distinct incident_key per occurrence date.",2639,"nyc_shootings",100,"development","train"
"2013-03-24",2640,2013,5,"development",365,"Distinct incident_key per occurrence date.",2640,"nyc_shootings",100,"development","train"
"2013-03-25",2641,2013,2,"development",365,"Distinct incident_key per occurrence date.",2641,"nyc_shootings",100,"development","train"
"2013-03-26",2642,2013,0,"development",365,"Distinct incident_key per occurrence date.",2642,"nyc_shootings",100,"development","train"
"2013-03-27",2643,2013,2,"development",365,"Distinct incident_key per occurrence date.",2643,"nyc_shootings",100,"development","train"
"2013-03-28",2644,2013,2,"development",365,"Distinct incident_key per occurrence date.",2644,"nyc_shootings",100,"development","train"
"2013-03-29",2645,2013,1,"development",365,"Distinct incident_key per occurrence date.",2645,"nyc_shootings",100,"development","train"
"2013-03-30",2646,2013,5,"development",365,"Distinct incident_key per occurrence date.",2646,"nyc_shootings",100,"development","train"
"2013-03-31",2647,2013,2,"development",365,"Distinct incident_key per occurrence date.",2647,"nyc_shootings",100,"development","train"
"2013-04-01",2648,2013,2,"development",365,"Distinct incident_key per occurrence date.",2648,"nyc_shootings",100,"development","train"
"2013-04-02",2649,2013,3,"development",365,"Distinct incident_key per occurrence date.",2649,"nyc_shootings",100,"development","train"
"2013-04-03",2650,2013,1,"development",365,"Distinct incident_key per occurrence date.",2650,"nyc_shootings",100,"development","train"
"2013-04-04",2651,2013,2,"development",365,"Distinct incident_key per occurrence date.",2651,"nyc_shootings",100,"development","train"
"2013-04-05",2652,2013,1,"development",365,"Distinct incident_key per occurrence date.",2652,"nyc_shootings",100,"development","train"
"2013-04-06",2653,2013,3,"development",365,"Distinct incident_key per occurrence date.",2653,"nyc_shootings",100,"development","train"
"2013-04-07",2654,2013,1,"development",365,"Distinct incident_key per occurrence date.",2654,"nyc_shootings",100,"development","train"
"2013-04-08",2655,2013,3,"development",365,"Distinct incident_key per occurrence date.",2655,"nyc_shootings",100,"development","train"
"2013-04-09",2656,2013,4,"development",365,"Distinct incident_key per occurrence date.",2656,"nyc_shootings",100,"development","train"
"2013-04-10",2657,2013,4,"development",365,"Distinct incident_key per occurrence date.",2657,"nyc_shootings",100,"development","train"
"2013-04-11",2658,2013,5,"development",365,"Distinct incident_key per occurrence date.",2658,"nyc_shootings",100,"development","train"
"2013-04-12",2659,2013,1,"development",365,"Distinct incident_key per occurrence date.",2659,"nyc_shootings",100,"development","train"
"2013-04-13",2660,2013,2,"development",365,"Distinct incident_key per occurrence date.",2660,"nyc_shootings",100,"development","train"
"2013-04-14",2661,2013,2,"development",365,"Distinct incident_key per occurrence date.",2661,"nyc_shootings",100,"development","train"
"2013-04-15",2662,2013,4,"development",365,"Distinct incident_key per occurrence date.",2662,"nyc_shootings",100,"development","train"
"2013-04-16",2663,2013,3,"development",365,"Distinct incident_key per occurrence date.",2663,"nyc_shootings",100,"development","train"
"2013-04-17",2664,2013,0,"development",365,"Distinct incident_key per occurrence date.",2664,"nyc_shootings",100,"development","train"
"2013-04-18",2665,2013,1,"development",365,"Distinct incident_key per occurrence date.",2665,"nyc_shootings",100,"development","train"
"2013-04-19",2666,2013,4,"development",365,"Distinct incident_key per occurrence date.",2666,"nyc_shootings",100,"development","train"
"2013-04-20",2667,2013,6,"development",365,"Distinct incident_key per occurrence date.",2667,"nyc_shootings",100,"development","train"
"2013-04-21",2668,2013,1,"development",365,"Distinct incident_key per occurrence date.",2668,"nyc_shootings",100,"development","train"
"2013-04-22",2669,2013,5,"development",365,"Distinct incident_key per occurrence date.",2669,"nyc_shootings",100,"development","train"
"2013-04-23",2670,2013,1,"development",365,"Distinct incident_key per occurrence date.",2670,"nyc_shootings",100,"development","train"
"2013-04-24",2671,2013,3,"development",365,"Distinct incident_key per occurrence date.",2671,"nyc_shootings",100,"development","train"
"2013-04-25",2672,2013,3,"development",365,"Distinct incident_key per occurrence date.",2672,"nyc_shootings",100,"development","train"
"2013-04-26",2673,2013,1,"development",365,"Distinct incident_key per occurrence date.",2673,"nyc_shootings",100,"development","train"
"2013-04-27",2674,2013,6,"development",365,"Distinct incident_key per occurrence date.",2674,"nyc_shootings",100,"development","train"
"2013-04-28",2675,2013,3,"development",365,"Distinct incident_key per occurrence date.",2675,"nyc_shootings",100,"development","train"
"2013-04-29",2676,2013,3,"development",365,"Distinct incident_key per occurrence date.",2676,"nyc_shootings",100,"development","train"
"2013-04-30",2677,2013,1,"development",365,"Distinct incident_key per occurrence date.",2677,"nyc_shootings",100,"development","train"
"2013-05-01",2678,2013,0,"development",365,"Distinct incident_key per occurrence date.",2678,"nyc_shootings",100,"development","train"
"2013-05-02",2679,2013,2,"development",365,"Distinct incident_key per occurrence date.",2679,"nyc_shootings",100,"development","train"
"2013-05-03",2680,2013,3,"development",365,"Distinct incident_key per occurrence date.",2680,"nyc_shootings",100,"development","train"
"2013-05-04",2681,2013,1,"development",365,"Distinct incident_key per occurrence date.",2681,"nyc_shootings",100,"development","train"
"2013-05-05",2682,2013,5,"development",365,"Distinct incident_key per occurrence date.",2682,"nyc_shootings",100,"development","train"
"2013-05-06",2683,2013,1,"development",365,"Distinct incident_key per occurrence date.",2683,"nyc_shootings",100,"development","train"
"2013-05-07",2684,2013,2,"development",365,"Distinct incident_key per occurrence date.",2684,"nyc_shootings",100,"development","train"
"2013-05-08",2685,2013,1,"development",365,"Distinct incident_key per occurrence date.",2685,"nyc_shootings",100,"development","train"
"2013-05-09",2686,2013,2,"development",365,"Distinct incident_key per occurrence date.",2686,"nyc_shootings",100,"development","train"
"2013-05-10",2687,2013,4,"development",365,"Distinct incident_key per occurrence date.",2687,"nyc_shootings",100,"development","train"
"2013-05-11",2688,2013,3,"development",365,"Distinct incident_key per occurrence date.",2688,"nyc_shootings",100,"development","train"
"2013-05-12",2689,2013,2,"development",365,"Distinct incident_key per occurrence date.",2689,"nyc_shootings",100,"development","train"
"2013-05-13",2690,2013,4,"development",365,"Distinct incident_key per occurrence date.",2690,"nyc_shootings",100,"development","train"
"2013-05-14",2691,2013,2,"development",365,"Distinct incident_key per occurrence date.",2691,"nyc_shootings",100,"development","train"
"2013-05-15",2692,2013,1,"development",365,"Distinct incident_key per occurrence date.",2692,"nyc_shootings",100,"development","train"
"2013-05-16",2693,2013,4,"development",365,"Distinct incident_key per occurrence date.",2693,"nyc_shootings",100,"development","train"
"2013-05-17",2694,2013,2,"development",365,"Distinct incident_key per occurrence date.",2694,"nyc_shootings",100,"development","train"
"2013-05-18",2695,2013,6,"development",365,"Distinct incident_key per occurrence date.",2695,"nyc_shootings",100,"development","train"
"2013-05-19",2696,2013,4,"development",365,"Distinct incident_key per occurrence date.",2696,"nyc_shootings",100,"development","train"
"2013-05-20",2697,2013,1,"development",365,"Distinct incident_key per occurrence date.",2697,"nyc_shootings",100,"development","train"
"2013-05-21",2698,2013,2,"development",365,"Distinct incident_key per occurrence date.",2698,"nyc_shootings",100,"development","train"
"2013-05-22",2699,2013,1,"development",365,"Distinct incident_key per occurrence date.",2699,"nyc_shootings",100,"development","train"
"2013-05-23",2700,2013,1,"development",365,"Distinct incident_key per occurrence date.",2700,"nyc_shootings",100,"development","train"
"2013-05-24",2701,2013,2,"development",365,"Distinct incident_key per occurrence date.",2701,"nyc_shootings",100,"development","train"
"2013-05-25",2702,2013,2,"development",365,"Distinct incident_key per occurrence date.",2702,"nyc_shootings",100,"development","train"
"2013-05-26",2703,2013,3,"development",365,"Distinct incident_key per occurrence date.",2703,"nyc_shootings",100,"development","train"
"2013-05-27",2704,2013,3,"development",365,"Distinct incident_key per occurrence date.",2704,"nyc_shootings",100,"development","train"
"2013-05-28",2705,2013,1,"development",365,"Distinct incident_key per occurrence date.",2705,"nyc_shootings",100,"development","train"
"2013-05-29",2706,2013,3,"development",365,"Distinct incident_key per occurrence date.",2706,"nyc_shootings",100,"development","train"
"2013-05-30",2707,2013,2,"development",365,"Distinct incident_key per occurrence date.",2707,"nyc_shootings",100,"development","train"
"2013-05-31",2708,2013,8,"development",365,"Distinct incident_key per occurrence date.",2708,"nyc_shootings",100,"development","train"
"2013-06-01",2709,2013,5,"development",365,"Distinct incident_key per occurrence date.",2709,"nyc_shootings",100,"development","train"
"2013-06-02",2710,2013,8,"development",365,"Distinct incident_key per occurrence date.",2710,"nyc_shootings",100,"development","train"
"2013-06-03",2711,2013,5,"development",365,"Distinct incident_key per occurrence date.",2711,"nyc_shootings",100,"development","train"
"2013-06-04",2712,2013,2,"development",365,"Distinct incident_key per occurrence date.",2712,"nyc_shootings",100,"development","train"
"2013-06-05",2713,2013,3,"development",365,"Distinct incident_key per occurrence date.",2713,"nyc_shootings",100,"development","train"
"2013-06-06",2714,2013,0,"development",365,"Distinct incident_key per occurrence date.",2714,"nyc_shootings",100,"development","train"
"2013-06-07",2715,2013,0,"development",365,"Distinct incident_key per occurrence date.",2715,"nyc_shootings",100,"development","train"
"2013-06-08",2716,2013,2,"development",365,"Distinct incident_key per occurrence date.",2716,"nyc_shootings",100,"development","train"
"2013-06-09",2717,2013,6,"development",365,"Distinct incident_key per occurrence date.",2717,"nyc_shootings",100,"development","train"
"2013-06-10",2718,2013,3,"development",365,"Distinct incident_key per occurrence date.",2718,"nyc_shootings",100,"development","train"
"2013-06-11",2719,2013,1,"development",365,"Distinct incident_key per occurrence date.",2719,"nyc_shootings",100,"development","train"
"2013-06-12",2720,2013,1,"development",365,"Distinct incident_key per occurrence date.",2720,"nyc_shootings",100,"development","train"
"2013-06-13",2721,2013,2,"development",365,"Distinct incident_key per occurrence date.",2721,"nyc_shootings",100,"development","train"
"2013-06-14",2722,2013,3,"development",365,"Distinct incident_key per occurrence date.",2722,"nyc_shootings",100,"development","train"
"2013-06-15",2723,2013,4,"development",365,"Distinct incident_key per occurrence date.",2723,"nyc_shootings",100,"development","train"
"2013-06-16",2724,2013,8,"development",365,"Distinct incident_key per occurrence date.",2724,"nyc_shootings",100,"development","train"
"2013-06-17",2725,2013,9,"development",365,"Distinct incident_key per occurrence date.",2725,"nyc_shootings",100,"development","train"
"2013-06-18",2726,2013,1,"development",365,"Distinct incident_key per occurrence date.",2726,"nyc_shootings",100,"development","train"
"2013-06-19",2727,2013,2,"development",365,"Distinct incident_key per occurrence date.",2727,"nyc_shootings",100,"development","train"
"2013-06-20",2728,2013,0,"development",365,"Distinct incident_key per occurrence date.",2728,"nyc_shootings",100,"development","train"
"2013-06-21",2729,2013,6,"development",365,"Distinct incident_key per occurrence date.",2729,"nyc_shootings",100,"development","train"
"2013-06-22",2730,2013,7,"development",365,"Distinct incident_key per occurrence date.",2730,"nyc_shootings",100,"development","train"
"2013-06-23",2731,2013,7,"development",365,"Distinct incident_key per occurrence date.",2731,"nyc_shootings",100,"development","train"
"2013-06-24",2732,2013,4,"development",365,"Distinct incident_key per occurrence date.",2732,"nyc_shootings",100,"development","train"
"2013-06-25",2733,2013,9,"development",365,"Distinct incident_key per occurrence date.",2733,"nyc_shootings",100,"development","train"
"2013-06-26",2734,2013,1,"development",365,"Distinct incident_key per occurrence date.",2734,"nyc_shootings",100,"development","train"
"2013-06-27",2735,2013,3,"development",365,"Distinct incident_key per occurrence date.",2735,"nyc_shootings",100,"development","train"
"2013-06-28",2736,2013,4,"development",365,"Distinct incident_key per occurrence date.",2736,"nyc_shootings",100,"development","train"
"2013-06-29",2737,2013,9,"development",365,"Distinct incident_key per occurrence date.",2737,"nyc_shootings",100,"development","train"
"2013-06-30",2738,2013,4,"development",365,"Distinct incident_key per occurrence date.",2738,"nyc_shootings",100,"development","train"
"2013-07-01",2739,2013,5,"development",365,"Distinct incident_key per occurrence date.",2739,"nyc_shootings",100,"development","train"
"2013-07-02",2740,2013,3,"development",365,"Distinct incident_key per occurrence date.",2740,"nyc_shootings",100,"development","train"
"2013-07-03",2741,2013,0,"development",365,"Distinct incident_key per occurrence date.",2741,"nyc_shootings",100,"development","train"
"2013-07-04",2742,2013,5,"development",365,"Distinct incident_key per occurrence date.",2742,"nyc_shootings",100,"development","train"
"2013-07-05",2743,2013,12,"development",365,"Distinct incident_key per occurrence date.",2743,"nyc_shootings",100,"development","train"
"2013-07-06",2744,2013,3,"development",365,"Distinct incident_key per occurrence date.",2744,"nyc_shootings",100,"development","train"
"2013-07-07",2745,2013,9,"development",365,"Distinct incident_key per occurrence date.",2745,"nyc_shootings",100,"development","train"
"2013-07-08",2746,2013,1,"development",365,"Distinct incident_key per occurrence date.",2746,"nyc_shootings",100,"development","train"
"2013-07-09",2747,2013,4,"development",365,"Distinct incident_key per occurrence date.",2747,"nyc_shootings",100,"development","train"
"2013-07-10",2748,2013,4,"development",365,"Distinct incident_key per occurrence date.",2748,"nyc_shootings",100,"development","train"
"2013-07-11",2749,2013,1,"development",365,"Distinct incident_key per occurrence date.",2749,"nyc_shootings",100,"development","train"
"2013-07-12",2750,2013,2,"development",365,"Distinct incident_key per occurrence date.",2750,"nyc_shootings",100,"development","train"
"2013-07-13",2751,2013,3,"development",365,"Distinct incident_key per occurrence date.",2751,"nyc_shootings",100,"development","train"
"2013-07-14",2752,2013,4,"development",365,"Distinct incident_key per occurrence date.",2752,"nyc_shootings",100,"development","train"
"2013-07-15",2753,2013,1,"development",365,"Distinct incident_key per occurrence date.",2753,"nyc_shootings",100,"development","train"
"2013-07-16",2754,2013,1,"development",365,"Distinct incident_key per occurrence date.",2754,"nyc_shootings",100,"development","train"
"2013-07-17",2755,2013,3,"development",365,"Distinct incident_key per occurrence date.",2755,"nyc_shootings",100,"development","train"
"2013-07-18",2756,2013,2,"development",365,"Distinct incident_key per occurrence date.",2756,"nyc_shootings",100,"development","train"
"2013-07-19",2757,2013,2,"development",365,"Distinct incident_key per occurrence date.",2757,"nyc_shootings",100,"development","train"
"2013-07-20",2758,2013,10,"development",365,"Distinct incident_key per occurrence date.",2758,"nyc_shootings",100,"development","train"
"2013-07-21",2759,2013,9,"development",365,"Distinct incident_key per occurrence date.",2759,"nyc_shootings",100,"development","train"
"2013-07-22",2760,2013,1,"development",365,"Distinct incident_key per occurrence date.",2760,"nyc_shootings",100,"development","train"
"2013-07-23",2761,2013,3,"development",365,"Distinct incident_key per occurrence date.",2761,"nyc_shootings",100,"development","train"
"2013-07-24",2762,2013,3,"development",365,"Distinct incident_key per occurrence date.",2762,"nyc_shootings",100,"development","train"
"2013-07-25",2763,2013,0,"development",365,"Distinct incident_key per occurrence date.",2763,"nyc_shootings",100,"development","train"
"2013-07-26",2764,2013,1,"development",365,"Distinct incident_key per occurrence date.",2764,"nyc_shootings",100,"development","train"
"2013-07-27",2765,2013,4,"development",365,"Distinct incident_key per occurrence date.",2765,"nyc_shootings",100,"development","train"
"2013-07-28",2766,2013,9,"development",365,"Distinct incident_key per occurrence date.",2766,"nyc_shootings",100,"development","train"
"2013-07-29",2767,2013,2,"development",365,"Distinct incident_key per occurrence date.",2767,"nyc_shootings",100,"development","train"
"2013-07-30",2768,2013,3,"development",365,"Distinct incident_key per occurrence date.",2768,"nyc_shootings",100,"development","train"
"2013-07-31",2769,2013,2,"development",365,"Distinct incident_key per occurrence date.",2769,"nyc_shootings",100,"development","train"
"2013-08-01",2770,2013,1,"development",365,"Distinct incident_key per occurrence date.",2770,"nyc_shootings",100,"development","train"
"2013-08-02",2771,2013,1,"development",365,"Distinct incident_key per occurrence date.",2771,"nyc_shootings",100,"development","train"
"2013-08-03",2772,2013,5,"development",365,"Distinct incident_key per occurrence date.",2772,"nyc_shootings",100,"development","train"
"2013-08-04",2773,2013,3,"development",365,"Distinct incident_key per occurrence date.",2773,"nyc_shootings",100,"development","train"
"2013-08-05",2774,2013,1,"development",365,"Distinct incident_key per occurrence date.",2774,"nyc_shootings",100,"development","train"
"2013-08-06",2775,2013,3,"development",365,"Distinct incident_key per occurrence date.",2775,"nyc_shootings",100,"development","train"
"2013-08-07",2776,2013,0,"development",365,"Distinct incident_key per occurrence date.",2776,"nyc_shootings",100,"development","train"
"2013-08-08",2777,2013,1,"development",365,"Distinct incident_key per occurrence date.",2777,"nyc_shootings",100,"development","train"
"2013-08-09",2778,2013,1,"development",365,"Distinct incident_key per occurrence date.",2778,"nyc_shootings",100,"development","train"
"2013-08-10",2779,2013,7,"development",365,"Distinct incident_key per occurrence date.",2779,"nyc_shootings",100,"development","train"
"2013-08-11",2780,2013,12,"development",365,"Distinct incident_key per occurrence date.",2780,"nyc_shootings",100,"development","train"
"2013-08-12",2781,2013,7,"development",365,"Distinct incident_key per occurrence date.",2781,"nyc_shootings",100,"development","train"
"2013-08-13",2782,2013,4,"development",365,"Distinct incident_key per occurrence date.",2782,"nyc_shootings",100,"development","train"
"2013-08-14",2783,2013,2,"development",365,"Distinct incident_key per occurrence date.",2783,"nyc_shootings",100,"development","train"
"2013-08-15",2784,2013,6,"development",365,"Distinct incident_key per occurrence date.",2784,"nyc_shootings",100,"development","train"
"2013-08-16",2785,2013,7,"development",365,"Distinct incident_key per occurrence date.",2785,"nyc_shootings",100,"development","train"
"2013-08-17",2786,2013,3,"development",365,"Distinct incident_key per occurrence date.",2786,"nyc_shootings",100,"development","train"
"2013-08-18",2787,2013,8,"development",365,"Distinct incident_key per occurrence date.",2787,"nyc_shootings",100,"development","train"
"2013-08-19",2788,2013,0,"development",365,"Distinct incident_key per occurrence date.",2788,"nyc_shootings",100,"development","train"
"2013-08-20",2789,2013,4,"development",365,"Distinct incident_key per occurrence date.",2789,"nyc_shootings",100,"development","train"
"2013-08-21",2790,2013,6,"development",365,"Distinct incident_key per occurrence date.",2790,"nyc_shootings",100,"development","train"
"2013-08-22",2791,2013,5,"development",365,"Distinct incident_key per occurrence date.",2791,"nyc_shootings",100,"development","train"
"2013-08-23",2792,2013,5,"development",365,"Distinct incident_key per occurrence date.",2792,"nyc_shootings",100,"development","train"
"2013-08-24",2793,2013,7,"development",365,"Distinct incident_key per occurrence date.",2793,"nyc_shootings",100,"development","train"
"2013-08-25",2794,2013,10,"development",365,"Distinct incident_key per occurrence date.",2794,"nyc_shootings",100,"development","train"
"2013-08-26",2795,2013,3,"development",365,"Distinct incident_key per occurrence date.",2795,"nyc_shootings",100,"development","train"
"2013-08-27",2796,2013,2,"development",365,"Distinct incident_key per occurrence date.",2796,"nyc_shootings",100,"development","train"
"2013-08-28",2797,2013,4,"development",365,"Distinct incident_key per occurrence date.",2797,"nyc_shootings",100,"development","train"
"2013-08-29",2798,2013,3,"development",365,"Distinct incident_key per occurrence date.",2798,"nyc_shootings",100,"development","train"
"2013-08-30",2799,2013,5,"development",365,"Distinct incident_key per occurrence date.",2799,"nyc_shootings",100,"development","train"
"2013-08-31",2800,2013,10,"development",365,"Distinct incident_key per occurrence date.",2800,"nyc_shootings",100,"development","train"
"2013-09-01",2801,2013,6,"development",365,"Distinct incident_key per occurrence date.",2801,"nyc_shootings",100,"development","train"
"2013-09-02",2802,2013,7,"development",365,"Distinct incident_key per occurrence date.",2802,"nyc_shootings",100,"development","train"
"2013-09-03",2803,2013,3,"development",365,"Distinct incident_key per occurrence date.",2803,"nyc_shootings",100,"development","train"
"2013-09-04",2804,2013,5,"development",365,"Distinct incident_key per occurrence date.",2804,"nyc_shootings",100,"development","train"
"2013-09-05",2805,2013,3,"development",365,"Distinct incident_key per occurrence date.",2805,"nyc_shootings",100,"development","train"
"2013-09-06",2806,2013,4,"development",365,"Distinct incident_key per occurrence date.",2806,"nyc_shootings",100,"development","train"
"2013-09-07",2807,2013,7,"development",365,"Distinct incident_key per occurrence date.",2807,"nyc_shootings",100,"development","train"
"2013-09-08",2808,2013,5,"development",365,"Distinct incident_key per occurrence date.",2808,"nyc_shootings",100,"development","train"
"2013-09-09",2809,2013,4,"development",365,"Distinct incident_key per occurrence date.",2809,"nyc_shootings",100,"development","train"
"2013-09-10",2810,2013,0,"development",365,"Distinct incident_key per occurrence date.",2810,"nyc_shootings",100,"development","train"
"2013-09-11",2811,2013,5,"development",365,"Distinct incident_key per occurrence date.",2811,"nyc_shootings",100,"development","train"
"2013-09-12",2812,2013,2,"development",365,"Distinct incident_key per occurrence date.",2812,"nyc_shootings",100,"development","train"
"2013-09-13",2813,2013,5,"development",365,"Distinct incident_key per occurrence date.",2813,"nyc_shootings",100,"development","train"
"2013-09-14",2814,2013,4,"development",365,"Distinct incident_key per occurrence date.",2814,"nyc_shootings",100,"development","train"
"2013-09-15",2815,2013,2,"development",365,"Distinct incident_key per occurrence date.",2815,"nyc_shootings",100,"development","train"
"2013-09-16",2816,2013,0,"development",365,"Distinct incident_key per occurrence date.",2816,"nyc_shootings",100,"development","train"
"2013-09-17",2817,2013,2,"development",365,"Distinct incident_key per occurrence date.",2817,"nyc_shootings",100,"development","train"
"2013-09-18",2818,2013,1,"development",365,"Distinct incident_key per occurrence date.",2818,"nyc_shootings",100,"development","train"
"2013-09-19",2819,2013,4,"development",365,"Distinct incident_key per occurrence date.",2819,"nyc_shootings",100,"development","train"
"2013-09-20",2820,2013,6,"development",365,"Distinct incident_key per occurrence date.",2820,"nyc_shootings",100,"development","train"
"2013-09-21",2821,2013,6,"development",365,"Distinct incident_key per occurrence date.",2821,"nyc_shootings",100,"development","train"
"2013-09-22",2822,2013,1,"development",365,"Distinct incident_key per occurrence date.",2822,"nyc_shootings",100,"development","train"
"2013-09-23",2823,2013,5,"development",365,"Distinct incident_key per occurrence date.",2823,"nyc_shootings",100,"development","train"
"2013-09-24",2824,2013,1,"development",365,"Distinct incident_key per occurrence date.",2824,"nyc_shootings",100,"development","train"
"2013-09-25",2825,2013,4,"development",365,"Distinct incident_key per occurrence date.",2825,"nyc_shootings",100,"development","train"
"2013-09-26",2826,2013,3,"development",365,"Distinct incident_key per occurrence date.",2826,"nyc_shootings",100,"development","train"
"2013-09-27",2827,2013,4,"development",365,"Distinct incident_key per occurrence date.",2827,"nyc_shootings",100,"development","train"
"2013-09-28",2828,2013,5,"development",365,"Distinct incident_key per occurrence date.",2828,"nyc_shootings",100,"development","train"
"2013-09-29",2829,2013,3,"development",365,"Distinct incident_key per occurrence date.",2829,"nyc_shootings",100,"development","train"
"2013-09-30",2830,2013,0,"development",365,"Distinct incident_key per occurrence date.",2830,"nyc_shootings",100,"development","train"
"2013-10-01",2831,2013,3,"development",365,"Distinct incident_key per occurrence date.",2831,"nyc_shootings",100,"development","train"
"2013-10-02",2832,2013,1,"development",365,"Distinct incident_key per occurrence date.",2832,"nyc_shootings",100,"development","train"
"2013-10-03",2833,2013,6,"development",365,"Distinct incident_key per occurrence date.",2833,"nyc_shootings",100,"development","train"
"2013-10-04",2834,2013,5,"development",365,"Distinct incident_key per occurrence date.",2834,"nyc_shootings",100,"development","train"
"2013-10-05",2835,2013,4,"development",365,"Distinct incident_key per occurrence date.",2835,"nyc_shootings",100,"development","train"
"2013-10-06",2836,2013,4,"development",365,"Distinct incident_key per occurrence date.",2836,"nyc_shootings",100,"development","train"
"2013-10-07",2837,2013,1,"development",365,"Distinct incident_key per occurrence date.",2837,"nyc_shootings",100,"development","train"
"2013-10-08",2838,2013,2,"development",365,"Distinct incident_key per occurrence date.",2838,"nyc_shootings",100,"development","train"
"2013-10-09",2839,2013,1,"development",365,"Distinct incident_key per occurrence date.",2839,"nyc_shootings",100,"development","train"
"2013-10-10",2840,2013,3,"development",365,"Distinct incident_key per occurrence date.",2840,"nyc_shootings",100,"development","train"
"2013-10-11",2841,2013,4,"development",365,"Distinct incident_key per occurrence date.",2841,"nyc_shootings",100,"development","train"
"2013-10-12",2842,2013,3,"development",365,"Distinct incident_key per occurrence date.",2842,"nyc_shootings",100,"development","train"
"2013-10-13",2843,2013,1,"development",365,"Distinct incident_key per occurrence date.",2843,"nyc_shootings",100,"development","train"
"2013-10-14",2844,2013,5,"development",365,"Distinct incident_key per occurrence date.",2844,"nyc_shootings",100,"development","train"
"2013-10-15",2845,2013,3,"development",365,"Distinct incident_key per occurrence date.",2845,"nyc_shootings",100,"development","train"
"2013-10-16",2846,2013,2,"development",365,"Distinct incident_key per occurrence date.",2846,"nyc_shootings",100,"development","train"
"2013-10-17",2847,2013,1,"development",365,"Distinct incident_key per occurrence date.",2847,"nyc_shootings",100,"development","train"
"2013-10-18",2848,2013,4,"development",365,"Distinct incident_key per occurrence date.",2848,"nyc_shootings",100,"development","train"
"2013-10-19",2849,2013,9,"development",365,"Distinct incident_key per occurrence date.",2849,"nyc_shootings",100,"development","train"
"2013-10-20",2850,2013,7,"development",365,"Distinct incident_key per occurrence date.",2850,"nyc_shootings",100,"development","train"
"2013-10-21",2851,2013,0,"development",365,"Distinct incident_key per occurrence date.",2851,"nyc_shootings",100,"development","train"
"2013-10-22",2852,2013,1,"development",365,"Distinct incident_key per occurrence date.",2852,"nyc_shootings",100,"development","train"
"2013-10-23",2853,2013,4,"development",365,"Distinct incident_key per occurrence date.",2853,"nyc_shootings",100,"development","train"
"2013-10-24",2854,2013,2,"development",365,"Distinct incident_key per occurrence date.",2854,"nyc_shootings",100,"development","train"
"2013-10-25",2855,2013,1,"development",365,"Distinct incident_key per occurrence date.",2855,"nyc_shootings",100,"development","train"
"2013-10-26",2856,2013,4,"development",365,"Distinct incident_key per occurrence date.",2856,"nyc_shootings",100,"development","train"
"2013-10-27",2857,2013,4,"development",365,"Distinct incident_key per occurrence date.",2857,"nyc_shootings",100,"development","train"
"2013-10-28",2858,2013,3,"development",365,"Distinct incident_key per occurrence date.",2858,"nyc_shootings",100,"development","train"
"2013-10-29",2859,2013,3,"development",365,"Distinct incident_key per occurrence date.",2859,"nyc_shootings",100,"development","train"
"2013-10-30",2860,2013,3,"development",365,"Distinct incident_key per occurrence date.",2860,"nyc_shootings",100,"development","train"
"2013-10-31",2861,2013,7,"development",365,"Distinct incident_key per occurrence date.",2861,"nyc_shootings",100,"development","train"
"2013-11-01",2862,2013,3,"development",365,"Distinct incident_key per occurrence date.",2862,"nyc_shootings",100,"development","train"
"2013-11-02",2863,2013,1,"development",365,"Distinct incident_key per occurrence date.",2863,"nyc_shootings",100,"development","train"
"2013-11-03",2864,2013,2,"development",365,"Distinct incident_key per occurrence date.",2864,"nyc_shootings",100,"development","train"
"2013-11-04",2865,2013,0,"development",365,"Distinct incident_key per occurrence date.",2865,"nyc_shootings",100,"development","train"
"2013-11-05",2866,2013,2,"development",365,"Distinct incident_key per occurrence date.",2866,"nyc_shootings",100,"development","train"
"2013-11-06",2867,2013,1,"development",365,"Distinct incident_key per occurrence date.",2867,"nyc_shootings",100,"development","train"
"2013-11-07",2868,2013,0,"development",365,"Distinct incident_key per occurrence date.",2868,"nyc_shootings",100,"development","train"
"2013-11-08",2869,2013,4,"development",365,"Distinct incident_key per occurrence date.",2869,"nyc_shootings",100,"development","train"
"2013-11-09",2870,2013,4,"development",365,"Distinct incident_key per occurrence date.",2870,"nyc_shootings",100,"development","train"
"2013-11-10",2871,2013,6,"development",365,"Distinct incident_key per occurrence date.",2871,"nyc_shootings",100,"development","train"
"2013-11-11",2872,2013,3,"development",365,"Distinct incident_key per occurrence date.",2872,"nyc_shootings",100,"development","train"
"2013-11-12",2873,2013,2,"development",365,"Distinct incident_key per occurrence date.",2873,"nyc_shootings",100,"development","train"
"2013-11-13",2874,2013,1,"development",365,"Distinct incident_key per occurrence date.",2874,"nyc_shootings",100,"development","train"
"2013-11-14",2875,2013,3,"development",365,"Distinct incident_key per occurrence date.",2875,"nyc_shootings",100,"development","train"
"2013-11-15",2876,2013,4,"development",365,"Distinct incident_key per occurrence date.",2876,"nyc_shootings",100,"development","train"
"2013-11-16",2877,2013,3,"development",365,"Distinct incident_key per occurrence date.",2877,"nyc_shootings",100,"development","train"
"2013-11-17",2878,2013,3,"development",365,"Distinct incident_key per occurrence date.",2878,"nyc_shootings",100,"development","train"
"2013-11-18",2879,2013,6,"development",365,"Distinct incident_key per occurrence date.",2879,"nyc_shootings",100,"development","train"
"2013-11-19",2880,2013,1,"development",365,"Distinct incident_key per occurrence date.",2880,"nyc_shootings",100,"development","train"
"2013-11-20",2881,2013,2,"development",365,"Distinct incident_key per occurrence date.",2881,"nyc_shootings",100,"development","train"
"2013-11-21",2882,2013,1,"development",365,"Distinct incident_key per occurrence date.",2882,"nyc_shootings",100,"development","train"
"2013-11-22",2883,2013,10,"development",365,"Distinct incident_key per occurrence date.",2883,"nyc_shootings",100,"development","train"
"2013-11-23",2884,2013,5,"development",365,"Distinct incident_key per occurrence date.",2884,"nyc_shootings",100,"development","train"
"2013-11-24",2885,2013,2,"development",365,"Distinct incident_key per occurrence date.",2885,"nyc_shootings",100,"development","train"
"2013-11-25",2886,2013,1,"development",365,"Distinct incident_key per occurrence date.",2886,"nyc_shootings",100,"development","train"
"2013-11-26",2887,2013,2,"development",365,"Distinct incident_key per occurrence date.",2887,"nyc_shootings",100,"development","train"
"2013-11-27",2888,2013,2,"development",365,"Distinct incident_key per occurrence date.",2888,"nyc_shootings",100,"development","train"
"2013-11-28",2889,2013,0,"development",365,"Distinct incident_key per occurrence date.",2889,"nyc_shootings",100,"development","train"
"2013-11-29",2890,2013,5,"development",365,"Distinct incident_key per occurrence date.",2890,"nyc_shootings",100,"development","train"
"2013-11-30",2891,2013,3,"development",365,"Distinct incident_key per occurrence date.",2891,"nyc_shootings",100,"development","train"
"2013-12-01",2892,2013,2,"development",365,"Distinct incident_key per occurrence date.",2892,"nyc_shootings",100,"development","train"
"2013-12-02",2893,2013,3,"development",365,"Distinct incident_key per occurrence date.",2893,"nyc_shootings",100,"development","train"
"2013-12-03",2894,2013,4,"development",365,"Distinct incident_key per occurrence date.",2894,"nyc_shootings",100,"development","train"
"2013-12-04",2895,2013,4,"development",365,"Distinct incident_key per occurrence date.",2895,"nyc_shootings",100,"development","train"
"2013-12-05",2896,2013,1,"development",365,"Distinct incident_key per occurrence date.",2896,"nyc_shootings",100,"development","train"
"2013-12-06",2897,2013,3,"development",365,"Distinct incident_key per occurrence date.",2897,"nyc_shootings",100,"development","train"
"2013-12-07",2898,2013,4,"development",365,"Distinct incident_key per occurrence date.",2898,"nyc_shootings",100,"development","train"
"2013-12-08",2899,2013,3,"development",365,"Distinct incident_key per occurrence date.",2899,"nyc_shootings",100,"development","train"
"2013-12-09",2900,2013,0,"development",365,"Distinct incident_key per occurrence date.",2900,"nyc_shootings",100,"development","train"
"2013-12-10",2901,2013,2,"development",365,"Distinct incident_key per occurrence date.",2901,"nyc_shootings",100,"development","train"
"2013-12-11",2902,2013,1,"development",365,"Distinct incident_key per occurrence date.",2902,"nyc_shootings",100,"development","train"
"2013-12-12",2903,2013,0,"development",365,"Distinct incident_key per occurrence date.",2903,"nyc_shootings",100,"development","train"
"2013-12-13",2904,2013,3,"development",365,"Distinct incident_key per occurrence date.",2904,"nyc_shootings",100,"development","train"
"2013-12-14",2905,2013,3,"development",365,"Distinct incident_key per occurrence date.",2905,"nyc_shootings",100,"development","train"
"2013-12-15",2906,2013,1,"development",365,"Distinct incident_key per occurrence date.",2906,"nyc_shootings",100,"development","train"
"2013-12-16",2907,2013,2,"development",365,"Distinct incident_key per occurrence date.",2907,"nyc_shootings",100,"development","train"
"2013-12-17",2908,2013,0,"development",365,"Distinct incident_key per occurrence date.",2908,"nyc_shootings",100,"development","train"
"2013-12-18",2909,2013,1,"development",365,"Distinct incident_key per occurrence date.",2909,"nyc_shootings",100,"development","train"
"2013-12-19",2910,2013,2,"development",365,"Distinct incident_key per occurrence date.",2910,"nyc_shootings",100,"development","train"
"2013-12-20",2911,2013,2,"development",365,"Distinct incident_key per occurrence date.",2911,"nyc_shootings",100,"development","train"
"2013-12-21",2912,2013,5,"development",365,"Distinct incident_key per occurrence date.",2912,"nyc_shootings",100,"development","train"
"2013-12-22",2913,2013,6,"development",365,"Distinct incident_key per occurrence date.",2913,"nyc_shootings",100,"development","train"
"2013-12-23",2914,2013,5,"development",365,"Distinct incident_key per occurrence date.",2914,"nyc_shootings",100,"development","train"
"2013-12-24",2915,2013,4,"development",365,"Distinct incident_key per occurrence date.",2915,"nyc_shootings",100,"development","train"
"2013-12-25",2916,2013,5,"development",365,"Distinct incident_key per occurrence date.",2916,"nyc_shootings",100,"development","train"
"2013-12-26",2917,2013,2,"development",365,"Distinct incident_key per occurrence date.",2917,"nyc_shootings",100,"development","train"
"2013-12-27",2918,2013,2,"development",365,"Distinct incident_key per occurrence date.",2918,"nyc_shootings",100,"development","train"
"2013-12-28",2919,2013,2,"development",365,"Distinct incident_key per occurrence date.",2919,"nyc_shootings",100,"development","train"
"2013-12-29",2920,2013,3,"development",365,"Distinct incident_key per occurrence date.",2920,"nyc_shootings",100,"development","train"
"2013-12-30",2921,2013,3,"development",365,"Distinct incident_key per occurrence date.",2921,"nyc_shootings",100,"development","train"
"2013-12-31",2922,2013,1,"development",365,"Distinct incident_key per occurrence date.",2922,"nyc_shootings",100,"development","train"
"2014-01-01",2923,2014,10,"development",365,"Distinct incident_key per occurrence date.",2923,"nyc_shootings",100,"development","train"
"2014-01-02",2924,2014,4,"development",365,"Distinct incident_key per occurrence date.",2924,"nyc_shootings",100,"development","train"
"2014-01-03",2925,2014,3,"development",365,"Distinct incident_key per occurrence date.",2925,"nyc_shootings",100,"development","train"
"2014-01-04",2926,2014,2,"development",365,"Distinct incident_key per occurrence date.",2926,"nyc_shootings",100,"development","train"
"2014-01-05",2927,2014,1,"development",365,"Distinct incident_key per occurrence date.",2927,"nyc_shootings",100,"development","train"
"2014-01-06",2928,2014,1,"development",365,"Distinct incident_key per occurrence date.",2928,"nyc_shootings",100,"development","train"
"2014-01-07",2929,2014,1,"development",365,"Distinct incident_key per occurrence date.",2929,"nyc_shootings",100,"development","train"
"2014-01-08",2930,2014,2,"development",365,"Distinct incident_key per occurrence date.",2930,"nyc_shootings",100,"development","train"
"2014-01-09",2931,2014,1,"development",365,"Distinct incident_key per occurrence date.",2931,"nyc_shootings",100,"development","train"
"2014-01-10",2932,2014,1,"development",365,"Distinct incident_key per occurrence date.",2932,"nyc_shootings",100,"development","train"
"2014-01-11",2933,2014,4,"development",365,"Distinct incident_key per occurrence date.",2933,"nyc_shootings",100,"development","train"
"2014-01-12",2934,2014,1,"development",365,"Distinct incident_key per occurrence date.",2934,"nyc_shootings",100,"development","train"
"2014-01-13",2935,2014,4,"development",365,"Distinct incident_key per occurrence date.",2935,"nyc_shootings",100,"development","train"
"2014-01-14",2936,2014,3,"development",365,"Distinct incident_key per occurrence date.",2936,"nyc_shootings",100,"development","train"
"2014-01-15",2937,2014,2,"development",365,"Distinct incident_key per occurrence date.",2937,"nyc_shootings",100,"development","train"
"2014-01-16",2938,2014,2,"development",365,"Distinct incident_key per occurrence date.",2938,"nyc_shootings",100,"development","train"
"2014-01-17",2939,2014,1,"development",365,"Distinct incident_key per occurrence date.",2939,"nyc_shootings",100,"development","train"
"2014-01-18",2940,2014,3,"development",365,"Distinct incident_key per occurrence date.",2940,"nyc_shootings",100,"development","train"
"2014-01-19",2941,2014,2,"development",365,"Distinct incident_key per occurrence date.",2941,"nyc_shootings",100,"development","train"
"2014-01-20",2942,2014,4,"development",365,"Distinct incident_key per occurrence date.",2942,"nyc_shootings",100,"development","train"
"2014-01-21",2943,2014,2,"development",365,"Distinct incident_key per occurrence date.",2943,"nyc_shootings",100,"development","train"
"2014-01-22",2944,2014,4,"development",365,"Distinct incident_key per occurrence date.",2944,"nyc_shootings",100,"development","train"
"2014-01-23",2945,2014,0,"development",365,"Distinct incident_key per occurrence date.",2945,"nyc_shootings",100,"development","train"
"2014-01-24",2946,2014,4,"development",365,"Distinct incident_key per occurrence date.",2946,"nyc_shootings",100,"development","train"
"2014-01-25",2947,2014,1,"development",365,"Distinct incident_key per occurrence date.",2947,"nyc_shootings",100,"development","train"
"2014-01-26",2948,2014,3,"development",365,"Distinct incident_key per occurrence date.",2948,"nyc_shootings",100,"development","train"
"2014-01-27",2949,2014,0,"development",365,"Distinct incident_key per occurrence date.",2949,"nyc_shootings",100,"development","train"
"2014-01-28",2950,2014,0,"development",365,"Distinct incident_key per occurrence date.",2950,"nyc_shootings",100,"development","train"
"2014-01-29",2951,2014,3,"development",365,"Distinct incident_key per occurrence date.",2951,"nyc_shootings",100,"development","train"
"2014-01-30",2952,2014,2,"development",365,"Distinct incident_key per occurrence date.",2952,"nyc_shootings",100,"development","train"
"2014-01-31",2953,2014,6,"development",365,"Distinct incident_key per occurrence date.",2953,"nyc_shootings",100,"development","train"
"2014-02-01",2954,2014,3,"development",365,"Distinct incident_key per occurrence date.",2954,"nyc_shootings",100,"development","train"
"2014-02-02",2955,2014,1,"development",365,"Distinct incident_key per occurrence date.",2955,"nyc_shootings",100,"development","train"
"2014-02-03",2956,2014,2,"development",365,"Distinct incident_key per occurrence date.",2956,"nyc_shootings",100,"development","train"
"2014-02-04",2957,2014,3,"development",365,"Distinct incident_key per occurrence date.",2957,"nyc_shootings",100,"development","train"
"2014-02-05",2958,2014,2,"development",365,"Distinct incident_key per occurrence date.",2958,"nyc_shootings",100,"development","train"
"2014-02-06",2959,2014,1,"development",365,"Distinct incident_key per occurrence date.",2959,"nyc_shootings",100,"development","train"
"2014-02-07",2960,2014,2,"development",365,"Distinct incident_key per occurrence date.",2960,"nyc_shootings",100,"development","train"
"2014-02-08",2961,2014,0,"development",365,"Distinct incident_key per occurrence date.",2961,"nyc_shootings",100,"development","train"
"2014-02-09",2962,2014,2,"development",365,"Distinct incident_key per occurrence date.",2962,"nyc_shootings",100,"development","train"
"2014-02-10",2963,2014,1,"development",365,"Distinct incident_key per occurrence date.",2963,"nyc_shootings",100,"development","train"
"2014-02-11",2964,2014,1,"development",365,"Distinct incident_key per occurrence date.",2964,"nyc_shootings",100,"development","train"
"2014-02-12",2965,2014,1,"development",365,"Distinct incident_key per occurrence date.",2965,"nyc_shootings",100,"development","train"
"2014-02-13",2966,2014,0,"development",365,"Distinct incident_key per occurrence date.",2966,"nyc_shootings",100,"development","train"
"2014-02-14",2967,2014,4,"development",365,"Distinct incident_key per occurrence date.",2967,"nyc_shootings",100,"development","train"
"2014-02-15",2968,2014,1,"development",365,"Distinct incident_key per occurrence date.",2968,"nyc_shootings",100,"development","train"
"2014-02-16",2969,2014,3,"development",365,"Distinct incident_key per occurrence date.",2969,"nyc_shootings",100,"development","train"
"2014-02-17",2970,2014,2,"development",365,"Distinct incident_key per occurrence date.",2970,"nyc_shootings",100,"development","train"
"2014-02-18",2971,2014,3,"development",365,"Distinct incident_key per occurrence date.",2971,"nyc_shootings",100,"development","train"
"2014-02-19",2972,2014,1,"development",365,"Distinct incident_key per occurrence date.",2972,"nyc_shootings",100,"development","train"
"2014-02-20",2973,2014,1,"development",365,"Distinct incident_key per occurrence date.",2973,"nyc_shootings",100,"development","train"
"2014-02-21",2974,2014,2,"development",365,"Distinct incident_key per occurrence date.",2974,"nyc_shootings",100,"development","train"
"2014-02-22",2975,2014,1,"development",365,"Distinct incident_key per occurrence date.",2975,"nyc_shootings",100,"development","train"
"2014-02-23",2976,2014,3,"development",365,"Distinct incident_key per occurrence date.",2976,"nyc_shootings",100,"development","train"
"2014-02-24",2977,2014,2,"development",365,"Distinct incident_key per occurrence date.",2977,"nyc_shootings",100,"development","train"
"2014-02-25",2978,2014,0,"development",365,"Distinct incident_key per occurrence date.",2978,"nyc_shootings",100,"development","train"
"2014-02-26",2979,2014,1,"development",365,"Distinct incident_key per occurrence date.",2979,"nyc_shootings",100,"development","train"
"2014-02-27",2980,2014,1,"development",365,"Distinct incident_key per occurrence date.",2980,"nyc_shootings",100,"development","train"
"2014-02-28",2981,2014,1,"development",365,"Distinct incident_key per occurrence date.",2981,"nyc_shootings",100,"development","train"
"2014-03-01",2982,2014,4,"development",365,"Distinct incident_key per occurrence date.",2982,"nyc_shootings",100,"development","train"
"2014-03-02",2983,2014,2,"development",365,"Distinct incident_key per occurrence date.",2983,"nyc_shootings",100,"development","train"
"2014-03-03",2984,2014,1,"development",365,"Distinct incident_key per occurrence date.",2984,"nyc_shootings",100,"development","train"
"2014-03-04",2985,2014,0,"development",365,"Distinct incident_key per occurrence date.",2985,"nyc_shootings",100,"development","train"
"2014-03-05",2986,2014,0,"development",365,"Distinct incident_key per occurrence date.",2986,"nyc_shootings",100,"development","train"
"2014-03-06",2987,2014,0,"development",365,"Distinct incident_key per occurrence date.",2987,"nyc_shootings",100,"development","train"
"2014-03-07",2988,2014,1,"development",365,"Distinct incident_key per occurrence date.",2988,"nyc_shootings",100,"development","train"
"2014-03-08",2989,2014,6,"development",365,"Distinct incident_key per occurrence date.",2989,"nyc_shootings",100,"development","train"
"2014-03-09",2990,2014,2,"development",365,"Distinct incident_key per occurrence date.",2990,"nyc_shootings",100,"development","train"
"2014-03-10",2991,2014,3,"development",365,"Distinct incident_key per occurrence date.",2991,"nyc_shootings",100,"development","train"
"2014-03-11",2992,2014,9,"development",365,"Distinct incident_key per occurrence date.",2992,"nyc_shootings",100,"development","train"
"2014-03-12",2993,2014,3,"development",365,"Distinct incident_key per occurrence date.",2993,"nyc_shootings",100,"development","train"
"2014-03-13",2994,2014,3,"development",365,"Distinct incident_key per occurrence date.",2994,"nyc_shootings",100,"development","train"
"2014-03-14",2995,2014,5,"development",365,"Distinct incident_key per occurrence date.",2995,"nyc_shootings",100,"development","train"
"2014-03-15",2996,2014,5,"development",365,"Distinct incident_key per occurrence date.",2996,"nyc_shootings",100,"development","train"
"2014-03-16",2997,2014,3,"development",365,"Distinct incident_key per occurrence date.",2997,"nyc_shootings",100,"development","train"
"2014-03-17",2998,2014,1,"development",365,"Distinct incident_key per occurrence date.",2998,"nyc_shootings",100,"development","train"
"2014-03-18",2999,2014,0,"development",365,"Distinct incident_key per occurrence date.",2999,"nyc_shootings",100,"development","train"
"2014-03-19",3000,2014,1,"development",365,"Distinct incident_key per occurrence date.",3000,"nyc_shootings",100,"development","train"
"2014-03-20",3001,2014,2,"development",365,"Distinct incident_key per occurrence date.",3001,"nyc_shootings",100,"development","train"
"2014-03-21",3002,2014,0,"development",365,"Distinct incident_key per occurrence date.",3002,"nyc_shootings",100,"development","train"
"2014-03-22",3003,2014,4,"development",365,"Distinct incident_key per occurrence date.",3003,"nyc_shootings",100,"development","train"
"2014-03-23",3004,2014,4,"development",365,"Distinct incident_key per occurrence date.",3004,"nyc_shootings",100,"development","train"
"2014-03-24",3005,2014,1,"development",365,"Distinct incident_key per occurrence date.",3005,"nyc_shootings",100,"development","train"
"2014-03-25",3006,2014,2,"development",365,"Distinct incident_key per occurrence date.",3006,"nyc_shootings",100,"development","train"
"2014-03-26",3007,2014,4,"development",365,"Distinct incident_key per occurrence date.",3007,"nyc_shootings",100,"development","train"
"2014-03-27",3008,2014,2,"development",365,"Distinct incident_key per occurrence date.",3008,"nyc_shootings",100,"development","train"
"2014-03-28",3009,2014,5,"development",365,"Distinct incident_key per occurrence date.",3009,"nyc_shootings",100,"development","train"
"2014-03-29",3010,2014,5,"development",365,"Distinct incident_key per occurrence date.",3010,"nyc_shootings",100,"development","train"
"2014-03-30",3011,2014,2,"development",365,"Distinct incident_key per occurrence date.",3011,"nyc_shootings",100,"development","train"
"2014-03-31",3012,2014,2,"development",365,"Distinct incident_key per occurrence date.",3012,"nyc_shootings",100,"development","train"
"2014-04-01",3013,2014,5,"development",365,"Distinct incident_key per occurrence date.",3013,"nyc_shootings",100,"development","train"
"2014-04-02",3014,2014,3,"development",365,"Distinct incident_key per occurrence date.",3014,"nyc_shootings",100,"development","train"
"2014-04-03",3015,2014,2,"development",365,"Distinct incident_key per occurrence date.",3015,"nyc_shootings",100,"development","train"
"2014-04-04",3016,2014,0,"development",365,"Distinct incident_key per occurrence date.",3016,"nyc_shootings",100,"development","train"
"2014-04-05",3017,2014,1,"development",365,"Distinct incident_key per occurrence date.",3017,"nyc_shootings",100,"development","train"
"2014-04-06",3018,2014,5,"development",365,"Distinct incident_key per occurrence date.",3018,"nyc_shootings",100,"development","train"
"2014-04-07",3019,2014,3,"development",365,"Distinct incident_key per occurrence date.",3019,"nyc_shootings",100,"development","train"
"2014-04-08",3020,2014,1,"development",365,"Distinct incident_key per occurrence date.",3020,"nyc_shootings",100,"development","train"
"2014-04-09",3021,2014,3,"development",365,"Distinct incident_key per occurrence date.",3021,"nyc_shootings",100,"development","train"
"2014-04-10",3022,2014,4,"development",365,"Distinct incident_key per occurrence date.",3022,"nyc_shootings",100,"development","train"
"2014-04-11",3023,2014,2,"development",365,"Distinct incident_key per occurrence date.",3023,"nyc_shootings",100,"development","train"
"2014-04-12",3024,2014,5,"development",365,"Distinct incident_key per occurrence date.",3024,"nyc_shootings",100,"development","train"
"2014-04-13",3025,2014,3,"development",365,"Distinct incident_key per occurrence date.",3025,"nyc_shootings",100,"development","train"
"2014-04-14",3026,2014,9,"development",365,"Distinct incident_key per occurrence date.",3026,"nyc_shootings",100,"development","train"
"2014-04-15",3027,2014,2,"development",365,"Distinct incident_key per occurrence date.",3027,"nyc_shootings",100,"development","train"
"2014-04-16",3028,2014,0,"development",365,"Distinct incident_key per occurrence date.",3028,"nyc_shootings",100,"development","train"
"2014-04-17",3029,2014,3,"development",365,"Distinct incident_key per occurrence date.",3029,"nyc_shootings",100,"development","train"
"2014-04-18",3030,2014,1,"development",365,"Distinct incident_key per occurrence date.",3030,"nyc_shootings",100,"development","train"
"2014-04-19",3031,2014,6,"development",365,"Distinct incident_key per occurrence date.",3031,"nyc_shootings",100,"development","train"
"2014-04-20",3032,2014,5,"development",365,"Distinct incident_key per occurrence date.",3032,"nyc_shootings",100,"development","train"
"2014-04-21",3033,2014,0,"development",365,"Distinct incident_key per occurrence date.",3033,"nyc_shootings",100,"development","train"
"2014-04-22",3034,2014,5,"development",365,"Distinct incident_key per occurrence date.",3034,"nyc_shootings",100,"development","train"
"2014-04-23",3035,2014,0,"development",365,"Distinct incident_key per occurrence date.",3035,"nyc_shootings",100,"development","train"
"2014-04-24",3036,2014,2,"development",365,"Distinct incident_key per occurrence date.",3036,"nyc_shootings",100,"development","train"
"2014-04-25",3037,2014,3,"development",365,"Distinct incident_key per occurrence date.",3037,"nyc_shootings",100,"development","train"
"2014-04-26",3038,2014,5,"development",365,"Distinct incident_key per occurrence date.",3038,"nyc_shootings",100,"development","train"
"2014-04-27",3039,2014,2,"development",365,"Distinct incident_key per occurrence date.",3039,"nyc_shootings",100,"development","train"
"2014-04-28",3040,2014,3,"development",365,"Distinct incident_key per occurrence date.",3040,"nyc_shootings",100,"development","train"
"2014-04-29",3041,2014,3,"development",365,"Distinct incident_key per occurrence date.",3041,"nyc_shootings",100,"development","train"
"2014-04-30",3042,2014,1,"development",365,"Distinct incident_key per occurrence date.",3042,"nyc_shootings",100,"development","train"
"2014-05-01",3043,2014,1,"development",365,"Distinct incident_key per occurrence date.",3043,"nyc_shootings",100,"development","train"
"2014-05-02",3044,2014,7,"development",365,"Distinct incident_key per occurrence date.",3044,"nyc_shootings",100,"development","train"
"2014-05-03",3045,2014,0,"development",365,"Distinct incident_key per occurrence date.",3045,"nyc_shootings",100,"development","train"
"2014-05-04",3046,2014,4,"development",365,"Distinct incident_key per occurrence date.",3046,"nyc_shootings",100,"development","train"
"2014-05-05",3047,2014,4,"development",365,"Distinct incident_key per occurrence date.",3047,"nyc_shootings",100,"development","train"
"2014-05-06",3048,2014,3,"development",365,"Distinct incident_key per occurrence date.",3048,"nyc_shootings",100,"development","train"
"2014-05-07",3049,2014,5,"development",365,"Distinct incident_key per occurrence date.",3049,"nyc_shootings",100,"development","train"
"2014-05-08",3050,2014,3,"development",365,"Distinct incident_key per occurrence date.",3050,"nyc_shootings",100,"development","train"
"2014-05-09",3051,2014,2,"development",365,"Distinct incident_key per occurrence date.",3051,"nyc_shootings",100,"development","train"
"2014-05-10",3052,2014,3,"development",365,"Distinct incident_key per occurrence date.",3052,"nyc_shootings",100,"development","train"
"2014-05-11",3053,2014,7,"development",365,"Distinct incident_key per occurrence date.",3053,"nyc_shootings",100,"development","train"
"2014-05-12",3054,2014,3,"development",365,"Distinct incident_key per occurrence date.",3054,"nyc_shootings",100,"development","train"
"2014-05-13",3055,2014,2,"development",365,"Distinct incident_key per occurrence date.",3055,"nyc_shootings",100,"development","train"
"2014-05-14",3056,2014,1,"development",365,"Distinct incident_key per occurrence date.",3056,"nyc_shootings",100,"development","train"
"2014-05-15",3057,2014,4,"development",365,"Distinct incident_key per occurrence date.",3057,"nyc_shootings",100,"development","train"
"2014-05-16",3058,2014,3,"development",365,"Distinct incident_key per occurrence date.",3058,"nyc_shootings",100,"development","train"
"2014-05-17",3059,2014,10,"development",365,"Distinct incident_key per occurrence date.",3059,"nyc_shootings",100,"development","train"
"2014-05-18",3060,2014,5,"development",365,"Distinct incident_key per occurrence date.",3060,"nyc_shootings",100,"development","train"
"2014-05-19",3061,2014,4,"development",365,"Distinct incident_key per occurrence date.",3061,"nyc_shootings",100,"development","train"
"2014-05-20",3062,2014,2,"development",365,"Distinct incident_key per occurrence date.",3062,"nyc_shootings",100,"development","train"
"2014-05-21",3063,2014,5,"development",365,"Distinct incident_key per occurrence date.",3063,"nyc_shootings",100,"development","train"
"2014-05-22",3064,2014,1,"development",365,"Distinct incident_key per occurrence date.",3064,"nyc_shootings",100,"development","train"
"2014-05-23",3065,2014,2,"development",365,"Distinct incident_key per occurrence date.",3065,"nyc_shootings",100,"development","train"
"2014-05-24",3066,2014,3,"development",365,"Distinct incident_key per occurrence date.",3066,"nyc_shootings",100,"development","train"
"2014-05-25",3067,2014,6,"development",365,"Distinct incident_key per occurrence date.",3067,"nyc_shootings",100,"development","train"
"2014-05-26",3068,2014,5,"development",365,"Distinct incident_key per occurrence date.",3068,"nyc_shootings",100,"development","train"
"2014-05-27",3069,2014,5,"development",365,"Distinct incident_key per occurrence date.",3069,"nyc_shootings",100,"development","train"
"2014-05-28",3070,2014,1,"development",365,"Distinct incident_key per occurrence date.",3070,"nyc_shootings",100,"development","train"
"2014-05-29",3071,2014,1,"development",365,"Distinct incident_key per occurrence date.",3071,"nyc_shootings",100,"development","train"
"2014-05-30",3072,2014,2,"development",365,"Distinct incident_key per occurrence date.",3072,"nyc_shootings",100,"development","train"
"2014-05-31",3073,2014,8,"development",365,"Distinct incident_key per occurrence date.",3073,"nyc_shootings",100,"development","train"
"2014-06-01",3074,2014,4,"development",365,"Distinct incident_key per occurrence date.",3074,"nyc_shootings",100,"development","train"
"2014-06-02",3075,2014,3,"development",365,"Distinct incident_key per occurrence date.",3075,"nyc_shootings",100,"development","train"
"2014-06-03",3076,2014,3,"development",365,"Distinct incident_key per occurrence date.",3076,"nyc_shootings",100,"development","train"
"2014-06-04",3077,2014,5,"development",365,"Distinct incident_key per occurrence date.",3077,"nyc_shootings",100,"development","train"
"2014-06-05",3078,2014,1,"development",365,"Distinct incident_key per occurrence date.",3078,"nyc_shootings",100,"development","train"
"2014-06-06",3079,2014,3,"development",365,"Distinct incident_key per occurrence date.",3079,"nyc_shootings",100,"development","train"
"2014-06-07",3080,2014,6,"development",365,"Distinct incident_key per occurrence date.",3080,"nyc_shootings",100,"development","train"
"2014-06-08",3081,2014,6,"development",365,"Distinct incident_key per occurrence date.",3081,"nyc_shootings",100,"development","train"
"2014-06-09",3082,2014,3,"development",365,"Distinct incident_key per occurrence date.",3082,"nyc_shootings",100,"development","train"
"2014-06-10",3083,2014,2,"development",365,"Distinct incident_key per occurrence date.",3083,"nyc_shootings",100,"development","train"
"2014-06-11",3084,2014,4,"development",365,"Distinct incident_key per occurrence date.",3084,"nyc_shootings",100,"development","train"
"2014-06-12",3085,2014,2,"development",365,"Distinct incident_key per occurrence date.",3085,"nyc_shootings",100,"development","train"
"2014-06-13",3086,2014,1,"development",365,"Distinct incident_key per occurrence date.",3086,"nyc_shootings",100,"development","train"
"2014-06-14",3087,2014,3,"development",365,"Distinct incident_key per occurrence date.",3087,"nyc_shootings",100,"development","train"
"2014-06-15",3088,2014,7,"development",365,"Distinct incident_key per occurrence date.",3088,"nyc_shootings",100,"development","train"
"2014-06-16",3089,2014,5,"development",365,"Distinct incident_key per occurrence date.",3089,"nyc_shootings",100,"development","train"
"2014-06-17",3090,2014,6,"development",365,"Distinct incident_key per occurrence date.",3090,"nyc_shootings",100,"development","train"
"2014-06-18",3091,2014,5,"development",365,"Distinct incident_key per occurrence date.",3091,"nyc_shootings",100,"development","train"
"2014-06-19",3092,2014,5,"development",365,"Distinct incident_key per occurrence date.",3092,"nyc_shootings",100,"development","train"
"2014-06-20",3093,2014,3,"development",365,"Distinct incident_key per occurrence date.",3093,"nyc_shootings",100,"development","train"
"2014-06-21",3094,2014,8,"development",365,"Distinct incident_key per occurrence date.",3094,"nyc_shootings",100,"development","train"
"2014-06-22",3095,2014,7,"development",365,"Distinct incident_key per occurrence date.",3095,"nyc_shootings",100,"development","train"
"2014-06-23",3096,2014,1,"development",365,"Distinct incident_key per occurrence date.",3096,"nyc_shootings",100,"development","train"
"2014-06-24",3097,2014,4,"development",365,"Distinct incident_key per occurrence date.",3097,"nyc_shootings",100,"development","train"
"2014-06-25",3098,2014,4,"development",365,"Distinct incident_key per occurrence date.",3098,"nyc_shootings",100,"development","train"
"2014-06-26",3099,2014,1,"development",365,"Distinct incident_key per occurrence date.",3099,"nyc_shootings",100,"development","train"
"2014-06-27",3100,2014,2,"development",365,"Distinct incident_key per occurrence date.",3100,"nyc_shootings",100,"development","train"
"2014-06-28",3101,2014,4,"development",365,"Distinct incident_key per occurrence date.",3101,"nyc_shootings",100,"development","train"
"2014-06-29",3102,2014,10,"development",365,"Distinct incident_key per occurrence date.",3102,"nyc_shootings",100,"development","train"
"2014-06-30",3103,2014,3,"development",365,"Distinct incident_key per occurrence date.",3103,"nyc_shootings",100,"development","train"
"2014-07-01",3104,2014,4,"development",365,"Distinct incident_key per occurrence date.",3104,"nyc_shootings",100,"development","train"
"2014-07-02",3105,2014,5,"development",365,"Distinct incident_key per occurrence date.",3105,"nyc_shootings",100,"development","train"
"2014-07-03",3106,2014,2,"development",365,"Distinct incident_key per occurrence date.",3106,"nyc_shootings",100,"development","train"
"2014-07-04",3107,2014,6,"development",365,"Distinct incident_key per occurrence date.",3107,"nyc_shootings",100,"development","train"
"2014-07-05",3108,2014,5,"development",365,"Distinct incident_key per occurrence date.",3108,"nyc_shootings",100,"development","train"
"2014-07-06",3109,2014,16,"development",365,"Distinct incident_key per occurrence date.",3109,"nyc_shootings",100,"development","train"
"2014-07-07",3110,2014,4,"development",365,"Distinct incident_key per occurrence date.",3110,"nyc_shootings",100,"development","train"
"2014-07-08",3111,2014,4,"development",365,"Distinct incident_key per occurrence date.",3111,"nyc_shootings",100,"development","train"
"2014-07-09",3112,2014,2,"development",365,"Distinct incident_key per occurrence date.",3112,"nyc_shootings",100,"development","train"
"2014-07-10",3113,2014,2,"development",365,"Distinct incident_key per occurrence date.",3113,"nyc_shootings",100,"development","train"
"2014-07-11",3114,2014,4,"development",365,"Distinct incident_key per occurrence date.",3114,"nyc_shootings",100,"development","train"
"2014-07-12",3115,2014,7,"development",365,"Distinct incident_key per occurrence date.",3115,"nyc_shootings",100,"development","train"
"2014-07-13",3116,2014,7,"development",365,"Distinct incident_key per occurrence date.",3116,"nyc_shootings",100,"development","train"
"2014-07-14",3117,2014,4,"development",365,"Distinct incident_key per occurrence date.",3117,"nyc_shootings",100,"development","train"
"2014-07-15",3118,2014,3,"development",365,"Distinct incident_key per occurrence date.",3118,"nyc_shootings",100,"development","train"
"2014-07-16",3119,2014,1,"development",365,"Distinct incident_key per occurrence date.",3119,"nyc_shootings",100,"development","train"
"2014-07-17",3120,2014,4,"development",365,"Distinct incident_key per occurrence date.",3120,"nyc_shootings",100,"development","train"
"2014-07-18",3121,2014,1,"development",365,"Distinct incident_key per occurrence date.",3121,"nyc_shootings",100,"development","train"
"2014-07-19",3122,2014,5,"development",365,"Distinct incident_key per occurrence date.",3122,"nyc_shootings",100,"development","train"
"2014-07-20",3123,2014,7,"development",365,"Distinct incident_key per occurrence date.",3123,"nyc_shootings",100,"development","train"
"2014-07-21",3124,2014,3,"development",365,"Distinct incident_key per occurrence date.",3124,"nyc_shootings",100,"development","train"
"2014-07-22",3125,2014,4,"development",365,"Distinct incident_key per occurrence date.",3125,"nyc_shootings",100,"development","train"
"2014-07-23",3126,2014,2,"development",365,"Distinct incident_key per occurrence date.",3126,"nyc_shootings",100,"development","train"
"2014-07-24",3127,2014,0,"development",365,"Distinct incident_key per occurrence date.",3127,"nyc_shootings",100,"development","train"
"2014-07-25",3128,2014,3,"development",365,"Distinct incident_key per occurrence date.",3128,"nyc_shootings",100,"development","train"
"2014-07-26",3129,2014,5,"development",365,"Distinct incident_key per occurrence date.",3129,"nyc_shootings",100,"development","train"
"2014-07-27",3130,2014,8,"development",365,"Distinct incident_key per occurrence date.",3130,"nyc_shootings",100,"development","train"
"2014-07-28",3131,2014,2,"development",365,"Distinct incident_key per occurrence date.",3131,"nyc_shootings",100,"development","train"
"2014-07-29",3132,2014,2,"development",365,"Distinct incident_key per occurrence date.",3132,"nyc_shootings",100,"development","train"
"2014-07-30",3133,2014,7,"development",365,"Distinct incident_key per occurrence date.",3133,"nyc_shootings",100,"development","train"
"2014-07-31",3134,2014,5,"development",365,"Distinct incident_key per occurrence date.",3134,"nyc_shootings",100,"development","train"
"2014-08-01",3135,2014,7,"development",365,"Distinct incident_key per occurrence date.",3135,"nyc_shootings",100,"development","train"
"2014-08-02",3136,2014,9,"development",365,"Distinct incident_key per occurrence date.",3136,"nyc_shootings",100,"development","train"
"2014-08-03",3137,2014,4,"development",365,"Distinct incident_key per occurrence date.",3137,"nyc_shootings",100,"development","train"
"2014-08-04",3138,2014,2,"development",365,"Distinct incident_key per occurrence date.",3138,"nyc_shootings",100,"development","train"
"2014-08-05",3139,2014,3,"development",365,"Distinct incident_key per occurrence date.",3139,"nyc_shootings",100,"development","train"
"2014-08-06",3140,2014,5,"development",365,"Distinct incident_key per occurrence date.",3140,"nyc_shootings",100,"development","train"
"2014-08-07",3141,2014,0,"development",365,"Distinct incident_key per occurrence date.",3141,"nyc_shootings",100,"development","train"
"2014-08-08",3142,2014,2,"development",365,"Distinct incident_key per occurrence date.",3142,"nyc_shootings",100,"development","train"
"2014-08-09",3143,2014,3,"development",365,"Distinct incident_key per occurrence date.",3143,"nyc_shootings",100,"development","train"
"2014-08-10",3144,2014,9,"development",365,"Distinct incident_key per occurrence date.",3144,"nyc_shootings",100,"development","train"
"2014-08-11",3145,2014,2,"development",365,"Distinct incident_key per occurrence date.",3145,"nyc_shootings",100,"development","train"
"2014-08-12",3146,2014,5,"development",365,"Distinct incident_key per occurrence date.",3146,"nyc_shootings",100,"development","train"
"2014-08-13",3147,2014,4,"development",365,"Distinct incident_key per occurrence date.",3147,"nyc_shootings",100,"development","train"
"2014-08-14",3148,2014,1,"development",365,"Distinct incident_key per occurrence date.",3148,"nyc_shootings",100,"development","train"
"2014-08-15",3149,2014,3,"development",365,"Distinct incident_key per occurrence date.",3149,"nyc_shootings",100,"development","train"
"2014-08-16",3150,2014,5,"development",365,"Distinct incident_key per occurrence date.",3150,"nyc_shootings",100,"development","train"
"2014-08-17",3151,2014,8,"development",365,"Distinct incident_key per occurrence date.",3151,"nyc_shootings",100,"development","train"
"2014-08-18",3152,2014,3,"development",365,"Distinct incident_key per occurrence date.",3152,"nyc_shootings",100,"development","train"
"2014-08-19",3153,2014,3,"development",365,"Distinct incident_key per occurrence date.",3153,"nyc_shootings",100,"development","train"
"2014-08-20",3154,2014,9,"development",365,"Distinct incident_key per occurrence date.",3154,"nyc_shootings",100,"development","train"
"2014-08-21",3155,2014,3,"development",365,"Distinct incident_key per occurrence date.",3155,"nyc_shootings",100,"development","train"
"2014-08-22",3156,2014,3,"development",365,"Distinct incident_key per occurrence date.",3156,"nyc_shootings",100,"development","train"
"2014-08-23",3157,2014,11,"development",365,"Distinct incident_key per occurrence date.",3157,"nyc_shootings",100,"development","train"
"2014-08-24",3158,2014,3,"development",365,"Distinct incident_key per occurrence date.",3158,"nyc_shootings",100,"development","train"
"2014-08-25",3159,2014,2,"development",365,"Distinct incident_key per occurrence date.",3159,"nyc_shootings",100,"development","train"
"2014-08-26",3160,2014,2,"development",365,"Distinct incident_key per occurrence date.",3160,"nyc_shootings",100,"development","train"
"2014-08-27",3161,2014,6,"development",365,"Distinct incident_key per occurrence date.",3161,"nyc_shootings",100,"development","train"
"2014-08-28",3162,2014,2,"development",365,"Distinct incident_key per occurrence date.",3162,"nyc_shootings",100,"development","train"
"2014-08-29",3163,2014,5,"development",365,"Distinct incident_key per occurrence date.",3163,"nyc_shootings",100,"development","train"
"2014-08-30",3164,2014,5,"development",365,"Distinct incident_key per occurrence date.",3164,"nyc_shootings",100,"development","train"
"2014-08-31",3165,2014,6,"development",365,"Distinct incident_key per occurrence date.",3165,"nyc_shootings",100,"development","train"
"2014-09-01",3166,2014,9,"development",365,"Distinct incident_key per occurrence date.",3166,"nyc_shootings",100,"development","train"
"2014-09-02",3167,2014,0,"development",365,"Distinct incident_key per occurrence date.",3167,"nyc_shootings",100,"development","train"
"2014-09-03",3168,2014,4,"development",365,"Distinct incident_key per occurrence date.",3168,"nyc_shootings",100,"development","train"
"2014-09-04",3169,2014,1,"development",365,"Distinct incident_key per occurrence date.",3169,"nyc_shootings",100,"development","train"
"2014-09-05",3170,2014,5,"development",365,"Distinct incident_key per occurrence date.",3170,"nyc_shootings",100,"development","train"
"2014-09-06",3171,2014,6,"development",365,"Distinct incident_key per occurrence date.",3171,"nyc_shootings",100,"development","train"
"2014-09-07",3172,2014,3,"development",365,"Distinct incident_key per occurrence date.",3172,"nyc_shootings",100,"development","train"
"2014-09-08",3173,2014,4,"development",365,"Distinct incident_key per occurrence date.",3173,"nyc_shootings",100,"development","train"
"2014-09-09",3174,2014,1,"development",365,"Distinct incident_key per occurrence date.",3174,"nyc_shootings",100,"development","train"
"2014-09-10",3175,2014,2,"development",365,"Distinct incident_key per occurrence date.",3175,"nyc_shootings",100,"development","train"
"2014-09-11",3176,2014,3,"development",365,"Distinct incident_key per occurrence date.",3176,"nyc_shootings",100,"development","train"
"2014-09-12",3177,2014,4,"development",365,"Distinct incident_key per occurrence date.",3177,"nyc_shootings",100,"development","train"
"2014-09-13",3178,2014,4,"development",365,"Distinct incident_key per occurrence date.",3178,"nyc_shootings",100,"development","train"
"2014-09-14",3179,2014,1,"development",365,"Distinct incident_key per occurrence date.",3179,"nyc_shootings",100,"development","train"
"2014-09-15",3180,2014,1,"development",365,"Distinct incident_key per occurrence date.",3180,"nyc_shootings",100,"development","train"
"2014-09-16",3181,2014,3,"development",365,"Distinct incident_key per occurrence date.",3181,"nyc_shootings",100,"development","train"
"2014-09-17",3182,2014,2,"development",365,"Distinct incident_key per occurrence date.",3182,"nyc_shootings",100,"development","train"
"2014-09-18",3183,2014,3,"development",365,"Distinct incident_key per occurrence date.",3183,"nyc_shootings",100,"development","train"
"2014-09-19",3184,2014,3,"development",365,"Distinct incident_key per occurrence date.",3184,"nyc_shootings",100,"development","train"
"2014-09-20",3185,2014,2,"development",365,"Distinct incident_key per occurrence date.",3185,"nyc_shootings",100,"development","train"
"2014-09-21",3186,2014,4,"development",365,"Distinct incident_key per occurrence date.",3186,"nyc_shootings",100,"development","train"
"2014-09-22",3187,2014,4,"development",365,"Distinct incident_key per occurrence date.",3187,"nyc_shootings",100,"development","train"
"2014-09-23",3188,2014,3,"development",365,"Distinct incident_key per occurrence date.",3188,"nyc_shootings",100,"development","train"
"2014-09-24",3189,2014,1,"development",365,"Distinct incident_key per occurrence date.",3189,"nyc_shootings",100,"development","train"
"2014-09-25",3190,2014,3,"development",365,"Distinct incident_key per occurrence date.",3190,"nyc_shootings",100,"development","train"
"2014-09-26",3191,2014,9,"development",365,"Distinct incident_key per occurrence date.",3191,"nyc_shootings",100,"development","train"
"2014-09-27",3192,2014,7,"development",365,"Distinct incident_key per occurrence date.",3192,"nyc_shootings",100,"development","train"
"2014-09-28",3193,2014,2,"development",365,"Distinct incident_key per occurrence date.",3193,"nyc_shootings",100,"development","train"
"2014-09-29",3194,2014,1,"development",365,"Distinct incident_key per occurrence date.",3194,"nyc_shootings",100,"development","train"
"2014-09-30",3195,2014,1,"development",365,"Distinct incident_key per occurrence date.",3195,"nyc_shootings",100,"development","train"
"2014-10-01",3196,2014,3,"development",365,"Distinct incident_key per occurrence date.",3196,"nyc_shootings",100,"development","train"
"2014-10-02",3197,2014,3,"development",365,"Distinct incident_key per occurrence date.",3197,"nyc_shootings",100,"development","train"
"2014-10-03",3198,2014,4,"development",365,"Distinct incident_key per occurrence date.",3198,"nyc_shootings",100,"development","train"
"2014-10-04",3199,2014,3,"development",365,"Distinct incident_key per occurrence date.",3199,"nyc_shootings",100,"development","train"
"2014-10-05",3200,2014,6,"development",365,"Distinct incident_key per occurrence date.",3200,"nyc_shootings",100,"development","train"
"2014-10-06",3201,2014,3,"development",365,"Distinct incident_key per occurrence date.",3201,"nyc_shootings",100,"development","train"
"2014-10-07",3202,2014,1,"development",365,"Distinct incident_key per occurrence date.",3202,"nyc_shootings",100,"development","train"
"2014-10-08",3203,2014,3,"development",365,"Distinct incident_key per occurrence date.",3203,"nyc_shootings",100,"development","train"
"2014-10-09",3204,2014,2,"development",365,"Distinct incident_key per occurrence date.",3204,"nyc_shootings",100,"development","train"
"2014-10-10",3205,2014,4,"development",365,"Distinct incident_key per occurrence date.",3205,"nyc_shootings",100,"development","train"
"2014-10-11",3206,2014,4,"development",365,"Distinct incident_key per occurrence date.",3206,"nyc_shootings",100,"development","train"
"2014-10-12",3207,2014,6,"development",365,"Distinct incident_key per occurrence date.",3207,"nyc_shootings",100,"development","train"
"2014-10-13",3208,2014,2,"development",365,"Distinct incident_key per occurrence date.",3208,"nyc_shootings",100,"development","train"
"2014-10-14",3209,2014,0,"development",365,"Distinct incident_key per occurrence date.",3209,"nyc_shootings",100,"development","train"
"2014-10-15",3210,2014,6,"development",365,"Distinct incident_key per occurrence date.",3210,"nyc_shootings",100,"development","train"
"2014-10-16",3211,2014,2,"development",365,"Distinct incident_key per occurrence date.",3211,"nyc_shootings",100,"development","train"
"2014-10-17",3212,2014,7,"development",365,"Distinct incident_key per occurrence date.",3212,"nyc_shootings",100,"development","train"
"2014-10-18",3213,2014,4,"development",365,"Distinct incident_key per occurrence date.",3213,"nyc_shootings",100,"development","train"
"2014-10-19",3214,2014,3,"development",365,"Distinct incident_key per occurrence date.",3214,"nyc_shootings",100,"development","train"
"2014-10-20",3215,2014,0,"development",365,"Distinct incident_key per occurrence date.",3215,"nyc_shootings",100,"development","train"
"2014-10-21",3216,2014,0,"development",365,"Distinct incident_key per occurrence date.",3216,"nyc_shootings",100,"development","train"
"2014-10-22",3217,2014,3,"development",365,"Distinct incident_key per occurrence date.",3217,"nyc_shootings",100,"development","train"
"2014-10-23",3218,2014,4,"development",365,"Distinct incident_key per occurrence date.",3218,"nyc_shootings",100,"development","train"
"2014-10-24",3219,2014,2,"development",365,"Distinct incident_key per occurrence date.",3219,"nyc_shootings",100,"development","train"
"2014-10-25",3220,2014,2,"development",365,"Distinct incident_key per occurrence date.",3220,"nyc_shootings",100,"development","train"
"2014-10-26",3221,2014,2,"development",365,"Distinct incident_key per occurrence date.",3221,"nyc_shootings",100,"development","train"
"2014-10-27",3222,2014,2,"development",365,"Distinct incident_key per occurrence date.",3222,"nyc_shootings",100,"development","train"
"2014-10-28",3223,2014,3,"development",365,"Distinct incident_key per occurrence date.",3223,"nyc_shootings",100,"development","train"
"2014-10-29",3224,2014,5,"development",365,"Distinct incident_key per occurrence date.",3224,"nyc_shootings",100,"development","train"
"2014-10-30",3225,2014,1,"development",365,"Distinct incident_key per occurrence date.",3225,"nyc_shootings",100,"development","train"
"2014-10-31",3226,2014,3,"development",365,"Distinct incident_key per occurrence date.",3226,"nyc_shootings",100,"development","train"
"2014-11-01",3227,2014,4,"development",365,"Distinct incident_key per occurrence date.",3227,"nyc_shootings",100,"development","train"
"2014-11-02",3228,2014,6,"development",365,"Distinct incident_key per occurrence date.",3228,"nyc_shootings",100,"development","train"
"2014-11-03",3229,2014,3,"development",365,"Distinct incident_key per occurrence date.",3229,"nyc_shootings",100,"development","train"
"2014-11-04",3230,2014,3,"development",365,"Distinct incident_key per occurrence date.",3230,"nyc_shootings",100,"development","train"
"2014-11-05",3231,2014,3,"development",365,"Distinct incident_key per occurrence date.",3231,"nyc_shootings",100,"development","train"
"2014-11-06",3232,2014,1,"development",365,"Distinct incident_key per occurrence date.",3232,"nyc_shootings",100,"development","train"
"2014-11-07",3233,2014,6,"development",365,"Distinct incident_key per occurrence date.",3233,"nyc_shootings",100,"development","train"
"2014-11-08",3234,2014,6,"development",365,"Distinct incident_key per occurrence date.",3234,"nyc_shootings",100,"development","train"
"2014-11-09",3235,2014,4,"development",365,"Distinct incident_key per occurrence date.",3235,"nyc_shootings",100,"development","train"
"2014-11-10",3236,2014,3,"development",365,"Distinct incident_key per occurrence date.",3236,"nyc_shootings",100,"development","train"
"2014-11-11",3237,2014,2,"development",365,"Distinct incident_key per occurrence date.",3237,"nyc_shootings",100,"development","train"
"2014-11-12",3238,2014,5,"development",365,"Distinct incident_key per occurrence date.",3238,"nyc_shootings",100,"development","train"
"2014-11-13",3239,2014,2,"development",365,"Distinct incident_key per occurrence date.",3239,"nyc_shootings",100,"development","train"
"2014-11-14",3240,2014,1,"development",365,"Distinct incident_key per occurrence date.",3240,"nyc_shootings",100,"development","train"
"2014-11-15",3241,2014,3,"development",365,"Distinct incident_key per occurrence date.",3241,"nyc_shootings",100,"development","train"
"2014-11-16",3242,2014,0,"development",365,"Distinct incident_key per occurrence date.",3242,"nyc_shootings",100,"development","train"
"2014-11-17",3243,2014,0,"development",365,"Distinct incident_key per occurrence date.",3243,"nyc_shootings",100,"development","train"
"2014-11-18",3244,2014,2,"development",365,"Distinct incident_key per occurrence date.",3244,"nyc_shootings",100,"development","train"
"2014-11-19",3245,2014,3,"development",365,"Distinct incident_key per occurrence date.",3245,"nyc_shootings",100,"development","train"
"2014-11-20",3246,2014,3,"development",365,"Distinct incident_key per occurrence date.",3246,"nyc_shootings",100,"development","train"
"2014-11-21",3247,2014,3,"development",365,"Distinct incident_key per occurrence date.",3247,"nyc_shootings",100,"development","train"
"2014-11-22",3248,2014,6,"development",365,"Distinct incident_key per occurrence date.",3248,"nyc_shootings",100,"development","train"
"2014-11-23",3249,2014,1,"development",365,"Distinct incident_key per occurrence date.",3249,"nyc_shootings",100,"development","train"
"2014-11-24",3250,2014,2,"development",365,"Distinct incident_key per occurrence date.",3250,"nyc_shootings",100,"development","train"
"2014-11-25",3251,2014,2,"development",365,"Distinct incident_key per occurrence date.",3251,"nyc_shootings",100,"development","train"
"2014-11-26",3252,2014,6,"development",365,"Distinct incident_key per occurrence date.",3252,"nyc_shootings",100,"development","train"
"2014-11-27",3253,2014,2,"development",365,"Distinct incident_key per occurrence date.",3253,"nyc_shootings",100,"development","train"
"2014-11-28",3254,2014,2,"development",365,"Distinct incident_key per occurrence date.",3254,"nyc_shootings",100,"development","train"
"2014-11-29",3255,2014,3,"development",365,"Distinct incident_key per occurrence date.",3255,"nyc_shootings",100,"development","train"
"2014-11-30",3256,2014,2,"development",365,"Distinct incident_key per occurrence date.",3256,"nyc_shootings",100,"development","train"
"2014-12-01",3257,2014,5,"development",365,"Distinct incident_key per occurrence date.",3257,"nyc_shootings",100,"development","train"
"2014-12-02",3258,2014,2,"development",365,"Distinct incident_key per occurrence date.",3258,"nyc_shootings",100,"development","train"
"2014-12-03",3259,2014,3,"development",365,"Distinct incident_key per occurrence date.",3259,"nyc_shootings",100,"development","train"
"2014-12-04",3260,2014,0,"development",365,"Distinct incident_key per occurrence date.",3260,"nyc_shootings",100,"development","train"
"2014-12-05",3261,2014,4,"development",365,"Distinct incident_key per occurrence date.",3261,"nyc_shootings",100,"development","train"
"2014-12-06",3262,2014,5,"development",365,"Distinct incident_key per occurrence date.",3262,"nyc_shootings",100,"development","train"
"2014-12-07",3263,2014,3,"development",365,"Distinct incident_key per occurrence date.",3263,"nyc_shootings",100,"development","train"
"2014-12-08",3264,2014,5,"development",365,"Distinct incident_key per occurrence date.",3264,"nyc_shootings",100,"development","train"
"2014-12-09",3265,2014,1,"development",365,"Distinct incident_key per occurrence date.",3265,"nyc_shootings",100,"development","train"
"2014-12-10",3266,2014,0,"development",365,"Distinct incident_key per occurrence date.",3266,"nyc_shootings",100,"development","train"
"2014-12-11",3267,2014,1,"development",365,"Distinct incident_key per occurrence date.",3267,"nyc_shootings",100,"development","train"
"2014-12-12",3268,2014,7,"development",365,"Distinct incident_key per occurrence date.",3268,"nyc_shootings",100,"development","train"
"2014-12-13",3269,2014,3,"development",365,"Distinct incident_key per occurrence date.",3269,"nyc_shootings",100,"development","train"
"2014-12-14",3270,2014,8,"development",365,"Distinct incident_key per occurrence date.",3270,"nyc_shootings",100,"development","train"
"2014-12-15",3271,2014,4,"development",365,"Distinct incident_key per occurrence date.",3271,"nyc_shootings",100,"development","train"
"2014-12-16",3272,2014,1,"development",365,"Distinct incident_key per occurrence date.",3272,"nyc_shootings",100,"development","train"
"2014-12-17",3273,2014,2,"development",365,"Distinct incident_key per occurrence date.",3273,"nyc_shootings",100,"development","train"
"2014-12-18",3274,2014,2,"development",365,"Distinct incident_key per occurrence date.",3274,"nyc_shootings",100,"development","train"
"2014-12-19",3275,2014,3,"development",365,"Distinct incident_key per occurrence date.",3275,"nyc_shootings",100,"development","train"
"2014-12-20",3276,2014,2,"development",365,"Distinct incident_key per occurrence date.",3276,"nyc_shootings",100,"development","train"
"2014-12-21",3277,2014,5,"development",365,"Distinct incident_key per occurrence date.",3277,"nyc_shootings",100,"development","train"
"2014-12-22",3278,2014,4,"development",365,"Distinct incident_key per occurrence date.",3278,"nyc_shootings",100,"development","train"
"2014-12-23",3279,2014,3,"development",365,"Distinct incident_key per occurrence date.",3279,"nyc_shootings",100,"development","train"
"2014-12-24",3280,2014,1,"development",365,"Distinct incident_key per occurrence date.",3280,"nyc_shootings",100,"development","train"
"2014-12-25",3281,2014,4,"development",365,"Distinct incident_key per occurrence date.",3281,"nyc_shootings",100,"development","train"
"2014-12-26",3282,2014,2,"development",365,"Distinct incident_key per occurrence date.",3282,"nyc_shootings",100,"development","train"
"2014-12-27",3283,2014,5,"development",365,"Distinct incident_key per occurrence date.",3283,"nyc_shootings",100,"development","train"
"2014-12-28",3284,2014,7,"development",365,"Distinct incident_key per occurrence date.",3284,"nyc_shootings",100,"development","train"
"2014-12-29",3285,2014,2,"development",365,"Distinct incident_key per occurrence date.",3285,"nyc_shootings",100,"development","train"
"2014-12-30",3286,2014,4,"development",365,"Distinct incident_key per occurrence date.",3286,"nyc_shootings",100,"development","train"
"2014-12-31",3287,2014,3,"development",365,"Distinct incident_key per occurrence date.",3287,"nyc_shootings",100,"development","train"
"2015-01-01",3288,2015,2,"development",365,"Distinct incident_key per occurrence date.",3288,"nyc_shootings",100,"development","train"
"2015-01-02",3289,2015,6,"development",365,"Distinct incident_key per occurrence date.",3289,"nyc_shootings",100,"development","train"
"2015-01-03",3290,2015,2,"development",365,"Distinct incident_key per occurrence date.",3290,"nyc_shootings",100,"development","train"
"2015-01-04",3291,2015,1,"development",365,"Distinct incident_key per occurrence date.",3291,"nyc_shootings",100,"development","train"
"2015-01-05",3292,2015,4,"development",365,"Distinct incident_key per occurrence date.",3292,"nyc_shootings",100,"development","train"
"2015-01-06",3293,2015,3,"development",365,"Distinct incident_key per occurrence date.",3293,"nyc_shootings",100,"development","train"
"2015-01-07",3294,2015,1,"development",365,"Distinct incident_key per occurrence date.",3294,"nyc_shootings",100,"development","train"
"2015-01-08",3295,2015,2,"development",365,"Distinct incident_key per occurrence date.",3295,"nyc_shootings",100,"development","train"
"2015-01-09",3296,2015,1,"development",365,"Distinct incident_key per occurrence date.",3296,"nyc_shootings",100,"development","train"
"2015-01-10",3297,2015,3,"development",365,"Distinct incident_key per occurrence date.",3297,"nyc_shootings",100,"development","train"
"2015-01-11",3298,2015,6,"development",365,"Distinct incident_key per occurrence date.",3298,"nyc_shootings",100,"development","train"
"2015-01-12",3299,2015,6,"development",365,"Distinct incident_key per occurrence date.",3299,"nyc_shootings",100,"development","train"
"2015-01-13",3300,2015,1,"development",365,"Distinct incident_key per occurrence date.",3300,"nyc_shootings",100,"development","train"
"2015-01-14",3301,2015,4,"development",365,"Distinct incident_key per occurrence date.",3301,"nyc_shootings",100,"development","train"
"2015-01-15",3302,2015,1,"development",365,"Distinct incident_key per occurrence date.",3302,"nyc_shootings",100,"development","train"
"2015-01-16",3303,2015,1,"development",365,"Distinct incident_key per occurrence date.",3303,"nyc_shootings",100,"development","train"
"2015-01-17",3304,2015,3,"development",365,"Distinct incident_key per occurrence date.",3304,"nyc_shootings",100,"development","train"
"2015-01-18",3305,2015,5,"development",365,"Distinct incident_key per occurrence date.",3305,"nyc_shootings",100,"development","train"
"2015-01-19",3306,2015,3,"development",365,"Distinct incident_key per occurrence date.",3306,"nyc_shootings",100,"development","train"
"2015-01-20",3307,2015,6,"development",365,"Distinct incident_key per occurrence date.",3307,"nyc_shootings",100,"development","train"
"2015-01-21",3308,2015,2,"development",365,"Distinct incident_key per occurrence date.",3308,"nyc_shootings",100,"development","train"
"2015-01-22",3309,2015,4,"development",365,"Distinct incident_key per occurrence date.",3309,"nyc_shootings",100,"development","train"
"2015-01-23",3310,2015,2,"development",365,"Distinct incident_key per occurrence date.",3310,"nyc_shootings",100,"development","train"
"2015-01-24",3311,2015,2,"development",365,"Distinct incident_key per occurrence date.",3311,"nyc_shootings",100,"development","train"
"2015-01-25",3312,2015,6,"development",365,"Distinct incident_key per occurrence date.",3312,"nyc_shootings",100,"development","train"
"2015-01-26",3313,2015,3,"development",365,"Distinct incident_key per occurrence date.",3313,"nyc_shootings",100,"development","train"
"2015-01-27",3314,2015,2,"development",365,"Distinct incident_key per occurrence date.",3314,"nyc_shootings",100,"development","train"
"2015-01-28",3315,2015,0,"development",365,"Distinct incident_key per occurrence date.",3315,"nyc_shootings",100,"development","train"
"2015-01-29",3316,2015,2,"development",365,"Distinct incident_key per occurrence date.",3316,"nyc_shootings",100,"development","train"
"2015-01-30",3317,2015,3,"development",365,"Distinct incident_key per occurrence date.",3317,"nyc_shootings",100,"development","train"
"2015-01-31",3318,2015,3,"development",365,"Distinct incident_key per occurrence date.",3318,"nyc_shootings",100,"development","train"
"2015-02-01",3319,2015,7,"development",365,"Distinct incident_key per occurrence date.",3319,"nyc_shootings",100,"development","train"
"2015-02-02",3320,2015,1,"development",365,"Distinct incident_key per occurrence date.",3320,"nyc_shootings",100,"development","train"
"2015-02-03",3321,2015,1,"development",365,"Distinct incident_key per occurrence date.",3321,"nyc_shootings",100,"development","train"
"2015-02-04",3322,2015,2,"development",365,"Distinct incident_key per occurrence date.",3322,"nyc_shootings",100,"development","train"
"2015-02-05",3323,2015,4,"development",365,"Distinct incident_key per occurrence date.",3323,"nyc_shootings",100,"development","train"
"2015-02-06",3324,2015,0,"development",365,"Distinct incident_key per occurrence date.",3324,"nyc_shootings",100,"development","train"
"2015-02-07",3325,2015,2,"development",365,"Distinct incident_key per occurrence date.",3325,"nyc_shootings",100,"development","train"
"2015-02-08",3326,2015,2,"development",365,"Distinct incident_key per occurrence date.",3326,"nyc_shootings",100,"development","train"
"2015-02-09",3327,2015,2,"development",365,"Distinct incident_key per occurrence date.",3327,"nyc_shootings",100,"development","train"
"2015-02-10",3328,2015,0,"development",365,"Distinct incident_key per occurrence date.",3328,"nyc_shootings",100,"development","train"
"2015-02-11",3329,2015,1,"development",365,"Distinct incident_key per occurrence date.",3329,"nyc_shootings",100,"development","train"
"2015-02-12",3330,2015,1,"development",365,"Distinct incident_key per occurrence date.",3330,"nyc_shootings",100,"development","train"
"2015-02-13",3331,2015,3,"development",365,"Distinct incident_key per occurrence date.",3331,"nyc_shootings",100,"development","train"
"2015-02-14",3332,2015,1,"development",365,"Distinct incident_key per occurrence date.",3332,"nyc_shootings",100,"development","train"
"2015-02-15",3333,2015,2,"development",365,"Distinct incident_key per occurrence date.",3333,"nyc_shootings",100,"development","train"
"2015-02-16",3334,2015,4,"development",365,"Distinct incident_key per occurrence date.",3334,"nyc_shootings",100,"development","train"
"2015-02-17",3335,2015,1,"development",365,"Distinct incident_key per occurrence date.",3335,"nyc_shootings",100,"development","train"
"2015-02-18",3336,2015,3,"development",365,"Distinct incident_key per occurrence date.",3336,"nyc_shootings",100,"development","train"
"2015-02-19",3337,2015,3,"development",365,"Distinct incident_key per occurrence date.",3337,"nyc_shootings",100,"development","train"
"2015-02-20",3338,2015,2,"development",365,"Distinct incident_key per occurrence date.",3338,"nyc_shootings",100,"development","train"
"2015-02-21",3339,2015,5,"development",365,"Distinct incident_key per occurrence date.",3339,"nyc_shootings",100,"development","train"
"2015-02-22",3340,2015,3,"development",365,"Distinct incident_key per occurrence date.",3340,"nyc_shootings",100,"development","train"
"2015-02-23",3341,2015,2,"development",365,"Distinct incident_key per occurrence date.",3341,"nyc_shootings",100,"development","train"
"2015-02-24",3342,2015,2,"development",365,"Distinct incident_key per occurrence date.",3342,"nyc_shootings",100,"development","train"
"2015-02-25",3343,2015,1,"development",365,"Distinct incident_key per occurrence date.",3343,"nyc_shootings",100,"development","train"
"2015-02-26",3344,2015,0,"development",365,"Distinct incident_key per occurrence date.",3344,"nyc_shootings",100,"development","train"
"2015-02-27",3345,2015,2,"development",365,"Distinct incident_key per occurrence date.",3345,"nyc_shootings",100,"development","train"
"2015-02-28",3346,2015,2,"development",365,"Distinct incident_key per occurrence date.",3346,"nyc_shootings",100,"development","train"
"2015-03-01",3347,2015,2,"development",365,"Distinct incident_key per occurrence date.",3347,"nyc_shootings",100,"development","train"
"2015-03-02",3348,2015,0,"development",365,"Distinct incident_key per occurrence date.",3348,"nyc_shootings",100,"development","train"
"2015-03-03",3349,2015,4,"development",365,"Distinct incident_key per occurrence date.",3349,"nyc_shootings",100,"development","train"
"2015-03-04",3350,2015,3,"development",365,"Distinct incident_key per occurrence date.",3350,"nyc_shootings",100,"development","train"
"2015-03-05",3351,2015,1,"development",365,"Distinct incident_key per occurrence date.",3351,"nyc_shootings",100,"development","train"
"2015-03-06",3352,2015,2,"development",365,"Distinct incident_key per occurrence date.",3352,"nyc_shootings",100,"development","train"
"2015-03-07",3353,2015,3,"development",365,"Distinct incident_key per occurrence date.",3353,"nyc_shootings",100,"development","train"
"2015-03-08",3354,2015,2,"development",365,"Distinct incident_key per occurrence date.",3354,"nyc_shootings",100,"development","train"
"2015-03-09",3355,2015,2,"development",365,"Distinct incident_key per occurrence date.",3355,"nyc_shootings",100,"development","train"
"2015-03-10",3356,2015,1,"development",365,"Distinct incident_key per occurrence date.",3356,"nyc_shootings",100,"development","train"
"2015-03-11",3357,2015,2,"development",365,"Distinct incident_key per occurrence date.",3357,"nyc_shootings",100,"development","train"
"2015-03-12",3358,2015,2,"development",365,"Distinct incident_key per occurrence date.",3358,"nyc_shootings",100,"development","train"
"2015-03-13",3359,2015,3,"development",365,"Distinct incident_key per occurrence date.",3359,"nyc_shootings",100,"development","train"
"2015-03-14",3360,2015,6,"development",365,"Distinct incident_key per occurrence date.",3360,"nyc_shootings",100,"development","train"
"2015-03-15",3361,2015,3,"development",365,"Distinct incident_key per occurrence date.",3361,"nyc_shootings",100,"development","train"
"2015-03-16",3362,2015,1,"development",365,"Distinct incident_key per occurrence date.",3362,"nyc_shootings",100,"development","train"
"2015-03-17",3363,2015,2,"development",365,"Distinct incident_key per occurrence date.",3363,"nyc_shootings",100,"development","train"
"2015-03-18",3364,2015,0,"development",365,"Distinct incident_key per occurrence date.",3364,"nyc_shootings",100,"development","train"
"2015-03-19",3365,2015,1,"development",365,"Distinct incident_key per occurrence date.",3365,"nyc_shootings",100,"development","train"
"2015-03-20",3366,2015,1,"development",365,"Distinct incident_key per occurrence date.",3366,"nyc_shootings",100,"development","train"
"2015-03-21",3367,2015,3,"development",365,"Distinct incident_key per occurrence date.",3367,"nyc_shootings",100,"development","train"
"2015-03-22",3368,2015,3,"development",365,"Distinct incident_key per occurrence date.",3368,"nyc_shootings",100,"development","train"
"2015-03-23",3369,2015,4,"development",365,"Distinct incident_key per occurrence date.",3369,"nyc_shootings",100,"development","train"
"2015-03-24",3370,2015,1,"development",365,"Distinct incident_key per occurrence date.",3370,"nyc_shootings",100,"development","train"
"2015-03-25",3371,2015,1,"development",365,"Distinct incident_key per occurrence date.",3371,"nyc_shootings",100,"development","train"
"2015-03-26",3372,2015,3,"development",365,"Distinct incident_key per occurrence date.",3372,"nyc_shootings",100,"development","train"
"2015-03-27",3373,2015,1,"development",365,"Distinct incident_key per occurrence date.",3373,"nyc_shootings",100,"development","train"
"2015-03-28",3374,2015,5,"development",365,"Distinct incident_key per occurrence date.",3374,"nyc_shootings",100,"development","train"
"2015-03-29",3375,2015,1,"development",365,"Distinct incident_key per occurrence date.",3375,"nyc_shootings",100,"development","train"
"2015-03-30",3376,2015,2,"development",365,"Distinct incident_key per occurrence date.",3376,"nyc_shootings",100,"development","train"
"2015-03-31",3377,2015,4,"development",365,"Distinct incident_key per occurrence date.",3377,"nyc_shootings",100,"development","train"
"2015-04-01",3378,2015,2,"development",365,"Distinct incident_key per occurrence date.",3378,"nyc_shootings",100,"development","train"
"2015-04-02",3379,2015,0,"development",365,"Distinct incident_key per occurrence date.",3379,"nyc_shootings",100,"development","train"
"2015-04-03",3380,2015,3,"development",365,"Distinct incident_key per occurrence date.",3380,"nyc_shootings",100,"development","train"
"2015-04-04",3381,2015,2,"development",365,"Distinct incident_key per occurrence date.",3381,"nyc_shootings",100,"development","train"
"2015-04-05",3382,2015,4,"development",365,"Distinct incident_key per occurrence date.",3382,"nyc_shootings",100,"development","train"
"2015-04-06",3383,2015,2,"development",365,"Distinct incident_key per occurrence date.",3383,"nyc_shootings",100,"development","train"
"2015-04-07",3384,2015,2,"development",365,"Distinct incident_key per occurrence date.",3384,"nyc_shootings",100,"development","train"
"2015-04-08",3385,2015,3,"development",365,"Distinct incident_key per occurrence date.",3385,"nyc_shootings",100,"development","train"
"2015-04-09",3386,2015,0,"development",365,"Distinct incident_key per occurrence date.",3386,"nyc_shootings",100,"development","train"
"2015-04-10",3387,2015,2,"development",365,"Distinct incident_key per occurrence date.",3387,"nyc_shootings",100,"development","train"
"2015-04-11",3388,2015,2,"development",365,"Distinct incident_key per occurrence date.",3388,"nyc_shootings",100,"development","train"
"2015-04-12",3389,2015,5,"development",365,"Distinct incident_key per occurrence date.",3389,"nyc_shootings",100,"development","train"
"2015-04-13",3390,2015,3,"development",365,"Distinct incident_key per occurrence date.",3390,"nyc_shootings",100,"development","train"
"2015-04-14",3391,2015,2,"development",365,"Distinct incident_key per occurrence date.",3391,"nyc_shootings",100,"development","train"
"2015-04-15",3392,2015,5,"development",365,"Distinct incident_key per occurrence date.",3392,"nyc_shootings",100,"development","train"
"2015-04-16",3393,2015,0,"development",365,"Distinct incident_key per occurrence date.",3393,"nyc_shootings",100,"development","train"
"2015-04-17",3394,2015,5,"development",365,"Distinct incident_key per occurrence date.",3394,"nyc_shootings",100,"development","train"
"2015-04-18",3395,2015,10,"development",365,"Distinct incident_key per occurrence date.",3395,"nyc_shootings",100,"development","train"
"2015-04-19",3396,2015,6,"development",365,"Distinct incident_key per occurrence date.",3396,"nyc_shootings",100,"development","train"
"2015-04-20",3397,2015,1,"development",365,"Distinct incident_key per occurrence date.",3397,"nyc_shootings",100,"development","train"
"2015-04-21",3398,2015,5,"development",365,"Distinct incident_key per occurrence date.",3398,"nyc_shootings",100,"development","train"
"2015-04-22",3399,2015,1,"development",365,"Distinct incident_key per occurrence date.",3399,"nyc_shootings",100,"development","train"
"2015-04-23",3400,2015,0,"development",365,"Distinct incident_key per occurrence date.",3400,"nyc_shootings",100,"development","train"
"2015-04-24",3401,2015,2,"development",365,"Distinct incident_key per occurrence date.",3401,"nyc_shootings",100,"development","train"
"2015-04-25",3402,2015,3,"development",365,"Distinct incident_key per occurrence date.",3402,"nyc_shootings",100,"development","train"
"2015-04-26",3403,2015,6,"development",365,"Distinct incident_key per occurrence date.",3403,"nyc_shootings",100,"development","train"
"2015-04-27",3404,2015,4,"development",365,"Distinct incident_key per occurrence date.",3404,"nyc_shootings",100,"development","train"
"2015-04-28",3405,2015,1,"development",365,"Distinct incident_key per occurrence date.",3405,"nyc_shootings",100,"development","train"
"2015-04-29",3406,2015,5,"development",365,"Distinct incident_key per occurrence date.",3406,"nyc_shootings",100,"development","train"
"2015-04-30",3407,2015,1,"development",365,"Distinct incident_key per occurrence date.",3407,"nyc_shootings",100,"development","train"
"2015-05-01",3408,2015,1,"development",365,"Distinct incident_key per occurrence date.",3408,"nyc_shootings",100,"development","train"
"2015-05-02",3409,2015,1,"development",365,"Distinct incident_key per occurrence date.",3409,"nyc_shootings",100,"development","train"
"2015-05-03",3410,2015,5,"development",365,"Distinct incident_key per occurrence date.",3410,"nyc_shootings",100,"development","train"
"2015-05-04",3411,2015,8,"development",365,"Distinct incident_key per occurrence date.",3411,"nyc_shootings",100,"development","train"
"2015-05-05",3412,2015,5,"development",365,"Distinct incident_key per occurrence date.",3412,"nyc_shootings",100,"development","train"
"2015-05-06",3413,2015,6,"development",365,"Distinct incident_key per occurrence date.",3413,"nyc_shootings",100,"development","train"
"2015-05-07",3414,2015,6,"development",365,"Distinct incident_key per occurrence date.",3414,"nyc_shootings",100,"development","train"
"2015-05-08",3415,2015,3,"development",365,"Distinct incident_key per occurrence date.",3415,"nyc_shootings",100,"development","train"
"2015-05-09",3416,2015,7,"development",365,"Distinct incident_key per occurrence date.",3416,"nyc_shootings",100,"development","train"
"2015-05-10",3417,2015,4,"development",365,"Distinct incident_key per occurrence date.",3417,"nyc_shootings",100,"development","train"
"2015-05-11",3418,2015,4,"development",365,"Distinct incident_key per occurrence date.",3418,"nyc_shootings",100,"development","train"
"2015-05-12",3419,2015,3,"development",365,"Distinct incident_key per occurrence date.",3419,"nyc_shootings",100,"development","train"
"2015-05-13",3420,2015,4,"development",365,"Distinct incident_key per occurrence date.",3420,"nyc_shootings",100,"development","train"
"2015-05-14",3421,2015,3,"development",365,"Distinct incident_key per occurrence date.",3421,"nyc_shootings",100,"development","train"
"2015-05-15",3422,2015,1,"development",365,"Distinct incident_key per occurrence date.",3422,"nyc_shootings",100,"development","train"
"2015-05-16",3423,2015,5,"development",365,"Distinct incident_key per occurrence date.",3423,"nyc_shootings",100,"development","train"
"2015-05-17",3424,2015,6,"development",365,"Distinct incident_key per occurrence date.",3424,"nyc_shootings",100,"development","train"
"2015-05-18",3425,2015,4,"development",365,"Distinct incident_key per occurrence date.",3425,"nyc_shootings",100,"development","train"
"2015-05-19",3426,2015,3,"development",365,"Distinct incident_key per occurrence date.",3426,"nyc_shootings",100,"development","train"
"2015-05-20",3427,2015,1,"development",365,"Distinct incident_key per occurrence date.",3427,"nyc_shootings",100,"development","train"
"2015-05-21",3428,2015,4,"development",365,"Distinct incident_key per occurrence date.",3428,"nyc_shootings",100,"development","train"
"2015-05-22",3429,2015,3,"development",365,"Distinct incident_key per occurrence date.",3429,"nyc_shootings",100,"development","train"
"2015-05-23",3430,2015,6,"development",365,"Distinct incident_key per occurrence date.",3430,"nyc_shootings",100,"development","train"
"2015-05-24",3431,2015,4,"development",365,"Distinct incident_key per occurrence date.",3431,"nyc_shootings",100,"development","train"
"2015-05-25",3432,2015,3,"development",365,"Distinct incident_key per occurrence date.",3432,"nyc_shootings",100,"development","train"
"2015-05-26",3433,2015,9,"development",365,"Distinct incident_key per occurrence date.",3433,"nyc_shootings",100,"development","train"
"2015-05-27",3434,2015,5,"development",365,"Distinct incident_key per occurrence date.",3434,"nyc_shootings",100,"development","train"
"2015-05-28",3435,2015,3,"development",365,"Distinct incident_key per occurrence date.",3435,"nyc_shootings",100,"development","train"
"2015-05-29",3436,2015,4,"development",365,"Distinct incident_key per occurrence date.",3436,"nyc_shootings",100,"development","train"
"2015-05-30",3437,2015,7,"development",365,"Distinct incident_key per occurrence date.",3437,"nyc_shootings",100,"development","train"
"2015-05-31",3438,2015,4,"development",365,"Distinct incident_key per occurrence date.",3438,"nyc_shootings",100,"development","train"
"2015-06-01",3439,2015,2,"development",365,"Distinct incident_key per occurrence date.",3439,"nyc_shootings",100,"development","train"
"2015-06-02",3440,2015,2,"development",365,"Distinct incident_key per occurrence date.",3440,"nyc_shootings",100,"development","train"
"2015-06-03",3441,2015,2,"development",365,"Distinct incident_key per occurrence date.",3441,"nyc_shootings",100,"development","train"
"2015-06-04",3442,2015,1,"development",365,"Distinct incident_key per occurrence date.",3442,"nyc_shootings",100,"development","train"
"2015-06-05",3443,2015,0,"development",365,"Distinct incident_key per occurrence date.",3443,"nyc_shootings",100,"development","train"
"2015-06-06",3444,2015,3,"development",365,"Distinct incident_key per occurrence date.",3444,"nyc_shootings",100,"development","train"
"2015-06-07",3445,2015,3,"development",365,"Distinct incident_key per occurrence date.",3445,"nyc_shootings",100,"development","train"
"2015-06-08",3446,2015,5,"development",365,"Distinct incident_key per occurrence date.",3446,"nyc_shootings",100,"development","train"
"2015-06-09",3447,2015,9,"development",365,"Distinct incident_key per occurrence date.",3447,"nyc_shootings",100,"development","train"
"2015-06-10",3448,2015,5,"development",365,"Distinct incident_key per occurrence date.",3448,"nyc_shootings",100,"development","train"
"2015-06-11",3449,2015,3,"development",365,"Distinct incident_key per occurrence date.",3449,"nyc_shootings",100,"development","train"
"2015-06-12",3450,2015,11,"development",365,"Distinct incident_key per occurrence date.",3450,"nyc_shootings",100,"development","train"
"2015-06-13",3451,2015,6,"development",365,"Distinct incident_key per occurrence date.",3451,"nyc_shootings",100,"development","train"
"2015-06-14",3452,2015,4,"development",365,"Distinct incident_key per occurrence date.",3452,"nyc_shootings",100,"development","train"
"2015-06-15",3453,2015,4,"development",365,"Distinct incident_key per occurrence date.",3453,"nyc_shootings",100,"development","train"
"2015-06-16",3454,2015,0,"development",365,"Distinct incident_key per occurrence date.",3454,"nyc_shootings",100,"development","train"
"2015-06-17",3455,2015,3,"development",365,"Distinct incident_key per occurrence date.",3455,"nyc_shootings",100,"development","train"
"2015-06-18",3456,2015,2,"development",365,"Distinct incident_key per occurrence date.",3456,"nyc_shootings",100,"development","train"
"2015-06-19",3457,2015,3,"development",365,"Distinct incident_key per occurrence date.",3457,"nyc_shootings",100,"development","train"
"2015-06-20",3458,2015,5,"development",365,"Distinct incident_key per occurrence date.",3458,"nyc_shootings",100,"development","train"
"2015-06-21",3459,2015,7,"development",365,"Distinct incident_key per occurrence date.",3459,"nyc_shootings",100,"development","train"
"2015-06-22",3460,2015,6,"development",365,"Distinct incident_key per occurrence date.",3460,"nyc_shootings",100,"development","train"
"2015-06-23",3461,2015,4,"development",365,"Distinct incident_key per occurrence date.",3461,"nyc_shootings",100,"development","train"
"2015-06-24",3462,2015,3,"development",365,"Distinct incident_key per occurrence date.",3462,"nyc_shootings",100,"development","train"
"2015-06-25",3463,2015,3,"development",365,"Distinct incident_key per occurrence date.",3463,"nyc_shootings",100,"development","train"
"2015-06-26",3464,2015,2,"development",365,"Distinct incident_key per occurrence date.",3464,"nyc_shootings",100,"development","train"
"2015-06-27",3465,2015,3,"development",365,"Distinct incident_key per occurrence date.",3465,"nyc_shootings",100,"development","train"
"2015-06-28",3466,2015,3,"development",365,"Distinct incident_key per occurrence date.",3466,"nyc_shootings",100,"development","train"
"2015-06-29",3467,2015,4,"development",365,"Distinct incident_key per occurrence date.",3467,"nyc_shootings",100,"development","train"
"2015-06-30",3468,2015,0,"development",365,"Distinct incident_key per occurrence date.",3468,"nyc_shootings",100,"development","train"
"2015-07-01",3469,2015,3,"development",365,"Distinct incident_key per occurrence date.",3469,"nyc_shootings",100,"development","train"
"2015-07-02",3470,2015,3,"development",365,"Distinct incident_key per occurrence date.",3470,"nyc_shootings",100,"development","train"
"2015-07-03",3471,2015,4,"development",365,"Distinct incident_key per occurrence date.",3471,"nyc_shootings",100,"development","train"
"2015-07-04",3472,2015,6,"development",365,"Distinct incident_key per occurrence date.",3472,"nyc_shootings",100,"development","train"
"2015-07-05",3473,2015,4,"development",365,"Distinct incident_key per occurrence date.",3473,"nyc_shootings",100,"development","train"
"2015-07-06",3474,2015,0,"development",365,"Distinct incident_key per occurrence date.",3474,"nyc_shootings",100,"development","train"
"2015-07-07",3475,2015,3,"development",365,"Distinct incident_key per occurrence date.",3475,"nyc_shootings",100,"development","train"
"2015-07-08",3476,2015,5,"development",365,"Distinct incident_key per occurrence date.",3476,"nyc_shootings",100,"development","train"
"2015-07-09",3477,2015,2,"development",365,"Distinct incident_key per occurrence date.",3477,"nyc_shootings",100,"development","train"
"2015-07-10",3478,2015,3,"development",365,"Distinct incident_key per occurrence date.",3478,"nyc_shootings",100,"development","train"
"2015-07-11",3479,2015,8,"development",365,"Distinct incident_key per occurrence date.",3479,"nyc_shootings",100,"development","train"
"2015-07-12",3480,2015,4,"development",365,"Distinct incident_key per occurrence date.",3480,"nyc_shootings",100,"development","train"
"2015-07-13",3481,2015,10,"development",365,"Distinct incident_key per occurrence date.",3481,"nyc_shootings",100,"development","train"
"2015-07-14",3482,2015,1,"development",365,"Distinct incident_key per occurrence date.",3482,"nyc_shootings",100,"development","train"
"2015-07-15",3483,2015,3,"development",365,"Distinct incident_key per occurrence date.",3483,"nyc_shootings",100,"development","train"
"2015-07-16",3484,2015,4,"development",365,"Distinct incident_key per occurrence date.",3484,"nyc_shootings",100,"development","train"
"2015-07-17",3485,2015,6,"development",365,"Distinct incident_key per occurrence date.",3485,"nyc_shootings",100,"development","train"
"2015-07-18",3486,2015,2,"development",365,"Distinct incident_key per occurrence date.",3486,"nyc_shootings",100,"development","train"
"2015-07-19",3487,2015,5,"development",365,"Distinct incident_key per occurrence date.",3487,"nyc_shootings",100,"development","train"
"2015-07-20",3488,2015,5,"development",365,"Distinct incident_key per occurrence date.",3488,"nyc_shootings",100,"development","train"
"2015-07-21",3489,2015,3,"development",365,"Distinct incident_key per occurrence date.",3489,"nyc_shootings",100,"development","train"
"2015-07-22",3490,2015,3,"development",365,"Distinct incident_key per occurrence date.",3490,"nyc_shootings",100,"development","train"
"2015-07-23",3491,2015,6,"development",365,"Distinct incident_key per occurrence date.",3491,"nyc_shootings",100,"development","train"
"2015-07-24",3492,2015,5,"development",365,"Distinct incident_key per occurrence date.",3492,"nyc_shootings",100,"development","train"
"2015-07-25",3493,2015,5,"development",365,"Distinct incident_key per occurrence date.",3493,"nyc_shootings",100,"development","train"
"2015-07-26",3494,2015,3,"development",365,"Distinct incident_key per occurrence date.",3494,"nyc_shootings",100,"development","train"
"2015-07-27",3495,2015,1,"development",365,"Distinct incident_key per occurrence date.",3495,"nyc_shootings",100,"development","train"
"2015-07-28",3496,2015,3,"development",365,"Distinct incident_key per occurrence date.",3496,"nyc_shootings",100,"development","train"
"2015-07-29",3497,2015,3,"development",365,"Distinct incident_key per occurrence date.",3497,"nyc_shootings",100,"development","train"
"2015-07-30",3498,2015,1,"development",365,"Distinct incident_key per occurrence date.",3498,"nyc_shootings",100,"development","train"
"2015-07-31",3499,2015,3,"development",365,"Distinct incident_key per occurrence date.",3499,"nyc_shootings",100,"development","train"
"2015-08-01",3500,2015,3,"development",365,"Distinct incident_key per occurrence date.",3500,"nyc_shootings",100,"development","train"
"2015-08-02",3501,2015,4,"development",365,"Distinct incident_key per occurrence date.",3501,"nyc_shootings",100,"development","train"
"2015-08-03",3502,2015,3,"development",365,"Distinct incident_key per occurrence date.",3502,"nyc_shootings",100,"development","train"
"2015-08-04",3503,2015,3,"development",365,"Distinct incident_key per occurrence date.",3503,"nyc_shootings",100,"development","train"
"2015-08-05",3504,2015,6,"development",365,"Distinct incident_key per occurrence date.",3504,"nyc_shootings",100,"development","train"
"2015-08-06",3505,2015,2,"development",365,"Distinct incident_key per occurrence date.",3505,"nyc_shootings",100,"development","train"
"2015-08-07",3506,2015,2,"development",365,"Distinct incident_key per occurrence date.",3506,"nyc_shootings",100,"development","train"
"2015-08-08",3507,2015,5,"development",365,"Distinct incident_key per occurrence date.",3507,"nyc_shootings",100,"development","train"
"2015-08-09",3508,2015,6,"development",365,"Distinct incident_key per occurrence date.",3508,"nyc_shootings",100,"development","train"
"2015-08-10",3509,2015,2,"development",365,"Distinct incident_key per occurrence date.",3509,"nyc_shootings",100,"development","train"
"2015-08-11",3510,2015,0,"development",365,"Distinct incident_key per occurrence date.",3510,"nyc_shootings",100,"development","train"
"2015-08-12",3511,2015,3,"development",365,"Distinct incident_key per occurrence date.",3511,"nyc_shootings",100,"development","train"
"2015-08-13",3512,2015,3,"development",365,"Distinct incident_key per occurrence date.",3512,"nyc_shootings",100,"development","train"
"2015-08-14",3513,2015,6,"development",365,"Distinct incident_key per occurrence date.",3513,"nyc_shootings",100,"development","train"
"2015-08-15",3514,2015,5,"development",365,"Distinct incident_key per occurrence date.",3514,"nyc_shootings",100,"development","train"
"2015-08-16",3515,2015,6,"development",365,"Distinct incident_key per occurrence date.",3515,"nyc_shootings",100,"development","train"
"2015-08-17",3516,2015,4,"development",365,"Distinct incident_key per occurrence date.",3516,"nyc_shootings",100,"development","train"
"2015-08-18",3517,2015,2,"development",365,"Distinct incident_key per occurrence date.",3517,"nyc_shootings",100,"development","train"
"2015-08-19",3518,2015,2,"development",365,"Distinct incident_key per occurrence date.",3518,"nyc_shootings",100,"development","train"
"2015-08-20",3519,2015,5,"development",365,"Distinct incident_key per occurrence date.",3519,"nyc_shootings",100,"development","train"
"2015-08-21",3520,2015,4,"development",365,"Distinct incident_key per occurrence date.",3520,"nyc_shootings",100,"development","train"
"2015-08-22",3521,2015,6,"development",365,"Distinct incident_key per occurrence date.",3521,"nyc_shootings",100,"development","train"
"2015-08-23",3522,2015,11,"development",365,"Distinct incident_key per occurrence date.",3522,"nyc_shootings",100,"development","train"
"2015-08-24",3523,2015,3,"development",365,"Distinct incident_key per occurrence date.",3523,"nyc_shootings",100,"development","train"
"2015-08-25",3524,2015,6,"development",365,"Distinct incident_key per occurrence date.",3524,"nyc_shootings",100,"development","train"
"2015-08-26",3525,2015,2,"development",365,"Distinct incident_key per occurrence date.",3525,"nyc_shootings",100,"development","train"
"2015-08-27",3526,2015,1,"development",365,"Distinct incident_key per occurrence date.",3526,"nyc_shootings",100,"development","train"
"2015-08-28",3527,2015,2,"development",365,"Distinct incident_key per occurrence date.",3527,"nyc_shootings",100,"development","train"
"2015-08-29",3528,2015,4,"development",365,"Distinct incident_key per occurrence date.",3528,"nyc_shootings",100,"development","train"
"2015-08-30",3529,2015,5,"development",365,"Distinct incident_key per occurrence date.",3529,"nyc_shootings",100,"development","train"
"2015-08-31",3530,2015,6,"development",365,"Distinct incident_key per occurrence date.",3530,"nyc_shootings",100,"development","train"
"2015-09-01",3531,2015,5,"development",365,"Distinct incident_key per occurrence date.",3531,"nyc_shootings",100,"development","train"
"2015-09-02",3532,2015,3,"development",365,"Distinct incident_key per occurrence date.",3532,"nyc_shootings",100,"development","train"
"2015-09-03",3533,2015,1,"development",365,"Distinct incident_key per occurrence date.",3533,"nyc_shootings",100,"development","train"
"2015-09-04",3534,2015,6,"development",365,"Distinct incident_key per occurrence date.",3534,"nyc_shootings",100,"development","train"
"2015-09-05",3535,2015,7,"development",365,"Distinct incident_key per occurrence date.",3535,"nyc_shootings",100,"development","train"
"2015-09-06",3536,2015,7,"development",365,"Distinct incident_key per occurrence date.",3536,"nyc_shootings",100,"development","train"
"2015-09-07",3537,2015,3,"development",365,"Distinct incident_key per occurrence date.",3537,"nyc_shootings",100,"development","train"
"2015-09-08",3538,2015,4,"development",365,"Distinct incident_key per occurrence date.",3538,"nyc_shootings",100,"development","train"
"2015-09-09",3539,2015,4,"development",365,"Distinct incident_key per occurrence date.",3539,"nyc_shootings",100,"development","train"
"2015-09-10",3540,2015,1,"development",365,"Distinct incident_key per occurrence date.",3540,"nyc_shootings",100,"development","train"
"2015-09-11",3541,2015,4,"development",365,"Distinct incident_key per occurrence date.",3541,"nyc_shootings",100,"development","train"
"2015-09-12",3542,2015,8,"development",365,"Distinct incident_key per occurrence date.",3542,"nyc_shootings",100,"development","train"
"2015-09-13",3543,2015,0,"development",365,"Distinct incident_key per occurrence date.",3543,"nyc_shootings",100,"development","train"
"2015-09-14",3544,2015,2,"development",365,"Distinct incident_key per occurrence date.",3544,"nyc_shootings",100,"development","train"
"2015-09-15",3545,2015,1,"development",365,"Distinct incident_key per occurrence date.",3545,"nyc_shootings",100,"development","train"
"2015-09-16",3546,2015,1,"development",365,"Distinct incident_key per occurrence date.",3546,"nyc_shootings",100,"development","train"
"2015-09-17",3547,2015,1,"development",365,"Distinct incident_key per occurrence date.",3547,"nyc_shootings",100,"development","train"
"2015-09-18",3548,2015,1,"development",365,"Distinct incident_key per occurrence date.",3548,"nyc_shootings",100,"development","train"
"2015-09-19",3549,2015,7,"development",365,"Distinct incident_key per occurrence date.",3549,"nyc_shootings",100,"development","train"
"2015-09-20",3550,2015,5,"development",365,"Distinct incident_key per occurrence date.",3550,"nyc_shootings",100,"development","train"
"2015-09-21",3551,2015,4,"development",365,"Distinct incident_key per occurrence date.",3551,"nyc_shootings",100,"development","train"
"2015-09-22",3552,2015,3,"development",365,"Distinct incident_key per occurrence date.",3552,"nyc_shootings",100,"development","train"
"2015-09-23",3553,2015,1,"development",365,"Distinct incident_key per occurrence date.",3553,"nyc_shootings",100,"development","train"
"2015-09-24",3554,2015,0,"development",365,"Distinct incident_key per occurrence date.",3554,"nyc_shootings",100,"development","train"
"2015-09-25",3555,2015,6,"development",365,"Distinct incident_key per occurrence date.",3555,"nyc_shootings",100,"development","train"
"2015-09-26",3556,2015,6,"development",365,"Distinct incident_key per occurrence date.",3556,"nyc_shootings",100,"development","train"
"2015-09-27",3557,2015,2,"development",365,"Distinct incident_key per occurrence date.",3557,"nyc_shootings",100,"development","train"
"2015-09-28",3558,2015,2,"development",365,"Distinct incident_key per occurrence date.",3558,"nyc_shootings",100,"development","train"
"2015-09-29",3559,2015,2,"development",365,"Distinct incident_key per occurrence date.",3559,"nyc_shootings",100,"development","train"
"2015-09-30",3560,2015,1,"development",365,"Distinct incident_key per occurrence date.",3560,"nyc_shootings",100,"development","train"
"2015-10-01",3561,2015,1,"development",365,"Distinct incident_key per occurrence date.",3561,"nyc_shootings",100,"development","train"
"2015-10-02",3562,2015,1,"development",365,"Distinct incident_key per occurrence date.",3562,"nyc_shootings",100,"development","train"
"2015-10-03",3563,2015,1,"development",365,"Distinct incident_key per occurrence date.",3563,"nyc_shootings",100,"development","train"
"2015-10-04",3564,2015,7,"development",365,"Distinct incident_key per occurrence date.",3564,"nyc_shootings",100,"development","train"
"2015-10-05",3565,2015,2,"development",365,"Distinct incident_key per occurrence date.",3565,"nyc_shootings",100,"development","train"
"2015-10-06",3566,2015,2,"development",365,"Distinct incident_key per occurrence date.",3566,"nyc_shootings",100,"development","train"
"2015-10-07",3567,2015,0,"development",365,"Distinct incident_key per occurrence date.",3567,"nyc_shootings",100,"development","train"
"2015-10-08",3568,2015,2,"development",365,"Distinct incident_key per occurrence date.",3568,"nyc_shootings",100,"development","train"
"2015-10-09",3569,2015,5,"development",365,"Distinct incident_key per occurrence date.",3569,"nyc_shootings",100,"development","train"
"2015-10-10",3570,2015,3,"development",365,"Distinct incident_key per occurrence date.",3570,"nyc_shootings",100,"development","train"
"2015-10-11",3571,2015,2,"development",365,"Distinct incident_key per occurrence date.",3571,"nyc_shootings",100,"development","train"
"2015-10-12",3572,2015,1,"development",365,"Distinct incident_key per occurrence date.",3572,"nyc_shootings",100,"development","train"
"2015-10-13",3573,2015,2,"development",365,"Distinct incident_key per occurrence date.",3573,"nyc_shootings",100,"development","train"
"2015-10-14",3574,2015,4,"development",365,"Distinct incident_key per occurrence date.",3574,"nyc_shootings",100,"development","train"
"2015-10-15",3575,2015,0,"development",365,"Distinct incident_key per occurrence date.",3575,"nyc_shootings",100,"development","train"
"2015-10-16",3576,2015,1,"development",365,"Distinct incident_key per occurrence date.",3576,"nyc_shootings",100,"development","train"
"2015-10-17",3577,2015,6,"development",365,"Distinct incident_key per occurrence date.",3577,"nyc_shootings",100,"development","train"
"2015-10-18",3578,2015,5,"development",365,"Distinct incident_key per occurrence date.",3578,"nyc_shootings",100,"development","train"
"2015-10-19",3579,2015,2,"development",365,"Distinct incident_key per occurrence date.",3579,"nyc_shootings",100,"development","train"
"2015-10-20",3580,2015,4,"development",365,"Distinct incident_key per occurrence date.",3580,"nyc_shootings",100,"development","train"
"2015-10-21",3581,2015,0,"development",365,"Distinct incident_key per occurrence date.",3581,"nyc_shootings",100,"development","train"
"2015-10-22",3582,2015,3,"development",365,"Distinct incident_key per occurrence date.",3582,"nyc_shootings",100,"development","train"
"2015-10-23",3583,2015,1,"development",365,"Distinct incident_key per occurrence date.",3583,"nyc_shootings",100,"development","train"
"2015-10-24",3584,2015,5,"development",365,"Distinct incident_key per occurrence date.",3584,"nyc_shootings",100,"development","train"
"2015-10-25",3585,2015,3,"development",365,"Distinct incident_key per occurrence date.",3585,"nyc_shootings",100,"development","train"
"2015-10-26",3586,2015,3,"development",365,"Distinct incident_key per occurrence date.",3586,"nyc_shootings",100,"development","train"
"2015-10-27",3587,2015,2,"development",365,"Distinct incident_key per occurrence date.",3587,"nyc_shootings",100,"development","train"
"2015-10-28",3588,2015,2,"development",365,"Distinct incident_key per occurrence date.",3588,"nyc_shootings",100,"development","train"
"2015-10-29",3589,2015,1,"development",365,"Distinct incident_key per occurrence date.",3589,"nyc_shootings",100,"development","train"
"2015-10-30",3590,2015,2,"development",365,"Distinct incident_key per occurrence date.",3590,"nyc_shootings",100,"development","train"
"2015-10-31",3591,2015,8,"development",365,"Distinct incident_key per occurrence date.",3591,"nyc_shootings",100,"development","train"
"2015-11-01",3592,2015,5,"development",365,"Distinct incident_key per occurrence date.",3592,"nyc_shootings",100,"development","train"
"2015-11-02",3593,2015,2,"development",365,"Distinct incident_key per occurrence date.",3593,"nyc_shootings",100,"development","train"
"2015-11-03",3594,2015,0,"development",365,"Distinct incident_key per occurrence date.",3594,"nyc_shootings",100,"development","train"
"2015-11-04",3595,2015,6,"development",365,"Distinct incident_key per occurrence date.",3595,"nyc_shootings",100,"development","train"
"2015-11-05",3596,2015,2,"development",365,"Distinct incident_key per occurrence date.",3596,"nyc_shootings",100,"development","train"
"2015-11-06",3597,2015,2,"development",365,"Distinct incident_key per occurrence date.",3597,"nyc_shootings",100,"development","train"
"2015-11-07",3598,2015,3,"development",365,"Distinct incident_key per occurrence date.",3598,"nyc_shootings",100,"development","train"
"2015-11-08",3599,2015,3,"development",365,"Distinct incident_key per occurrence date.",3599,"nyc_shootings",100,"development","train"
"2015-11-09",3600,2015,3,"development",365,"Distinct incident_key per occurrence date.",3600,"nyc_shootings",100,"development","train"
"2015-11-10",3601,2015,1,"development",365,"Distinct incident_key per occurrence date.",3601,"nyc_shootings",100,"development","train"
"2015-11-11",3602,2015,2,"development",365,"Distinct incident_key per occurrence date.",3602,"nyc_shootings",100,"development","train"
"2015-11-12",3603,2015,0,"development",365,"Distinct incident_key per occurrence date.",3603,"nyc_shootings",100,"development","train"
"2015-11-13",3604,2015,2,"development",365,"Distinct incident_key per occurrence date.",3604,"nyc_shootings",100,"development","train"
"2015-11-14",3605,2015,1,"development",365,"Distinct incident_key per occurrence date.",3605,"nyc_shootings",100,"development","train"
"2015-11-15",3606,2015,3,"development",365,"Distinct incident_key per occurrence date.",3606,"nyc_shootings",100,"development","train"
"2015-11-16",3607,2015,6,"development",365,"Distinct incident_key per occurrence date.",3607,"nyc_shootings",100,"development","train"
"2015-11-17",3608,2015,2,"development",365,"Distinct incident_key per occurrence date.",3608,"nyc_shootings",100,"development","train"
"2015-11-18",3609,2015,1,"development",365,"Distinct incident_key per occurrence date.",3609,"nyc_shootings",100,"development","train"
"2015-11-19",3610,2015,3,"development",365,"Distinct incident_key per occurrence date.",3610,"nyc_shootings",100,"development","train"
"2015-11-20",3611,2015,3,"development",365,"Distinct incident_key per occurrence date.",3611,"nyc_shootings",100,"development","train"
"2015-11-21",3612,2015,3,"development",365,"Distinct incident_key per occurrence date.",3612,"nyc_shootings",100,"development","train"
"2015-11-22",3613,2015,3,"development",365,"Distinct incident_key per occurrence date.",3613,"nyc_shootings",100,"development","train"
"2015-11-23",3614,2015,0,"development",365,"Distinct incident_key per occurrence date.",3614,"nyc_shootings",100,"development","train"
"2015-11-24",3615,2015,3,"development",365,"Distinct incident_key per occurrence date.",3615,"nyc_shootings",100,"development","train"
"2015-11-25",3616,2015,5,"development",365,"Distinct incident_key per occurrence date.",3616,"nyc_shootings",100,"development","train"
"2015-11-26",3617,2015,6,"development",365,"Distinct incident_key per occurrence date.",3617,"nyc_shootings",100,"development","train"
"2015-11-27",3618,2015,4,"development",365,"Distinct incident_key per occurrence date.",3618,"nyc_shootings",100,"development","train"
"2015-11-28",3619,2015,2,"development",365,"Distinct incident_key per occurrence date.",3619,"nyc_shootings",100,"development","train"
"2015-11-29",3620,2015,2,"development",365,"Distinct incident_key per occurrence date.",3620,"nyc_shootings",100,"development","train"
"2015-11-30",3621,2015,2,"development",365,"Distinct incident_key per occurrence date.",3621,"nyc_shootings",100,"development","train"
"2015-12-01",3622,2015,2,"development",365,"Distinct incident_key per occurrence date.",3622,"nyc_shootings",100,"development","train"
"2015-12-02",3623,2015,0,"development",365,"Distinct incident_key per occurrence date.",3623,"nyc_shootings",100,"development","train"
"2015-12-03",3624,2015,5,"development",365,"Distinct incident_key per occurrence date.",3624,"nyc_shootings",100,"development","train"
"2015-12-04",3625,2015,3,"development",365,"Distinct incident_key per occurrence date.",3625,"nyc_shootings",100,"development","train"
"2015-12-05",3626,2015,4,"development",365,"Distinct incident_key per occurrence date.",3626,"nyc_shootings",100,"development","train"
"2015-12-06",3627,2015,3,"development",365,"Distinct incident_key per occurrence date.",3627,"nyc_shootings",100,"development","train"
"2015-12-07",3628,2015,5,"development",365,"Distinct incident_key per occurrence date.",3628,"nyc_shootings",100,"development","train"
"2015-12-08",3629,2015,3,"development",365,"Distinct incident_key per occurrence date.",3629,"nyc_shootings",100,"development","train"
"2015-12-09",3630,2015,2,"development",365,"Distinct incident_key per occurrence date.",3630,"nyc_shootings",100,"development","train"
"2015-12-10",3631,2015,3,"development",365,"Distinct incident_key per occurrence date.",3631,"nyc_shootings",100,"development","train"
"2015-12-11",3632,2015,4,"development",365,"Distinct incident_key per occurrence date.",3632,"nyc_shootings",100,"development","train"
"2015-12-12",3633,2015,2,"development",365,"Distinct incident_key per occurrence date.",3633,"nyc_shootings",100,"development","train"
"2015-12-13",3634,2015,7,"development",365,"Distinct incident_key per occurrence date.",3634,"nyc_shootings",100,"development","train"
"2015-12-14",3635,2015,5,"development",365,"Distinct incident_key per occurrence date.",3635,"nyc_shootings",100,"development","train"
"2015-12-15",3636,2015,3,"development",365,"Distinct incident_key per occurrence date.",3636,"nyc_shootings",100,"development","train"
"2015-12-16",3637,2015,2,"development",365,"Distinct incident_key per occurrence date.",3637,"nyc_shootings",100,"development","train"
"2015-12-17",3638,2015,4,"development",365,"Distinct incident_key per occurrence date.",3638,"nyc_shootings",100,"development","train"
"2015-12-18",3639,2015,1,"development",365,"Distinct incident_key per occurrence date.",3639,"nyc_shootings",100,"development","train"
"2015-12-19",3640,2015,5,"development",365,"Distinct incident_key per occurrence date.",3640,"nyc_shootings",100,"development","train"
"2015-12-20",3641,2015,3,"development",365,"Distinct incident_key per occurrence date.",3641,"nyc_shootings",100,"development","train"
"2015-12-21",3642,2015,2,"development",365,"Distinct incident_key per occurrence date.",3642,"nyc_shootings",100,"development","train"
"2015-12-22",3643,2015,0,"development",365,"Distinct incident_key per occurrence date.",3643,"nyc_shootings",100,"development","train"
"2015-12-23",3644,2015,1,"development",365,"Distinct incident_key per occurrence date.",3644,"nyc_shootings",100,"development","train"
"2015-12-24",3645,2015,1,"development",365,"Distinct incident_key per occurrence date.",3645,"nyc_shootings",100,"development","train"
"2015-12-25",3646,2015,5,"development",365,"Distinct incident_key per occurrence date.",3646,"nyc_shootings",100,"development","train"
"2015-12-26",3647,2015,5,"development",365,"Distinct incident_key per occurrence date.",3647,"nyc_shootings",100,"development","train"
"2015-12-27",3648,2015,1,"development",365,"Distinct incident_key per occurrence date.",3648,"nyc_shootings",100,"development","train"
"2015-12-28",3649,2015,3,"development",365,"Distinct incident_key per occurrence date.",3649,"nyc_shootings",100,"development","train"
"2015-12-29",3650,2015,2,"development",365,"Distinct incident_key per occurrence date.",3650,"nyc_shootings",100,"development","train"
"2015-12-30",3651,2015,5,"development",365,"Distinct incident_key per occurrence date.",3651,"nyc_shootings",100,"development","train"
"2015-12-31",3652,2015,4,"development",365,"Distinct incident_key per occurrence date.",3652,"nyc_shootings",100,"development","train"
"2016-01-01",3653,2016,6,"development",365,"Distinct incident_key per occurrence date.",3653,"nyc_shootings",100,"development","train"
"2016-01-02",3654,2016,2,"development",365,"Distinct incident_key per occurrence date.",3654,"nyc_shootings",100,"development","train"
"2016-01-03",3655,2016,3,"development",365,"Distinct incident_key per occurrence date.",3655,"nyc_shootings",100,"development","train"
"2016-01-04",3656,2016,1,"development",365,"Distinct incident_key per occurrence date.",3656,"nyc_shootings",100,"development","train"
"2016-01-05",3657,2016,2,"development",365,"Distinct incident_key per occurrence date.",3657,"nyc_shootings",100,"development","train"
"2016-01-06",3658,2016,2,"development",365,"Distinct incident_key per occurrence date.",3658,"nyc_shootings",100,"development","train"
"2016-01-07",3659,2016,1,"development",365,"Distinct incident_key per occurrence date.",3659,"nyc_shootings",100,"development","train"
"2016-01-08",3660,2016,0,"development",365,"Distinct incident_key per occurrence date.",3660,"nyc_shootings",100,"development","train"
"2016-01-09",3661,2016,5,"development",365,"Distinct incident_key per occurrence date.",3661,"nyc_shootings",100,"development","train"
"2016-01-10",3662,2016,2,"development",365,"Distinct incident_key per occurrence date.",3662,"nyc_shootings",100,"development","train"
"2016-01-11",3663,2016,3,"development",365,"Distinct incident_key per occurrence date.",3663,"nyc_shootings",100,"development","train"
"2016-01-12",3664,2016,0,"development",365,"Distinct incident_key per occurrence date.",3664,"nyc_shootings",100,"development","train"
"2016-01-13",3665,2016,1,"development",365,"Distinct incident_key per occurrence date.",3665,"nyc_shootings",100,"development","train"
"2016-01-14",3666,2016,3,"development",365,"Distinct incident_key per occurrence date.",3666,"nyc_shootings",100,"development","train"
"2016-01-15",3667,2016,2,"development",365,"Distinct incident_key per occurrence date.",3667,"nyc_shootings",100,"development","train"
"2016-01-16",3668,2016,4,"development",365,"Distinct incident_key per occurrence date.",3668,"nyc_shootings",100,"development","train"
"2016-01-17",3669,2016,3,"development",365,"Distinct incident_key per occurrence date.",3669,"nyc_shootings",100,"development","train"
"2016-01-18",3670,2016,0,"development",365,"Distinct incident_key per occurrence date.",3670,"nyc_shootings",100,"development","train"
"2016-01-19",3671,2016,0,"development",365,"Distinct incident_key per occurrence date.",3671,"nyc_shootings",100,"development","train"
"2016-01-20",3672,2016,0,"development",365,"Distinct incident_key per occurrence date.",3672,"nyc_shootings",100,"development","train"
"2016-01-21",3673,2016,4,"development",365,"Distinct incident_key per occurrence date.",3673,"nyc_shootings",100,"development","train"
"2016-01-22",3674,2016,1,"development",365,"Distinct incident_key per occurrence date.",3674,"nyc_shootings",100,"development","train"
"2016-01-23",3675,2016,4,"development",365,"Distinct incident_key per occurrence date.",3675,"nyc_shootings",100,"development","train"
"2016-01-24",3676,2016,1,"development",365,"Distinct incident_key per occurrence date.",3676,"nyc_shootings",100,"development","train"
"2016-01-25",3677,2016,1,"development",365,"Distinct incident_key per occurrence date.",3677,"nyc_shootings",100,"development","train"
"2016-01-26",3678,2016,1,"development",365,"Distinct incident_key per occurrence date.",3678,"nyc_shootings",100,"development","train"
"2016-01-27",3679,2016,1,"development",365,"Distinct incident_key per occurrence date.",3679,"nyc_shootings",100,"development","train"
"2016-01-28",3680,2016,2,"development",365,"Distinct incident_key per occurrence date.",3680,"nyc_shootings",100,"development","train"
"2016-01-29",3681,2016,0,"development",365,"Distinct incident_key per occurrence date.",3681,"nyc_shootings",100,"development","train"
"2016-01-30",3682,2016,4,"development",365,"Distinct incident_key per occurrence date.",3682,"nyc_shootings",100,"development","train"
"2016-01-31",3683,2016,0,"development",365,"Distinct incident_key per occurrence date.",3683,"nyc_shootings",100,"development","train"
"2016-02-01",3684,2016,1,"development",365,"Distinct incident_key per occurrence date.",3684,"nyc_shootings",100,"development","train"
"2016-02-02",3685,2016,1,"development",365,"Distinct incident_key per occurrence date.",3685,"nyc_shootings",100,"development","train"
"2016-02-03",3686,2016,1,"development",365,"Distinct incident_key per occurrence date.",3686,"nyc_shootings",100,"development","train"
"2016-02-04",3687,2016,5,"development",365,"Distinct incident_key per occurrence date.",3687,"nyc_shootings",100,"development","train"
"2016-02-05",3688,2016,1,"development",365,"Distinct incident_key per occurrence date.",3688,"nyc_shootings",100,"development","train"
"2016-02-06",3689,2016,2,"development",365,"Distinct incident_key per occurrence date.",3689,"nyc_shootings",100,"development","train"
"2016-02-07",3690,2016,0,"development",365,"Distinct incident_key per occurrence date.",3690,"nyc_shootings",100,"development","train"
"2016-02-08",3691,2016,1,"development",365,"Distinct incident_key per occurrence date.",3691,"nyc_shootings",100,"development","train"
"2016-02-09",3692,2016,2,"development",365,"Distinct incident_key per occurrence date.",3692,"nyc_shootings",100,"development","train"
"2016-02-10",3693,2016,2,"development",365,"Distinct incident_key per occurrence date.",3693,"nyc_shootings",100,"development","train"
"2016-02-11",3694,2016,2,"development",365,"Distinct incident_key per occurrence date.",3694,"nyc_shootings",100,"development","train"
"2016-02-12",3695,2016,0,"development",365,"Distinct incident_key per occurrence date.",3695,"nyc_shootings",100,"development","train"
"2016-02-13",3696,2016,3,"development",365,"Distinct incident_key per occurrence date.",3696,"nyc_shootings",100,"development","train"
"2016-02-14",3697,2016,0,"development",365,"Distinct incident_key per occurrence date.",3697,"nyc_shootings",100,"development","train"
"2016-02-15",3698,2016,3,"development",365,"Distinct incident_key per occurrence date.",3698,"nyc_shootings",100,"development","train"
"2016-02-16",3699,2016,4,"development",365,"Distinct incident_key per occurrence date.",3699,"nyc_shootings",100,"development","train"
"2016-02-17",3700,2016,0,"development",365,"Distinct incident_key per occurrence date.",3700,"nyc_shootings",100,"development","train"
"2016-02-18",3701,2016,2,"development",365,"Distinct incident_key per occurrence date.",3701,"nyc_shootings",100,"development","train"
"2016-02-19",3702,2016,5,"development",365,"Distinct incident_key per occurrence date.",3702,"nyc_shootings",100,"development","train"
"2016-02-20",3703,2016,7,"development",365,"Distinct incident_key per occurrence date.",3703,"nyc_shootings",100,"development","train"
"2016-02-21",3704,2016,1,"development",365,"Distinct incident_key per occurrence date.",3704,"nyc_shootings",100,"development","train"
"2016-02-22",3705,2016,1,"development",365,"Distinct incident_key per occurrence date.",3705,"nyc_shootings",100,"development","train"
"2016-02-23",3706,2016,0,"development",365,"Distinct incident_key per occurrence date.",3706,"nyc_shootings",100,"development","train"
"2016-02-24",3707,2016,0,"development",365,"Distinct incident_key per occurrence date.",3707,"nyc_shootings",100,"development","train"
"2016-02-25",3708,2016,5,"development",365,"Distinct incident_key per occurrence date.",3708,"nyc_shootings",100,"development","train"
"2016-02-26",3709,2016,2,"development",365,"Distinct incident_key per occurrence date.",3709,"nyc_shootings",100,"development","train"
"2016-02-27",3710,2016,3,"development",365,"Distinct incident_key per occurrence date.",3710,"nyc_shootings",100,"development","train"
"2016-02-28",3711,2016,2,"development",365,"Distinct incident_key per occurrence date.",3711,"nyc_shootings",100,"development","train"
"2016-02-29",3712,2016,5,"development",365,"Distinct incident_key per occurrence date.",3712,"nyc_shootings",100,"development","train"
"2016-03-01",3713,2016,1,"development",365,"Distinct incident_key per occurrence date.",3713,"nyc_shootings",100,"development","train"
"2016-03-02",3714,2016,1,"development",365,"Distinct incident_key per occurrence date.",3714,"nyc_shootings",100,"development","train"
"2016-03-03",3715,2016,0,"development",365,"Distinct incident_key per occurrence date.",3715,"nyc_shootings",100,"development","train"
"2016-03-04",3716,2016,2,"development",365,"Distinct incident_key per occurrence date.",3716,"nyc_shootings",100,"development","train"
"2016-03-05",3717,2016,3,"development",365,"Distinct incident_key per occurrence date.",3717,"nyc_shootings",100,"development","train"
"2016-03-06",3718,2016,2,"development",365,"Distinct incident_key per occurrence date.",3718,"nyc_shootings",100,"development","train"
"2016-03-07",3719,2016,2,"development",365,"Distinct incident_key per occurrence date.",3719,"nyc_shootings",100,"development","train"
"2016-03-08",3720,2016,4,"development",365,"Distinct incident_key per occurrence date.",3720,"nyc_shootings",100,"development","train"
"2016-03-09",3721,2016,2,"development",365,"Distinct incident_key per occurrence date.",3721,"nyc_shootings",100,"development","train"
"2016-03-10",3722,2016,5,"development",365,"Distinct incident_key per occurrence date.",3722,"nyc_shootings",100,"development","train"
"2016-03-11",3723,2016,4,"development",365,"Distinct incident_key per occurrence date.",3723,"nyc_shootings",100,"development","train"
"2016-03-12",3724,2016,2,"development",365,"Distinct incident_key per occurrence date.",3724,"nyc_shootings",100,"development","train"
"2016-03-13",3725,2016,7,"development",365,"Distinct incident_key per occurrence date.",3725,"nyc_shootings",100,"development","train"
"2016-03-14",3726,2016,2,"development",365,"Distinct incident_key per occurrence date.",3726,"nyc_shootings",100,"development","train"
"2016-03-15",3727,2016,0,"development",365,"Distinct incident_key per occurrence date.",3727,"nyc_shootings",100,"development","train"
"2016-03-16",3728,2016,0,"development",365,"Distinct incident_key per occurrence date.",3728,"nyc_shootings",100,"development","train"
"2016-03-17",3729,2016,2,"development",365,"Distinct incident_key per occurrence date.",3729,"nyc_shootings",100,"development","train"
"2016-03-18",3730,2016,3,"development",365,"Distinct incident_key per occurrence date.",3730,"nyc_shootings",100,"development","train"
"2016-03-19",3731,2016,2,"development",365,"Distinct incident_key per occurrence date.",3731,"nyc_shootings",100,"development","train"
"2016-03-20",3732,2016,2,"development",365,"Distinct incident_key per occurrence date.",3732,"nyc_shootings",100,"development","train"
"2016-03-21",3733,2016,1,"development",365,"Distinct incident_key per occurrence date.",3733,"nyc_shootings",100,"development","train"
"2016-03-22",3734,2016,0,"development",365,"Distinct incident_key per occurrence date.",3734,"nyc_shootings",100,"development","train"
"2016-03-23",3735,2016,1,"development",365,"Distinct incident_key per occurrence date.",3735,"nyc_shootings",100,"development","train"
"2016-03-24",3736,2016,4,"development",365,"Distinct incident_key per occurrence date.",3736,"nyc_shootings",100,"development","train"
"2016-03-25",3737,2016,4,"development",365,"Distinct incident_key per occurrence date.",3737,"nyc_shootings",100,"development","train"
"2016-03-26",3738,2016,2,"development",365,"Distinct incident_key per occurrence date.",3738,"nyc_shootings",100,"development","train"
"2016-03-27",3739,2016,2,"development",365,"Distinct incident_key per occurrence date.",3739,"nyc_shootings",100,"development","train"
"2016-03-28",3740,2016,2,"development",365,"Distinct incident_key per occurrence date.",3740,"nyc_shootings",100,"development","train"
"2016-03-29",3741,2016,2,"development",365,"Distinct incident_key per occurrence date.",3741,"nyc_shootings",100,"development","train"
"2016-03-30",3742,2016,1,"development",365,"Distinct incident_key per occurrence date.",3742,"nyc_shootings",100,"development","train"
"2016-03-31",3743,2016,2,"development",365,"Distinct incident_key per occurrence date.",3743,"nyc_shootings",100,"development","train"
"2016-04-01",3744,2016,4,"development",365,"Distinct incident_key per occurrence date.",3744,"nyc_shootings",100,"development","train"
"2016-04-02",3745,2016,2,"development",365,"Distinct incident_key per occurrence date.",3745,"nyc_shootings",100,"development","train"
"2016-04-03",3746,2016,2,"development",365,"Distinct incident_key per occurrence date.",3746,"nyc_shootings",100,"development","train"
"2016-04-04",3747,2016,2,"development",365,"Distinct incident_key per occurrence date.",3747,"nyc_shootings",100,"development","train"
"2016-04-05",3748,2016,2,"development",365,"Distinct incident_key per occurrence date.",3748,"nyc_shootings",100,"development","train"
"2016-04-06",3749,2016,2,"development",365,"Distinct incident_key per occurrence date.",3749,"nyc_shootings",100,"development","train"
"2016-04-07",3750,2016,0,"development",365,"Distinct incident_key per occurrence date.",3750,"nyc_shootings",100,"development","train"
"2016-04-08",3751,2016,3,"development",365,"Distinct incident_key per occurrence date.",3751,"nyc_shootings",100,"development","train"
"2016-04-09",3752,2016,2,"development",365,"Distinct incident_key per occurrence date.",3752,"nyc_shootings",100,"development","train"
"2016-04-10",3753,2016,1,"development",365,"Distinct incident_key per occurrence date.",3753,"nyc_shootings",100,"development","train"
"2016-04-11",3754,2016,5,"development",365,"Distinct incident_key per occurrence date.",3754,"nyc_shootings",100,"development","train"
"2016-04-12",3755,2016,3,"development",365,"Distinct incident_key per occurrence date.",3755,"nyc_shootings",100,"development","train"
"2016-04-13",3756,2016,0,"development",365,"Distinct incident_key per occurrence date.",3756,"nyc_shootings",100,"development","train"
"2016-04-14",3757,2016,4,"development",365,"Distinct incident_key per occurrence date.",3757,"nyc_shootings",100,"development","train"
"2016-04-15",3758,2016,4,"development",365,"Distinct incident_key per occurrence date.",3758,"nyc_shootings",100,"development","train"
"2016-04-16",3759,2016,3,"development",365,"Distinct incident_key per occurrence date.",3759,"nyc_shootings",100,"development","train"
"2016-04-17",3760,2016,3,"development",365,"Distinct incident_key per occurrence date.",3760,"nyc_shootings",100,"development","train"
"2016-04-18",3761,2016,1,"development",365,"Distinct incident_key per occurrence date.",3761,"nyc_shootings",100,"development","train"
"2016-04-19",3762,2016,1,"development",365,"Distinct incident_key per occurrence date.",3762,"nyc_shootings",100,"development","train"
"2016-04-20",3763,2016,0,"development",365,"Distinct incident_key per occurrence date.",3763,"nyc_shootings",100,"development","train"
"2016-04-21",3764,2016,4,"development",365,"Distinct incident_key per occurrence date.",3764,"nyc_shootings",100,"development","train"
"2016-04-22",3765,2016,1,"development",365,"Distinct incident_key per occurrence date.",3765,"nyc_shootings",100,"development","train"
"2016-04-23",3766,2016,9,"development",365,"Distinct incident_key per occurrence date.",3766,"nyc_shootings",100,"development","train"
"2016-04-24",3767,2016,2,"development",365,"Distinct incident_key per occurrence date.",3767,"nyc_shootings",100,"development","train"
"2016-04-25",3768,2016,0,"development",365,"Distinct incident_key per occurrence date.",3768,"nyc_shootings",100,"development","train"
"2016-04-26",3769,2016,1,"development",365,"Distinct incident_key per occurrence date.",3769,"nyc_shootings",100,"development","train"
"2016-04-27",3770,2016,3,"development",365,"Distinct incident_key per occurrence date.",3770,"nyc_shootings",100,"development","train"
"2016-04-28",3771,2016,1,"development",365,"Distinct incident_key per occurrence date.",3771,"nyc_shootings",100,"development","train"
"2016-04-29",3772,2016,1,"development",365,"Distinct incident_key per occurrence date.",3772,"nyc_shootings",100,"development","train"
"2016-04-30",3773,2016,1,"development",365,"Distinct incident_key per occurrence date.",3773,"nyc_shootings",100,"development","train"
"2016-05-01",3774,2016,2,"development",365,"Distinct incident_key per occurrence date.",3774,"nyc_shootings",100,"development","train"
"2016-05-02",3775,2016,0,"development",365,"Distinct incident_key per occurrence date.",3775,"nyc_shootings",100,"development","train"
"2016-05-03",3776,2016,2,"development",365,"Distinct incident_key per occurrence date.",3776,"nyc_shootings",100,"development","train"
"2016-05-04",3777,2016,1,"development",365,"Distinct incident_key per occurrence date.",3777,"nyc_shootings",100,"development","train"
"2016-05-05",3778,2016,1,"development",365,"Distinct incident_key per occurrence date.",3778,"nyc_shootings",100,"development","train"
"2016-05-06",3779,2016,1,"development",365,"Distinct incident_key per occurrence date.",3779,"nyc_shootings",100,"development","train"
"2016-05-07",3780,2016,3,"development",365,"Distinct incident_key per occurrence date.",3780,"nyc_shootings",100,"development","train"
"2016-05-08",3781,2016,5,"development",365,"Distinct incident_key per occurrence date.",3781,"nyc_shootings",100,"development","train"
"2016-05-09",3782,2016,1,"development",365,"Distinct incident_key per occurrence date.",3782,"nyc_shootings",100,"development","train"
"2016-05-10",3783,2016,2,"development",365,"Distinct incident_key per occurrence date.",3783,"nyc_shootings",100,"development","train"
"2016-05-11",3784,2016,3,"development",365,"Distinct incident_key per occurrence date.",3784,"nyc_shootings",100,"development","train"
"2016-05-12",3785,2016,1,"development",365,"Distinct incident_key per occurrence date.",3785,"nyc_shootings",100,"development","train"
"2016-05-13",3786,2016,3,"development",365,"Distinct incident_key per occurrence date.",3786,"nyc_shootings",100,"development","train"
"2016-05-14",3787,2016,2,"development",365,"Distinct incident_key per occurrence date.",3787,"nyc_shootings",100,"development","train"
"2016-05-15",3788,2016,2,"development",365,"Distinct incident_key per occurrence date.",3788,"nyc_shootings",100,"development","train"
"2016-05-16",3789,2016,3,"development",365,"Distinct incident_key per occurrence date.",3789,"nyc_shootings",100,"development","train"
"2016-05-17",3790,2016,2,"development",365,"Distinct incident_key per occurrence date.",3790,"nyc_shootings",100,"development","train"
"2016-05-18",3791,2016,2,"development",365,"Distinct incident_key per occurrence date.",3791,"nyc_shootings",100,"development","train"
"2016-05-19",3792,2016,3,"development",365,"Distinct incident_key per occurrence date.",3792,"nyc_shootings",100,"development","train"
"2016-05-20",3793,2016,5,"development",365,"Distinct incident_key per occurrence date.",3793,"nyc_shootings",100,"development","train"
"2016-05-21",3794,2016,6,"development",365,"Distinct incident_key per occurrence date.",3794,"nyc_shootings",100,"development","train"
"2016-05-22",3795,2016,3,"development",365,"Distinct incident_key per occurrence date.",3795,"nyc_shootings",100,"development","train"
"2016-05-23",3796,2016,2,"development",365,"Distinct incident_key per occurrence date.",3796,"nyc_shootings",100,"development","train"
"2016-05-24",3797,2016,1,"development",365,"Distinct incident_key per occurrence date.",3797,"nyc_shootings",100,"development","train"
"2016-05-25",3798,2016,2,"development",365,"Distinct incident_key per occurrence date.",3798,"nyc_shootings",100,"development","train"
"2016-05-26",3799,2016,3,"development",365,"Distinct incident_key per occurrence date.",3799,"nyc_shootings",100,"development","train"
"2016-05-27",3800,2016,5,"development",365,"Distinct incident_key per occurrence date.",3800,"nyc_shootings",100,"development","train"
"2016-05-28",3801,2016,3,"development",365,"Distinct incident_key per occurrence date.",3801,"nyc_shootings",100,"development","train"
"2016-05-29",3802,2016,9,"development",365,"Distinct incident_key per occurrence date.",3802,"nyc_shootings",100,"development","train"
"2016-05-30",3803,2016,2,"development",365,"Distinct incident_key per occurrence date.",3803,"nyc_shootings",100,"development","train"
"2016-05-31",3804,2016,6,"development",365,"Distinct incident_key per occurrence date.",3804,"nyc_shootings",100,"development","train"
"2016-06-01",3805,2016,7,"development",365,"Distinct incident_key per occurrence date.",3805,"nyc_shootings",100,"development","train"
"2016-06-02",3806,2016,0,"development",365,"Distinct incident_key per occurrence date.",3806,"nyc_shootings",100,"development","train"
"2016-06-03",3807,2016,3,"development",365,"Distinct incident_key per occurrence date.",3807,"nyc_shootings",100,"development","train"
"2016-06-04",3808,2016,4,"development",365,"Distinct incident_key per occurrence date.",3808,"nyc_shootings",100,"development","train"
"2016-06-05",3809,2016,6,"development",365,"Distinct incident_key per occurrence date.",3809,"nyc_shootings",100,"development","train"
"2016-06-06",3810,2016,2,"development",365,"Distinct incident_key per occurrence date.",3810,"nyc_shootings",100,"development","train"
"2016-06-07",3811,2016,2,"development",365,"Distinct incident_key per occurrence date.",3811,"nyc_shootings",100,"development","train"
"2016-06-08",3812,2016,0,"development",365,"Distinct incident_key per occurrence date.",3812,"nyc_shootings",100,"development","train"
"2016-06-09",3813,2016,0,"development",365,"Distinct incident_key per occurrence date.",3813,"nyc_shootings",100,"development","train"
"2016-06-10",3814,2016,3,"development",365,"Distinct incident_key per occurrence date.",3814,"nyc_shootings",100,"development","train"
"2016-06-11",3815,2016,7,"development",365,"Distinct incident_key per occurrence date.",3815,"nyc_shootings",100,"development","train"
"2016-06-12",3816,2016,5,"development",365,"Distinct incident_key per occurrence date.",3816,"nyc_shootings",100,"development","train"
"2016-06-13",3817,2016,4,"development",365,"Distinct incident_key per occurrence date.",3817,"nyc_shootings",100,"development","train"
"2016-06-14",3818,2016,0,"development",365,"Distinct incident_key per occurrence date.",3818,"nyc_shootings",100,"development","train"
"2016-06-15",3819,2016,5,"development",365,"Distinct incident_key per occurrence date.",3819,"nyc_shootings",100,"development","train"
"2016-06-16",3820,2016,4,"development",365,"Distinct incident_key per occurrence date.",3820,"nyc_shootings",100,"development","train"
"2016-06-17",3821,2016,1,"development",365,"Distinct incident_key per occurrence date.",3821,"nyc_shootings",100,"development","train"
"2016-06-18",3822,2016,3,"development",365,"Distinct incident_key per occurrence date.",3822,"nyc_shootings",100,"development","train"
"2016-06-19",3823,2016,3,"development",365,"Distinct incident_key per occurrence date.",3823,"nyc_shootings",100,"development","train"
"2016-06-20",3824,2016,6,"development",365,"Distinct incident_key per occurrence date.",3824,"nyc_shootings",100,"development","train"
"2016-06-21",3825,2016,2,"development",365,"Distinct incident_key per occurrence date.",3825,"nyc_shootings",100,"development","train"
"2016-06-22",3826,2016,1,"development",365,"Distinct incident_key per occurrence date.",3826,"nyc_shootings",100,"development","train"
"2016-06-23",3827,2016,6,"development",365,"Distinct incident_key per occurrence date.",3827,"nyc_shootings",100,"development","train"
"2016-06-24",3828,2016,0,"development",365,"Distinct incident_key per occurrence date.",3828,"nyc_shootings",100,"development","train"
"2016-06-25",3829,2016,7,"development",365,"Distinct incident_key per occurrence date.",3829,"nyc_shootings",100,"development","train"
"2016-06-26",3830,2016,3,"development",365,"Distinct incident_key per occurrence date.",3830,"nyc_shootings",100,"development","train"
"2016-06-27",3831,2016,0,"development",365,"Distinct incident_key per occurrence date.",3831,"nyc_shootings",100,"development","train"
"2016-06-28",3832,2016,1,"development",365,"Distinct incident_key per occurrence date.",3832,"nyc_shootings",100,"development","train"
"2016-06-29",3833,2016,4,"development",365,"Distinct incident_key per occurrence date.",3833,"nyc_shootings",100,"development","train"
"2016-06-30",3834,2016,5,"development",365,"Distinct incident_key per occurrence date.",3834,"nyc_shootings",100,"development","train"
"2016-07-01",3835,2016,2,"development",365,"Distinct incident_key per occurrence date.",3835,"nyc_shootings",100,"development","train"
"2016-07-02",3836,2016,2,"development",365,"Distinct incident_key per occurrence date.",3836,"nyc_shootings",100,"development","train"
"2016-07-03",3837,2016,7,"development",365,"Distinct incident_key per occurrence date.",3837,"nyc_shootings",100,"development","train"
"2016-07-04",3838,2016,13,"development",365,"Distinct incident_key per occurrence date.",3838,"nyc_shootings",100,"development","train"
"2016-07-05",3839,2016,3,"development",365,"Distinct incident_key per occurrence date.",3839,"nyc_shootings",100,"development","train"
"2016-07-06",3840,2016,1,"development",365,"Distinct incident_key per occurrence date.",3840,"nyc_shootings",100,"development","train"
"2016-07-07",3841,2016,0,"development",365,"Distinct incident_key per occurrence date.",3841,"nyc_shootings",100,"development","train"
"2016-07-08",3842,2016,2,"development",365,"Distinct incident_key per occurrence date.",3842,"nyc_shootings",100,"development","train"
"2016-07-09",3843,2016,4,"development",365,"Distinct incident_key per occurrence date.",3843,"nyc_shootings",100,"development","train"
"2016-07-10",3844,2016,2,"development",365,"Distinct incident_key per occurrence date.",3844,"nyc_shootings",100,"development","train"
"2016-07-11",3845,2016,1,"development",365,"Distinct incident_key per occurrence date.",3845,"nyc_shootings",100,"development","train"
"2016-07-12",3846,2016,1,"development",365,"Distinct incident_key per occurrence date.",3846,"nyc_shootings",100,"development","train"
"2016-07-13",3847,2016,3,"development",365,"Distinct incident_key per occurrence date.",3847,"nyc_shootings",100,"development","train"
"2016-07-14",3848,2016,1,"development",365,"Distinct incident_key per occurrence date.",3848,"nyc_shootings",100,"development","train"
"2016-07-15",3849,2016,4,"development",365,"Distinct incident_key per occurrence date.",3849,"nyc_shootings",100,"development","train"
"2016-07-16",3850,2016,6,"development",365,"Distinct incident_key per occurrence date.",3850,"nyc_shootings",100,"development","train"
"2016-07-17",3851,2016,6,"development",365,"Distinct incident_key per occurrence date.",3851,"nyc_shootings",100,"development","train"
"2016-07-18",3852,2016,5,"development",365,"Distinct incident_key per occurrence date.",3852,"nyc_shootings",100,"development","train"
"2016-07-19",3853,2016,4,"development",365,"Distinct incident_key per occurrence date.",3853,"nyc_shootings",100,"development","train"
"2016-07-20",3854,2016,2,"development",365,"Distinct incident_key per occurrence date.",3854,"nyc_shootings",100,"development","train"
"2016-07-21",3855,2016,3,"development",365,"Distinct incident_key per occurrence date.",3855,"nyc_shootings",100,"development","train"
"2016-07-22",3856,2016,7,"development",365,"Distinct incident_key per occurrence date.",3856,"nyc_shootings",100,"development","train"
"2016-07-23",3857,2016,3,"development",365,"Distinct incident_key per occurrence date.",3857,"nyc_shootings",100,"development","train"
"2016-07-24",3858,2016,2,"development",365,"Distinct incident_key per occurrence date.",3858,"nyc_shootings",100,"development","train"
"2016-07-25",3859,2016,4,"development",365,"Distinct incident_key per occurrence date.",3859,"nyc_shootings",100,"development","train"
"2016-07-26",3860,2016,0,"development",365,"Distinct incident_key per occurrence date.",3860,"nyc_shootings",100,"development","train"
"2016-07-27",3861,2016,1,"development",365,"Distinct incident_key per occurrence date.",3861,"nyc_shootings",100,"development","train"
"2016-07-28",3862,2016,1,"development",365,"Distinct incident_key per occurrence date.",3862,"nyc_shootings",100,"development","train"
"2016-07-29",3863,2016,1,"development",365,"Distinct incident_key per occurrence date.",3863,"nyc_shootings",100,"development","train"
"2016-07-30",3864,2016,4,"development",365,"Distinct incident_key per occurrence date.",3864,"nyc_shootings",100,"development","train"
"2016-07-31",3865,2016,2,"development",365,"Distinct incident_key per occurrence date.",3865,"nyc_shootings",100,"development","train"
"2016-08-01",3866,2016,4,"development",365,"Distinct incident_key per occurrence date.",3866,"nyc_shootings",100,"development","train"
"2016-08-02",3867,2016,4,"development",365,"Distinct incident_key per occurrence date.",3867,"nyc_shootings",100,"development","train"
"2016-08-03",3868,2016,4,"development",365,"Distinct incident_key per occurrence date.",3868,"nyc_shootings",100,"development","train"
"2016-08-04",3869,2016,5,"development",365,"Distinct incident_key per occurrence date.",3869,"nyc_shootings",100,"development","train"
"2016-08-05",3870,2016,7,"development",365,"Distinct incident_key per occurrence date.",3870,"nyc_shootings",100,"development","train"
"2016-08-06",3871,2016,4,"development",365,"Distinct incident_key per occurrence date.",3871,"nyc_shootings",100,"development","train"
"2016-08-07",3872,2016,8,"development",365,"Distinct incident_key per occurrence date.",3872,"nyc_shootings",100,"development","train"
"2016-08-08",3873,2016,5,"development",365,"Distinct incident_key per occurrence date.",3873,"nyc_shootings",100,"development","train"
"2016-08-09",3874,2016,3,"development",365,"Distinct incident_key per occurrence date.",3874,"nyc_shootings",100,"development","train"
"2016-08-10",3875,2016,3,"development",365,"Distinct incident_key per occurrence date.",3875,"nyc_shootings",100,"development","train"
"2016-08-11",3876,2016,3,"development",365,"Distinct incident_key per occurrence date.",3876,"nyc_shootings",100,"development","train"
"2016-08-12",3877,2016,1,"development",365,"Distinct incident_key per occurrence date.",3877,"nyc_shootings",100,"development","train"
"2016-08-13",3878,2016,6,"development",365,"Distinct incident_key per occurrence date.",3878,"nyc_shootings",100,"development","train"
"2016-08-14",3879,2016,8,"development",365,"Distinct incident_key per occurrence date.",3879,"nyc_shootings",100,"development","train"
"2016-08-15",3880,2016,2,"development",365,"Distinct incident_key per occurrence date.",3880,"nyc_shootings",100,"development","train"
"2016-08-16",3881,2016,8,"development",365,"Distinct incident_key per occurrence date.",3881,"nyc_shootings",100,"development","train"
"2016-08-17",3882,2016,5,"development",365,"Distinct incident_key per occurrence date.",3882,"nyc_shootings",100,"development","train"
"2016-08-18",3883,2016,4,"development",365,"Distinct incident_key per occurrence date.",3883,"nyc_shootings",100,"development","train"
"2016-08-19",3884,2016,4,"development",365,"Distinct incident_key per occurrence date.",3884,"nyc_shootings",100,"development","train"
"2016-08-20",3885,2016,4,"development",365,"Distinct incident_key per occurrence date.",3885,"nyc_shootings",100,"development","train"
"2016-08-21",3886,2016,9,"development",365,"Distinct incident_key per occurrence date.",3886,"nyc_shootings",100,"development","train"
"2016-08-22",3887,2016,4,"development",365,"Distinct incident_key per occurrence date.",3887,"nyc_shootings",100,"development","train"
"2016-08-23",3888,2016,6,"development",365,"Distinct incident_key per occurrence date.",3888,"nyc_shootings",100,"development","train"
"2016-08-24",3889,2016,1,"development",365,"Distinct incident_key per occurrence date.",3889,"nyc_shootings",100,"development","train"
"2016-08-25",3890,2016,2,"development",365,"Distinct incident_key per occurrence date.",3890,"nyc_shootings",100,"development","train"
"2016-08-26",3891,2016,4,"development",365,"Distinct incident_key per occurrence date.",3891,"nyc_shootings",100,"development","train"
"2016-08-27",3892,2016,3,"development",365,"Distinct incident_key per occurrence date.",3892,"nyc_shootings",100,"development","train"
"2016-08-28",3893,2016,14,"development",365,"Distinct incident_key per occurrence date.",3893,"nyc_shootings",100,"development","train"
"2016-08-29",3894,2016,6,"development",365,"Distinct incident_key per occurrence date.",3894,"nyc_shootings",100,"development","train"
"2016-08-30",3895,2016,3,"development",365,"Distinct incident_key per occurrence date.",3895,"nyc_shootings",100,"development","train"
"2016-08-31",3896,2016,1,"development",365,"Distinct incident_key per occurrence date.",3896,"nyc_shootings",100,"development","train"
"2016-09-01",3897,2016,5,"development",365,"Distinct incident_key per occurrence date.",3897,"nyc_shootings",100,"development","train"
"2016-09-02",3898,2016,4,"development",365,"Distinct incident_key per occurrence date.",3898,"nyc_shootings",100,"development","train"
"2016-09-03",3899,2016,7,"development",365,"Distinct incident_key per occurrence date.",3899,"nyc_shootings",100,"development","train"
"2016-09-04",3900,2016,7,"development",365,"Distinct incident_key per occurrence date.",3900,"nyc_shootings",100,"development","train"
"2016-09-05",3901,2016,7,"development",365,"Distinct incident_key per occurrence date.",3901,"nyc_shootings",100,"development","train"
"2016-09-06",3902,2016,4,"development",365,"Distinct incident_key per occurrence date.",3902,"nyc_shootings",100,"development","train"
"2016-09-07",3903,2016,5,"development",365,"Distinct incident_key per occurrence date.",3903,"nyc_shootings",100,"development","train"
"2016-09-08",3904,2016,1,"development",365,"Distinct incident_key per occurrence date.",3904,"nyc_shootings",100,"development","train"
"2016-09-09",3905,2016,4,"development",365,"Distinct incident_key per occurrence date.",3905,"nyc_shootings",100,"development","train"
"2016-09-10",3906,2016,3,"development",365,"Distinct incident_key per occurrence date.",3906,"nyc_shootings",100,"development","train"
"2016-09-11",3907,2016,1,"development",365,"Distinct incident_key per occurrence date.",3907,"nyc_shootings",100,"development","train"
"2016-09-12",3908,2016,5,"development",365,"Distinct incident_key per occurrence date.",3908,"nyc_shootings",100,"development","train"
"2016-09-13",3909,2016,0,"development",365,"Distinct incident_key per occurrence date.",3909,"nyc_shootings",100,"development","train"
"2016-09-14",3910,2016,5,"development",365,"Distinct incident_key per occurrence date.",3910,"nyc_shootings",100,"development","train"
"2016-09-15",3911,2016,4,"development",365,"Distinct incident_key per occurrence date.",3911,"nyc_shootings",100,"development","train"
"2016-09-16",3912,2016,5,"development",365,"Distinct incident_key per occurrence date.",3912,"nyc_shootings",100,"development","train"
"2016-09-17",3913,2016,4,"development",365,"Distinct incident_key per occurrence date.",3913,"nyc_shootings",100,"development","train"
"2016-09-18",3914,2016,2,"development",365,"Distinct incident_key per occurrence date.",3914,"nyc_shootings",100,"development","train"
"2016-09-19",3915,2016,1,"development",365,"Distinct incident_key per occurrence date.",3915,"nyc_shootings",100,"development","train"
"2016-09-20",3916,2016,3,"development",365,"Distinct incident_key per occurrence date.",3916,"nyc_shootings",100,"development","train"
"2016-09-21",3917,2016,4,"development",365,"Distinct incident_key per occurrence date.",3917,"nyc_shootings",100,"development","train"
"2016-09-22",3918,2016,1,"development",365,"Distinct incident_key per occurrence date.",3918,"nyc_shootings",100,"development","train"
"2016-09-23",3919,2016,1,"development",365,"Distinct incident_key per occurrence date.",3919,"nyc_shootings",100,"development","train"
"2016-09-24",3920,2016,2,"development",365,"Distinct incident_key per occurrence date.",3920,"nyc_shootings",100,"development","train"
"2016-09-25",3921,2016,3,"development",365,"Distinct incident_key per occurrence date.",3921,"nyc_shootings",100,"development","train"
"2016-09-26",3922,2016,5,"development",365,"Distinct incident_key per occurrence date.",3922,"nyc_shootings",100,"development","train"
"2016-09-27",3923,2016,5,"development",365,"Distinct incident_key per occurrence date.",3923,"nyc_shootings",100,"development","train"
"2016-09-28",3924,2016,3,"development",365,"Distinct incident_key per occurrence date.",3924,"nyc_shootings",100,"development","train"
"2016-09-29",3925,2016,4,"development",365,"Distinct incident_key per occurrence date.",3925,"nyc_shootings",100,"development","train"
"2016-09-30",3926,2016,3,"development",365,"Distinct incident_key per occurrence date.",3926,"nyc_shootings",100,"development","train"
"2016-10-01",3927,2016,2,"development",365,"Distinct incident_key per occurrence date.",3927,"nyc_shootings",100,"development","train"
"2016-10-02",3928,2016,3,"development",365,"Distinct incident_key per occurrence date.",3928,"nyc_shootings",100,"development","train"
"2016-10-03",3929,2016,2,"development",365,"Distinct incident_key per occurrence date.",3929,"nyc_shootings",100,"development","train"
"2016-10-04",3930,2016,2,"development",365,"Distinct incident_key per occurrence date.",3930,"nyc_shootings",100,"development","train"
"2016-10-05",3931,2016,4,"development",365,"Distinct incident_key per occurrence date.",3931,"nyc_shootings",100,"development","train"
"2016-10-06",3932,2016,2,"development",365,"Distinct incident_key per occurrence date.",3932,"nyc_shootings",100,"development","train"
"2016-10-07",3933,2016,0,"development",365,"Distinct incident_key per occurrence date.",3933,"nyc_shootings",100,"development","train"
"2016-10-08",3934,2016,3,"development",365,"Distinct incident_key per occurrence date.",3934,"nyc_shootings",100,"development","train"
"2016-10-09",3935,2016,2,"development",365,"Distinct incident_key per occurrence date.",3935,"nyc_shootings",100,"development","train"
"2016-10-10",3936,2016,0,"development",365,"Distinct incident_key per occurrence date.",3936,"nyc_shootings",100,"development","train"
"2016-10-11",3937,2016,2,"development",365,"Distinct incident_key per occurrence date.",3937,"nyc_shootings",100,"development","train"
"2016-10-12",3938,2016,4,"development",365,"Distinct incident_key per occurrence date.",3938,"nyc_shootings",100,"development","train"
"2016-10-13",3939,2016,2,"development",365,"Distinct incident_key per occurrence date.",3939,"nyc_shootings",100,"development","train"
"2016-10-14",3940,2016,3,"development",365,"Distinct incident_key per occurrence date.",3940,"nyc_shootings",100,"development","train"
"2016-10-15",3941,2016,5,"development",365,"Distinct incident_key per occurrence date.",3941,"nyc_shootings",100,"development","train"
"2016-10-16",3942,2016,7,"development",365,"Distinct incident_key per occurrence date.",3942,"nyc_shootings",100,"development","train"
"2016-10-17",3943,2016,2,"development",365,"Distinct incident_key per occurrence date.",3943,"nyc_shootings",100,"development","train"
"2016-10-18",3944,2016,3,"development",365,"Distinct incident_key per occurrence date.",3944,"nyc_shootings",100,"development","train"
"2016-10-19",3945,2016,0,"development",365,"Distinct incident_key per occurrence date.",3945,"nyc_shootings",100,"development","train"
"2016-10-20",3946,2016,2,"development",365,"Distinct incident_key per occurrence date.",3946,"nyc_shootings",100,"development","train"
"2016-10-21",3947,2016,1,"development",365,"Distinct incident_key per occurrence date.",3947,"nyc_shootings",100,"development","train"
"2016-10-22",3948,2016,3,"development",365,"Distinct incident_key per occurrence date.",3948,"nyc_shootings",100,"development","train"
"2016-10-23",3949,2016,4,"development",365,"Distinct incident_key per occurrence date.",3949,"nyc_shootings",100,"development","train"
"2016-10-24",3950,2016,1,"development",365,"Distinct incident_key per occurrence date.",3950,"nyc_shootings",100,"development","train"
"2016-10-25",3951,2016,1,"development",365,"Distinct incident_key per occurrence date.",3951,"nyc_shootings",100,"development","train"
"2016-10-26",3952,2016,1,"development",365,"Distinct incident_key per occurrence date.",3952,"nyc_shootings",100,"development","train"
"2016-10-27",3953,2016,1,"development",365,"Distinct incident_key per occurrence date.",3953,"nyc_shootings",100,"development","train"
"2016-10-28",3954,2016,2,"development",365,"Distinct incident_key per occurrence date.",3954,"nyc_shootings",100,"development","train"
"2016-10-29",3955,2016,7,"development",365,"Distinct incident_key per occurrence date.",3955,"nyc_shootings",100,"development","train"
"2016-10-30",3956,2016,8,"development",365,"Distinct incident_key per occurrence date.",3956,"nyc_shootings",100,"development","train"
"2016-10-31",3957,2016,5,"development",365,"Distinct incident_key per occurrence date.",3957,"nyc_shootings",100,"development","train"
"2016-11-01",3958,2016,2,"development",365,"Distinct incident_key per occurrence date.",3958,"nyc_shootings",100,"development","train"
"2016-11-02",3959,2016,2,"development",365,"Distinct incident_key per occurrence date.",3959,"nyc_shootings",100,"development","train"
"2016-11-03",3960,2016,1,"development",365,"Distinct incident_key per occurrence date.",3960,"nyc_shootings",100,"development","train"
"2016-11-04",3961,2016,3,"development",365,"Distinct incident_key per occurrence date.",3961,"nyc_shootings",100,"development","train"
"2016-11-05",3962,2016,1,"development",365,"Distinct incident_key per occurrence date.",3962,"nyc_shootings",100,"development","train"
"2016-11-06",3963,2016,0,"development",365,"Distinct incident_key per occurrence date.",3963,"nyc_shootings",100,"development","train"
"2016-11-07",3964,2016,1,"development",365,"Distinct incident_key per occurrence date.",3964,"nyc_shootings",100,"development","train"
"2016-11-08",3965,2016,1,"development",365,"Distinct incident_key per occurrence date.",3965,"nyc_shootings",100,"development","train"
"2016-11-09",3966,2016,3,"development",365,"Distinct incident_key per occurrence date.",3966,"nyc_shootings",100,"development","train"
"2016-11-10",3967,2016,0,"development",365,"Distinct incident_key per occurrence date.",3967,"nyc_shootings",100,"development","train"
"2016-11-11",3968,2016,1,"development",365,"Distinct incident_key per occurrence date.",3968,"nyc_shootings",100,"development","train"
"2016-11-12",3969,2016,3,"development",365,"Distinct incident_key per occurrence date.",3969,"nyc_shootings",100,"development","train"
"2016-11-13",3970,2016,5,"development",365,"Distinct incident_key per occurrence date.",3970,"nyc_shootings",100,"development","train"
"2016-11-14",3971,2016,3,"development",365,"Distinct incident_key per occurrence date.",3971,"nyc_shootings",100,"development","train"
"2016-11-15",3972,2016,0,"development",365,"Distinct incident_key per occurrence date.",3972,"nyc_shootings",100,"development","train"
"2016-11-16",3973,2016,2,"development",365,"Distinct incident_key per occurrence date.",3973,"nyc_shootings",100,"development","train"
"2016-11-17",3974,2016,2,"development",365,"Distinct incident_key per occurrence date.",3974,"nyc_shootings",100,"development","train"
"2016-11-18",3975,2016,1,"development",365,"Distinct incident_key per occurrence date.",3975,"nyc_shootings",100,"development","train"
"2016-11-19",3976,2016,2,"development",365,"Distinct incident_key per occurrence date.",3976,"nyc_shootings",100,"development","train"
"2016-11-20",3977,2016,2,"development",365,"Distinct incident_key per occurrence date.",3977,"nyc_shootings",100,"development","train"
"2016-11-21",3978,2016,3,"development",365,"Distinct incident_key per occurrence date.",3978,"nyc_shootings",100,"development","train"
"2016-11-22",3979,2016,1,"development",365,"Distinct incident_key per occurrence date.",3979,"nyc_shootings",100,"development","train"
"2016-11-23",3980,2016,6,"development",365,"Distinct incident_key per occurrence date.",3980,"nyc_shootings",100,"development","train"
"2016-11-24",3981,2016,3,"development",365,"Distinct incident_key per occurrence date.",3981,"nyc_shootings",100,"development","train"
"2016-11-25",3982,2016,3,"development",365,"Distinct incident_key per occurrence date.",3982,"nyc_shootings",100,"development","train"
"2016-11-26",3983,2016,3,"development",365,"Distinct incident_key per occurrence date.",3983,"nyc_shootings",100,"development","train"
"2016-11-27",3984,2016,6,"development",365,"Distinct incident_key per occurrence date.",3984,"nyc_shootings",100,"development","train"
"2016-11-28",3985,2016,4,"development",365,"Distinct incident_key per occurrence date.",3985,"nyc_shootings",100,"development","train"
"2016-11-29",3986,2016,0,"development",365,"Distinct incident_key per occurrence date.",3986,"nyc_shootings",100,"development","train"
"2016-11-30",3987,2016,1,"development",365,"Distinct incident_key per occurrence date.",3987,"nyc_shootings",100,"development","train"
"2016-12-01",3988,2016,0,"development",365,"Distinct incident_key per occurrence date.",3988,"nyc_shootings",100,"development","train"
"2016-12-02",3989,2016,1,"development",365,"Distinct incident_key per occurrence date.",3989,"nyc_shootings",100,"development","train"
"2016-12-03",3990,2016,2,"development",365,"Distinct incident_key per occurrence date.",3990,"nyc_shootings",100,"development","train"
"2016-12-04",3991,2016,4,"development",365,"Distinct incident_key per occurrence date.",3991,"nyc_shootings",100,"development","train"
"2016-12-05",3992,2016,2,"development",365,"Distinct incident_key per occurrence date.",3992,"nyc_shootings",100,"development","train"
"2016-12-06",3993,2016,2,"development",365,"Distinct incident_key per occurrence date.",3993,"nyc_shootings",100,"development","train"
"2016-12-07",3994,2016,1,"development",365,"Distinct incident_key per occurrence date.",3994,"nyc_shootings",100,"development","train"
"2016-12-08",3995,2016,3,"development",365,"Distinct incident_key per occurrence date.",3995,"nyc_shootings",100,"development","train"
"2016-12-09",3996,2016,3,"development",365,"Distinct incident_key per occurrence date.",3996,"nyc_shootings",100,"development","train"
"2016-12-10",3997,2016,3,"development",365,"Distinct incident_key per occurrence date.",3997,"nyc_shootings",100,"development","train"
"2016-12-11",3998,2016,6,"development",365,"Distinct incident_key per occurrence date.",3998,"nyc_shootings",100,"development","train"
"2016-12-12",3999,2016,3,"development",365,"Distinct incident_key per occurrence date.",3999,"nyc_shootings",100,"development","train"
"2016-12-13",4000,2016,2,"development",365,"Distinct incident_key per occurrence date.",4000,"nyc_shootings",100,"development","train"
"2016-12-14",4001,2016,2,"development",365,"Distinct incident_key per occurrence date.",4001,"nyc_shootings",100,"development","train"
"2016-12-15",4002,2016,1,"development",365,"Distinct incident_key per occurrence date.",4002,"nyc_shootings",100,"development","train"
"2016-12-16",4003,2016,1,"development",365,"Distinct incident_key per occurrence date.",4003,"nyc_shootings",100,"development","train"
"2016-12-17",4004,2016,2,"development",365,"Distinct incident_key per occurrence date.",4004,"nyc_shootings",100,"development","train"
"2016-12-18",4005,2016,1,"development",365,"Distinct incident_key per occurrence date.",4005,"nyc_shootings",100,"development","train"
"2016-12-19",4006,2016,2,"development",365,"Distinct incident_key per occurrence date.",4006,"nyc_shootings",100,"development","train"
"2016-12-20",4007,2016,1,"development",365,"Distinct incident_key per occurrence date.",4007,"nyc_shootings",100,"development","train"
"2016-12-21",4008,2016,0,"development",365,"Distinct incident_key per occurrence date.",4008,"nyc_shootings",100,"development","train"
"2016-12-22",4009,2016,1,"development",365,"Distinct incident_key per occurrence date.",4009,"nyc_shootings",100,"development","train"
"2016-12-23",4010,2016,2,"development",365,"Distinct incident_key per occurrence date.",4010,"nyc_shootings",100,"development","train"
"2016-12-24",4011,2016,1,"development",365,"Distinct incident_key per occurrence date.",4011,"nyc_shootings",100,"development","train"
"2016-12-25",4012,2016,3,"development",365,"Distinct incident_key per occurrence date.",4012,"nyc_shootings",100,"development","train"
"2016-12-26",4013,2016,2,"development",365,"Distinct incident_key per occurrence date.",4013,"nyc_shootings",100,"development","train"
"2016-12-27",4014,2016,2,"development",365,"Distinct incident_key per occurrence date.",4014,"nyc_shootings",100,"development","train"
"2016-12-28",4015,2016,1,"development",365,"Distinct incident_key per occurrence date.",4015,"nyc_shootings",100,"development","train"
"2016-12-29",4016,2016,2,"development",365,"Distinct incident_key per occurrence date.",4016,"nyc_shootings",100,"development","train"
"2016-12-30",4017,2016,2,"development",365,"Distinct incident_key per occurrence date.",4017,"nyc_shootings",100,"development","train"
"2016-12-31",4018,2016,6,"development",365,"Distinct incident_key per occurrence date.",4018,"nyc_shootings",100,"development","train"
"2017-01-01",4019,2017,7,"development",365,"Distinct incident_key per occurrence date.",4019,"nyc_shootings",100,"development","train"
"2017-01-02",4020,2017,3,"development",365,"Distinct incident_key per occurrence date.",4020,"nyc_shootings",100,"development","train"
"2017-01-03",4021,2017,3,"development",365,"Distinct incident_key per occurrence date.",4021,"nyc_shootings",100,"development","train"
"2017-01-04",4022,2017,2,"development",365,"Distinct incident_key per occurrence date.",4022,"nyc_shootings",100,"development","train"
"2017-01-05",4023,2017,1,"development",365,"Distinct incident_key per occurrence date.",4023,"nyc_shootings",100,"development","train"
"2017-01-06",4024,2017,1,"development",365,"Distinct incident_key per occurrence date.",4024,"nyc_shootings",100,"development","train"
"2017-01-07",4025,2017,0,"development",365,"Distinct incident_key per occurrence date.",4025,"nyc_shootings",100,"development","train"
"2017-01-08",4026,2017,0,"development",365,"Distinct incident_key per occurrence date.",4026,"nyc_shootings",100,"development","train"
"2017-01-09",4027,2017,0,"development",365,"Distinct incident_key per occurrence date.",4027,"nyc_shootings",100,"development","train"
"2017-01-10",4028,2017,0,"development",365,"Distinct incident_key per occurrence date.",4028,"nyc_shootings",100,"development","train"
"2017-01-11",4029,2017,1,"development",365,"Distinct incident_key per occurrence date.",4029,"nyc_shootings",100,"development","train"
"2017-01-12",4030,2017,1,"development",365,"Distinct incident_key per occurrence date.",4030,"nyc_shootings",100,"development","train"
"2017-01-13",4031,2017,1,"development",365,"Distinct incident_key per occurrence date.",4031,"nyc_shootings",100,"development","train"
"2017-01-14",4032,2017,1,"development",365,"Distinct incident_key per occurrence date.",4032,"nyc_shootings",100,"development","train"
"2017-01-15",4033,2017,4,"development",365,"Distinct incident_key per occurrence date.",4033,"nyc_shootings",100,"development","train"
"2017-01-16",4034,2017,3,"development",365,"Distinct incident_key per occurrence date.",4034,"nyc_shootings",100,"development","train"
"2017-01-17",4035,2017,2,"development",365,"Distinct incident_key per occurrence date.",4035,"nyc_shootings",100,"development","train"
"2017-01-18",4036,2017,1,"development",365,"Distinct incident_key per occurrence date.",4036,"nyc_shootings",100,"development","train"
"2017-01-19",4037,2017,0,"development",365,"Distinct incident_key per occurrence date.",4037,"nyc_shootings",100,"development","train"
"2017-01-20",4038,2017,1,"development",365,"Distinct incident_key per occurrence date.",4038,"nyc_shootings",100,"development","train"
"2017-01-21",4039,2017,4,"development",365,"Distinct incident_key per occurrence date.",4039,"nyc_shootings",100,"development","train"
"2017-01-22",4040,2017,3,"development",365,"Distinct incident_key per occurrence date.",4040,"nyc_shootings",100,"development","train"
"2017-01-23",4041,2017,0,"development",365,"Distinct incident_key per occurrence date.",4041,"nyc_shootings",100,"development","train"
"2017-01-24",4042,2017,3,"development",365,"Distinct incident_key per occurrence date.",4042,"nyc_shootings",100,"development","train"
"2017-01-25",4043,2017,3,"development",365,"Distinct incident_key per occurrence date.",4043,"nyc_shootings",100,"development","train"
"2017-01-26",4044,2017,2,"development",365,"Distinct incident_key per occurrence date.",4044,"nyc_shootings",100,"development","train"
"2017-01-27",4045,2017,4,"development",365,"Distinct incident_key per occurrence date.",4045,"nyc_shootings",100,"development","train"
"2017-01-28",4046,2017,2,"development",365,"Distinct incident_key per occurrence date.",4046,"nyc_shootings",100,"development","train"
"2017-01-29",4047,2017,2,"development",365,"Distinct incident_key per occurrence date.",4047,"nyc_shootings",100,"development","train"
"2017-01-30",4048,2017,2,"development",365,"Distinct incident_key per occurrence date.",4048,"nyc_shootings",100,"development","train"
"2017-01-31",4049,2017,1,"development",365,"Distinct incident_key per occurrence date.",4049,"nyc_shootings",100,"development","train"
"2017-02-01",4050,2017,1,"development",365,"Distinct incident_key per occurrence date.",4050,"nyc_shootings",100,"development","train"
"2017-02-02",4051,2017,1,"development",365,"Distinct incident_key per occurrence date.",4051,"nyc_shootings",100,"development","train"
"2017-02-03",4052,2017,3,"development",365,"Distinct incident_key per occurrence date.",4052,"nyc_shootings",100,"development","train"
"2017-02-04",4053,2017,1,"development",365,"Distinct incident_key per occurrence date.",4053,"nyc_shootings",100,"development","train"
"2017-02-05",4054,2017,2,"development",365,"Distinct incident_key per occurrence date.",4054,"nyc_shootings",100,"development","train"
"2017-02-06",4055,2017,1,"development",365,"Distinct incident_key per occurrence date.",4055,"nyc_shootings",100,"development","train"
"2017-02-07",4056,2017,0,"development",365,"Distinct incident_key per occurrence date.",4056,"nyc_shootings",100,"development","train"
"2017-02-08",4057,2017,6,"development",365,"Distinct incident_key per occurrence date.",4057,"nyc_shootings",100,"development","train"
"2017-02-09",4058,2017,1,"development",365,"Distinct incident_key per occurrence date.",4058,"nyc_shootings",100,"development","train"
"2017-02-10",4059,2017,0,"development",365,"Distinct incident_key per occurrence date.",4059,"nyc_shootings",100,"development","train"
"2017-02-11",4060,2017,2,"development",365,"Distinct incident_key per occurrence date.",4060,"nyc_shootings",100,"development","train"
"2017-02-12",4061,2017,0,"development",365,"Distinct incident_key per occurrence date.",4061,"nyc_shootings",100,"development","train"
"2017-02-13",4062,2017,0,"development",365,"Distinct incident_key per occurrence date.",4062,"nyc_shootings",100,"development","train"
"2017-02-14",4063,2017,0,"development",365,"Distinct incident_key per occurrence date.",4063,"nyc_shootings",100,"development","train"
"2017-02-15",4064,2017,4,"development",365,"Distinct incident_key per occurrence date.",4064,"nyc_shootings",100,"development","train"
"2017-02-16",4065,2017,0,"development",365,"Distinct incident_key per occurrence date.",4065,"nyc_shootings",100,"development","train"
"2017-02-17",4066,2017,1,"development",365,"Distinct incident_key per occurrence date.",4066,"nyc_shootings",100,"development","train"
"2017-02-18",4067,2017,1,"development",365,"Distinct incident_key per occurrence date.",4067,"nyc_shootings",100,"development","train"
"2017-02-19",4068,2017,4,"development",365,"Distinct incident_key per occurrence date.",4068,"nyc_shootings",100,"development","train"
"2017-02-20",4069,2017,5,"development",365,"Distinct incident_key per occurrence date.",4069,"nyc_shootings",100,"development","train"
"2017-02-21",4070,2017,0,"development",365,"Distinct incident_key per occurrence date.",4070,"nyc_shootings",100,"development","train"
"2017-02-22",4071,2017,2,"development",365,"Distinct incident_key per occurrence date.",4071,"nyc_shootings",100,"development","train"
"2017-02-23",4072,2017,1,"development",365,"Distinct incident_key per occurrence date.",4072,"nyc_shootings",100,"development","train"
"2017-02-24",4073,2017,1,"development",365,"Distinct incident_key per occurrence date.",4073,"nyc_shootings",100,"development","train"
"2017-02-25",4074,2017,1,"development",365,"Distinct incident_key per occurrence date.",4074,"nyc_shootings",100,"development","train"
"2017-02-26",4075,2017,0,"development",365,"Distinct incident_key per occurrence date.",4075,"nyc_shootings",100,"development","train"
"2017-02-27",4076,2017,2,"development",365,"Distinct incident_key per occurrence date.",4076,"nyc_shootings",100,"development","train"
"2017-02-28",4077,2017,0,"development",365,"Distinct incident_key per occurrence date.",4077,"nyc_shootings",100,"development","train"
"2017-03-01",4078,2017,2,"development",365,"Distinct incident_key per occurrence date.",4078,"nyc_shootings",100,"development","train"
"2017-03-02",4079,2017,1,"development",365,"Distinct incident_key per occurrence date.",4079,"nyc_shootings",100,"development","train"
"2017-03-03",4080,2017,1,"development",365,"Distinct incident_key per occurrence date.",4080,"nyc_shootings",100,"development","train"
"2017-03-04",4081,2017,2,"development",365,"Distinct incident_key per occurrence date.",4081,"nyc_shootings",100,"development","train"
"2017-03-05",4082,2017,0,"development",365,"Distinct incident_key per occurrence date.",4082,"nyc_shootings",100,"development","train"
"2017-03-06",4083,2017,1,"development",365,"Distinct incident_key per occurrence date.",4083,"nyc_shootings",100,"development","train"
"2017-03-07",4084,2017,1,"development",365,"Distinct incident_key per occurrence date.",4084,"nyc_shootings",100,"development","train"
"2017-03-08",4085,2017,5,"development",365,"Distinct incident_key per occurrence date.",4085,"nyc_shootings",100,"development","train"
"2017-03-09",4086,2017,2,"development",365,"Distinct incident_key per occurrence date.",4086,"nyc_shootings",100,"development","train"
"2017-03-10",4087,2017,1,"development",365,"Distinct incident_key per occurrence date.",4087,"nyc_shootings",100,"development","train"
"2017-03-11",4088,2017,1,"development",365,"Distinct incident_key per occurrence date.",4088,"nyc_shootings",100,"development","train"
"2017-03-12",4089,2017,2,"development",365,"Distinct incident_key per occurrence date.",4089,"nyc_shootings",100,"development","train"
"2017-03-13",4090,2017,1,"development",365,"Distinct incident_key per occurrence date.",4090,"nyc_shootings",100,"development","train"
"2017-03-14",4091,2017,2,"development",365,"Distinct incident_key per occurrence date.",4091,"nyc_shootings",100,"development","train"
"2017-03-15",4092,2017,2,"development",365,"Distinct incident_key per occurrence date.",4092,"nyc_shootings",100,"development","train"
"2017-03-16",4093,2017,1,"development",365,"Distinct incident_key per occurrence date.",4093,"nyc_shootings",100,"development","train"
"2017-03-17",4094,2017,2,"development",365,"Distinct incident_key per occurrence date.",4094,"nyc_shootings",100,"development","train"
"2017-03-18",4095,2017,2,"development",365,"Distinct incident_key per occurrence date.",4095,"nyc_shootings",100,"development","train"
"2017-03-19",4096,2017,1,"development",365,"Distinct incident_key per occurrence date.",4096,"nyc_shootings",100,"development","train"
"2017-03-20",4097,2017,1,"development",365,"Distinct incident_key per occurrence date.",4097,"nyc_shootings",100,"development","train"
"2017-03-21",4098,2017,3,"development",365,"Distinct incident_key per occurrence date.",4098,"nyc_shootings",100,"development","train"
"2017-03-22",4099,2017,2,"development",365,"Distinct incident_key per occurrence date.",4099,"nyc_shootings",100,"development","train"
"2017-03-23",4100,2017,0,"development",365,"Distinct incident_key per occurrence date.",4100,"nyc_shootings",100,"development","train"
"2017-03-24",4101,2017,2,"development",365,"Distinct incident_key per occurrence date.",4101,"nyc_shootings",100,"development","train"
"2017-03-25",4102,2017,2,"development",365,"Distinct incident_key per occurrence date.",4102,"nyc_shootings",100,"development","train"
"2017-03-26",4103,2017,2,"development",365,"Distinct incident_key per occurrence date.",4103,"nyc_shootings",100,"development","train"
"2017-03-27",4104,2017,1,"development",365,"Distinct incident_key per occurrence date.",4104,"nyc_shootings",100,"development","train"
"2017-03-28",4105,2017,2,"development",365,"Distinct incident_key per occurrence date.",4105,"nyc_shootings",100,"development","train"
"2017-03-29",4106,2017,2,"development",365,"Distinct incident_key per occurrence date.",4106,"nyc_shootings",100,"development","train"
"2017-03-30",4107,2017,0,"development",365,"Distinct incident_key per occurrence date.",4107,"nyc_shootings",100,"development","train"
"2017-03-31",4108,2017,1,"development",365,"Distinct incident_key per occurrence date.",4108,"nyc_shootings",100,"development","train"
"2017-04-01",4109,2017,2,"development",365,"Distinct incident_key per occurrence date.",4109,"nyc_shootings",100,"development","train"
"2017-04-02",4110,2017,1,"development",365,"Distinct incident_key per occurrence date.",4110,"nyc_shootings",100,"development","train"
"2017-04-03",4111,2017,3,"development",365,"Distinct incident_key per occurrence date.",4111,"nyc_shootings",100,"development","train"
"2017-04-04",4112,2017,4,"development",365,"Distinct incident_key per occurrence date.",4112,"nyc_shootings",100,"development","train"
"2017-04-05",4113,2017,0,"development",365,"Distinct incident_key per occurrence date.",4113,"nyc_shootings",100,"development","train"
"2017-04-06",4114,2017,1,"development",365,"Distinct incident_key per occurrence date.",4114,"nyc_shootings",100,"development","train"
"2017-04-07",4115,2017,0,"development",365,"Distinct incident_key per occurrence date.",4115,"nyc_shootings",100,"development","train"
"2017-04-08",4116,2017,3,"development",365,"Distinct incident_key per occurrence date.",4116,"nyc_shootings",100,"development","train"
"2017-04-09",4117,2017,4,"development",365,"Distinct incident_key per occurrence date.",4117,"nyc_shootings",100,"development","train"
"2017-04-10",4118,2017,4,"development",365,"Distinct incident_key per occurrence date.",4118,"nyc_shootings",100,"development","train"
"2017-04-11",4119,2017,4,"development",365,"Distinct incident_key per occurrence date.",4119,"nyc_shootings",100,"development","train"
"2017-04-12",4120,2017,0,"development",365,"Distinct incident_key per occurrence date.",4120,"nyc_shootings",100,"development","train"
"2017-04-13",4121,2017,1,"development",365,"Distinct incident_key per occurrence date.",4121,"nyc_shootings",100,"development","train"
"2017-04-14",4122,2017,1,"development",365,"Distinct incident_key per occurrence date.",4122,"nyc_shootings",100,"development","train"
"2017-04-15",4123,2017,3,"development",365,"Distinct incident_key per occurrence date.",4123,"nyc_shootings",100,"development","train"
"2017-04-16",4124,2017,7,"development",365,"Distinct incident_key per occurrence date.",4124,"nyc_shootings",100,"development","train"
"2017-04-17",4125,2017,3,"development",365,"Distinct incident_key per occurrence date.",4125,"nyc_shootings",100,"development","train"
"2017-04-18",4126,2017,3,"development",365,"Distinct incident_key per occurrence date.",4126,"nyc_shootings",100,"development","train"
"2017-04-19",4127,2017,0,"development",365,"Distinct incident_key per occurrence date.",4127,"nyc_shootings",100,"development","train"
"2017-04-20",4128,2017,2,"development",365,"Distinct incident_key per occurrence date.",4128,"nyc_shootings",100,"development","train"
"2017-04-21",4129,2017,0,"development",365,"Distinct incident_key per occurrence date.",4129,"nyc_shootings",100,"development","train"
"2017-04-22",4130,2017,3,"development",365,"Distinct incident_key per occurrence date.",4130,"nyc_shootings",100,"development","train"
"2017-04-23",4131,2017,0,"development",365,"Distinct incident_key per occurrence date.",4131,"nyc_shootings",100,"development","train"
"2017-04-24",4132,2017,4,"development",365,"Distinct incident_key per occurrence date.",4132,"nyc_shootings",100,"development","train"
"2017-04-25",4133,2017,0,"development",365,"Distinct incident_key per occurrence date.",4133,"nyc_shootings",100,"development","train"
"2017-04-26",4134,2017,0,"development",365,"Distinct incident_key per occurrence date.",4134,"nyc_shootings",100,"development","train"
"2017-04-27",4135,2017,4,"development",365,"Distinct incident_key per occurrence date.",4135,"nyc_shootings",100,"development","train"
"2017-04-28",4136,2017,6,"development",365,"Distinct incident_key per occurrence date.",4136,"nyc_shootings",100,"development","train"
"2017-04-29",4137,2017,3,"development",365,"Distinct incident_key per occurrence date.",4137,"nyc_shootings",100,"development","train"
"2017-04-30",4138,2017,2,"development",365,"Distinct incident_key per occurrence date.",4138,"nyc_shootings",100,"development","train"
"2017-05-01",4139,2017,4,"development",365,"Distinct incident_key per occurrence date.",4139,"nyc_shootings",100,"development","train"
"2017-05-02",4140,2017,2,"development",365,"Distinct incident_key per occurrence date.",4140,"nyc_shootings",100,"development","train"
"2017-05-03",4141,2017,2,"development",365,"Distinct incident_key per occurrence date.",4141,"nyc_shootings",100,"development","train"
"2017-05-04",4142,2017,0,"development",365,"Distinct incident_key per occurrence date.",4142,"nyc_shootings",100,"development","train"
"2017-05-05",4143,2017,0,"development",365,"Distinct incident_key per occurrence date.",4143,"nyc_shootings",100,"development","train"
"2017-05-06",4144,2017,1,"development",365,"Distinct incident_key per occurrence date.",4144,"nyc_shootings",100,"development","train"
"2017-05-07",4145,2017,2,"development",365,"Distinct incident_key per occurrence date.",4145,"nyc_shootings",100,"development","train"
"2017-05-08",4146,2017,2,"development",365,"Distinct incident_key per occurrence date.",4146,"nyc_shootings",100,"development","train"
"2017-05-09",4147,2017,1,"development",365,"Distinct incident_key per occurrence date.",4147,"nyc_shootings",100,"development","train"
"2017-05-10",4148,2017,2,"development",365,"Distinct incident_key per occurrence date.",4148,"nyc_shootings",100,"development","train"
"2017-05-11",4149,2017,1,"development",365,"Distinct incident_key per occurrence date.",4149,"nyc_shootings",100,"development","train"
"2017-05-12",4150,2017,1,"development",365,"Distinct incident_key per occurrence date.",4150,"nyc_shootings",100,"development","train"
"2017-05-13",4151,2017,1,"development",365,"Distinct incident_key per occurrence date.",4151,"nyc_shootings",100,"development","train"
"2017-05-14",4152,2017,5,"development",365,"Distinct incident_key per occurrence date.",4152,"nyc_shootings",100,"development","train"
"2017-05-15",4153,2017,2,"development",365,"Distinct incident_key per occurrence date.",4153,"nyc_shootings",100,"development","train"
"2017-05-16",4154,2017,1,"development",365,"Distinct incident_key per occurrence date.",4154,"nyc_shootings",100,"development","train"
"2017-05-17",4155,2017,0,"development",365,"Distinct incident_key per occurrence date.",4155,"nyc_shootings",100,"development","train"
"2017-05-18",4156,2017,2,"development",365,"Distinct incident_key per occurrence date.",4156,"nyc_shootings",100,"development","train"
"2017-05-19",4157,2017,3,"development",365,"Distinct incident_key per occurrence date.",4157,"nyc_shootings",100,"development","train"
"2017-05-20",4158,2017,2,"development",365,"Distinct incident_key per occurrence date.",4158,"nyc_shootings",100,"development","train"
"2017-05-21",4159,2017,2,"development",365,"Distinct incident_key per occurrence date.",4159,"nyc_shootings",100,"development","train"
"2017-05-22",4160,2017,1,"development",365,"Distinct incident_key per occurrence date.",4160,"nyc_shootings",100,"development","train"
"2017-05-23",4161,2017,1,"development",365,"Distinct incident_key per occurrence date.",4161,"nyc_shootings",100,"development","train"
"2017-05-24",4162,2017,3,"development",365,"Distinct incident_key per occurrence date.",4162,"nyc_shootings",100,"development","train"
"2017-05-25",4163,2017,2,"development",365,"Distinct incident_key per occurrence date.",4163,"nyc_shootings",100,"development","train"
"2017-05-26",4164,2017,4,"development",365,"Distinct incident_key per occurrence date.",4164,"nyc_shootings",100,"development","train"
"2017-05-27",4165,2017,10,"development",365,"Distinct incident_key per occurrence date.",4165,"nyc_shootings",100,"development","train"
"2017-05-28",4166,2017,3,"development",365,"Distinct incident_key per occurrence date.",4166,"nyc_shootings",100,"development","train"
"2017-05-29",4167,2017,1,"development",365,"Distinct incident_key per occurrence date.",4167,"nyc_shootings",100,"development","train"
"2017-05-30",4168,2017,1,"development",365,"Distinct incident_key per occurrence date.",4168,"nyc_shootings",100,"development","train"
"2017-05-31",4169,2017,5,"development",365,"Distinct incident_key per occurrence date.",4169,"nyc_shootings",100,"development","train"
"2017-06-01",4170,2017,3,"development",365,"Distinct incident_key per occurrence date.",4170,"nyc_shootings",100,"development","train"
"2017-06-02",4171,2017,2,"development",365,"Distinct incident_key per occurrence date.",4171,"nyc_shootings",100,"development","train"
"2017-06-03",4172,2017,4,"development",365,"Distinct incident_key per occurrence date.",4172,"nyc_shootings",100,"development","train"
"2017-06-04",4173,2017,3,"development",365,"Distinct incident_key per occurrence date.",4173,"nyc_shootings",100,"development","train"
"2017-06-05",4174,2017,1,"development",365,"Distinct incident_key per occurrence date.",4174,"nyc_shootings",100,"development","train"
"2017-06-06",4175,2017,1,"development",365,"Distinct incident_key per occurrence date.",4175,"nyc_shootings",100,"development","train"
"2017-06-07",4176,2017,2,"development",365,"Distinct incident_key per occurrence date.",4176,"nyc_shootings",100,"development","train"
"2017-06-08",4177,2017,2,"development",365,"Distinct incident_key per occurrence date.",4177,"nyc_shootings",100,"development","train"
"2017-06-09",4178,2017,4,"development",365,"Distinct incident_key per occurrence date.",4178,"nyc_shootings",100,"development","train"
"2017-06-10",4179,2017,2,"development",365,"Distinct incident_key per occurrence date.",4179,"nyc_shootings",100,"development","train"
"2017-06-11",4180,2017,7,"development",365,"Distinct incident_key per occurrence date.",4180,"nyc_shootings",100,"development","train"
"2017-06-12",4181,2017,0,"development",365,"Distinct incident_key per occurrence date.",4181,"nyc_shootings",100,"development","train"
"2017-06-13",4182,2017,2,"development",365,"Distinct incident_key per occurrence date.",4182,"nyc_shootings",100,"development","train"
"2017-06-14",4183,2017,2,"development",365,"Distinct incident_key per occurrence date.",4183,"nyc_shootings",100,"development","train"
"2017-06-15",4184,2017,0,"development",365,"Distinct incident_key per occurrence date.",4184,"nyc_shootings",100,"development","train"
"2017-06-16",4185,2017,4,"development",365,"Distinct incident_key per occurrence date.",4185,"nyc_shootings",100,"development","train"
"2017-06-17",4186,2017,5,"development",365,"Distinct incident_key per occurrence date.",4186,"nyc_shootings",100,"development","train"
"2017-06-18",4187,2017,2,"development",365,"Distinct incident_key per occurrence date.",4187,"nyc_shootings",100,"development","train"
"2017-06-19",4188,2017,2,"development",365,"Distinct incident_key per occurrence date.",4188,"nyc_shootings",100,"development","train"
"2017-06-20",4189,2017,2,"development",365,"Distinct incident_key per occurrence date.",4189,"nyc_shootings",100,"development","train"
"2017-06-21",4190,2017,4,"development",365,"Distinct incident_key per occurrence date.",4190,"nyc_shootings",100,"development","train"
"2017-06-22",4191,2017,2,"development",365,"Distinct incident_key per occurrence date.",4191,"nyc_shootings",100,"development","train"
"2017-06-23",4192,2017,2,"development",365,"Distinct incident_key per occurrence date.",4192,"nyc_shootings",100,"development","train"
"2017-06-24",4193,2017,8,"development",365,"Distinct incident_key per occurrence date.",4193,"nyc_shootings",100,"development","train"
"2017-06-25",4194,2017,4,"development",365,"Distinct incident_key per occurrence date.",4194,"nyc_shootings",100,"development","train"
"2017-06-26",4195,2017,0,"development",365,"Distinct incident_key per occurrence date.",4195,"nyc_shootings",100,"development","train"
"2017-06-27",4196,2017,0,"development",365,"Distinct incident_key per occurrence date.",4196,"nyc_shootings",100,"development","train"
"2017-06-28",4197,2017,1,"development",365,"Distinct incident_key per occurrence date.",4197,"nyc_shootings",100,"development","train"
"2017-06-29",4198,2017,2,"development",365,"Distinct incident_key per occurrence date.",4198,"nyc_shootings",100,"development","train"
"2017-06-30",4199,2017,6,"development",365,"Distinct incident_key per occurrence date.",4199,"nyc_shootings",100,"development","train"
"2017-07-01",4200,2017,5,"development",365,"Distinct incident_key per occurrence date.",4200,"nyc_shootings",100,"development","train"
"2017-07-02",4201,2017,4,"development",365,"Distinct incident_key per occurrence date.",4201,"nyc_shootings",100,"development","train"
"2017-07-03",4202,2017,4,"development",365,"Distinct incident_key per occurrence date.",4202,"nyc_shootings",100,"development","train"
"2017-07-04",4203,2017,2,"development",365,"Distinct incident_key per occurrence date.",4203,"nyc_shootings",100,"development","train"
"2017-07-05",4204,2017,5,"development",365,"Distinct incident_key per occurrence date.",4204,"nyc_shootings",100,"development","train"
"2017-07-06",4205,2017,0,"development",365,"Distinct incident_key per occurrence date.",4205,"nyc_shootings",100,"development","train"
"2017-07-07",4206,2017,4,"development",365,"Distinct incident_key per occurrence date.",4206,"nyc_shootings",100,"development","train"
"2017-07-08",4207,2017,0,"development",365,"Distinct incident_key per occurrence date.",4207,"nyc_shootings",100,"development","train"
"2017-07-09",4208,2017,5,"development",365,"Distinct incident_key per occurrence date.",4208,"nyc_shootings",100,"development","train"
"2017-07-10",4209,2017,1,"development",365,"Distinct incident_key per occurrence date.",4209,"nyc_shootings",100,"development","train"
"2017-07-11",4210,2017,2,"development",365,"Distinct incident_key per occurrence date.",4210,"nyc_shootings",100,"development","train"
"2017-07-12",4211,2017,2,"development",365,"Distinct incident_key per occurrence date.",4211,"nyc_shootings",100,"development","train"
"2017-07-13",4212,2017,3,"development",365,"Distinct incident_key per occurrence date.",4212,"nyc_shootings",100,"development","train"
"2017-07-14",4213,2017,4,"development",365,"Distinct incident_key per occurrence date.",4213,"nyc_shootings",100,"development","train"
"2017-07-15",4214,2017,1,"development",365,"Distinct incident_key per occurrence date.",4214,"nyc_shootings",100,"development","train"
"2017-07-16",4215,2017,1,"development",365,"Distinct incident_key per occurrence date.",4215,"nyc_shootings",100,"development","train"
"2017-07-17",4216,2017,2,"development",365,"Distinct incident_key per occurrence date.",4216,"nyc_shootings",100,"development","train"
"2017-07-18",4217,2017,1,"development",365,"Distinct incident_key per occurrence date.",4217,"nyc_shootings",100,"development","train"
"2017-07-19",4218,2017,3,"development",365,"Distinct incident_key per occurrence date.",4218,"nyc_shootings",100,"development","train"
"2017-07-20",4219,2017,2,"development",365,"Distinct incident_key per occurrence date.",4219,"nyc_shootings",100,"development","train"
"2017-07-21",4220,2017,4,"development",365,"Distinct incident_key per occurrence date.",4220,"nyc_shootings",100,"development","train"
"2017-07-22",4221,2017,2,"development",365,"Distinct incident_key per occurrence date.",4221,"nyc_shootings",100,"development","train"
"2017-07-23",4222,2017,7,"development",365,"Distinct incident_key per occurrence date.",4222,"nyc_shootings",100,"development","train"
"2017-07-24",4223,2017,1,"development",365,"Distinct incident_key per occurrence date.",4223,"nyc_shootings",100,"development","train"
"2017-07-25",4224,2017,3,"development",365,"Distinct incident_key per occurrence date.",4224,"nyc_shootings",100,"development","train"
"2017-07-26",4225,2017,1,"development",365,"Distinct incident_key per occurrence date.",4225,"nyc_shootings",100,"development","train"
"2017-07-27",4226,2017,2,"development",365,"Distinct incident_key per occurrence date.",4226,"nyc_shootings",100,"development","train"
"2017-07-28",4227,2017,2,"development",365,"Distinct incident_key per occurrence date.",4227,"nyc_shootings",100,"development","train"
"2017-07-29",4228,2017,2,"development",365,"Distinct incident_key per occurrence date.",4228,"nyc_shootings",100,"development","train"
"2017-07-30",4229,2017,2,"development",365,"Distinct incident_key per occurrence date.",4229,"nyc_shootings",100,"development","train"
"2017-07-31",4230,2017,2,"development",365,"Distinct incident_key per occurrence date.",4230,"nyc_shootings",100,"development","train"
"2017-08-01",4231,2017,1,"development",365,"Distinct incident_key per occurrence date.",4231,"nyc_shootings",100,"development","train"
"2017-08-02",4232,2017,1,"development",365,"Distinct incident_key per occurrence date.",4232,"nyc_shootings",100,"development","train"
"2017-08-03",4233,2017,3,"development",365,"Distinct incident_key per occurrence date.",4233,"nyc_shootings",100,"development","train"
"2017-08-04",4234,2017,5,"development",365,"Distinct incident_key per occurrence date.",4234,"nyc_shootings",100,"development","train"
"2017-08-05",4235,2017,2,"development",365,"Distinct incident_key per occurrence date.",4235,"nyc_shootings",100,"development","train"
"2017-08-06",4236,2017,4,"development",365,"Distinct incident_key per occurrence date.",4236,"nyc_shootings",100,"development","train"
"2017-08-07",4237,2017,2,"development",365,"Distinct incident_key per occurrence date.",4237,"nyc_shootings",100,"development","train"
"2017-08-08",4238,2017,2,"development",365,"Distinct incident_key per occurrence date.",4238,"nyc_shootings",100,"development","train"
"2017-08-09",4239,2017,3,"development",365,"Distinct incident_key per occurrence date.",4239,"nyc_shootings",100,"development","train"
"2017-08-10",4240,2017,3,"development",365,"Distinct incident_key per occurrence date.",4240,"nyc_shootings",100,"development","train"
"2017-08-11",4241,2017,0,"development",365,"Distinct incident_key per occurrence date.",4241,"nyc_shootings",100,"development","train"
"2017-08-12",4242,2017,1,"development",365,"Distinct incident_key per occurrence date.",4242,"nyc_shootings",100,"development","train"
"2017-08-13",4243,2017,2,"development",365,"Distinct incident_key per occurrence date.",4243,"nyc_shootings",100,"development","train"
"2017-08-14",4244,2017,4,"development",365,"Distinct incident_key per occurrence date.",4244,"nyc_shootings",100,"development","train"
"2017-08-15",4245,2017,4,"development",365,"Distinct incident_key per occurrence date.",4245,"nyc_shootings",100,"development","train"
"2017-08-16",4246,2017,0,"development",365,"Distinct incident_key per occurrence date.",4246,"nyc_shootings",100,"development","train"
"2017-08-17",4247,2017,2,"development",365,"Distinct incident_key per occurrence date.",4247,"nyc_shootings",100,"development","train"
"2017-08-18",4248,2017,7,"development",365,"Distinct incident_key per occurrence date.",4248,"nyc_shootings",100,"development","train"
"2017-08-19",4249,2017,3,"development",365,"Distinct incident_key per occurrence date.",4249,"nyc_shootings",100,"development","train"
"2017-08-20",4250,2017,10,"development",365,"Distinct incident_key per occurrence date.",4250,"nyc_shootings",100,"development","train"
"2017-08-21",4251,2017,4,"development",365,"Distinct incident_key per occurrence date.",4251,"nyc_shootings",100,"development","train"
"2017-08-22",4252,2017,3,"development",365,"Distinct incident_key per occurrence date.",4252,"nyc_shootings",100,"development","train"
"2017-08-23",4253,2017,0,"development",365,"Distinct incident_key per occurrence date.",4253,"nyc_shootings",100,"development","train"
"2017-08-24",4254,2017,2,"development",365,"Distinct incident_key per occurrence date.",4254,"nyc_shootings",100,"development","train"
"2017-08-25",4255,2017,2,"development",365,"Distinct incident_key per occurrence date.",4255,"nyc_shootings",100,"development","train"
"2017-08-26",4256,2017,2,"development",365,"Distinct incident_key per occurrence date.",4256,"nyc_shootings",100,"development","train"
"2017-08-27",4257,2017,4,"development",365,"Distinct incident_key per occurrence date.",4257,"nyc_shootings",100,"development","train"
"2017-08-28",4258,2017,1,"development",365,"Distinct incident_key per occurrence date.",4258,"nyc_shootings",100,"development","train"
"2017-08-29",4259,2017,2,"development",365,"Distinct incident_key per occurrence date.",4259,"nyc_shootings",100,"development","train"
"2017-08-30",4260,2017,4,"development",365,"Distinct incident_key per occurrence date.",4260,"nyc_shootings",100,"development","train"
"2017-08-31",4261,2017,0,"development",365,"Distinct incident_key per occurrence date.",4261,"nyc_shootings",100,"development","train"
"2017-09-01",4262,2017,1,"development",365,"Distinct incident_key per occurrence date.",4262,"nyc_shootings",100,"development","train"
"2017-09-02",4263,2017,1,"development",365,"Distinct incident_key per occurrence date.",4263,"nyc_shootings",100,"development","train"
"2017-09-03",4264,2017,5,"development",365,"Distinct incident_key per occurrence date.",4264,"nyc_shootings",100,"development","train"
"2017-09-04",4265,2017,6,"development",365,"Distinct incident_key per occurrence date.",4265,"nyc_shootings",100,"development","train"
"2017-09-05",4266,2017,7,"development",365,"Distinct incident_key per occurrence date.",4266,"nyc_shootings",100,"development","train"
"2017-09-06",4267,2017,1,"development",365,"Distinct incident_key per occurrence date.",4267,"nyc_shootings",100,"development","train"
"2017-09-07",4268,2017,3,"development",365,"Distinct incident_key per occurrence date.",4268,"nyc_shootings",100,"development","train"
"2017-09-08",4269,2017,1,"development",365,"Distinct incident_key per occurrence date.",4269,"nyc_shootings",100,"development","train"
"2017-09-09",4270,2017,5,"development",365,"Distinct incident_key per occurrence date.",4270,"nyc_shootings",100,"development","train"
"2017-09-10",4271,2017,4,"development",365,"Distinct incident_key per occurrence date.",4271,"nyc_shootings",100,"development","train"
"2017-09-11",4272,2017,3,"development",365,"Distinct incident_key per occurrence date.",4272,"nyc_shootings",100,"development","train"
"2017-09-12",4273,2017,0,"development",365,"Distinct incident_key per occurrence date.",4273,"nyc_shootings",100,"development","train"
"2017-09-13",4274,2017,2,"development",365,"Distinct incident_key per occurrence date.",4274,"nyc_shootings",100,"development","train"
"2017-09-14",4275,2017,1,"development",365,"Distinct incident_key per occurrence date.",4275,"nyc_shootings",100,"development","train"
"2017-09-15",4276,2017,1,"development",365,"Distinct incident_key per occurrence date.",4276,"nyc_shootings",100,"development","train"
"2017-09-16",4277,2017,5,"development",365,"Distinct incident_key per occurrence date.",4277,"nyc_shootings",100,"development","train"
"2017-09-17",4278,2017,6,"development",365,"Distinct incident_key per occurrence date.",4278,"nyc_shootings",100,"development","train"
"2017-09-18",4279,2017,0,"development",365,"Distinct incident_key per occurrence date.",4279,"nyc_shootings",100,"development","train"
"2017-09-19",4280,2017,0,"development",365,"Distinct incident_key per occurrence date.",4280,"nyc_shootings",100,"development","train"
"2017-09-20",4281,2017,2,"development",365,"Distinct incident_key per occurrence date.",4281,"nyc_shootings",100,"development","train"
"2017-09-21",4282,2017,2,"development",365,"Distinct incident_key per occurrence date.",4282,"nyc_shootings",100,"development","train"
"2017-09-22",4283,2017,2,"development",365,"Distinct incident_key per occurrence date.",4283,"nyc_shootings",100,"development","train"
"2017-09-23",4284,2017,1,"development",365,"Distinct incident_key per occurrence date.",4284,"nyc_shootings",100,"development","train"
"2017-09-24",4285,2017,3,"development",365,"Distinct incident_key per occurrence date.",4285,"nyc_shootings",100,"development","train"
"2017-09-25",4286,2017,4,"development",365,"Distinct incident_key per occurrence date.",4286,"nyc_shootings",100,"development","train"
"2017-09-26",4287,2017,5,"development",365,"Distinct incident_key per occurrence date.",4287,"nyc_shootings",100,"development","train"
"2017-09-27",4288,2017,1,"development",365,"Distinct incident_key per occurrence date.",4288,"nyc_shootings",100,"development","train"
"2017-09-28",4289,2017,1,"development",365,"Distinct incident_key per occurrence date.",4289,"nyc_shootings",100,"development","train"
"2017-09-29",4290,2017,5,"development",365,"Distinct incident_key per occurrence date.",4290,"nyc_shootings",100,"development","train"
"2017-09-30",4291,2017,1,"development",365,"Distinct incident_key per occurrence date.",4291,"nyc_shootings",100,"development","train"
"2017-10-01",4292,2017,2,"development",365,"Distinct incident_key per occurrence date.",4292,"nyc_shootings",100,"development","train"
"2017-10-02",4293,2017,0,"development",365,"Distinct incident_key per occurrence date.",4293,"nyc_shootings",100,"development","train"
"2017-10-03",4294,2017,1,"development",365,"Distinct incident_key per occurrence date.",4294,"nyc_shootings",100,"development","train"
"2017-10-04",4295,2017,2,"development",365,"Distinct incident_key per occurrence date.",4295,"nyc_shootings",100,"development","train"
"2017-10-05",4296,2017,3,"development",365,"Distinct incident_key per occurrence date.",4296,"nyc_shootings",100,"development","train"
"2017-10-06",4297,2017,2,"development",365,"Distinct incident_key per occurrence date.",4297,"nyc_shootings",100,"development","train"
"2017-10-07",4298,2017,1,"development",365,"Distinct incident_key per occurrence date.",4298,"nyc_shootings",100,"development","train"
"2017-10-08",4299,2017,1,"development",365,"Distinct incident_key per occurrence date.",4299,"nyc_shootings",100,"development","train"
"2017-10-09",4300,2017,2,"development",365,"Distinct incident_key per occurrence date.",4300,"nyc_shootings",100,"development","train"
"2017-10-10",4301,2017,6,"development",365,"Distinct incident_key per occurrence date.",4301,"nyc_shootings",100,"development","train"
"2017-10-11",4302,2017,1,"development",365,"Distinct incident_key per occurrence date.",4302,"nyc_shootings",100,"development","train"
"2017-10-12",4303,2017,5,"development",365,"Distinct incident_key per occurrence date.",4303,"nyc_shootings",100,"development","train"
"2017-10-13",4304,2017,3,"development",365,"Distinct incident_key per occurrence date.",4304,"nyc_shootings",100,"development","train"
"2017-10-14",4305,2017,2,"development",365,"Distinct incident_key per occurrence date.",4305,"nyc_shootings",100,"development","train"
"2017-10-15",4306,2017,6,"development",365,"Distinct incident_key per occurrence date.",4306,"nyc_shootings",100,"development","train"
"2017-10-16",4307,2017,1,"development",365,"Distinct incident_key per occurrence date.",4307,"nyc_shootings",100,"development","train"
"2017-10-17",4308,2017,2,"development",365,"Distinct incident_key per occurrence date.",4308,"nyc_shootings",100,"development","train"
"2017-10-18",4309,2017,2,"development",365,"Distinct incident_key per occurrence date.",4309,"nyc_shootings",100,"development","train"
"2017-10-19",4310,2017,3,"development",365,"Distinct incident_key per occurrence date.",4310,"nyc_shootings",100,"development","train"
"2017-10-20",4311,2017,4,"development",365,"Distinct incident_key per occurrence date.",4311,"nyc_shootings",100,"development","train"
"2017-10-21",4312,2017,2,"development",365,"Distinct incident_key per occurrence date.",4312,"nyc_shootings",100,"development","train"
"2017-10-22",4313,2017,1,"development",365,"Distinct incident_key per occurrence date.",4313,"nyc_shootings",100,"development","train"
"2017-10-23",4314,2017,4,"development",365,"Distinct incident_key per occurrence date.",4314,"nyc_shootings",100,"development","train"
"2017-10-24",4315,2017,2,"development",365,"Distinct incident_key per occurrence date.",4315,"nyc_shootings",100,"development","train"
"2017-10-25",4316,2017,5,"development",365,"Distinct incident_key per occurrence date.",4316,"nyc_shootings",100,"development","train"
"2017-10-26",4317,2017,0,"development",365,"Distinct incident_key per occurrence date.",4317,"nyc_shootings",100,"development","train"
"2017-10-27",4318,2017,3,"development",365,"Distinct incident_key per occurrence date.",4318,"nyc_shootings",100,"development","train"
"2017-10-28",4319,2017,2,"development",365,"Distinct incident_key per occurrence date.",4319,"nyc_shootings",100,"development","train"
"2017-10-29",4320,2017,3,"development",365,"Distinct incident_key per occurrence date.",4320,"nyc_shootings",100,"development","train"
"2017-10-30",4321,2017,0,"development",365,"Distinct incident_key per occurrence date.",4321,"nyc_shootings",100,"development","train"
"2017-10-31",4322,2017,2,"development",365,"Distinct incident_key per occurrence date.",4322,"nyc_shootings",100,"development","train"
"2017-11-01",4323,2017,2,"development",365,"Distinct incident_key per occurrence date.",4323,"nyc_shootings",100,"development","train"
"2017-11-02",4324,2017,0,"development",365,"Distinct incident_key per occurrence date.",4324,"nyc_shootings",100,"development","train"
"2017-11-03",4325,2017,5,"development",365,"Distinct incident_key per occurrence date.",4325,"nyc_shootings",100,"development","train"
"2017-11-04",4326,2017,4,"development",365,"Distinct incident_key per occurrence date.",4326,"nyc_shootings",100,"development","train"
"2017-11-05",4327,2017,1,"development",365,"Distinct incident_key per occurrence date.",4327,"nyc_shootings",100,"development","train"
"2017-11-06",4328,2017,1,"development",365,"Distinct incident_key per occurrence date.",4328,"nyc_shootings",100,"development","train"
"2017-11-07",4329,2017,2,"development",365,"Distinct incident_key per occurrence date.",4329,"nyc_shootings",100,"development","train"
"2017-11-08",4330,2017,1,"development",365,"Distinct incident_key per occurrence date.",4330,"nyc_shootings",100,"development","train"
"2017-11-09",4331,2017,0,"development",365,"Distinct incident_key per occurrence date.",4331,"nyc_shootings",100,"development","train"
"2017-11-10",4332,2017,0,"development",365,"Distinct incident_key per occurrence date.",4332,"nyc_shootings",100,"development","train"
"2017-11-11",4333,2017,5,"development",365,"Distinct incident_key per occurrence date.",4333,"nyc_shootings",100,"development","train"
"2017-11-12",4334,2017,2,"development",365,"Distinct incident_key per occurrence date.",4334,"nyc_shootings",100,"development","train"
"2017-11-13",4335,2017,0,"development",365,"Distinct incident_key per occurrence date.",4335,"nyc_shootings",100,"development","train"
"2017-11-14",4336,2017,1,"development",365,"Distinct incident_key per occurrence date.",4336,"nyc_shootings",100,"development","train"
"2017-11-15",4337,2017,0,"development",365,"Distinct incident_key per occurrence date.",4337,"nyc_shootings",100,"development","train"
"2017-11-16",4338,2017,1,"development",365,"Distinct incident_key per occurrence date.",4338,"nyc_shootings",100,"development","train"
"2017-11-17",4339,2017,1,"development",365,"Distinct incident_key per occurrence date.",4339,"nyc_shootings",100,"development","train"
"2017-11-18",4340,2017,4,"development",365,"Distinct incident_key per occurrence date.",4340,"nyc_shootings",100,"development","train"
"2017-11-19",4341,2017,1,"development",365,"Distinct incident_key per occurrence date.",4341,"nyc_shootings",100,"development","train"
"2017-11-20",4342,2017,2,"development",365,"Distinct incident_key per occurrence date.",4342,"nyc_shootings",100,"development","train"
"2017-11-21",4343,2017,5,"development",365,"Distinct incident_key per occurrence date.",4343,"nyc_shootings",100,"development","train"
"2017-11-22",4344,2017,1,"development",365,"Distinct incident_key per occurrence date.",4344,"nyc_shootings",100,"development","train"
"2017-11-23",4345,2017,1,"development",365,"Distinct incident_key per occurrence date.",4345,"nyc_shootings",100,"development","train"
"2017-11-24",4346,2017,3,"development",365,"Distinct incident_key per occurrence date.",4346,"nyc_shootings",100,"development","train"
"2017-11-25",4347,2017,1,"development",365,"Distinct incident_key per occurrence date.",4347,"nyc_shootings",100,"development","train"
"2017-11-26",4348,2017,1,"development",365,"Distinct incident_key per occurrence date.",4348,"nyc_shootings",100,"development","train"
"2017-11-27",4349,2017,2,"development",365,"Distinct incident_key per occurrence date.",4349,"nyc_shootings",100,"development","train"
"2017-11-28",4350,2017,1,"development",365,"Distinct incident_key per occurrence date.",4350,"nyc_shootings",100,"development","train"
"2017-11-29",4351,2017,0,"development",365,"Distinct incident_key per occurrence date.",4351,"nyc_shootings",100,"development","train"
"2017-11-30",4352,2017,0,"development",365,"Distinct incident_key per occurrence date.",4352,"nyc_shootings",100,"development","train"
"2017-12-01",4353,2017,1,"development",365,"Distinct incident_key per occurrence date.",4353,"nyc_shootings",100,"development","train"
"2017-12-02",4354,2017,3,"development",365,"Distinct incident_key per occurrence date.",4354,"nyc_shootings",100,"development","train"
"2017-12-03",4355,2017,3,"development",365,"Distinct incident_key per occurrence date.",4355,"nyc_shootings",100,"development","train"
"2017-12-04",4356,2017,2,"development",365,"Distinct incident_key per occurrence date.",4356,"nyc_shootings",100,"development","train"
"2017-12-05",4357,2017,0,"development",365,"Distinct incident_key per occurrence date.",4357,"nyc_shootings",100,"development","train"
"2017-12-06",4358,2017,2,"development",365,"Distinct incident_key per occurrence date.",4358,"nyc_shootings",100,"development","train"
"2017-12-07",4359,2017,1,"development",365,"Distinct incident_key per occurrence date.",4359,"nyc_shootings",100,"development","train"
"2017-12-08",4360,2017,3,"development",365,"Distinct incident_key per occurrence date.",4360,"nyc_shootings",100,"development","train"
"2017-12-09",4361,2017,2,"development",365,"Distinct incident_key per occurrence date.",4361,"nyc_shootings",100,"development","train"
"2017-12-10",4362,2017,2,"development",365,"Distinct incident_key per occurrence date.",4362,"nyc_shootings",100,"development","train"
"2017-12-11",4363,2017,1,"development",365,"Distinct incident_key per occurrence date.",4363,"nyc_shootings",100,"development","train"
"2017-12-12",4364,2017,1,"development",365,"Distinct incident_key per occurrence date.",4364,"nyc_shootings",100,"development","train"
"2017-12-13",4365,2017,3,"development",365,"Distinct incident_key per occurrence date.",4365,"nyc_shootings",100,"development","train"
"2017-12-14",4366,2017,1,"development",365,"Distinct incident_key per occurrence date.",4366,"nyc_shootings",100,"development","train"
"2017-12-15",4367,2017,3,"development",365,"Distinct incident_key per occurrence date.",4367,"nyc_shootings",100,"development","train"
"2017-12-16",4368,2017,3,"development",365,"Distinct incident_key per occurrence date.",4368,"nyc_shootings",100,"development","train"
"2017-12-17",4369,2017,2,"development",365,"Distinct incident_key per occurrence date.",4369,"nyc_shootings",100,"development","train"
"2017-12-18",4370,2017,3,"development",365,"Distinct incident_key per occurrence date.",4370,"nyc_shootings",100,"development","train"
"2017-12-19",4371,2017,3,"development",365,"Distinct incident_key per occurrence date.",4371,"nyc_shootings",100,"development","train"
"2017-12-20",4372,2017,1,"development",365,"Distinct incident_key per occurrence date.",4372,"nyc_shootings",100,"development","train"
"2017-12-21",4373,2017,4,"development",365,"Distinct incident_key per occurrence date.",4373,"nyc_shootings",100,"development","train"
"2017-12-22",4374,2017,3,"development",365,"Distinct incident_key per occurrence date.",4374,"nyc_shootings",100,"development","train"
"2017-12-23",4375,2017,3,"development",365,"Distinct incident_key per occurrence date.",4375,"nyc_shootings",100,"development","train"
"2017-12-24",4376,2017,2,"development",365,"Distinct incident_key per occurrence date.",4376,"nyc_shootings",100,"development","train"
"2017-12-25",4377,2017,5,"development",365,"Distinct incident_key per occurrence date.",4377,"nyc_shootings",100,"development","train"
"2017-12-26",4378,2017,2,"development",365,"Distinct incident_key per occurrence date.",4378,"nyc_shootings",100,"development","train"
"2017-12-27",4379,2017,0,"development",365,"Distinct incident_key per occurrence date.",4379,"nyc_shootings",100,"development","train"
"2017-12-28",4380,2017,2,"development",365,"Distinct incident_key per occurrence date.",4380,"nyc_shootings",100,"development","train"
"2017-12-29",4381,2017,4,"development",365,"Distinct incident_key per occurrence date.",4381,"nyc_shootings",100,"development","train"
"2017-12-30",4382,2017,0,"development",365,"Distinct incident_key per occurrence date.",4382,"nyc_shootings",100,"development","train"
"2017-12-31",4383,2017,2,"development",365,"Distinct incident_key per occurrence date.",4383,"nyc_shootings",100,"development","train"
"2018-01-01",4384,2018,4,"development",365,"Distinct incident_key per occurrence date.",4384,"nyc_shootings",100,"development","train"
"2018-01-02",4385,2018,0,"development",365,"Distinct incident_key per occurrence date.",4385,"nyc_shootings",100,"development","train"
"2018-01-03",4386,2018,4,"development",365,"Distinct incident_key per occurrence date.",4386,"nyc_shootings",100,"development","train"
"2018-01-04",4387,2018,0,"development",365,"Distinct incident_key per occurrence date.",4387,"nyc_shootings",100,"development","train"
"2018-01-05",4388,2018,1,"development",365,"Distinct incident_key per occurrence date.",4388,"nyc_shootings",100,"development","train"
"2018-01-06",4389,2018,3,"development",365,"Distinct incident_key per occurrence date.",4389,"nyc_shootings",100,"development","train"
"2018-01-07",4390,2018,0,"development",365,"Distinct incident_key per occurrence date.",4390,"nyc_shootings",100,"development","train"
"2018-01-08",4391,2018,1,"development",365,"Distinct incident_key per occurrence date.",4391,"nyc_shootings",100,"development","train"
"2018-01-09",4392,2018,3,"development",365,"Distinct incident_key per occurrence date.",4392,"nyc_shootings",100,"development","train"
"2018-01-10",4393,2018,1,"development",365,"Distinct incident_key per occurrence date.",4393,"nyc_shootings",100,"development","train"
"2018-01-11",4394,2018,1,"development",365,"Distinct incident_key per occurrence date.",4394,"nyc_shootings",100,"development","train"
"2018-01-12",4395,2018,0,"development",365,"Distinct incident_key per occurrence date.",4395,"nyc_shootings",100,"development","train"
"2018-01-13",4396,2018,2,"development",365,"Distinct incident_key per occurrence date.",4396,"nyc_shootings",100,"development","train"
"2018-01-14",4397,2018,5,"development",365,"Distinct incident_key per occurrence date.",4397,"nyc_shootings",100,"development","train"
"2018-01-15",4398,2018,2,"development",365,"Distinct incident_key per occurrence date.",4398,"nyc_shootings",100,"development","train"
"2018-01-16",4399,2018,5,"development",365,"Distinct incident_key per occurrence date.",4399,"nyc_shootings",100,"development","train"
"2018-01-17",4400,2018,0,"development",365,"Distinct incident_key per occurrence date.",4400,"nyc_shootings",100,"development","train"
"2018-01-18",4401,2018,4,"development",365,"Distinct incident_key per occurrence date.",4401,"nyc_shootings",100,"development","train"
"2018-01-19",4402,2018,1,"development",365,"Distinct incident_key per occurrence date.",4402,"nyc_shootings",100,"development","train"
"2018-01-20",4403,2018,0,"development",365,"Distinct incident_key per occurrence date.",4403,"nyc_shootings",100,"development","train"
"2018-01-21",4404,2018,2,"development",365,"Distinct incident_key per occurrence date.",4404,"nyc_shootings",100,"development","train"
"2018-01-22",4405,2018,2,"development",365,"Distinct incident_key per occurrence date.",4405,"nyc_shootings",100,"development","train"
"2018-01-23",4406,2018,2,"development",365,"Distinct incident_key per occurrence date.",4406,"nyc_shootings",100,"development","train"
"2018-01-24",4407,2018,4,"development",365,"Distinct incident_key per occurrence date.",4407,"nyc_shootings",100,"development","train"
"2018-01-25",4408,2018,0,"development",365,"Distinct incident_key per occurrence date.",4408,"nyc_shootings",100,"development","train"
"2018-01-26",4409,2018,1,"development",365,"Distinct incident_key per occurrence date.",4409,"nyc_shootings",100,"development","train"
"2018-01-27",4410,2018,3,"development",365,"Distinct incident_key per occurrence date.",4410,"nyc_shootings",100,"development","train"
"2018-01-28",4411,2018,4,"development",365,"Distinct incident_key per occurrence date.",4411,"nyc_shootings",100,"development","train"
"2018-01-29",4412,2018,1,"development",365,"Distinct incident_key per occurrence date.",4412,"nyc_shootings",100,"development","train"
"2018-01-30",4413,2018,1,"development",365,"Distinct incident_key per occurrence date.",4413,"nyc_shootings",100,"development","train"
"2018-01-31",4414,2018,2,"development",365,"Distinct incident_key per occurrence date.",4414,"nyc_shootings",100,"development","train"
"2018-02-01",4415,2018,0,"development",365,"Distinct incident_key per occurrence date.",4415,"nyc_shootings",100,"development","train"
"2018-02-02",4416,2018,2,"development",365,"Distinct incident_key per occurrence date.",4416,"nyc_shootings",100,"development","train"
"2018-02-03",4417,2018,0,"development",365,"Distinct incident_key per occurrence date.",4417,"nyc_shootings",100,"development","train"
"2018-02-04",4418,2018,1,"development",365,"Distinct incident_key per occurrence date.",4418,"nyc_shootings",100,"development","train"
"2018-02-05",4419,2018,3,"development",365,"Distinct incident_key per occurrence date.",4419,"nyc_shootings",100,"development","train"
"2018-02-06",4420,2018,1,"development",365,"Distinct incident_key per occurrence date.",4420,"nyc_shootings",100,"development","train"
"2018-02-07",4421,2018,0,"development",365,"Distinct incident_key per occurrence date.",4421,"nyc_shootings",100,"development","train"
"2018-02-08",4422,2018,5,"development",365,"Distinct incident_key per occurrence date.",4422,"nyc_shootings",100,"development","train"
"2018-02-09",4423,2018,3,"development",365,"Distinct incident_key per occurrence date.",4423,"nyc_shootings",100,"development","train"
"2018-02-10",4424,2018,0,"development",365,"Distinct incident_key per occurrence date.",4424,"nyc_shootings",100,"development","train"
"2018-02-11",4425,2018,0,"development",365,"Distinct incident_key per occurrence date.",4425,"nyc_shootings",100,"development","train"
"2018-02-12",4426,2018,1,"development",365,"Distinct incident_key per occurrence date.",4426,"nyc_shootings",100,"development","train"
"2018-02-13",4427,2018,1,"development",365,"Distinct incident_key per occurrence date.",4427,"nyc_shootings",100,"development","train"
"2018-02-14",4428,2018,0,"development",365,"Distinct incident_key per occurrence date.",4428,"nyc_shootings",100,"development","train"
"2018-02-15",4429,2018,1,"development",365,"Distinct incident_key per occurrence date.",4429,"nyc_shootings",100,"development","train"
"2018-02-16",4430,2018,0,"development",365,"Distinct incident_key per occurrence date.",4430,"nyc_shootings",100,"development","train"
"2018-02-17",4431,2018,2,"development",365,"Distinct incident_key per occurrence date.",4431,"nyc_shootings",100,"development","train"
"2018-02-18",4432,2018,1,"development",365,"Distinct incident_key per occurrence date.",4432,"nyc_shootings",100,"development","train"
"2018-02-19",4433,2018,3,"development",365,"Distinct incident_key per occurrence date.",4433,"nyc_shootings",100,"development","train"
"2018-02-20",4434,2018,0,"development",365,"Distinct incident_key per occurrence date.",4434,"nyc_shootings",100,"development","train"
"2018-02-21",4435,2018,1,"development",365,"Distinct incident_key per occurrence date.",4435,"nyc_shootings",100,"development","train"
"2018-02-22",4436,2018,1,"development",365,"Distinct incident_key per occurrence date.",4436,"nyc_shootings",100,"development","train"
"2018-02-23",4437,2018,0,"development",365,"Distinct incident_key per occurrence date.",4437,"nyc_shootings",100,"development","train"
"2018-02-24",4438,2018,2,"development",365,"Distinct incident_key per occurrence date.",4438,"nyc_shootings",100,"development","train"
"2018-02-25",4439,2018,0,"development",365,"Distinct incident_key per occurrence date.",4439,"nyc_shootings",100,"development","train"
"2018-02-26",4440,2018,1,"development",365,"Distinct incident_key per occurrence date.",4440,"nyc_shootings",100,"development","train"
"2018-02-27",4441,2018,3,"development",365,"Distinct incident_key per occurrence date.",4441,"nyc_shootings",100,"development","train"
"2018-02-28",4442,2018,4,"development",365,"Distinct incident_key per occurrence date.",4442,"nyc_shootings",100,"development","train"
"2018-03-01",4443,2018,0,"development",365,"Distinct incident_key per occurrence date.",4443,"nyc_shootings",100,"development","train"
"2018-03-02",4444,2018,1,"development",365,"Distinct incident_key per occurrence date.",4444,"nyc_shootings",100,"development","train"
"2018-03-03",4445,2018,1,"development",365,"Distinct incident_key per occurrence date.",4445,"nyc_shootings",100,"development","train"
"2018-03-04",4446,2018,1,"development",365,"Distinct incident_key per occurrence date.",4446,"nyc_shootings",100,"development","train"
"2018-03-05",4447,2018,3,"development",365,"Distinct incident_key per occurrence date.",4447,"nyc_shootings",100,"development","train"
"2018-03-06",4448,2018,2,"development",365,"Distinct incident_key per occurrence date.",4448,"nyc_shootings",100,"development","train"
"2018-03-07",4449,2018,1,"development",365,"Distinct incident_key per occurrence date.",4449,"nyc_shootings",100,"development","train"
"2018-03-08",4450,2018,1,"development",365,"Distinct incident_key per occurrence date.",4450,"nyc_shootings",100,"development","train"
"2018-03-09",4451,2018,2,"development",365,"Distinct incident_key per occurrence date.",4451,"nyc_shootings",100,"development","train"
"2018-03-10",4452,2018,2,"development",365,"Distinct incident_key per occurrence date.",4452,"nyc_shootings",100,"development","train"
"2018-03-11",4453,2018,1,"development",365,"Distinct incident_key per occurrence date.",4453,"nyc_shootings",100,"development","train"
"2018-03-12",4454,2018,1,"development",365,"Distinct incident_key per occurrence date.",4454,"nyc_shootings",100,"development","train"
"2018-03-13",4455,2018,0,"development",365,"Distinct incident_key per occurrence date.",4455,"nyc_shootings",100,"development","train"
"2018-03-14",4456,2018,2,"development",365,"Distinct incident_key per occurrence date.",4456,"nyc_shootings",100,"development","train"
"2018-03-15",4457,2018,1,"development",365,"Distinct incident_key per occurrence date.",4457,"nyc_shootings",100,"development","train"
"2018-03-16",4458,2018,1,"development",365,"Distinct incident_key per occurrence date.",4458,"nyc_shootings",100,"development","train"
"2018-03-17",4459,2018,3,"development",365,"Distinct incident_key per occurrence date.",4459,"nyc_shootings",100,"development","train"
"2018-03-18",4460,2018,1,"development",365,"Distinct incident_key per occurrence date.",4460,"nyc_shootings",100,"development","train"
"2018-03-19",4461,2018,0,"development",365,"Distinct incident_key per occurrence date.",4461,"nyc_shootings",100,"development","train"
"2018-03-20",4462,2018,0,"development",365,"Distinct incident_key per occurrence date.",4462,"nyc_shootings",100,"development","train"
"2018-03-21",4463,2018,1,"development",365,"Distinct incident_key per occurrence date.",4463,"nyc_shootings",100,"development","train"
"2018-03-22",4464,2018,3,"development",365,"Distinct incident_key per occurrence date.",4464,"nyc_shootings",100,"development","train"
"2018-03-23",4465,2018,1,"development",365,"Distinct incident_key per occurrence date.",4465,"nyc_shootings",100,"development","train"
"2018-03-24",4466,2018,4,"development",365,"Distinct incident_key per occurrence date.",4466,"nyc_shootings",100,"development","train"
"2018-03-25",4467,2018,2,"development",365,"Distinct incident_key per occurrence date.",4467,"nyc_shootings",100,"development","train"
"2018-03-26",4468,2018,1,"development",365,"Distinct incident_key per occurrence date.",4468,"nyc_shootings",100,"development","train"
"2018-03-27",4469,2018,0,"development",365,"Distinct incident_key per occurrence date.",4469,"nyc_shootings",100,"development","train"
"2018-03-28",4470,2018,2,"development",365,"Distinct incident_key per occurrence date.",4470,"nyc_shootings",100,"development","train"
"2018-03-29",4471,2018,1,"development",365,"Distinct incident_key per occurrence date.",4471,"nyc_shootings",100,"development","train"
"2018-03-30",4472,2018,4,"development",365,"Distinct incident_key per occurrence date.",4472,"nyc_shootings",100,"development","train"
"2018-03-31",4473,2018,3,"development",365,"Distinct incident_key per occurrence date.",4473,"nyc_shootings",100,"development","train"
"2018-04-01",4474,2018,1,"development",365,"Distinct incident_key per occurrence date.",4474,"nyc_shootings",100,"development","train"
"2018-04-02",4475,2018,0,"development",365,"Distinct incident_key per occurrence date.",4475,"nyc_shootings",100,"development","train"
"2018-04-03",4476,2018,1,"development",365,"Distinct incident_key per occurrence date.",4476,"nyc_shootings",100,"development","train"
"2018-04-04",4477,2018,1,"development",365,"Distinct incident_key per occurrence date.",4477,"nyc_shootings",100,"development","train"
"2018-04-05",4478,2018,1,"development",365,"Distinct incident_key per occurrence date.",4478,"nyc_shootings",100,"development","train"
"2018-04-06",4479,2018,0,"development",365,"Distinct incident_key per occurrence date.",4479,"nyc_shootings",100,"development","train"
"2018-04-07",4480,2018,2,"development",365,"Distinct incident_key per occurrence date.",4480,"nyc_shootings",100,"development","train"
"2018-04-08",4481,2018,0,"development",365,"Distinct incident_key per occurrence date.",4481,"nyc_shootings",100,"development","train"
"2018-04-09",4482,2018,3,"development",365,"Distinct incident_key per occurrence date.",4482,"nyc_shootings",100,"development","train"
"2018-04-10",4483,2018,1,"development",365,"Distinct incident_key per occurrence date.",4483,"nyc_shootings",100,"development","train"
"2018-04-11",4484,2018,1,"development",365,"Distinct incident_key per occurrence date.",4484,"nyc_shootings",100,"development","train"
"2018-04-12",4485,2018,2,"development",365,"Distinct incident_key per occurrence date.",4485,"nyc_shootings",100,"development","train"
"2018-04-13",4486,2018,4,"development",365,"Distinct incident_key per occurrence date.",4486,"nyc_shootings",100,"development","train"
"2018-04-14",4487,2018,3,"development",365,"Distinct incident_key per occurrence date.",4487,"nyc_shootings",100,"development","train"
"2018-04-15",4488,2018,1,"development",365,"Distinct incident_key per occurrence date.",4488,"nyc_shootings",100,"development","train"
"2018-04-16",4489,2018,2,"development",365,"Distinct incident_key per occurrence date.",4489,"nyc_shootings",100,"development","train"
"2018-04-17",4490,2018,3,"development",365,"Distinct incident_key per occurrence date.",4490,"nyc_shootings",100,"development","train"
"2018-04-18",4491,2018,2,"development",365,"Distinct incident_key per occurrence date.",4491,"nyc_shootings",100,"development","train"
"2018-04-19",4492,2018,2,"development",365,"Distinct incident_key per occurrence date.",4492,"nyc_shootings",100,"development","train"
"2018-04-20",4493,2018,0,"development",365,"Distinct incident_key per occurrence date.",4493,"nyc_shootings",100,"development","train"
"2018-04-21",4494,2018,1,"development",365,"Distinct incident_key per occurrence date.",4494,"nyc_shootings",100,"development","train"
"2018-04-22",4495,2018,2,"development",365,"Distinct incident_key per occurrence date.",4495,"nyc_shootings",100,"development","train"
"2018-04-23",4496,2018,3,"development",365,"Distinct incident_key per occurrence date.",4496,"nyc_shootings",100,"development","train"
"2018-04-24",4497,2018,4,"development",365,"Distinct incident_key per occurrence date.",4497,"nyc_shootings",100,"development","train"
"2018-04-25",4498,2018,1,"development",365,"Distinct incident_key per occurrence date.",4498,"nyc_shootings",100,"development","train"
"2018-04-26",4499,2018,1,"development",365,"Distinct incident_key per occurrence date.",4499,"nyc_shootings",100,"development","train"
"2018-04-27",4500,2018,3,"development",365,"Distinct incident_key per occurrence date.",4500,"nyc_shootings",100,"development","train"
"2018-04-28",4501,2018,1,"development",365,"Distinct incident_key per occurrence date.",4501,"nyc_shootings",100,"development","train"
"2018-04-29",4502,2018,2,"development",365,"Distinct incident_key per occurrence date.",4502,"nyc_shootings",100,"development","train"
"2018-04-30",4503,2018,1,"development",365,"Distinct incident_key per occurrence date.",4503,"nyc_shootings",100,"development","train"
"2018-05-01",4504,2018,6,"development",365,"Distinct incident_key per occurrence date.",4504,"nyc_shootings",100,"development","train"
"2018-05-02",4505,2018,4,"development",365,"Distinct incident_key per occurrence date.",4505,"nyc_shootings",100,"development","train"
"2018-05-03",4506,2018,1,"development",365,"Distinct incident_key per occurrence date.",4506,"nyc_shootings",100,"development","train"
"2018-05-04",4507,2018,2,"development",365,"Distinct incident_key per occurrence date.",4507,"nyc_shootings",100,"development","train"
"2018-05-05",4508,2018,4,"development",365,"Distinct incident_key per occurrence date.",4508,"nyc_shootings",100,"development","train"
"2018-05-06",4509,2018,4,"development",365,"Distinct incident_key per occurrence date.",4509,"nyc_shootings",100,"development","train"
"2018-05-07",4510,2018,1,"development",365,"Distinct incident_key per occurrence date.",4510,"nyc_shootings",100,"development","train"
"2018-05-08",4511,2018,1,"development",365,"Distinct incident_key per occurrence date.",4511,"nyc_shootings",100,"development","train"
"2018-05-09",4512,2018,2,"development",365,"Distinct incident_key per occurrence date.",4512,"nyc_shootings",100,"development","train"
"2018-05-10",4513,2018,1,"development",365,"Distinct incident_key per occurrence date.",4513,"nyc_shootings",100,"development","train"
"2018-05-11",4514,2018,2,"development",365,"Distinct incident_key per occurrence date.",4514,"nyc_shootings",100,"development","train"
"2018-05-12",4515,2018,1,"development",365,"Distinct incident_key per occurrence date.",4515,"nyc_shootings",100,"development","train"
"2018-05-13",4516,2018,2,"development",365,"Distinct incident_key per occurrence date.",4516,"nyc_shootings",100,"development","train"
"2018-05-14",4517,2018,0,"development",365,"Distinct incident_key per occurrence date.",4517,"nyc_shootings",100,"development","train"
"2018-05-15",4518,2018,2,"development",365,"Distinct incident_key per occurrence date.",4518,"nyc_shootings",100,"development","train"
"2018-05-16",4519,2018,2,"development",365,"Distinct incident_key per occurrence date.",4519,"nyc_shootings",100,"development","train"
"2018-05-17",4520,2018,2,"development",365,"Distinct incident_key per occurrence date.",4520,"nyc_shootings",100,"development","train"
"2018-05-18",4521,2018,1,"development",365,"Distinct incident_key per occurrence date.",4521,"nyc_shootings",100,"development","train"
"2018-05-19",4522,2018,3,"development",365,"Distinct incident_key per occurrence date.",4522,"nyc_shootings",100,"development","train"
"2018-05-20",4523,2018,4,"development",365,"Distinct incident_key per occurrence date.",4523,"nyc_shootings",100,"development","train"
"2018-05-21",4524,2018,4,"development",365,"Distinct incident_key per occurrence date.",4524,"nyc_shootings",100,"development","train"
"2018-05-22",4525,2018,1,"development",365,"Distinct incident_key per occurrence date.",4525,"nyc_shootings",100,"development","train"
"2018-05-23",4526,2018,1,"development",365,"Distinct incident_key per occurrence date.",4526,"nyc_shootings",100,"development","train"
"2018-05-24",4527,2018,2,"development",365,"Distinct incident_key per occurrence date.",4527,"nyc_shootings",100,"development","train"
"2018-05-25",4528,2018,4,"development",365,"Distinct incident_key per occurrence date.",4528,"nyc_shootings",100,"development","train"
"2018-05-26",4529,2018,3,"development",365,"Distinct incident_key per occurrence date.",4529,"nyc_shootings",100,"development","train"
"2018-05-27",4530,2018,6,"development",365,"Distinct incident_key per occurrence date.",4530,"nyc_shootings",100,"development","train"
"2018-05-28",4531,2018,6,"development",365,"Distinct incident_key per occurrence date.",4531,"nyc_shootings",100,"development","train"
"2018-05-29",4532,2018,3,"development",365,"Distinct incident_key per occurrence date.",4532,"nyc_shootings",100,"development","train"
"2018-05-30",4533,2018,2,"development",365,"Distinct incident_key per occurrence date.",4533,"nyc_shootings",100,"development","train"
"2018-05-31",4534,2018,0,"development",365,"Distinct incident_key per occurrence date.",4534,"nyc_shootings",100,"development","train"
"2018-06-01",4535,2018,0,"development",365,"Distinct incident_key per occurrence date.",4535,"nyc_shootings",100,"development","train"
"2018-06-02",4536,2018,4,"development",365,"Distinct incident_key per occurrence date.",4536,"nyc_shootings",100,"development","train"
"2018-06-03",4537,2018,2,"development",365,"Distinct incident_key per occurrence date.",4537,"nyc_shootings",100,"development","train"
"2018-06-04",4538,2018,0,"development",365,"Distinct incident_key per occurrence date.",4538,"nyc_shootings",100,"development","train"
"2018-06-05",4539,2018,1,"development",365,"Distinct incident_key per occurrence date.",4539,"nyc_shootings",100,"development","train"
"2018-06-06",4540,2018,1,"development",365,"Distinct incident_key per occurrence date.",4540,"nyc_shootings",100,"development","train"
"2018-06-07",4541,2018,4,"development",365,"Distinct incident_key per occurrence date.",4541,"nyc_shootings",100,"development","train"
"2018-06-08",4542,2018,2,"development",365,"Distinct incident_key per occurrence date.",4542,"nyc_shootings",100,"development","train"
"2018-06-09",4543,2018,4,"development",365,"Distinct incident_key per occurrence date.",4543,"nyc_shootings",100,"development","train"
"2018-06-10",4544,2018,1,"development",365,"Distinct incident_key per occurrence date.",4544,"nyc_shootings",100,"development","train"
"2018-06-11",4545,2018,2,"development",365,"Distinct incident_key per occurrence date.",4545,"nyc_shootings",100,"development","train"
"2018-06-12",4546,2018,1,"development",365,"Distinct incident_key per occurrence date.",4546,"nyc_shootings",100,"development","train"
"2018-06-13",4547,2018,4,"development",365,"Distinct incident_key per occurrence date.",4547,"nyc_shootings",100,"development","train"
"2018-06-14",4548,2018,2,"development",365,"Distinct incident_key per occurrence date.",4548,"nyc_shootings",100,"development","train"
"2018-06-15",4549,2018,0,"development",365,"Distinct incident_key per occurrence date.",4549,"nyc_shootings",100,"development","train"
"2018-06-16",4550,2018,3,"development",365,"Distinct incident_key per occurrence date.",4550,"nyc_shootings",100,"development","train"
"2018-06-17",4551,2018,6,"development",365,"Distinct incident_key per occurrence date.",4551,"nyc_shootings",100,"development","train"
"2018-06-18",4552,2018,2,"development",365,"Distinct incident_key per occurrence date.",4552,"nyc_shootings",100,"development","train"
"2018-06-19",4553,2018,4,"development",365,"Distinct incident_key per occurrence date.",4553,"nyc_shootings",100,"development","train"
"2018-06-20",4554,2018,1,"development",365,"Distinct incident_key per occurrence date.",4554,"nyc_shootings",100,"development","train"
"2018-06-21",4555,2018,4,"development",365,"Distinct incident_key per occurrence date.",4555,"nyc_shootings",100,"development","train"
"2018-06-22",4556,2018,3,"development",365,"Distinct incident_key per occurrence date.",4556,"nyc_shootings",100,"development","train"
"2018-06-23",4557,2018,4,"development",365,"Distinct incident_key per occurrence date.",4557,"nyc_shootings",100,"development","train"
"2018-06-24",4558,2018,4,"development",365,"Distinct incident_key per occurrence date.",4558,"nyc_shootings",100,"development","train"
"2018-06-25",4559,2018,1,"development",365,"Distinct incident_key per occurrence date.",4559,"nyc_shootings",100,"development","train"
"2018-06-26",4560,2018,1,"development",365,"Distinct incident_key per occurrence date.",4560,"nyc_shootings",100,"development","train"
"2018-06-27",4561,2018,1,"development",365,"Distinct incident_key per occurrence date.",4561,"nyc_shootings",100,"development","train"
"2018-06-28",4562,2018,2,"development",365,"Distinct incident_key per occurrence date.",4562,"nyc_shootings",100,"development","train"
"2018-06-29",4563,2018,1,"development",365,"Distinct incident_key per occurrence date.",4563,"nyc_shootings",100,"development","train"
"2018-06-30",4564,2018,5,"development",365,"Distinct incident_key per occurrence date.",4564,"nyc_shootings",100,"development","train"
"2018-07-01",4565,2018,2,"development",365,"Distinct incident_key per occurrence date.",4565,"nyc_shootings",100,"development","train"
"2018-07-02",4566,2018,1,"development",365,"Distinct incident_key per occurrence date.",4566,"nyc_shootings",100,"development","train"
"2018-07-03",4567,2018,3,"development",365,"Distinct incident_key per occurrence date.",4567,"nyc_shootings",100,"development","train"
"2018-07-04",4568,2018,1,"development",365,"Distinct incident_key per occurrence date.",4568,"nyc_shootings",100,"development","train"
"2018-07-05",4569,2018,11,"development",365,"Distinct incident_key per occurrence date.",4569,"nyc_shootings",100,"development","train"
"2018-07-06",4570,2018,3,"development",365,"Distinct incident_key per occurrence date.",4570,"nyc_shootings",100,"development","train"
"2018-07-07",4571,2018,1,"development",365,"Distinct incident_key per occurrence date.",4571,"nyc_shootings",100,"development","train"
"2018-07-08",4572,2018,6,"development",365,"Distinct incident_key per occurrence date.",4572,"nyc_shootings",100,"development","train"
"2018-07-09",4573,2018,2,"development",365,"Distinct incident_key per occurrence date.",4573,"nyc_shootings",100,"development","train"
"2018-07-10",4574,2018,4,"development",365,"Distinct incident_key per occurrence date.",4574,"nyc_shootings",100,"development","train"
"2018-07-11",4575,2018,2,"development",365,"Distinct incident_key per occurrence date.",4575,"nyc_shootings",100,"development","train"
"2018-07-12",4576,2018,0,"development",365,"Distinct incident_key per occurrence date.",4576,"nyc_shootings",100,"development","train"
"2018-07-13",4577,2018,2,"development",365,"Distinct incident_key per occurrence date.",4577,"nyc_shootings",100,"development","train"
"2018-07-14",4578,2018,2,"development",365,"Distinct incident_key per occurrence date.",4578,"nyc_shootings",100,"development","train"
"2018-07-15",4579,2018,3,"development",365,"Distinct incident_key per occurrence date.",4579,"nyc_shootings",100,"development","train"
"2018-07-16",4580,2018,3,"development",365,"Distinct incident_key per occurrence date.",4580,"nyc_shootings",100,"development","train"
"2018-07-17",4581,2018,5,"development",365,"Distinct incident_key per occurrence date.",4581,"nyc_shootings",100,"development","train"
"2018-07-18",4582,2018,0,"development",365,"Distinct incident_key per occurrence date.",4582,"nyc_shootings",100,"development","train"
"2018-07-19",4583,2018,1,"development",365,"Distinct incident_key per occurrence date.",4583,"nyc_shootings",100,"development","train"
"2018-07-20",4584,2018,4,"development",365,"Distinct incident_key per occurrence date.",4584,"nyc_shootings",100,"development","train"
"2018-07-21",4585,2018,2,"development",365,"Distinct incident_key per occurrence date.",4585,"nyc_shootings",100,"development","train"
"2018-07-22",4586,2018,5,"development",365,"Distinct incident_key per occurrence date.",4586,"nyc_shootings",100,"development","train"
"2018-07-23",4587,2018,3,"development",365,"Distinct incident_key per occurrence date.",4587,"nyc_shootings",100,"development","train"
"2018-07-24",4588,2018,1,"development",365,"Distinct incident_key per occurrence date.",4588,"nyc_shootings",100,"development","train"
"2018-07-25",4589,2018,2,"development",365,"Distinct incident_key per occurrence date.",4589,"nyc_shootings",100,"development","train"
"2018-07-26",4590,2018,1,"development",365,"Distinct incident_key per occurrence date.",4590,"nyc_shootings",100,"development","train"
"2018-07-27",4591,2018,0,"development",365,"Distinct incident_key per occurrence date.",4591,"nyc_shootings",100,"development","train"
"2018-07-28",4592,2018,6,"development",365,"Distinct incident_key per occurrence date.",4592,"nyc_shootings",100,"development","train"
"2018-07-29",4593,2018,7,"development",365,"Distinct incident_key per occurrence date.",4593,"nyc_shootings",100,"development","train"
"2018-07-30",4594,2018,1,"development",365,"Distinct incident_key per occurrence date.",4594,"nyc_shootings",100,"development","train"
"2018-07-31",4595,2018,5,"development",365,"Distinct incident_key per occurrence date.",4595,"nyc_shootings",100,"development","train"
"2018-08-01",4596,2018,0,"development",365,"Distinct incident_key per occurrence date.",4596,"nyc_shootings",100,"development","train"
"2018-08-02",4597,2018,1,"development",365,"Distinct incident_key per occurrence date.",4597,"nyc_shootings",100,"development","train"
"2018-08-03",4598,2018,4,"development",365,"Distinct incident_key per occurrence date.",4598,"nyc_shootings",100,"development","train"
"2018-08-04",4599,2018,4,"development",365,"Distinct incident_key per occurrence date.",4599,"nyc_shootings",100,"development","train"
"2018-08-05",4600,2018,8,"development",365,"Distinct incident_key per occurrence date.",4600,"nyc_shootings",100,"development","train"
"2018-08-06",4601,2018,3,"development",365,"Distinct incident_key per occurrence date.",4601,"nyc_shootings",100,"development","train"
"2018-08-07",4602,2018,1,"development",365,"Distinct incident_key per occurrence date.",4602,"nyc_shootings",100,"development","train"
"2018-08-08",4603,2018,2,"development",365,"Distinct incident_key per occurrence date.",4603,"nyc_shootings",100,"development","train"
"2018-08-09",4604,2018,3,"development",365,"Distinct incident_key per occurrence date.",4604,"nyc_shootings",100,"development","train"
"2018-08-10",4605,2018,0,"development",365,"Distinct incident_key per occurrence date.",4605,"nyc_shootings",100,"development","train"
"2018-08-11",4606,2018,5,"development",365,"Distinct incident_key per occurrence date.",4606,"nyc_shootings",100,"development","train"
"2018-08-12",4607,2018,3,"development",365,"Distinct incident_key per occurrence date.",4607,"nyc_shootings",100,"development","train"
"2018-08-13",4608,2018,3,"development",365,"Distinct incident_key per occurrence date.",4608,"nyc_shootings",100,"development","train"
"2018-08-14",4609,2018,1,"development",365,"Distinct incident_key per occurrence date.",4609,"nyc_shootings",100,"development","train"
"2018-08-15",4610,2018,2,"development",365,"Distinct incident_key per occurrence date.",4610,"nyc_shootings",100,"development","train"
"2018-08-16",4611,2018,2,"development",365,"Distinct incident_key per occurrence date.",4611,"nyc_shootings",100,"development","train"
"2018-08-17",4612,2018,2,"development",365,"Distinct incident_key per occurrence date.",4612,"nyc_shootings",100,"development","train"
"2018-08-18",4613,2018,5,"development",365,"Distinct incident_key per occurrence date.",4613,"nyc_shootings",100,"development","train"
"2018-08-19",4614,2018,4,"development",365,"Distinct incident_key per occurrence date.",4614,"nyc_shootings",100,"development","train"
"2018-08-20",4615,2018,2,"development",365,"Distinct incident_key per occurrence date.",4615,"nyc_shootings",100,"development","train"
"2018-08-21",4616,2018,2,"development",365,"Distinct incident_key per occurrence date.",4616,"nyc_shootings",100,"development","train"
"2018-08-22",4617,2018,1,"development",365,"Distinct incident_key per occurrence date.",4617,"nyc_shootings",100,"development","train"
"2018-08-23",4618,2018,2,"development",365,"Distinct incident_key per occurrence date.",4618,"nyc_shootings",100,"development","train"
"2018-08-24",4619,2018,2,"development",365,"Distinct incident_key per occurrence date.",4619,"nyc_shootings",100,"development","train"
"2018-08-25",4620,2018,3,"development",365,"Distinct incident_key per occurrence date.",4620,"nyc_shootings",100,"development","train"
"2018-08-26",4621,2018,4,"development",365,"Distinct incident_key per occurrence date.",4621,"nyc_shootings",100,"development","train"
"2018-08-27",4622,2018,1,"development",365,"Distinct incident_key per occurrence date.",4622,"nyc_shootings",100,"development","train"
"2018-08-28",4623,2018,1,"development",365,"Distinct incident_key per occurrence date.",4623,"nyc_shootings",100,"development","train"
"2018-08-29",4624,2018,1,"development",365,"Distinct incident_key per occurrence date.",4624,"nyc_shootings",100,"development","train"
"2018-08-30",4625,2018,1,"development",365,"Distinct incident_key per occurrence date.",4625,"nyc_shootings",100,"development","train"
"2018-08-31",4626,2018,3,"development",365,"Distinct incident_key per occurrence date.",4626,"nyc_shootings",100,"development","train"
"2018-09-01",4627,2018,1,"development",365,"Distinct incident_key per occurrence date.",4627,"nyc_shootings",100,"development","train"
"2018-09-02",4628,2018,2,"development",365,"Distinct incident_key per occurrence date.",4628,"nyc_shootings",100,"development","train"
"2018-09-03",4629,2018,6,"development",365,"Distinct incident_key per occurrence date.",4629,"nyc_shootings",100,"development","train"
"2018-09-04",4630,2018,4,"development",365,"Distinct incident_key per occurrence date.",4630,"nyc_shootings",100,"development","train"
"2018-09-05",4631,2018,2,"development",365,"Distinct incident_key per occurrence date.",4631,"nyc_shootings",100,"development","train"
"2018-09-06",4632,2018,2,"development",365,"Distinct incident_key per occurrence date.",4632,"nyc_shootings",100,"development","train"
"2018-09-07",4633,2018,3,"development",365,"Distinct incident_key per occurrence date.",4633,"nyc_shootings",100,"development","train"
"2018-09-08",4634,2018,1,"development",365,"Distinct incident_key per occurrence date.",4634,"nyc_shootings",100,"development","train"
"2018-09-09",4635,2018,2,"development",365,"Distinct incident_key per occurrence date.",4635,"nyc_shootings",100,"development","train"
"2018-09-10",4636,2018,0,"development",365,"Distinct incident_key per occurrence date.",4636,"nyc_shootings",100,"development","train"
"2018-09-11",4637,2018,0,"development",365,"Distinct incident_key per occurrence date.",4637,"nyc_shootings",100,"development","train"
"2018-09-12",4638,2018,4,"development",365,"Distinct incident_key per occurrence date.",4638,"nyc_shootings",100,"development","train"
"2018-09-13",4639,2018,2,"development",365,"Distinct incident_key per occurrence date.",4639,"nyc_shootings",100,"development","train"
"2018-09-14",4640,2018,3,"development",365,"Distinct incident_key per occurrence date.",4640,"nyc_shootings",100,"development","train"
"2018-09-15",4641,2018,5,"development",365,"Distinct incident_key per occurrence date.",4641,"nyc_shootings",100,"development","train"
"2018-09-16",4642,2018,1,"development",365,"Distinct incident_key per occurrence date.",4642,"nyc_shootings",100,"development","train"
"2018-09-17",4643,2018,3,"development",365,"Distinct incident_key per occurrence date.",4643,"nyc_shootings",100,"development","train"
"2018-09-18",4644,2018,2,"development",365,"Distinct incident_key per occurrence date.",4644,"nyc_shootings",100,"development","train"
"2018-09-19",4645,2018,3,"development",365,"Distinct incident_key per occurrence date.",4645,"nyc_shootings",100,"development","train"
"2018-09-20",4646,2018,3,"development",365,"Distinct incident_key per occurrence date.",4646,"nyc_shootings",100,"development","train"
"2018-09-21",4647,2018,5,"development",365,"Distinct incident_key per occurrence date.",4647,"nyc_shootings",100,"development","train"
"2018-09-22",4648,2018,2,"development",365,"Distinct incident_key per occurrence date.",4648,"nyc_shootings",100,"development","train"
"2018-09-23",4649,2018,2,"development",365,"Distinct incident_key per occurrence date.",4649,"nyc_shootings",100,"development","train"
"2018-09-24",4650,2018,2,"development",365,"Distinct incident_key per occurrence date.",4650,"nyc_shootings",100,"development","train"
"2018-09-25",4651,2018,1,"development",365,"Distinct incident_key per occurrence date.",4651,"nyc_shootings",100,"development","train"
"2018-09-26",4652,2018,3,"development",365,"Distinct incident_key per occurrence date.",4652,"nyc_shootings",100,"development","train"
"2018-09-27",4653,2018,2,"development",365,"Distinct incident_key per occurrence date.",4653,"nyc_shootings",100,"development","train"
"2018-09-28",4654,2018,1,"development",365,"Distinct incident_key per occurrence date.",4654,"nyc_shootings",100,"development","train"
"2018-09-29",4655,2018,3,"development",365,"Distinct incident_key per occurrence date.",4655,"nyc_shootings",100,"development","train"
"2018-09-30",4656,2018,1,"development",365,"Distinct incident_key per occurrence date.",4656,"nyc_shootings",100,"development","train"
"2018-10-01",4657,2018,4,"development",365,"Distinct incident_key per occurrence date.",4657,"nyc_shootings",100,"development","train"
"2018-10-02",4658,2018,2,"development",365,"Distinct incident_key per occurrence date.",4658,"nyc_shootings",100,"development","train"
"2018-10-03",4659,2018,5,"development",365,"Distinct incident_key per occurrence date.",4659,"nyc_shootings",100,"development","train"
"2018-10-04",4660,2018,3,"development",365,"Distinct incident_key per occurrence date.",4660,"nyc_shootings",100,"development","train"
"2018-10-05",4661,2018,7,"development",365,"Distinct incident_key per occurrence date.",4661,"nyc_shootings",100,"development","train"
"2018-10-06",4662,2018,3,"development",365,"Distinct incident_key per occurrence date.",4662,"nyc_shootings",100,"development","train"
"2018-10-07",4663,2018,3,"development",365,"Distinct incident_key per occurrence date.",4663,"nyc_shootings",100,"development","train"
"2018-10-08",4664,2018,2,"development",365,"Distinct incident_key per occurrence date.",4664,"nyc_shootings",100,"development","train"
"2018-10-09",4665,2018,2,"development",365,"Distinct incident_key per occurrence date.",4665,"nyc_shootings",100,"development","train"
"2018-10-10",4666,2018,3,"development",365,"Distinct incident_key per occurrence date.",4666,"nyc_shootings",100,"development","train"
"2018-10-11",4667,2018,1,"development",365,"Distinct incident_key per occurrence date.",4667,"nyc_shootings",100,"development","train"
"2018-10-12",4668,2018,0,"development",365,"Distinct incident_key per occurrence date.",4668,"nyc_shootings",100,"development","train"
"2018-10-13",4669,2018,0,"development",365,"Distinct incident_key per occurrence date.",4669,"nyc_shootings",100,"development","train"
"2018-10-14",4670,2018,0,"development",365,"Distinct incident_key per occurrence date.",4670,"nyc_shootings",100,"development","train"
"2018-10-15",4671,2018,4,"development",365,"Distinct incident_key per occurrence date.",4671,"nyc_shootings",100,"development","train"
"2018-10-16",4672,2018,2,"development",365,"Distinct incident_key per occurrence date.",4672,"nyc_shootings",100,"development","train"
"2018-10-17",4673,2018,2,"development",365,"Distinct incident_key per occurrence date.",4673,"nyc_shootings",100,"development","train"
"2018-10-18",4674,2018,0,"development",365,"Distinct incident_key per occurrence date.",4674,"nyc_shootings",100,"development","train"
"2018-10-19",4675,2018,1,"development",365,"Distinct incident_key per occurrence date.",4675,"nyc_shootings",100,"development","train"
"2018-10-20",4676,2018,2,"development",365,"Distinct incident_key per occurrence date.",4676,"nyc_shootings",100,"development","train"
"2018-10-21",4677,2018,0,"development",365,"Distinct incident_key per occurrence date.",4677,"nyc_shootings",100,"development","train"
"2018-10-22",4678,2018,0,"development",365,"Distinct incident_key per occurrence date.",4678,"nyc_shootings",100,"development","train"
"2018-10-23",4679,2018,4,"development",365,"Distinct incident_key per occurrence date.",4679,"nyc_shootings",100,"development","train"
"2018-10-24",4680,2018,1,"development",365,"Distinct incident_key per occurrence date.",4680,"nyc_shootings",100,"development","train"
"2018-10-25",4681,2018,2,"development",365,"Distinct incident_key per occurrence date.",4681,"nyc_shootings",100,"development","train"
"2018-10-26",4682,2018,3,"development",365,"Distinct incident_key per occurrence date.",4682,"nyc_shootings",100,"development","train"
"2018-10-27",4683,2018,0,"development",365,"Distinct incident_key per occurrence date.",4683,"nyc_shootings",100,"development","train"
"2018-10-28",4684,2018,3,"development",365,"Distinct incident_key per occurrence date.",4684,"nyc_shootings",100,"development","train"
"2018-10-29",4685,2018,3,"development",365,"Distinct incident_key per occurrence date.",4685,"nyc_shootings",100,"development","train"
"2018-10-30",4686,2018,1,"development",365,"Distinct incident_key per occurrence date.",4686,"nyc_shootings",100,"development","train"
"2018-10-31",4687,2018,5,"development",365,"Distinct incident_key per occurrence date.",4687,"nyc_shootings",100,"development","train"
"2018-11-01",4688,2018,3,"development",365,"Distinct incident_key per occurrence date.",4688,"nyc_shootings",100,"development","train"
"2018-11-02",4689,2018,4,"development",365,"Distinct incident_key per occurrence date.",4689,"nyc_shootings",100,"development","train"
"2018-11-03",4690,2018,2,"development",365,"Distinct incident_key per occurrence date.",4690,"nyc_shootings",100,"development","train"
"2018-11-04",4691,2018,7,"development",365,"Distinct incident_key per occurrence date.",4691,"nyc_shootings",100,"development","train"
"2018-11-05",4692,2018,2,"development",365,"Distinct incident_key per occurrence date.",4692,"nyc_shootings",100,"development","train"
"2018-11-06",4693,2018,1,"development",365,"Distinct incident_key per occurrence date.",4693,"nyc_shootings",100,"development","train"
"2018-11-07",4694,2018,0,"development",365,"Distinct incident_key per occurrence date.",4694,"nyc_shootings",100,"development","train"
"2018-11-08",4695,2018,0,"development",365,"Distinct incident_key per occurrence date.",4695,"nyc_shootings",100,"development","train"
"2018-11-09",4696,2018,4,"development",365,"Distinct incident_key per occurrence date.",4696,"nyc_shootings",100,"development","train"
"2018-11-10",4697,2018,2,"development",365,"Distinct incident_key per occurrence date.",4697,"nyc_shootings",100,"development","train"
"2018-11-11",4698,2018,1,"development",365,"Distinct incident_key per occurrence date.",4698,"nyc_shootings",100,"development","train"
"2018-11-12",4699,2018,3,"development",365,"Distinct incident_key per occurrence date.",4699,"nyc_shootings",100,"development","train"
"2018-11-13",4700,2018,0,"development",365,"Distinct incident_key per occurrence date.",4700,"nyc_shootings",100,"development","train"
"2018-11-14",4701,2018,2,"development",365,"Distinct incident_key per occurrence date.",4701,"nyc_shootings",100,"development","train"
"2018-11-15",4702,2018,2,"development",365,"Distinct incident_key per occurrence date.",4702,"nyc_shootings",100,"development","train"
"2018-11-16",4703,2018,0,"development",365,"Distinct incident_key per occurrence date.",4703,"nyc_shootings",100,"development","train"
"2018-11-17",4704,2018,1,"development",365,"Distinct incident_key per occurrence date.",4704,"nyc_shootings",100,"development","train"
"2018-11-18",4705,2018,1,"development",365,"Distinct incident_key per occurrence date.",4705,"nyc_shootings",100,"development","train"
"2018-11-19",4706,2018,4,"development",365,"Distinct incident_key per occurrence date.",4706,"nyc_shootings",100,"development","train"
"2018-11-20",4707,2018,0,"development",365,"Distinct incident_key per occurrence date.",4707,"nyc_shootings",100,"development","train"
"2018-11-21",4708,2018,1,"development",365,"Distinct incident_key per occurrence date.",4708,"nyc_shootings",100,"development","train"
"2018-11-22",4709,2018,1,"development",365,"Distinct incident_key per occurrence date.",4709,"nyc_shootings",100,"development","train"
"2018-11-23",4710,2018,0,"development",365,"Distinct incident_key per occurrence date.",4710,"nyc_shootings",100,"development","train"
"2018-11-24",4711,2018,1,"development",365,"Distinct incident_key per occurrence date.",4711,"nyc_shootings",100,"development","train"
"2018-11-25",4712,2018,3,"development",365,"Distinct incident_key per occurrence date.",4712,"nyc_shootings",100,"development","train"
"2018-11-26",4713,2018,2,"development",365,"Distinct incident_key per occurrence date.",4713,"nyc_shootings",100,"development","train"
"2018-11-27",4714,2018,5,"development",365,"Distinct incident_key per occurrence date.",4714,"nyc_shootings",100,"development","train"
"2018-11-28",4715,2018,2,"development",365,"Distinct incident_key per occurrence date.",4715,"nyc_shootings",100,"development","train"
"2018-11-29",4716,2018,1,"development",365,"Distinct incident_key per occurrence date.",4716,"nyc_shootings",100,"development","train"
"2018-11-30",4717,2018,0,"development",365,"Distinct incident_key per occurrence date.",4717,"nyc_shootings",100,"development","train"
"2018-12-01",4718,2018,1,"development",365,"Distinct incident_key per occurrence date.",4718,"nyc_shootings",100,"development","train"
"2018-12-02",4719,2018,1,"development",365,"Distinct incident_key per occurrence date.",4719,"nyc_shootings",100,"development","train"
"2018-12-03",4720,2018,4,"development",365,"Distinct incident_key per occurrence date.",4720,"nyc_shootings",100,"development","train"
"2018-12-04",4721,2018,4,"development",365,"Distinct incident_key per occurrence date.",4721,"nyc_shootings",100,"development","train"
"2018-12-05",4722,2018,3,"development",365,"Distinct incident_key per occurrence date.",4722,"nyc_shootings",100,"development","train"
"2018-12-06",4723,2018,2,"development",365,"Distinct incident_key per occurrence date.",4723,"nyc_shootings",100,"development","train"
"2018-12-07",4724,2018,1,"development",365,"Distinct incident_key per occurrence date.",4724,"nyc_shootings",100,"development","train"
"2018-12-08",4725,2018,2,"development",365,"Distinct incident_key per occurrence date.",4725,"nyc_shootings",100,"development","train"
"2018-12-09",4726,2018,2,"development",365,"Distinct incident_key per occurrence date.",4726,"nyc_shootings",100,"development","train"
"2018-12-10",4727,2018,2,"development",365,"Distinct incident_key per occurrence date.",4727,"nyc_shootings",100,"development","train"
"2018-12-11",4728,2018,1,"development",365,"Distinct incident_key per occurrence date.",4728,"nyc_shootings",100,"development","train"
"2018-12-12",4729,2018,2,"development",365,"Distinct incident_key per occurrence date.",4729,"nyc_shootings",100,"development","train"
"2018-12-13",4730,2018,0,"development",365,"Distinct incident_key per occurrence date.",4730,"nyc_shootings",100,"development","train"
"2018-12-14",4731,2018,1,"development",365,"Distinct incident_key per occurrence date.",4731,"nyc_shootings",100,"development","train"
"2018-12-15",4732,2018,5,"development",365,"Distinct incident_key per occurrence date.",4732,"nyc_shootings",100,"development","train"
"2018-12-16",4733,2018,1,"development",365,"Distinct incident_key per occurrence date.",4733,"nyc_shootings",100,"development","train"
"2018-12-17",4734,2018,0,"development",365,"Distinct incident_key per occurrence date.",4734,"nyc_shootings",100,"development","train"
"2018-12-18",4735,2018,2,"development",365,"Distinct incident_key per occurrence date.",4735,"nyc_shootings",100,"development","train"
"2018-12-19",4736,2018,0,"development",365,"Distinct incident_key per occurrence date.",4736,"nyc_shootings",100,"development","train"
"2018-12-20",4737,2018,3,"development",365,"Distinct incident_key per occurrence date.",4737,"nyc_shootings",100,"development","train"
"2018-12-21",4738,2018,2,"development",365,"Distinct incident_key per occurrence date.",4738,"nyc_shootings",100,"development","train"
"2018-12-22",4739,2018,3,"development",365,"Distinct incident_key per occurrence date.",4739,"nyc_shootings",100,"development","train"
"2018-12-23",4740,2018,2,"development",365,"Distinct incident_key per occurrence date.",4740,"nyc_shootings",100,"development","train"
"2018-12-24",4741,2018,1,"development",365,"Distinct incident_key per occurrence date.",4741,"nyc_shootings",100,"development","train"
"2018-12-25",4742,2018,1,"development",365,"Distinct incident_key per occurrence date.",4742,"nyc_shootings",100,"development","train"
"2018-12-26",4743,2018,3,"development",365,"Distinct incident_key per occurrence date.",4743,"nyc_shootings",100,"development","train"
"2018-12-27",4744,2018,0,"development",365,"Distinct incident_key per occurrence date.",4744,"nyc_shootings",100,"development","train"
"2018-12-28",4745,2018,4,"development",365,"Distinct incident_key per occurrence date.",4745,"nyc_shootings",100,"development","train"
"2018-12-29",4746,2018,0,"development",365,"Distinct incident_key per occurrence date.",4746,"nyc_shootings",100,"development","train"
"2018-12-30",4747,2018,3,"development",365,"Distinct incident_key per occurrence date.",4747,"nyc_shootings",100,"development","train"
"2018-12-31",4748,2018,2,"development",365,"Distinct incident_key per occurrence date.",4748,"nyc_shootings",100,"development","train"
"2019-01-01",4749,2019,3,"development",365,"Distinct incident_key per occurrence date.",4749,"nyc_shootings",100,"development","train"
"2019-01-02",4750,2019,1,"development",365,"Distinct incident_key per occurrence date.",4750,"nyc_shootings",100,"development","train"
"2019-01-03",4751,2019,2,"development",365,"Distinct incident_key per occurrence date.",4751,"nyc_shootings",100,"development","train"
"2019-01-04",4752,2019,2,"development",365,"Distinct incident_key per occurrence date.",4752,"nyc_shootings",100,"development","train"
"2019-01-05",4753,2019,3,"development",365,"Distinct incident_key per occurrence date.",4753,"nyc_shootings",100,"development","train"
"2019-01-06",4754,2019,3,"development",365,"Distinct incident_key per occurrence date.",4754,"nyc_shootings",100,"development","train"
"2019-01-07",4755,2019,2,"development",365,"Distinct incident_key per occurrence date.",4755,"nyc_shootings",100,"development","train"
"2019-01-08",4756,2019,2,"development",365,"Distinct incident_key per occurrence date.",4756,"nyc_shootings",100,"development","train"
"2019-01-09",4757,2019,1,"development",365,"Distinct incident_key per occurrence date.",4757,"nyc_shootings",100,"development","train"
"2019-01-10",4758,2019,0,"development",365,"Distinct incident_key per occurrence date.",4758,"nyc_shootings",100,"development","train"
"2019-01-11",4759,2019,2,"development",365,"Distinct incident_key per occurrence date.",4759,"nyc_shootings",100,"development","train"
"2019-01-12",4760,2019,2,"development",365,"Distinct incident_key per occurrence date.",4760,"nyc_shootings",100,"development","train"
"2019-01-13",4761,2019,5,"development",365,"Distinct incident_key per occurrence date.",4761,"nyc_shootings",100,"development","train"
"2019-01-14",4762,2019,2,"development",365,"Distinct incident_key per occurrence date.",4762,"nyc_shootings",100,"development","train"
"2019-01-15",4763,2019,0,"development",365,"Distinct incident_key per occurrence date.",4763,"nyc_shootings",100,"development","train"
"2019-01-16",4764,2019,0,"development",365,"Distinct incident_key per occurrence date.",4764,"nyc_shootings",100,"development","train"
"2019-01-17",4765,2019,2,"development",365,"Distinct incident_key per occurrence date.",4765,"nyc_shootings",100,"development","train"
"2019-01-18",4766,2019,1,"development",365,"Distinct incident_key per occurrence date.",4766,"nyc_shootings",100,"development","train"
"2019-01-19",4767,2019,5,"development",365,"Distinct incident_key per occurrence date.",4767,"nyc_shootings",100,"development","train"
"2019-01-20",4768,2019,1,"development",365,"Distinct incident_key per occurrence date.",4768,"nyc_shootings",100,"development","train"
"2019-01-21",4769,2019,1,"development",365,"Distinct incident_key per occurrence date.",4769,"nyc_shootings",100,"development","train"
"2019-01-22",4770,2019,0,"development",365,"Distinct incident_key per occurrence date.",4770,"nyc_shootings",100,"development","train"
"2019-01-23",4771,2019,0,"development",365,"Distinct incident_key per occurrence date.",4771,"nyc_shootings",100,"development","train"
"2019-01-24",4772,2019,1,"development",365,"Distinct incident_key per occurrence date.",4772,"nyc_shootings",100,"development","train"
"2019-01-25",4773,2019,2,"development",365,"Distinct incident_key per occurrence date.",4773,"nyc_shootings",100,"development","train"
"2019-01-26",4774,2019,2,"development",365,"Distinct incident_key per occurrence date.",4774,"nyc_shootings",100,"development","train"
"2019-01-27",4775,2019,1,"development",365,"Distinct incident_key per occurrence date.",4775,"nyc_shootings",100,"development","train"
"2019-01-28",4776,2019,2,"development",365,"Distinct incident_key per occurrence date.",4776,"nyc_shootings",100,"development","train"
"2019-01-29",4777,2019,0,"development",365,"Distinct incident_key per occurrence date.",4777,"nyc_shootings",100,"development","train"
"2019-01-30",4778,2019,2,"development",365,"Distinct incident_key per occurrence date.",4778,"nyc_shootings",100,"development","train"
"2019-01-31",4779,2019,2,"development",365,"Distinct incident_key per occurrence date.",4779,"nyc_shootings",100,"development","train"
"2019-02-01",4780,2019,1,"development",365,"Distinct incident_key per occurrence date.",4780,"nyc_shootings",100,"development","train"
"2019-02-02",4781,2019,2,"development",365,"Distinct incident_key per occurrence date.",4781,"nyc_shootings",100,"development","train"
"2019-02-03",4782,2019,2,"development",365,"Distinct incident_key per occurrence date.",4782,"nyc_shootings",100,"development","train"
"2019-02-04",4783,2019,3,"development",365,"Distinct incident_key per occurrence date.",4783,"nyc_shootings",100,"development","train"
"2019-02-05",4784,2019,1,"development",365,"Distinct incident_key per occurrence date.",4784,"nyc_shootings",100,"development","train"
"2019-02-06",4785,2019,2,"development",365,"Distinct incident_key per occurrence date.",4785,"nyc_shootings",100,"development","train"
"2019-02-07",4786,2019,0,"development",365,"Distinct incident_key per occurrence date.",4786,"nyc_shootings",100,"development","train"
"2019-02-08",4787,2019,1,"development",365,"Distinct incident_key per occurrence date.",4787,"nyc_shootings",100,"development","train"
"2019-02-09",4788,2019,2,"development",365,"Distinct incident_key per occurrence date.",4788,"nyc_shootings",100,"development","train"
"2019-02-10",4789,2019,2,"development",365,"Distinct incident_key per occurrence date.",4789,"nyc_shootings",100,"development","train"
"2019-02-11",4790,2019,2,"development",365,"Distinct incident_key per occurrence date.",4790,"nyc_shootings",100,"development","train"
"2019-02-12",4791,2019,3,"development",365,"Distinct incident_key per occurrence date.",4791,"nyc_shootings",100,"development","train"
"2019-02-13",4792,2019,0,"development",365,"Distinct incident_key per occurrence date.",4792,"nyc_shootings",100,"development","train"
"2019-02-14",4793,2019,1,"development",365,"Distinct incident_key per occurrence date.",4793,"nyc_shootings",100,"development","train"
"2019-02-15",4794,2019,0,"development",365,"Distinct incident_key per occurrence date.",4794,"nyc_shootings",100,"development","train"
"2019-02-16",4795,2019,1,"development",365,"Distinct incident_key per occurrence date.",4795,"nyc_shootings",100,"development","train"
"2019-02-17",4796,2019,2,"development",365,"Distinct incident_key per occurrence date.",4796,"nyc_shootings",100,"development","train"
"2019-02-18",4797,2019,2,"development",365,"Distinct incident_key per occurrence date.",4797,"nyc_shootings",100,"development","train"
"2019-02-19",4798,2019,1,"development",365,"Distinct incident_key per occurrence date.",4798,"nyc_shootings",100,"development","train"
"2019-02-20",4799,2019,0,"development",365,"Distinct incident_key per occurrence date.",4799,"nyc_shootings",100,"development","train"
"2019-02-21",4800,2019,0,"development",365,"Distinct incident_key per occurrence date.",4800,"nyc_shootings",100,"development","train"
"2019-02-22",4801,2019,5,"development",365,"Distinct incident_key per occurrence date.",4801,"nyc_shootings",100,"development","train"
"2019-02-23",4802,2019,2,"development",365,"Distinct incident_key per occurrence date.",4802,"nyc_shootings",100,"development","train"
"2019-02-24",4803,2019,2,"development",365,"Distinct incident_key per occurrence date.",4803,"nyc_shootings",100,"development","train"
"2019-02-25",4804,2019,1,"development",365,"Distinct incident_key per occurrence date.",4804,"nyc_shootings",100,"development","train"
"2019-02-26",4805,2019,2,"development",365,"Distinct incident_key per occurrence date.",4805,"nyc_shootings",100,"development","train"
"2019-02-27",4806,2019,1,"development",365,"Distinct incident_key per occurrence date.",4806,"nyc_shootings",100,"development","train"
"2019-02-28",4807,2019,1,"development",365,"Distinct incident_key per occurrence date.",4807,"nyc_shootings",100,"development","train"
"2019-03-01",4808,2019,0,"development",365,"Distinct incident_key per occurrence date.",4808,"nyc_shootings",100,"development","train"
"2019-03-02",4809,2019,2,"development",365,"Distinct incident_key per occurrence date.",4809,"nyc_shootings",100,"development","train"
"2019-03-03",4810,2019,0,"development",365,"Distinct incident_key per occurrence date.",4810,"nyc_shootings",100,"development","train"
"2019-03-04",4811,2019,2,"development",365,"Distinct incident_key per occurrence date.",4811,"nyc_shootings",100,"development","train"
"2019-03-05",4812,2019,3,"development",365,"Distinct incident_key per occurrence date.",4812,"nyc_shootings",100,"development","train"
"2019-03-06",4813,2019,1,"development",365,"Distinct incident_key per occurrence date.",4813,"nyc_shootings",100,"development","train"
"2019-03-07",4814,2019,0,"development",365,"Distinct incident_key per occurrence date.",4814,"nyc_shootings",100,"development","train"
"2019-03-08",4815,2019,0,"development",365,"Distinct incident_key per occurrence date.",4815,"nyc_shootings",100,"development","train"
"2019-03-09",4816,2019,5,"development",365,"Distinct incident_key per occurrence date.",4816,"nyc_shootings",100,"development","train"
"2019-03-10",4817,2019,2,"development",365,"Distinct incident_key per occurrence date.",4817,"nyc_shootings",100,"development","train"
"2019-03-11",4818,2019,2,"development",365,"Distinct incident_key per occurrence date.",4818,"nyc_shootings",100,"development","train"
"2019-03-12",4819,2019,4,"development",365,"Distinct incident_key per occurrence date.",4819,"nyc_shootings",100,"development","train"
"2019-03-13",4820,2019,1,"development",365,"Distinct incident_key per occurrence date.",4820,"nyc_shootings",100,"development","train"
"2019-03-14",4821,2019,0,"development",365,"Distinct incident_key per occurrence date.",4821,"nyc_shootings",100,"development","train"
"2019-03-15",4822,2019,2,"development",365,"Distinct incident_key per occurrence date.",4822,"nyc_shootings",100,"development","train"
"2019-03-16",4823,2019,3,"development",365,"Distinct incident_key per occurrence date.",4823,"nyc_shootings",100,"development","train"
"2019-03-17",4824,2019,3,"development",365,"Distinct incident_key per occurrence date.",4824,"nyc_shootings",100,"development","train"
"2019-03-18",4825,2019,2,"development",365,"Distinct incident_key per occurrence date.",4825,"nyc_shootings",100,"development","train"
"2019-03-19",4826,2019,1,"development",365,"Distinct incident_key per occurrence date.",4826,"nyc_shootings",100,"development","train"
"2019-03-20",4827,2019,1,"development",365,"Distinct incident_key per occurrence date.",4827,"nyc_shootings",100,"development","train"
"2019-03-21",4828,2019,4,"development",365,"Distinct incident_key per occurrence date.",4828,"nyc_shootings",100,"development","train"
"2019-03-22",4829,2019,3,"development",365,"Distinct incident_key per occurrence date.",4829,"nyc_shootings",100,"development","train"
"2019-03-23",4830,2019,3,"development",365,"Distinct incident_key per occurrence date.",4830,"nyc_shootings",100,"development","train"
"2019-03-24",4831,2019,1,"development",365,"Distinct incident_key per occurrence date.",4831,"nyc_shootings",100,"development","train"
"2019-03-25",4832,2019,1,"development",365,"Distinct incident_key per occurrence date.",4832,"nyc_shootings",100,"development","train"
"2019-03-26",4833,2019,1,"development",365,"Distinct incident_key per occurrence date.",4833,"nyc_shootings",100,"development","train"
"2019-03-27",4834,2019,1,"development",365,"Distinct incident_key per occurrence date.",4834,"nyc_shootings",100,"development","train"
"2019-03-28",4835,2019,1,"development",365,"Distinct incident_key per occurrence date.",4835,"nyc_shootings",100,"development","train"
"2019-03-29",4836,2019,0,"development",365,"Distinct incident_key per occurrence date.",4836,"nyc_shootings",100,"development","train"
"2019-03-30",4837,2019,3,"development",365,"Distinct incident_key per occurrence date.",4837,"nyc_shootings",100,"development","train"
"2019-03-31",4838,2019,4,"development",365,"Distinct incident_key per occurrence date.",4838,"nyc_shootings",100,"development","train"
"2019-04-01",4839,2019,1,"development",365,"Distinct incident_key per occurrence date.",4839,"nyc_shootings",100,"development","train"
"2019-04-02",4840,2019,0,"development",365,"Distinct incident_key per occurrence date.",4840,"nyc_shootings",100,"development","train"
"2019-04-03",4841,2019,1,"development",365,"Distinct incident_key per occurrence date.",4841,"nyc_shootings",100,"development","train"
"2019-04-04",4842,2019,2,"development",365,"Distinct incident_key per occurrence date.",4842,"nyc_shootings",100,"development","train"
"2019-04-05",4843,2019,0,"development",365,"Distinct incident_key per occurrence date.",4843,"nyc_shootings",100,"development","train"
"2019-04-06",4844,2019,2,"development",365,"Distinct incident_key per occurrence date.",4844,"nyc_shootings",100,"development","train"
"2019-04-07",4845,2019,5,"development",365,"Distinct incident_key per occurrence date.",4845,"nyc_shootings",100,"development","train"
"2019-04-08",4846,2019,6,"development",365,"Distinct incident_key per occurrence date.",4846,"nyc_shootings",100,"development","train"
"2019-04-09",4847,2019,2,"development",365,"Distinct incident_key per occurrence date.",4847,"nyc_shootings",100,"development","train"
"2019-04-10",4848,2019,2,"development",365,"Distinct incident_key per occurrence date.",4848,"nyc_shootings",100,"development","train"
"2019-04-11",4849,2019,1,"development",365,"Distinct incident_key per occurrence date.",4849,"nyc_shootings",100,"development","train"
"2019-04-12",4850,2019,0,"development",365,"Distinct incident_key per occurrence date.",4850,"nyc_shootings",100,"development","train"
"2019-04-13",4851,2019,3,"development",365,"Distinct incident_key per occurrence date.",4851,"nyc_shootings",100,"development","train"
"2019-04-14",4852,2019,5,"development",365,"Distinct incident_key per occurrence date.",4852,"nyc_shootings",100,"development","train"
"2019-04-15",4853,2019,1,"development",365,"Distinct incident_key per occurrence date.",4853,"nyc_shootings",100,"development","train"
"2019-04-16",4854,2019,4,"development",365,"Distinct incident_key per occurrence date.",4854,"nyc_shootings",100,"development","train"
"2019-04-17",4855,2019,1,"development",365,"Distinct incident_key per occurrence date.",4855,"nyc_shootings",100,"development","train"
"2019-04-18",4856,2019,7,"development",365,"Distinct incident_key per occurrence date.",4856,"nyc_shootings",100,"development","train"
"2019-04-19",4857,2019,2,"development",365,"Distinct incident_key per occurrence date.",4857,"nyc_shootings",100,"development","train"
"2019-04-20",4858,2019,2,"development",365,"Distinct incident_key per occurrence date.",4858,"nyc_shootings",100,"development","train"
"2019-04-21",4859,2019,1,"development",365,"Distinct incident_key per occurrence date.",4859,"nyc_shootings",100,"development","train"
"2019-04-22",4860,2019,3,"development",365,"Distinct incident_key per occurrence date.",4860,"nyc_shootings",100,"development","train"
"2019-04-23",4861,2019,3,"development",365,"Distinct incident_key per occurrence date.",4861,"nyc_shootings",100,"development","train"
"2019-04-24",4862,2019,3,"development",365,"Distinct incident_key per occurrence date.",4862,"nyc_shootings",100,"development","train"
"2019-04-25",4863,2019,0,"development",365,"Distinct incident_key per occurrence date.",4863,"nyc_shootings",100,"development","train"
"2019-04-26",4864,2019,0,"development",365,"Distinct incident_key per occurrence date.",4864,"nyc_shootings",100,"development","train"
"2019-04-27",4865,2019,2,"development",365,"Distinct incident_key per occurrence date.",4865,"nyc_shootings",100,"development","train"
"2019-04-28",4866,2019,0,"development",365,"Distinct incident_key per occurrence date.",4866,"nyc_shootings",100,"development","train"
"2019-04-29",4867,2019,1,"development",365,"Distinct incident_key per occurrence date.",4867,"nyc_shootings",100,"development","train"
"2019-04-30",4868,2019,2,"development",365,"Distinct incident_key per occurrence date.",4868,"nyc_shootings",100,"development","train"
"2019-05-01",4869,2019,0,"development",365,"Distinct incident_key per occurrence date.",4869,"nyc_shootings",100,"development","train"
"2019-05-02",4870,2019,3,"development",365,"Distinct incident_key per occurrence date.",4870,"nyc_shootings",100,"development","train"
"2019-05-03",4871,2019,2,"development",365,"Distinct incident_key per occurrence date.",4871,"nyc_shootings",100,"development","train"
"2019-05-04",4872,2019,1,"development",365,"Distinct incident_key per occurrence date.",4872,"nyc_shootings",100,"development","train"
"2019-05-05",4873,2019,0,"development",365,"Distinct incident_key per occurrence date.",4873,"nyc_shootings",100,"development","train"
"2019-05-06",4874,2019,0,"development",365,"Distinct incident_key per occurrence date.",4874,"nyc_shootings",100,"development","train"
"2019-05-07",4875,2019,0,"development",365,"Distinct incident_key per occurrence date.",4875,"nyc_shootings",100,"development","train"
"2019-05-08",4876,2019,0,"development",365,"Distinct incident_key per occurrence date.",4876,"nyc_shootings",100,"development","train"
"2019-05-09",4877,2019,2,"development",365,"Distinct incident_key per occurrence date.",4877,"nyc_shootings",100,"development","train"
"2019-05-10",4878,2019,0,"development",365,"Distinct incident_key per occurrence date.",4878,"nyc_shootings",100,"development","train"
"2019-05-11",4879,2019,1,"development",365,"Distinct incident_key per occurrence date.",4879,"nyc_shootings",100,"development","train"
"2019-05-12",4880,2019,0,"development",365,"Distinct incident_key per occurrence date.",4880,"nyc_shootings",100,"development","train"
"2019-05-13",4881,2019,0,"development",365,"Distinct incident_key per occurrence date.",4881,"nyc_shootings",100,"development","train"
"2019-05-14",4882,2019,1,"development",365,"Distinct incident_key per occurrence date.",4882,"nyc_shootings",100,"development","train"
"2019-05-15",4883,2019,1,"development",365,"Distinct incident_key per occurrence date.",4883,"nyc_shootings",100,"development","train"
"2019-05-16",4884,2019,3,"development",365,"Distinct incident_key per occurrence date.",4884,"nyc_shootings",100,"development","train"
"2019-05-17",4885,2019,2,"development",365,"Distinct incident_key per occurrence date.",4885,"nyc_shootings",100,"development","train"
"2019-05-18",4886,2019,5,"development",365,"Distinct incident_key per occurrence date.",4886,"nyc_shootings",100,"development","train"
"2019-05-19",4887,2019,3,"development",365,"Distinct incident_key per occurrence date.",4887,"nyc_shootings",100,"development","train"
"2019-05-20",4888,2019,2,"development",365,"Distinct incident_key per occurrence date.",4888,"nyc_shootings",100,"development","train"
"2019-05-21",4889,2019,1,"development",365,"Distinct incident_key per occurrence date.",4889,"nyc_shootings",100,"development","train"
"2019-05-22",4890,2019,2,"development",365,"Distinct incident_key per occurrence date.",4890,"nyc_shootings",100,"development","train"
"2019-05-23",4891,2019,4,"development",365,"Distinct incident_key per occurrence date.",4891,"nyc_shootings",100,"development","train"
"2019-05-24",4892,2019,4,"development",365,"Distinct incident_key per occurrence date.",4892,"nyc_shootings",100,"development","train"
"2019-05-25",4893,2019,3,"development",365,"Distinct incident_key per occurrence date.",4893,"nyc_shootings",100,"development","train"
"2019-05-26",4894,2019,6,"development",365,"Distinct incident_key per occurrence date.",4894,"nyc_shootings",100,"development","train"
"2019-05-27",4895,2019,6,"development",365,"Distinct incident_key per occurrence date.",4895,"nyc_shootings",100,"development","train"
"2019-05-28",4896,2019,5,"development",365,"Distinct incident_key per occurrence date.",4896,"nyc_shootings",100,"development","train"
"2019-05-29",4897,2019,1,"development",365,"Distinct incident_key per occurrence date.",4897,"nyc_shootings",100,"development","train"
"2019-05-30",4898,2019,2,"development",365,"Distinct incident_key per occurrence date.",4898,"nyc_shootings",100,"development","train"
"2019-05-31",4899,2019,1,"development",365,"Distinct incident_key per occurrence date.",4899,"nyc_shootings",100,"development","train"
"2019-06-01",4900,2019,7,"development",365,"Distinct incident_key per occurrence date.",4900,"nyc_shootings",100,"development","train"
"2019-06-02",4901,2019,2,"development",365,"Distinct incident_key per occurrence date.",4901,"nyc_shootings",100,"development","train"
"2019-06-03",4902,2019,2,"development",365,"Distinct incident_key per occurrence date.",4902,"nyc_shootings",100,"development","train"
"2019-06-04",4903,2019,4,"development",365,"Distinct incident_key per occurrence date.",4903,"nyc_shootings",100,"development","train"
"2019-06-05",4904,2019,2,"development",365,"Distinct incident_key per occurrence date.",4904,"nyc_shootings",100,"development","train"
"2019-06-06",4905,2019,2,"development",365,"Distinct incident_key per occurrence date.",4905,"nyc_shootings",100,"development","train"
"2019-06-07",4906,2019,5,"development",365,"Distinct incident_key per occurrence date.",4906,"nyc_shootings",100,"development","train"
"2019-06-08",4907,2019,4,"development",365,"Distinct incident_key per occurrence date.",4907,"nyc_shootings",100,"development","train"
"2019-06-09",4908,2019,4,"development",365,"Distinct incident_key per occurrence date.",4908,"nyc_shootings",100,"development","train"
"2019-06-10",4909,2019,2,"development",365,"Distinct incident_key per occurrence date.",4909,"nyc_shootings",100,"development","train"
"2019-06-11",4910,2019,1,"development",365,"Distinct incident_key per occurrence date.",4910,"nyc_shootings",100,"development","train"
"2019-06-12",4911,2019,5,"development",365,"Distinct incident_key per occurrence date.",4911,"nyc_shootings",100,"development","train"
"2019-06-13",4912,2019,2,"development",365,"Distinct incident_key per occurrence date.",4912,"nyc_shootings",100,"development","train"
"2019-06-14",4913,2019,2,"development",365,"Distinct incident_key per occurrence date.",4913,"nyc_shootings",100,"development","train"
"2019-06-15",4914,2019,2,"development",365,"Distinct incident_key per occurrence date.",4914,"nyc_shootings",100,"development","train"
"2019-06-16",4915,2019,0,"development",365,"Distinct incident_key per occurrence date.",4915,"nyc_shootings",100,"development","train"
"2019-06-17",4916,2019,3,"development",365,"Distinct incident_key per occurrence date.",4916,"nyc_shootings",100,"development","train"
"2019-06-18",4917,2019,1,"development",365,"Distinct incident_key per occurrence date.",4917,"nyc_shootings",100,"development","train"
"2019-06-19",4918,2019,2,"development",365,"Distinct incident_key per occurrence date.",4918,"nyc_shootings",100,"development","train"
"2019-06-20",4919,2019,3,"development",365,"Distinct incident_key per occurrence date.",4919,"nyc_shootings",100,"development","train"
"2019-06-21",4920,2019,1,"development",365,"Distinct incident_key per occurrence date.",4920,"nyc_shootings",100,"development","train"
"2019-06-22",4921,2019,2,"development",365,"Distinct incident_key per occurrence date.",4921,"nyc_shootings",100,"development","train"
"2019-06-23",4922,2019,6,"development",365,"Distinct incident_key per occurrence date.",4922,"nyc_shootings",100,"development","train"
"2019-06-24",4923,2019,3,"development",365,"Distinct incident_key per occurrence date.",4923,"nyc_shootings",100,"development","train"
"2019-06-25",4924,2019,5,"development",365,"Distinct incident_key per occurrence date.",4924,"nyc_shootings",100,"development","train"
"2019-06-26",4925,2019,2,"development",365,"Distinct incident_key per occurrence date.",4925,"nyc_shootings",100,"development","train"
"2019-06-27",4926,2019,3,"development",365,"Distinct incident_key per occurrence date.",4926,"nyc_shootings",100,"development","train"
"2019-06-28",4927,2019,5,"development",365,"Distinct incident_key per occurrence date.",4927,"nyc_shootings",100,"development","train"
"2019-06-29",4928,2019,3,"development",365,"Distinct incident_key per occurrence date.",4928,"nyc_shootings",100,"development","train"
"2019-06-30",4929,2019,4,"development",365,"Distinct incident_key per occurrence date.",4929,"nyc_shootings",100,"development","train"
"2019-07-01",4930,2019,2,"development",365,"Distinct incident_key per occurrence date.",4930,"nyc_shootings",100,"development","train"
"2019-07-02",4931,2019,1,"development",365,"Distinct incident_key per occurrence date.",4931,"nyc_shootings",100,"development","train"
"2019-07-03",4932,2019,1,"development",365,"Distinct incident_key per occurrence date.",4932,"nyc_shootings",100,"development","train"
"2019-07-04",4933,2019,3,"development",365,"Distinct incident_key per occurrence date.",4933,"nyc_shootings",100,"development","train"
"2019-07-05",4934,2019,12,"development",365,"Distinct incident_key per occurrence date.",4934,"nyc_shootings",100,"development","train"
"2019-07-06",4935,2019,2,"development",365,"Distinct incident_key per occurrence date.",4935,"nyc_shootings",100,"development","train"
"2019-07-07",4936,2019,3,"development",365,"Distinct incident_key per occurrence date.",4936,"nyc_shootings",100,"development","train"
"2019-07-08",4937,2019,2,"development",365,"Distinct incident_key per occurrence date.",4937,"nyc_shootings",100,"development","train"
"2019-07-09",4938,2019,1,"development",365,"Distinct incident_key per occurrence date.",4938,"nyc_shootings",100,"development","train"
"2019-07-10",4939,2019,1,"development",365,"Distinct incident_key per occurrence date.",4939,"nyc_shootings",100,"development","train"
"2019-07-11",4940,2019,1,"development",365,"Distinct incident_key per occurrence date.",4940,"nyc_shootings",100,"development","train"
"2019-07-12",4941,2019,3,"development",365,"Distinct incident_key per occurrence date.",4941,"nyc_shootings",100,"development","train"
"2019-07-13",4942,2019,5,"development",365,"Distinct incident_key per occurrence date.",4942,"nyc_shootings",100,"development","train"
"2019-07-14",4943,2019,6,"development",365,"Distinct incident_key per occurrence date.",4943,"nyc_shootings",100,"development","train"
"2019-07-15",4944,2019,3,"development",365,"Distinct incident_key per occurrence date.",4944,"nyc_shootings",100,"development","train"
"2019-07-16",4945,2019,1,"development",365,"Distinct incident_key per occurrence date.",4945,"nyc_shootings",100,"development","train"
"2019-07-17",4946,2019,2,"development",365,"Distinct incident_key per occurrence date.",4946,"nyc_shootings",100,"development","train"
"2019-07-18",4947,2019,0,"development",365,"Distinct incident_key per occurrence date.",4947,"nyc_shootings",100,"development","train"
"2019-07-19",4948,2019,3,"development",365,"Distinct incident_key per occurrence date.",4948,"nyc_shootings",100,"development","train"
"2019-07-20",4949,2019,1,"development",365,"Distinct incident_key per occurrence date.",4949,"nyc_shootings",100,"development","train"
"2019-07-21",4950,2019,4,"development",365,"Distinct incident_key per occurrence date.",4950,"nyc_shootings",100,"development","train"
"2019-07-22",4951,2019,1,"development",365,"Distinct incident_key per occurrence date.",4951,"nyc_shootings",100,"development","train"
"2019-07-23",4952,2019,2,"development",365,"Distinct incident_key per occurrence date.",4952,"nyc_shootings",100,"development","train"
"2019-07-24",4953,2019,5,"development",365,"Distinct incident_key per occurrence date.",4953,"nyc_shootings",100,"development","train"
"2019-07-25",4954,2019,2,"development",365,"Distinct incident_key per occurrence date.",4954,"nyc_shootings",100,"development","train"
"2019-07-26",4955,2019,2,"development",365,"Distinct incident_key per occurrence date.",4955,"nyc_shootings",100,"development","train"
"2019-07-27",4956,2019,4,"development",365,"Distinct incident_key per occurrence date.",4956,"nyc_shootings",100,"development","train"
"2019-07-28",4957,2019,8,"development",365,"Distinct incident_key per occurrence date.",4957,"nyc_shootings",100,"development","train"
"2019-07-29",4958,2019,4,"development",365,"Distinct incident_key per occurrence date.",4958,"nyc_shootings",100,"development","train"
"2019-07-30",4959,2019,2,"development",365,"Distinct incident_key per occurrence date.",4959,"nyc_shootings",100,"development","train"
"2019-07-31",4960,2019,1,"development",365,"Distinct incident_key per occurrence date.",4960,"nyc_shootings",100,"development","train"
"2019-08-01",4961,2019,0,"development",365,"Distinct incident_key per occurrence date.",4961,"nyc_shootings",100,"development","train"
"2019-08-02",4962,2019,0,"development",365,"Distinct incident_key per occurrence date.",4962,"nyc_shootings",100,"development","train"
"2019-08-03",4963,2019,4,"development",365,"Distinct incident_key per occurrence date.",4963,"nyc_shootings",100,"development","train"
"2019-08-04",4964,2019,3,"development",365,"Distinct incident_key per occurrence date.",4964,"nyc_shootings",100,"development","train"
"2019-08-05",4965,2019,4,"development",365,"Distinct incident_key per occurrence date.",4965,"nyc_shootings",100,"development","train"
"2019-08-06",4966,2019,3,"development",365,"Distinct incident_key per occurrence date.",4966,"nyc_shootings",100,"development","train"
"2019-08-07",4967,2019,0,"development",365,"Distinct incident_key per occurrence date.",4967,"nyc_shootings",100,"development","train"
"2019-08-08",4968,2019,2,"development",365,"Distinct incident_key per occurrence date.",4968,"nyc_shootings",100,"development","train"
"2019-08-09",4969,2019,0,"development",365,"Distinct incident_key per occurrence date.",4969,"nyc_shootings",100,"development","train"
"2019-08-10",4970,2019,4,"development",365,"Distinct incident_key per occurrence date.",4970,"nyc_shootings",100,"development","train"
"2019-08-11",4971,2019,7,"development",365,"Distinct incident_key per occurrence date.",4971,"nyc_shootings",100,"development","train"
"2019-08-12",4972,2019,3,"development",365,"Distinct incident_key per occurrence date.",4972,"nyc_shootings",100,"development","train"
"2019-08-13",4973,2019,4,"development",365,"Distinct incident_key per occurrence date.",4973,"nyc_shootings",100,"development","train"
"2019-08-14",4974,2019,2,"development",365,"Distinct incident_key per occurrence date.",4974,"nyc_shootings",100,"development","train"
"2019-08-15",4975,2019,2,"development",365,"Distinct incident_key per occurrence date.",4975,"nyc_shootings",100,"development","train"
"2019-08-16",4976,2019,4,"development",365,"Distinct incident_key per occurrence date.",4976,"nyc_shootings",100,"development","train"
"2019-08-17",4977,2019,2,"development",365,"Distinct incident_key per occurrence date.",4977,"nyc_shootings",100,"development","train"
"2019-08-18",4978,2019,2,"development",365,"Distinct incident_key per occurrence date.",4978,"nyc_shootings",100,"development","train"
"2019-08-19",4979,2019,1,"development",365,"Distinct incident_key per occurrence date.",4979,"nyc_shootings",100,"development","train"
"2019-08-20",4980,2019,4,"development",365,"Distinct incident_key per occurrence date.",4980,"nyc_shootings",100,"development","train"
"2019-08-21",4981,2019,3,"development",365,"Distinct incident_key per occurrence date.",4981,"nyc_shootings",100,"development","train"
"2019-08-22",4982,2019,3,"development",365,"Distinct incident_key per occurrence date.",4982,"nyc_shootings",100,"development","train"
"2019-08-23",4983,2019,3,"development",365,"Distinct incident_key per occurrence date.",4983,"nyc_shootings",100,"development","train"
"2019-08-24",4984,2019,3,"development",365,"Distinct incident_key per occurrence date.",4984,"nyc_shootings",100,"development","train"
"2019-08-25",4985,2019,6,"development",365,"Distinct incident_key per occurrence date.",4985,"nyc_shootings",100,"development","train"
"2019-08-26",4986,2019,4,"development",365,"Distinct incident_key per occurrence date.",4986,"nyc_shootings",100,"development","train"
"2019-08-27",4987,2019,4,"development",365,"Distinct incident_key per occurrence date.",4987,"nyc_shootings",100,"development","train"
"2019-08-28",4988,2019,2,"development",365,"Distinct incident_key per occurrence date.",4988,"nyc_shootings",100,"development","train"
"2019-08-29",4989,2019,1,"development",365,"Distinct incident_key per occurrence date.",4989,"nyc_shootings",100,"development","train"
"2019-08-30",4990,2019,7,"development",365,"Distinct incident_key per occurrence date.",4990,"nyc_shootings",100,"development","train"
"2019-08-31",4991,2019,4,"development",365,"Distinct incident_key per occurrence date.",4991,"nyc_shootings",100,"development","train"
"2019-09-01",4992,2019,1,"development",365,"Distinct incident_key per occurrence date.",4992,"nyc_shootings",100,"development","train"
"2019-09-02",4993,2019,8,"development",365,"Distinct incident_key per occurrence date.",4993,"nyc_shootings",100,"development","train"
"2019-09-03",4994,2019,0,"development",365,"Distinct incident_key per occurrence date.",4994,"nyc_shootings",100,"development","train"
"2019-09-04",4995,2019,3,"development",365,"Distinct incident_key per occurrence date.",4995,"nyc_shootings",100,"development","train"
"2019-09-05",4996,2019,1,"development",365,"Distinct incident_key per occurrence date.",4996,"nyc_shootings",100,"development","train"
"2019-09-06",4997,2019,2,"development",365,"Distinct incident_key per occurrence date.",4997,"nyc_shootings",100,"development","train"
"2019-09-07",4998,2019,1,"development",365,"Distinct incident_key per occurrence date.",4998,"nyc_shootings",100,"development","train"
"2019-09-08",4999,2019,1,"development",365,"Distinct incident_key per occurrence date.",4999,"nyc_shootings",100,"development","train"
"2019-09-09",5000,2019,0,"development",365,"Distinct incident_key per occurrence date.",5000,"nyc_shootings",100,"development","train"
"2019-09-10",5001,2019,1,"development",365,"Distinct incident_key per occurrence date.",5001,"nyc_shootings",100,"development","train"
"2019-09-11",5002,2019,3,"development",365,"Distinct incident_key per occurrence date.",5002,"nyc_shootings",100,"development","train"
"2019-09-12",5003,2019,3,"development",365,"Distinct incident_key per occurrence date.",5003,"nyc_shootings",100,"development","train"
"2019-09-13",5004,2019,2,"development",365,"Distinct incident_key per occurrence date.",5004,"nyc_shootings",100,"development","train"
"2019-09-14",5005,2019,2,"development",365,"Distinct incident_key per occurrence date.",5005,"nyc_shootings",100,"development","train"
"2019-09-15",5006,2019,4,"development",365,"Distinct incident_key per occurrence date.",5006,"nyc_shootings",100,"development","train"
"2019-09-16",5007,2019,2,"development",365,"Distinct incident_key per occurrence date.",5007,"nyc_shootings",100,"development","train"
"2019-09-17",5008,2019,3,"development",365,"Distinct incident_key per occurrence date.",5008,"nyc_shootings",100,"development","train"
"2019-09-18",5009,2019,2,"development",365,"Distinct incident_key per occurrence date.",5009,"nyc_shootings",100,"development","train"
"2019-09-19",5010,2019,0,"development",365,"Distinct incident_key per occurrence date.",5010,"nyc_shootings",100,"development","train"
"2019-09-20",5011,2019,0,"development",365,"Distinct incident_key per occurrence date.",5011,"nyc_shootings",100,"development","train"
"2019-09-21",5012,2019,2,"development",365,"Distinct incident_key per occurrence date.",5012,"nyc_shootings",100,"development","train"
"2019-09-22",5013,2019,4,"development",365,"Distinct incident_key per occurrence date.",5013,"nyc_shootings",100,"development","train"
"2019-09-23",5014,2019,5,"development",365,"Distinct incident_key per occurrence date.",5014,"nyc_shootings",100,"development","train"
"2019-09-24",5015,2019,4,"development",365,"Distinct incident_key per occurrence date.",5015,"nyc_shootings",100,"development","train"
"2019-09-25",5016,2019,1,"development",365,"Distinct incident_key per occurrence date.",5016,"nyc_shootings",100,"development","train"
"2019-09-26",5017,2019,3,"development",365,"Distinct incident_key per occurrence date.",5017,"nyc_shootings",100,"development","train"
"2019-09-27",5018,2019,4,"development",365,"Distinct incident_key per occurrence date.",5018,"nyc_shootings",100,"development","train"
"2019-09-28",5019,2019,1,"development",365,"Distinct incident_key per occurrence date.",5019,"nyc_shootings",100,"development","train"
"2019-09-29",5020,2019,3,"development",365,"Distinct incident_key per occurrence date.",5020,"nyc_shootings",100,"development","train"
"2019-09-30",5021,2019,1,"development",365,"Distinct incident_key per occurrence date.",5021,"nyc_shootings",100,"development","train"
"2019-10-01",5022,2019,1,"development",365,"Distinct incident_key per occurrence date.",5022,"nyc_shootings",100,"development","train"
"2019-10-02",5023,2019,3,"development",365,"Distinct incident_key per occurrence date.",5023,"nyc_shootings",100,"development","train"
"2019-10-03",5024,2019,4,"development",365,"Distinct incident_key per occurrence date.",5024,"nyc_shootings",100,"development","train"
"2019-10-04",5025,2019,2,"development",365,"Distinct incident_key per occurrence date.",5025,"nyc_shootings",100,"development","train"
"2019-10-05",5026,2019,4,"development",365,"Distinct incident_key per occurrence date.",5026,"nyc_shootings",100,"development","train"
"2019-10-06",5027,2019,4,"development",365,"Distinct incident_key per occurrence date.",5027,"nyc_shootings",100,"development","train"
"2019-10-07",5028,2019,2,"development",365,"Distinct incident_key per occurrence date.",5028,"nyc_shootings",100,"development","train"
"2019-10-08",5029,2019,0,"development",365,"Distinct incident_key per occurrence date.",5029,"nyc_shootings",100,"development","train"
"2019-10-09",5030,2019,2,"development",365,"Distinct incident_key per occurrence date.",5030,"nyc_shootings",100,"development","train"
"2019-10-10",5031,2019,1,"development",365,"Distinct incident_key per occurrence date.",5031,"nyc_shootings",100,"development","train"
"2019-10-11",5032,2019,2,"development",365,"Distinct incident_key per occurrence date.",5032,"nyc_shootings",100,"development","train"
"2019-10-12",5033,2019,4,"development",365,"Distinct incident_key per occurrence date.",5033,"nyc_shootings",100,"development","train"
"2019-10-13",5034,2019,2,"development",365,"Distinct incident_key per occurrence date.",5034,"nyc_shootings",100,"development","train"
"2019-10-14",5035,2019,0,"development",365,"Distinct incident_key per occurrence date.",5035,"nyc_shootings",100,"development","train"
"2019-10-15",5036,2019,1,"development",365,"Distinct incident_key per occurrence date.",5036,"nyc_shootings",100,"development","train"
"2019-10-16",5037,2019,0,"development",365,"Distinct incident_key per occurrence date.",5037,"nyc_shootings",100,"development","train"
"2019-10-17",5038,2019,1,"development",365,"Distinct incident_key per occurrence date.",5038,"nyc_shootings",100,"development","train"
"2019-10-18",5039,2019,1,"development",365,"Distinct incident_key per occurrence date.",5039,"nyc_shootings",100,"development","train"
"2019-10-19",5040,2019,1,"development",365,"Distinct incident_key per occurrence date.",5040,"nyc_shootings",100,"development","train"
"2019-10-20",5041,2019,0,"development",365,"Distinct incident_key per occurrence date.",5041,"nyc_shootings",100,"development","train"
"2019-10-21",5042,2019,1,"development",365,"Distinct incident_key per occurrence date.",5042,"nyc_shootings",100,"development","train"
"2019-10-22",5043,2019,1,"development",365,"Distinct incident_key per occurrence date.",5043,"nyc_shootings",100,"development","train"
"2019-10-23",5044,2019,2,"development",365,"Distinct incident_key per occurrence date.",5044,"nyc_shootings",100,"development","train"
"2019-10-24",5045,2019,3,"development",365,"Distinct incident_key per occurrence date.",5045,"nyc_shootings",100,"development","train"
"2019-10-25",5046,2019,3,"development",365,"Distinct incident_key per occurrence date.",5046,"nyc_shootings",100,"development","train"
"2019-10-26",5047,2019,4,"development",365,"Distinct incident_key per occurrence date.",5047,"nyc_shootings",100,"development","train"
"2019-10-27",5048,2019,3,"development",365,"Distinct incident_key per occurrence date.",5048,"nyc_shootings",100,"development","train"
"2019-10-28",5049,2019,4,"development",365,"Distinct incident_key per occurrence date.",5049,"nyc_shootings",100,"development","train"
"2019-10-29",5050,2019,2,"development",365,"Distinct incident_key per occurrence date.",5050,"nyc_shootings",100,"development","train"
"2019-10-30",5051,2019,1,"development",365,"Distinct incident_key per occurrence date.",5051,"nyc_shootings",100,"development","train"
"2019-10-31",5052,2019,3,"development",365,"Distinct incident_key per occurrence date.",5052,"nyc_shootings",100,"development","train"
"2019-11-01",5053,2019,1,"development",365,"Distinct incident_key per occurrence date.",5053,"nyc_shootings",100,"development","train"
"2019-11-02",5054,2019,5,"development",365,"Distinct incident_key per occurrence date.",5054,"nyc_shootings",100,"development","train"
"2019-11-03",5055,2019,2,"development",365,"Distinct incident_key per occurrence date.",5055,"nyc_shootings",100,"development","train"
"2019-11-04",5056,2019,2,"development",365,"Distinct incident_key per occurrence date.",5056,"nyc_shootings",100,"development","train"
"2019-11-05",5057,2019,2,"development",365,"Distinct incident_key per occurrence date.",5057,"nyc_shootings",100,"development","train"
"2019-11-06",5058,2019,3,"development",365,"Distinct incident_key per occurrence date.",5058,"nyc_shootings",100,"development","train"
"2019-11-07",5059,2019,0,"development",365,"Distinct incident_key per occurrence date.",5059,"nyc_shootings",100,"development","train"
"2019-11-08",5060,2019,0,"development",365,"Distinct incident_key per occurrence date.",5060,"nyc_shootings",100,"development","train"
"2019-11-09",5061,2019,0,"development",365,"Distinct incident_key per occurrence date.",5061,"nyc_shootings",100,"development","train"
"2019-11-10",5062,2019,5,"development",365,"Distinct incident_key per occurrence date.",5062,"nyc_shootings",100,"development","train"
"2019-11-11",5063,2019,0,"development",365,"Distinct incident_key per occurrence date.",5063,"nyc_shootings",100,"development","train"
"2019-11-12",5064,2019,1,"development",365,"Distinct incident_key per occurrence date.",5064,"nyc_shootings",100,"development","train"
"2019-11-13",5065,2019,2,"development",365,"Distinct incident_key per occurrence date.",5065,"nyc_shootings",100,"development","train"
"2019-11-14",5066,2019,3,"development",365,"Distinct incident_key per occurrence date.",5066,"nyc_shootings",100,"development","train"
"2019-11-15",5067,2019,2,"development",365,"Distinct incident_key per occurrence date.",5067,"nyc_shootings",100,"development","train"
"2019-11-16",5068,2019,1,"development",365,"Distinct incident_key per occurrence date.",5068,"nyc_shootings",100,"development","train"
"2019-11-17",5069,2019,3,"development",365,"Distinct incident_key per occurrence date.",5069,"nyc_shootings",100,"development","train"
"2019-11-18",5070,2019,0,"development",365,"Distinct incident_key per occurrence date.",5070,"nyc_shootings",100,"development","train"
"2019-11-19",5071,2019,1,"development",365,"Distinct incident_key per occurrence date.",5071,"nyc_shootings",100,"development","train"
"2019-11-20",5072,2019,3,"development",365,"Distinct incident_key per occurrence date.",5072,"nyc_shootings",100,"development","train"
"2019-11-21",5073,2019,2,"development",365,"Distinct incident_key per occurrence date.",5073,"nyc_shootings",100,"development","train"
"2019-11-22",5074,2019,0,"development",365,"Distinct incident_key per occurrence date.",5074,"nyc_shootings",100,"development","train"
"2019-11-23",5075,2019,1,"development",365,"Distinct incident_key per occurrence date.",5075,"nyc_shootings",100,"development","train"
"2019-11-24",5076,2019,0,"development",365,"Distinct incident_key per occurrence date.",5076,"nyc_shootings",100,"development","train"
"2019-11-25",5077,2019,1,"development",365,"Distinct incident_key per occurrence date.",5077,"nyc_shootings",100,"development","train"
"2019-11-26",5078,2019,1,"development",365,"Distinct incident_key per occurrence date.",5078,"nyc_shootings",100,"development","train"
"2019-11-27",5079,2019,5,"development",365,"Distinct incident_key per occurrence date.",5079,"nyc_shootings",100,"development","train"
"2019-11-28",5080,2019,2,"development",365,"Distinct incident_key per occurrence date.",5080,"nyc_shootings",100,"development","train"
"2019-11-29",5081,2019,2,"development",365,"Distinct incident_key per occurrence date.",5081,"nyc_shootings",100,"development","train"
"2019-11-30",5082,2019,1,"development",365,"Distinct incident_key per occurrence date.",5082,"nyc_shootings",100,"development","train"
"2019-12-01",5083,2019,4,"development",365,"Distinct incident_key per occurrence date.",5083,"nyc_shootings",100,"development","train"
"2019-12-02",5084,2019,2,"development",365,"Distinct incident_key per occurrence date.",5084,"nyc_shootings",100,"development","train"
"2019-12-03",5085,2019,2,"development",365,"Distinct incident_key per occurrence date.",5085,"nyc_shootings",100,"development","train"
"2019-12-04",5086,2019,2,"development",365,"Distinct incident_key per occurrence date.",5086,"nyc_shootings",100,"development","train"
"2019-12-05",5087,2019,1,"development",365,"Distinct incident_key per occurrence date.",5087,"nyc_shootings",100,"development","train"
"2019-12-06",5088,2019,3,"development",365,"Distinct incident_key per occurrence date.",5088,"nyc_shootings",100,"development","train"
"2019-12-07",5089,2019,3,"development",365,"Distinct incident_key per occurrence date.",5089,"nyc_shootings",100,"development","train"
"2019-12-08",5090,2019,1,"development",365,"Distinct incident_key per occurrence date.",5090,"nyc_shootings",100,"development","train"
"2019-12-09",5091,2019,0,"development",365,"Distinct incident_key per occurrence date.",5091,"nyc_shootings",100,"development","train"
"2019-12-10",5092,2019,3,"development",365,"Distinct incident_key per occurrence date.",5092,"nyc_shootings",100,"development","train"
"2019-12-11",5093,2019,1,"development",365,"Distinct incident_key per occurrence date.",5093,"nyc_shootings",100,"development","train"
"2019-12-12",5094,2019,0,"development",365,"Distinct incident_key per occurrence date.",5094,"nyc_shootings",100,"development","train"
"2019-12-13",5095,2019,0,"development",365,"Distinct incident_key per occurrence date.",5095,"nyc_shootings",100,"development","train"
"2019-12-14",5096,2019,1,"development",365,"Distinct incident_key per occurrence date.",5096,"nyc_shootings",100,"development","train"
"2019-12-15",5097,2019,2,"development",365,"Distinct incident_key per occurrence date.",5097,"nyc_shootings",100,"development","train"
"2019-12-16",5098,2019,2,"development",365,"Distinct incident_key per occurrence date.",5098,"nyc_shootings",100,"development","train"
"2019-12-17",5099,2019,0,"development",365,"Distinct incident_key per occurrence date.",5099,"nyc_shootings",100,"development","train"
"2019-12-18",5100,2019,2,"development",365,"Distinct incident_key per occurrence date.",5100,"nyc_shootings",100,"development","train"
"2019-12-19",5101,2019,3,"development",365,"Distinct incident_key per occurrence date.",5101,"nyc_shootings",100,"development","train"
"2019-12-20",5102,2019,1,"development",365,"Distinct incident_key per occurrence date.",5102,"nyc_shootings",100,"development","train"
"2019-12-21",5103,2019,3,"development",365,"Distinct incident_key per occurrence date.",5103,"nyc_shootings",100,"development","train"
"2019-12-22",5104,2019,0,"development",365,"Distinct incident_key per occurrence date.",5104,"nyc_shootings",100,"development","train"
"2019-12-23",5105,2019,4,"development",365,"Distinct incident_key per occurrence date.",5105,"nyc_shootings",100,"development","train"
"2019-12-24",5106,2019,1,"development",365,"Distinct incident_key per occurrence date.",5106,"nyc_shootings",100,"development","train"
"2019-12-25",5107,2019,3,"development",365,"Distinct incident_key per occurrence date.",5107,"nyc_shootings",100,"development","train"
"2019-12-26",5108,2019,1,"development",365,"Distinct incident_key per occurrence date.",5108,"nyc_shootings",100,"development","train"
"2019-12-27",5109,2019,3,"development",365,"Distinct incident_key per occurrence date.",5109,"nyc_shootings",100,"development","train"
"2019-12-28",5110,2019,3,"development",365,"Distinct incident_key per occurrence date.",5110,"nyc_shootings",100,"development","train"
"2019-12-29",5111,2019,1,"development",365,"Distinct incident_key per occurrence date.",5111,"nyc_shootings",100,"development","train"
"2019-12-30",5112,2019,2,"development",365,"Distinct incident_key per occurrence date.",5112,"nyc_shootings",100,"development","train"
"2019-12-31",5113,2019,2,"development",365,"Distinct incident_key per occurrence date.",5113,"nyc_shootings",100,"development","train"
"2020-01-01",5114,2020,3,"development",365,"Distinct incident_key per occurrence date.",5114,"nyc_shootings",100,"development","validation"
"2020-01-02",5115,2020,6,"development",365,"Distinct incident_key per occurrence date.",5115,"nyc_shootings",100,"development","validation"
"2020-01-03",5116,2020,1,"development",365,"Distinct incident_key per occurrence date.",5116,"nyc_shootings",100,"development","validation"
"2020-01-04",5117,2020,3,"development",365,"Distinct incident_key per occurrence date.",5117,"nyc_shootings",100,"development","validation"
"2020-01-05",5118,2020,3,"development",365,"Distinct incident_key per occurrence date.",5118,"nyc_shootings",100,"development","validation"
"2020-01-06",5119,2020,1,"development",365,"Distinct incident_key per occurrence date.",5119,"nyc_shootings",100,"development","validation"
"2020-01-07",5120,2020,5,"development",365,"Distinct incident_key per occurrence date.",5120,"nyc_shootings",100,"development","validation"
"2020-01-08",5121,2020,0,"development",365,"Distinct incident_key per occurrence date.",5121,"nyc_shootings",100,"development","validation"
"2020-01-09",5122,2020,2,"development",365,"Distinct incident_key per occurrence date.",5122,"nyc_shootings",100,"development","validation"
"2020-01-10",5123,2020,1,"development",365,"Distinct incident_key per occurrence date.",5123,"nyc_shootings",100,"development","validation"
"2020-01-11",5124,2020,5,"development",365,"Distinct incident_key per occurrence date.",5124,"nyc_shootings",100,"development","validation"
"2020-01-12",5125,2020,3,"development",365,"Distinct incident_key per occurrence date.",5125,"nyc_shootings",100,"development","validation"
"2020-01-13",5126,2020,3,"development",365,"Distinct incident_key per occurrence date.",5126,"nyc_shootings",100,"development","validation"
"2020-01-14",5127,2020,1,"development",365,"Distinct incident_key per occurrence date.",5127,"nyc_shootings",100,"development","validation"
"2020-01-15",5128,2020,2,"development",365,"Distinct incident_key per occurrence date.",5128,"nyc_shootings",100,"development","validation"
"2020-01-16",5129,2020,2,"development",365,"Distinct incident_key per occurrence date.",5129,"nyc_shootings",100,"development","validation"
"2020-01-17",5130,2020,0,"development",365,"Distinct incident_key per occurrence date.",5130,"nyc_shootings",100,"development","validation"
"2020-01-18",5131,2020,3,"development",365,"Distinct incident_key per occurrence date.",5131,"nyc_shootings",100,"development","validation"
"2020-01-19",5132,2020,1,"development",365,"Distinct incident_key per occurrence date.",5132,"nyc_shootings",100,"development","validation"
"2020-01-20",5133,2020,2,"development",365,"Distinct incident_key per occurrence date.",5133,"nyc_shootings",100,"development","validation"
"2020-01-21",5134,2020,2,"development",365,"Distinct incident_key per occurrence date.",5134,"nyc_shootings",100,"development","validation"
"2020-01-22",5135,2020,1,"development",365,"Distinct incident_key per occurrence date.",5135,"nyc_shootings",100,"development","validation"
"2020-01-23",5136,2020,3,"development",365,"Distinct incident_key per occurrence date.",5136,"nyc_shootings",100,"development","validation"
"2020-01-24",5137,2020,1,"development",365,"Distinct incident_key per occurrence date.",5137,"nyc_shootings",100,"development","validation"
"2020-01-25",5138,2020,5,"development",365,"Distinct incident_key per occurrence date.",5138,"nyc_shootings",100,"development","validation"
"2020-01-26",5139,2020,3,"development",365,"Distinct incident_key per occurrence date.",5139,"nyc_shootings",100,"development","validation"
"2020-01-27",5140,2020,1,"development",365,"Distinct incident_key per occurrence date.",5140,"nyc_shootings",100,"development","validation"
"2020-01-28",5141,2020,2,"development",365,"Distinct incident_key per occurrence date.",5141,"nyc_shootings",100,"development","validation"
"2020-01-29",5142,2020,1,"development",365,"Distinct incident_key per occurrence date.",5142,"nyc_shootings",100,"development","validation"
"2020-01-30",5143,2020,0,"development",365,"Distinct incident_key per occurrence date.",5143,"nyc_shootings",100,"development","validation"
"2020-01-31",5144,2020,0,"development",365,"Distinct incident_key per occurrence date.",5144,"nyc_shootings",100,"development","validation"
"2020-02-01",5145,2020,1,"development",365,"Distinct incident_key per occurrence date.",5145,"nyc_shootings",100,"development","validation"
"2020-02-02",5146,2020,2,"development",365,"Distinct incident_key per occurrence date.",5146,"nyc_shootings",100,"development","validation"
"2020-02-03",5147,2020,1,"development",365,"Distinct incident_key per occurrence date.",5147,"nyc_shootings",100,"development","validation"
"2020-02-04",5148,2020,1,"development",365,"Distinct incident_key per occurrence date.",5148,"nyc_shootings",100,"development","validation"
"2020-02-05",5149,2020,3,"development",365,"Distinct incident_key per occurrence date.",5149,"nyc_shootings",100,"development","validation"
"2020-02-06",5150,2020,0,"development",365,"Distinct incident_key per occurrence date.",5150,"nyc_shootings",100,"development","validation"
"2020-02-07",5151,2020,1,"development",365,"Distinct incident_key per occurrence date.",5151,"nyc_shootings",100,"development","validation"
"2020-02-08",5152,2020,5,"development",365,"Distinct incident_key per occurrence date.",5152,"nyc_shootings",100,"development","validation"
"2020-02-09",5153,2020,3,"development",365,"Distinct incident_key per occurrence date.",5153,"nyc_shootings",100,"development","validation"
"2020-02-10",5154,2020,1,"development",365,"Distinct incident_key per occurrence date.",5154,"nyc_shootings",100,"development","validation"
"2020-02-11",5155,2020,1,"development",365,"Distinct incident_key per occurrence date.",5155,"nyc_shootings",100,"development","validation"
"2020-02-12",5156,2020,1,"development",365,"Distinct incident_key per occurrence date.",5156,"nyc_shootings",100,"development","validation"
"2020-02-13",5157,2020,1,"development",365,"Distinct incident_key per occurrence date.",5157,"nyc_shootings",100,"development","validation"
"2020-02-14",5158,2020,2,"development",365,"Distinct incident_key per occurrence date.",5158,"nyc_shootings",100,"development","validation"
"2020-02-15",5159,2020,0,"development",365,"Distinct incident_key per occurrence date.",5159,"nyc_shootings",100,"development","validation"
"2020-02-16",5160,2020,1,"development",365,"Distinct incident_key per occurrence date.",5160,"nyc_shootings",100,"development","validation"
"2020-02-17",5161,2020,2,"development",365,"Distinct incident_key per occurrence date.",5161,"nyc_shootings",100,"development","validation"
"2020-02-18",5162,2020,3,"development",365,"Distinct incident_key per occurrence date.",5162,"nyc_shootings",100,"development","validation"
"2020-02-19",5163,2020,2,"development",365,"Distinct incident_key per occurrence date.",5163,"nyc_shootings",100,"development","validation"
"2020-02-20",5164,2020,0,"development",365,"Distinct incident_key per occurrence date.",5164,"nyc_shootings",100,"development","validation"
"2020-02-21",5165,2020,4,"development",365,"Distinct incident_key per occurrence date.",5165,"nyc_shootings",100,"development","validation"
"2020-02-22",5166,2020,1,"development",365,"Distinct incident_key per occurrence date.",5166,"nyc_shootings",100,"development","validation"
"2020-02-23",5167,2020,1,"development",365,"Distinct incident_key per occurrence date.",5167,"nyc_shootings",100,"development","validation"
"2020-02-24",5168,2020,2,"development",365,"Distinct incident_key per occurrence date.",5168,"nyc_shootings",100,"development","validation"
"2020-02-25",5169,2020,0,"development",365,"Distinct incident_key per occurrence date.",5169,"nyc_shootings",100,"development","validation"
"2020-02-26",5170,2020,1,"development",365,"Distinct incident_key per occurrence date.",5170,"nyc_shootings",100,"development","validation"
"2020-02-27",5171,2020,3,"development",365,"Distinct incident_key per occurrence date.",5171,"nyc_shootings",100,"development","validation"
"2020-02-28",5172,2020,1,"development",365,"Distinct incident_key per occurrence date.",5172,"nyc_shootings",100,"development","validation"
"2020-02-29",5173,2020,1,"development",365,"Distinct incident_key per occurrence date.",5173,"nyc_shootings",100,"development","validation"
"2020-03-01",5174,2020,1,"development",365,"Distinct incident_key per occurrence date.",5174,"nyc_shootings",100,"development","validation"
"2020-03-02",5175,2020,0,"development",365,"Distinct incident_key per occurrence date.",5175,"nyc_shootings",100,"development","validation"
"2020-03-03",5176,2020,3,"development",365,"Distinct incident_key per occurrence date.",5176,"nyc_shootings",100,"development","validation"
"2020-03-04",5177,2020,2,"development",365,"Distinct incident_key per occurrence date.",5177,"nyc_shootings",100,"development","validation"
"2020-03-05",5178,2020,2,"development",365,"Distinct incident_key per occurrence date.",5178,"nyc_shootings",100,"development","validation"
"2020-03-06",5179,2020,1,"development",365,"Distinct incident_key per occurrence date.",5179,"nyc_shootings",100,"development","validation"
"2020-03-07",5180,2020,2,"development",365,"Distinct incident_key per occurrence date.",5180,"nyc_shootings",100,"development","validation"
"2020-03-08",5181,2020,4,"development",365,"Distinct incident_key per occurrence date.",5181,"nyc_shootings",100,"development","validation"
"2020-03-09",5182,2020,4,"development",365,"Distinct incident_key per occurrence date.",5182,"nyc_shootings",100,"development","validation"
"2020-03-10",5183,2020,4,"development",365,"Distinct incident_key per occurrence date.",5183,"nyc_shootings",100,"development","validation"
"2020-03-11",5184,2020,0,"development",365,"Distinct incident_key per occurrence date.",5184,"nyc_shootings",100,"development","validation"
"2020-03-12",5185,2020,1,"development",365,"Distinct incident_key per occurrence date.",5185,"nyc_shootings",100,"development","validation"
"2020-03-13",5186,2020,2,"development",365,"Distinct incident_key per occurrence date.",5186,"nyc_shootings",100,"development","validation"
"2020-03-14",5187,2020,5,"development",365,"Distinct incident_key per occurrence date.",5187,"nyc_shootings",100,"development","validation"
"2020-03-15",5188,2020,3,"development",365,"Distinct incident_key per occurrence date.",5188,"nyc_shootings",100,"development","validation"
"2020-03-16",5189,2020,1,"development",365,"Distinct incident_key per occurrence date.",5189,"nyc_shootings",100,"development","validation"
"2020-03-17",5190,2020,0,"development",365,"Distinct incident_key per occurrence date.",5190,"nyc_shootings",100,"development","validation"
"2020-03-18",5191,2020,1,"development",365,"Distinct incident_key per occurrence date.",5191,"nyc_shootings",100,"development","validation"
"2020-03-19",5192,2020,1,"development",365,"Distinct incident_key per occurrence date.",5192,"nyc_shootings",100,"development","validation"
"2020-03-20",5193,2020,4,"development",365,"Distinct incident_key per occurrence date.",5193,"nyc_shootings",100,"development","validation"
"2020-03-21",5194,2020,5,"development",365,"Distinct incident_key per occurrence date.",5194,"nyc_shootings",100,"development","validation"
"2020-03-22",5195,2020,1,"development",365,"Distinct incident_key per occurrence date.",5195,"nyc_shootings",100,"development","validation"
"2020-03-23",5196,2020,1,"development",365,"Distinct incident_key per occurrence date.",5196,"nyc_shootings",100,"development","validation"
"2020-03-24",5197,2020,0,"development",365,"Distinct incident_key per occurrence date.",5197,"nyc_shootings",100,"development","validation"
"2020-03-25",5198,2020,0,"development",365,"Distinct incident_key per occurrence date.",5198,"nyc_shootings",100,"development","validation"
"2020-03-26",5199,2020,1,"development",365,"Distinct incident_key per occurrence date.",5199,"nyc_shootings",100,"development","validation"
"2020-03-27",5200,2020,3,"development",365,"Distinct incident_key per occurrence date.",5200,"nyc_shootings",100,"development","validation"
"2020-03-28",5201,2020,1,"development",365,"Distinct incident_key per occurrence date.",5201,"nyc_shootings",100,"development","validation"
"2020-03-29",5202,2020,2,"development",365,"Distinct incident_key per occurrence date.",5202,"nyc_shootings",100,"development","validation"
"2020-03-30",5203,2020,1,"development",365,"Distinct incident_key per occurrence date.",5203,"nyc_shootings",100,"development","validation"
"2020-03-31",5204,2020,0,"development",365,"Distinct incident_key per occurrence date.",5204,"nyc_shootings",100,"development","validation"
"2020-04-01",5205,2020,2,"development",365,"Distinct incident_key per occurrence date.",5205,"nyc_shootings",100,"development","validation"
"2020-04-02",5206,2020,1,"development",365,"Distinct incident_key per occurrence date.",5206,"nyc_shootings",100,"development","validation"
"2020-04-03",5207,2020,0,"development",365,"Distinct incident_key per occurrence date.",5207,"nyc_shootings",100,"development","validation"
"2020-04-04",5208,2020,1,"development",365,"Distinct incident_key per occurrence date.",5208,"nyc_shootings",100,"development","validation"
"2020-04-05",5209,2020,1,"development",365,"Distinct incident_key per occurrence date.",5209,"nyc_shootings",100,"development","validation"
"2020-04-06",5210,2020,5,"development",365,"Distinct incident_key per occurrence date.",5210,"nyc_shootings",100,"development","validation"
"2020-04-07",5211,2020,3,"development",365,"Distinct incident_key per occurrence date.",5211,"nyc_shootings",100,"development","validation"
"2020-04-08",5212,2020,3,"development",365,"Distinct incident_key per occurrence date.",5212,"nyc_shootings",100,"development","validation"
"2020-04-09",5213,2020,1,"development",365,"Distinct incident_key per occurrence date.",5213,"nyc_shootings",100,"development","validation"
"2020-04-10",5214,2020,3,"development",365,"Distinct incident_key per occurrence date.",5214,"nyc_shootings",100,"development","validation"
"2020-04-11",5215,2020,5,"development",365,"Distinct incident_key per occurrence date.",5215,"nyc_shootings",100,"development","validation"
"2020-04-12",5216,2020,0,"development",365,"Distinct incident_key per occurrence date.",5216,"nyc_shootings",100,"development","validation"
"2020-04-13",5217,2020,1,"development",365,"Distinct incident_key per occurrence date.",5217,"nyc_shootings",100,"development","validation"
"2020-04-14",5218,2020,2,"development",365,"Distinct incident_key per occurrence date.",5218,"nyc_shootings",100,"development","validation"
"2020-04-15",5219,2020,2,"development",365,"Distinct incident_key per occurrence date.",5219,"nyc_shootings",100,"development","validation"
"2020-04-16",5220,2020,1,"development",365,"Distinct incident_key per occurrence date.",5220,"nyc_shootings",100,"development","validation"
"2020-04-17",5221,2020,1,"development",365,"Distinct incident_key per occurrence date.",5221,"nyc_shootings",100,"development","validation"
"2020-04-18",5222,2020,1,"development",365,"Distinct incident_key per occurrence date.",5222,"nyc_shootings",100,"development","validation"
"2020-04-19",5223,2020,3,"development",365,"Distinct incident_key per occurrence date.",5223,"nyc_shootings",100,"development","validation"
"2020-04-20",5224,2020,4,"development",365,"Distinct incident_key per occurrence date.",5224,"nyc_shootings",100,"development","validation"
"2020-04-21",5225,2020,0,"development",365,"Distinct incident_key per occurrence date.",5225,"nyc_shootings",100,"development","validation"
"2020-04-22",5226,2020,2,"development",365,"Distinct incident_key per occurrence date.",5226,"nyc_shootings",100,"development","validation"
"2020-04-23",5227,2020,0,"development",365,"Distinct incident_key per occurrence date.",5227,"nyc_shootings",100,"development","validation"
"2020-04-24",5228,2020,1,"development",365,"Distinct incident_key per occurrence date.",5228,"nyc_shootings",100,"development","validation"
"2020-04-25",5229,2020,3,"development",365,"Distinct incident_key per occurrence date.",5229,"nyc_shootings",100,"development","validation"
"2020-04-26",5230,2020,1,"development",365,"Distinct incident_key per occurrence date.",5230,"nyc_shootings",100,"development","validation"
"2020-04-27",5231,2020,3,"development",365,"Distinct incident_key per occurrence date.",5231,"nyc_shootings",100,"development","validation"
"2020-04-28",5232,2020,0,"development",365,"Distinct incident_key per occurrence date.",5232,"nyc_shootings",100,"development","validation"
"2020-04-29",5233,2020,3,"development",365,"Distinct incident_key per occurrence date.",5233,"nyc_shootings",100,"development","validation"
"2020-04-30",5234,2020,3,"development",365,"Distinct incident_key per occurrence date.",5234,"nyc_shootings",100,"development","validation"
"2020-05-01",5235,2020,1,"development",365,"Distinct incident_key per occurrence date.",5235,"nyc_shootings",100,"development","validation"
"2020-05-02",5236,2020,3,"development",365,"Distinct incident_key per occurrence date.",5236,"nyc_shootings",100,"development","validation"
"2020-05-03",5237,2020,5,"development",365,"Distinct incident_key per occurrence date.",5237,"nyc_shootings",100,"development","validation"
"2020-05-04",5238,2020,1,"development",365,"Distinct incident_key per occurrence date.",5238,"nyc_shootings",100,"development","validation"
"2020-05-05",5239,2020,3,"development",365,"Distinct incident_key per occurrence date.",5239,"nyc_shootings",100,"development","validation"
"2020-05-06",5240,2020,1,"development",365,"Distinct incident_key per occurrence date.",5240,"nyc_shootings",100,"development","validation"
"2020-05-07",5241,2020,3,"development",365,"Distinct incident_key per occurrence date.",5241,"nyc_shootings",100,"development","validation"
"2020-05-08",5242,2020,1,"development",365,"Distinct incident_key per occurrence date.",5242,"nyc_shootings",100,"development","validation"
"2020-05-09",5243,2020,1,"development",365,"Distinct incident_key per occurrence date.",5243,"nyc_shootings",100,"development","validation"
"2020-05-10",5244,2020,3,"development",365,"Distinct incident_key per occurrence date.",5244,"nyc_shootings",100,"development","validation"
"2020-05-11",5245,2020,3,"development",365,"Distinct incident_key per occurrence date.",5245,"nyc_shootings",100,"development","validation"
"2020-05-12",5246,2020,2,"development",365,"Distinct incident_key per occurrence date.",5246,"nyc_shootings",100,"development","validation"
"2020-05-13",5247,2020,4,"development",365,"Distinct incident_key per occurrence date.",5247,"nyc_shootings",100,"development","validation"
"2020-05-14",5248,2020,2,"development",365,"Distinct incident_key per occurrence date.",5248,"nyc_shootings",100,"development","validation"
"2020-05-15",5249,2020,7,"development",365,"Distinct incident_key per occurrence date.",5249,"nyc_shootings",100,"development","validation"
"2020-05-16",5250,2020,7,"development",365,"Distinct incident_key per occurrence date.",5250,"nyc_shootings",100,"development","validation"
"2020-05-17",5251,2020,6,"development",365,"Distinct incident_key per occurrence date.",5251,"nyc_shootings",100,"development","validation"
"2020-05-18",5252,2020,1,"development",365,"Distinct incident_key per occurrence date.",5252,"nyc_shootings",100,"development","validation"
"2020-05-19",5253,2020,4,"development",365,"Distinct incident_key per occurrence date.",5253,"nyc_shootings",100,"development","validation"
"2020-05-20",5254,2020,3,"development",365,"Distinct incident_key per occurrence date.",5254,"nyc_shootings",100,"development","validation"
"2020-05-21",5255,2020,4,"development",365,"Distinct incident_key per occurrence date.",5255,"nyc_shootings",100,"development","validation"
"2020-05-22",5256,2020,4,"development",365,"Distinct incident_key per occurrence date.",5256,"nyc_shootings",100,"development","validation"
"2020-05-23",5257,2020,3,"development",365,"Distinct incident_key per occurrence date.",5257,"nyc_shootings",100,"development","validation"
"2020-05-24",5258,2020,4,"development",365,"Distinct incident_key per occurrence date.",5258,"nyc_shootings",100,"development","validation"
"2020-05-25",5259,2020,3,"development",365,"Distinct incident_key per occurrence date.",5259,"nyc_shootings",100,"development","validation"
"2020-05-26",5260,2020,5,"development",365,"Distinct incident_key per occurrence date.",5260,"nyc_shootings",100,"development","validation"
"2020-05-27",5261,2020,0,"development",365,"Distinct incident_key per occurrence date.",5261,"nyc_shootings",100,"development","validation"
"2020-05-28",5262,2020,1,"development",365,"Distinct incident_key per occurrence date.",5262,"nyc_shootings",100,"development","validation"
"2020-05-29",5263,2020,3,"development",365,"Distinct incident_key per occurrence date.",5263,"nyc_shootings",100,"development","validation"
"2020-05-30",5264,2020,7,"development",365,"Distinct incident_key per occurrence date.",5264,"nyc_shootings",100,"development","validation"
"2020-05-31",5265,2020,5,"development",365,"Distinct incident_key per occurrence date.",5265,"nyc_shootings",100,"development","validation"
"2020-06-01",5266,2020,9,"development",365,"Distinct incident_key per occurrence date.",5266,"nyc_shootings",100,"development","validation"
"2020-06-02",5267,2020,8,"development",365,"Distinct incident_key per occurrence date.",5267,"nyc_shootings",100,"development","validation"
"2020-06-03",5268,2020,4,"development",365,"Distinct incident_key per occurrence date.",5268,"nyc_shootings",100,"development","validation"
"2020-06-04",5269,2020,2,"development",365,"Distinct incident_key per occurrence date.",5269,"nyc_shootings",100,"development","validation"
"2020-06-05",5270,2020,6,"development",365,"Distinct incident_key per occurrence date.",5270,"nyc_shootings",100,"development","validation"
"2020-06-06",5271,2020,6,"development",365,"Distinct incident_key per occurrence date.",5271,"nyc_shootings",100,"development","validation"
"2020-06-07",5272,2020,4,"development",365,"Distinct incident_key per occurrence date.",5272,"nyc_shootings",100,"development","validation"
"2020-06-08",5273,2020,5,"development",365,"Distinct incident_key per occurrence date.",5273,"nyc_shootings",100,"development","validation"
"2020-06-09",5274,2020,3,"development",365,"Distinct incident_key per occurrence date.",5274,"nyc_shootings",100,"development","validation"
"2020-06-10",5275,2020,2,"development",365,"Distinct incident_key per occurrence date.",5275,"nyc_shootings",100,"development","validation"
"2020-06-11",5276,2020,3,"development",365,"Distinct incident_key per occurrence date.",5276,"nyc_shootings",100,"development","validation"
"2020-06-12",5277,2020,5,"development",365,"Distinct incident_key per occurrence date.",5277,"nyc_shootings",100,"development","validation"
"2020-06-13",5278,2020,6,"development",365,"Distinct incident_key per occurrence date.",5278,"nyc_shootings",100,"development","validation"
"2020-06-14",5279,2020,9,"development",365,"Distinct incident_key per occurrence date.",5279,"nyc_shootings",100,"development","validation"
"2020-06-15",5280,2020,7,"development",365,"Distinct incident_key per occurrence date.",5280,"nyc_shootings",100,"development","validation"
"2020-06-16",5281,2020,4,"development",365,"Distinct incident_key per occurrence date.",5281,"nyc_shootings",100,"development","validation"
"2020-06-17",5282,2020,8,"development",365,"Distinct incident_key per occurrence date.",5282,"nyc_shootings",100,"development","validation"
"2020-06-18",5283,2020,7,"development",365,"Distinct incident_key per occurrence date.",5283,"nyc_shootings",100,"development","validation"
"2020-06-19",5284,2020,8,"development",365,"Distinct incident_key per occurrence date.",5284,"nyc_shootings",100,"development","validation"
"2020-06-20",5285,2020,15,"development",365,"Distinct incident_key per occurrence date.",5285,"nyc_shootings",100,"development","validation"
"2020-06-21",5286,2020,5,"development",365,"Distinct incident_key per occurrence date.",5286,"nyc_shootings",100,"development","validation"
"2020-06-22",5287,2020,9,"development",365,"Distinct incident_key per occurrence date.",5287,"nyc_shootings",100,"development","validation"
"2020-06-23",5288,2020,10,"development",365,"Distinct incident_key per occurrence date.",5288,"nyc_shootings",100,"development","validation"
"2020-06-24",5289,2020,3,"development",365,"Distinct incident_key per occurrence date.",5289,"nyc_shootings",100,"development","validation"
"2020-06-25",5290,2020,6,"development",365,"Distinct incident_key per occurrence date.",5290,"nyc_shootings",100,"development","validation"
"2020-06-26",5291,2020,9,"development",365,"Distinct incident_key per occurrence date.",5291,"nyc_shootings",100,"development","validation"
"2020-06-27",5292,2020,17,"development",365,"Distinct incident_key per occurrence date.",5292,"nyc_shootings",100,"development","validation"
"2020-06-28",5293,2020,8,"development",365,"Distinct incident_key per occurrence date.",5293,"nyc_shootings",100,"development","validation"
"2020-06-29",5294,2020,9,"development",365,"Distinct incident_key per occurrence date.",5294,"nyc_shootings",100,"development","validation"
"2020-06-30",5295,2020,8,"development",365,"Distinct incident_key per occurrence date.",5295,"nyc_shootings",100,"development","validation"
"2020-07-01",5296,2020,2,"development",365,"Distinct incident_key per occurrence date.",5296,"nyc_shootings",100,"development","validation"
"2020-07-02",5297,2020,10,"development",365,"Distinct incident_key per occurrence date.",5297,"nyc_shootings",100,"development","validation"
"2020-07-03",5298,2020,7,"development",365,"Distinct incident_key per occurrence date.",5298,"nyc_shootings",100,"development","validation"
"2020-07-04",5299,2020,8,"development",365,"Distinct incident_key per occurrence date.",5299,"nyc_shootings",100,"development","validation"
"2020-07-05",5300,2020,30,"development",365,"Distinct incident_key per occurrence date.",5300,"nyc_shootings",100,"development","validation"
"2020-07-06",5301,2020,4,"development",365,"Distinct incident_key per occurrence date.",5301,"nyc_shootings",100,"development","validation"
"2020-07-07",5302,2020,6,"development",365,"Distinct incident_key per occurrence date.",5302,"nyc_shootings",100,"development","validation"
"2020-07-08",5303,2020,5,"development",365,"Distinct incident_key per occurrence date.",5303,"nyc_shootings",100,"development","validation"
"2020-07-09",5304,2020,6,"development",365,"Distinct incident_key per occurrence date.",5304,"nyc_shootings",100,"development","validation"
"2020-07-10",5305,2020,6,"development",365,"Distinct incident_key per occurrence date.",5305,"nyc_shootings",100,"development","validation"
"2020-07-11",5306,2020,11,"development",365,"Distinct incident_key per occurrence date.",5306,"nyc_shootings",100,"development","validation"
"2020-07-12",5307,2020,11,"development",365,"Distinct incident_key per occurrence date.",5307,"nyc_shootings",100,"development","validation"
"2020-07-13",5308,2020,16,"development",365,"Distinct incident_key per occurrence date.",5308,"nyc_shootings",100,"development","validation"
"2020-07-14",5309,2020,10,"development",365,"Distinct incident_key per occurrence date.",5309,"nyc_shootings",100,"development","validation"
"2020-07-15",5310,2020,7,"development",365,"Distinct incident_key per occurrence date.",5310,"nyc_shootings",100,"development","validation"
"2020-07-16",5311,2020,10,"development",365,"Distinct incident_key per occurrence date.",5311,"nyc_shootings",100,"development","validation"
"2020-07-17",5312,2020,6,"development",365,"Distinct incident_key per occurrence date.",5312,"nyc_shootings",100,"development","validation"
"2020-07-18",5313,2020,6,"development",365,"Distinct incident_key per occurrence date.",5313,"nyc_shootings",100,"development","validation"
"2020-07-19",5314,2020,9,"development",365,"Distinct incident_key per occurrence date.",5314,"nyc_shootings",100,"development","validation"
"2020-07-20",5315,2020,7,"development",365,"Distinct incident_key per occurrence date.",5315,"nyc_shootings",100,"development","validation"
"2020-07-21",5316,2020,5,"development",365,"Distinct incident_key per occurrence date.",5316,"nyc_shootings",100,"development","validation"
"2020-07-22",5317,2020,4,"development",365,"Distinct incident_key per occurrence date.",5317,"nyc_shootings",100,"development","validation"
"2020-07-23",5318,2020,1,"development",365,"Distinct incident_key per occurrence date.",5318,"nyc_shootings",100,"development","validation"
"2020-07-24",5319,2020,8,"development",365,"Distinct incident_key per occurrence date.",5319,"nyc_shootings",100,"development","validation"
"2020-07-25",5320,2020,7,"development",365,"Distinct incident_key per occurrence date.",5320,"nyc_shootings",100,"development","validation"
"2020-07-26",5321,2020,15,"development",365,"Distinct incident_key per occurrence date.",5321,"nyc_shootings",100,"development","validation"
"2020-07-27",5322,2020,10,"development",365,"Distinct incident_key per occurrence date.",5322,"nyc_shootings",100,"development","validation"
"2020-07-28",5323,2020,6,"development",365,"Distinct incident_key per occurrence date.",5323,"nyc_shootings",100,"development","validation"
"2020-07-29",5324,2020,3,"development",365,"Distinct incident_key per occurrence date.",5324,"nyc_shootings",100,"development","validation"
"2020-07-30",5325,2020,2,"development",365,"Distinct incident_key per occurrence date.",5325,"nyc_shootings",100,"development","validation"
"2020-07-31",5326,2020,5,"development",365,"Distinct incident_key per occurrence date.",5326,"nyc_shootings",100,"development","validation"
"2020-08-01",5327,2020,6,"development",365,"Distinct incident_key per occurrence date.",5327,"nyc_shootings",100,"development","validation"
"2020-08-02",5328,2020,14,"development",365,"Distinct incident_key per occurrence date.",5328,"nyc_shootings",100,"development","validation"
"2020-08-03",5329,2020,9,"development",365,"Distinct incident_key per occurrence date.",5329,"nyc_shootings",100,"development","validation"
"2020-08-04",5330,2020,2,"development",365,"Distinct incident_key per occurrence date.",5330,"nyc_shootings",100,"development","validation"
"2020-08-05",5331,2020,4,"development",365,"Distinct incident_key per occurrence date.",5331,"nyc_shootings",100,"development","validation"
"2020-08-06",5332,2020,6,"development",365,"Distinct incident_key per occurrence date.",5332,"nyc_shootings",100,"development","validation"
"2020-08-07",5333,2020,3,"development",365,"Distinct incident_key per occurrence date.",5333,"nyc_shootings",100,"development","validation"
"2020-08-08",5334,2020,5,"development",365,"Distinct incident_key per occurrence date.",5334,"nyc_shootings",100,"development","validation"
"2020-08-09",5335,2020,12,"development",365,"Distinct incident_key per occurrence date.",5335,"nyc_shootings",100,"development","validation"
"2020-08-10",5336,2020,3,"development",365,"Distinct incident_key per occurrence date.",5336,"nyc_shootings",100,"development","validation"
"2020-08-11",5337,2020,7,"development",365,"Distinct incident_key per occurrence date.",5337,"nyc_shootings",100,"development","validation"
"2020-08-12",5338,2020,7,"development",365,"Distinct incident_key per occurrence date.",5338,"nyc_shootings",100,"development","validation"
"2020-08-13",5339,2020,6,"development",365,"Distinct incident_key per occurrence date.",5339,"nyc_shootings",100,"development","validation"
"2020-08-14",5340,2020,12,"development",365,"Distinct incident_key per occurrence date.",5340,"nyc_shootings",100,"development","validation"
"2020-08-15",5341,2020,21,"development",365,"Distinct incident_key per occurrence date.",5341,"nyc_shootings",100,"development","validation"
"2020-08-16",5342,2020,7,"development",365,"Distinct incident_key per occurrence date.",5342,"nyc_shootings",100,"development","validation"
"2020-08-17",5343,2020,6,"development",365,"Distinct incident_key per occurrence date.",5343,"nyc_shootings",100,"development","validation"
"2020-08-18",5344,2020,5,"development",365,"Distinct incident_key per occurrence date.",5344,"nyc_shootings",100,"development","validation"
"2020-08-19",5345,2020,8,"development",365,"Distinct incident_key per occurrence date.",5345,"nyc_shootings",100,"development","validation"
"2020-08-20",5346,2020,4,"development",365,"Distinct incident_key per occurrence date.",5346,"nyc_shootings",100,"development","validation"
"2020-08-21",5347,2020,9,"development",365,"Distinct incident_key per occurrence date.",5347,"nyc_shootings",100,"development","validation"
"2020-08-22",5348,2020,16,"development",365,"Distinct incident_key per occurrence date.",5348,"nyc_shootings",100,"development","validation"
"2020-08-23",5349,2020,9,"development",365,"Distinct incident_key per occurrence date.",5349,"nyc_shootings",100,"development","validation"
"2020-08-24",5350,2020,7,"development",365,"Distinct incident_key per occurrence date.",5350,"nyc_shootings",100,"development","validation"
"2020-08-25",5351,2020,3,"development",365,"Distinct incident_key per occurrence date.",5351,"nyc_shootings",100,"development","validation"
"2020-08-26",5352,2020,5,"development",365,"Distinct incident_key per occurrence date.",5352,"nyc_shootings",100,"development","validation"
"2020-08-27",5353,2020,5,"development",365,"Distinct incident_key per occurrence date.",5353,"nyc_shootings",100,"development","validation"
"2020-08-28",5354,2020,6,"development",365,"Distinct incident_key per occurrence date.",5354,"nyc_shootings",100,"development","validation"
"2020-08-29",5355,2020,11,"development",365,"Distinct incident_key per occurrence date.",5355,"nyc_shootings",100,"development","validation"
"2020-08-30",5356,2020,13,"development",365,"Distinct incident_key per occurrence date.",5356,"nyc_shootings",100,"development","validation"
"2020-08-31",5357,2020,10,"development",365,"Distinct incident_key per occurrence date.",5357,"nyc_shootings",100,"development","validation"
"2020-09-01",5358,2020,10,"development",365,"Distinct incident_key per occurrence date.",5358,"nyc_shootings",100,"development","validation"
"2020-09-02",5359,2020,8,"development",365,"Distinct incident_key per occurrence date.",5359,"nyc_shootings",100,"development","validation"
"2020-09-03",5360,2020,5,"development",365,"Distinct incident_key per occurrence date.",5360,"nyc_shootings",100,"development","validation"
"2020-09-04",5361,2020,7,"development",365,"Distinct incident_key per occurrence date.",5361,"nyc_shootings",100,"development","validation"
"2020-09-05",5362,2020,4,"development",365,"Distinct incident_key per occurrence date.",5362,"nyc_shootings",100,"development","validation"
"2020-09-06",5363,2020,7,"development",365,"Distinct incident_key per occurrence date.",5363,"nyc_shootings",100,"development","validation"
"2020-09-07",5364,2020,5,"development",365,"Distinct incident_key per occurrence date.",5364,"nyc_shootings",100,"development","validation"
"2020-09-08",5365,2020,7,"development",365,"Distinct incident_key per occurrence date.",5365,"nyc_shootings",100,"development","validation"
"2020-09-09",5366,2020,3,"development",365,"Distinct incident_key per occurrence date.",5366,"nyc_shootings",100,"development","validation"
"2020-09-10",5367,2020,5,"development",365,"Distinct incident_key per occurrence date.",5367,"nyc_shootings",100,"development","validation"
"2020-09-11",5368,2020,4,"development",365,"Distinct incident_key per occurrence date.",5368,"nyc_shootings",100,"development","validation"
"2020-09-12",5369,2020,12,"development",365,"Distinct incident_key per occurrence date.",5369,"nyc_shootings",100,"development","validation"
"2020-09-13",5370,2020,6,"development",365,"Distinct incident_key per occurrence date.",5370,"nyc_shootings",100,"development","validation"
"2020-09-14",5371,2020,3,"development",365,"Distinct incident_key per occurrence date.",5371,"nyc_shootings",100,"development","validation"
"2020-09-15",5372,2020,4,"development",365,"Distinct incident_key per occurrence date.",5372,"nyc_shootings",100,"development","validation"
"2020-09-16",5373,2020,4,"development",365,"Distinct incident_key per occurrence date.",5373,"nyc_shootings",100,"development","validation"
"2020-09-17",5374,2020,4,"development",365,"Distinct incident_key per occurrence date.",5374,"nyc_shootings",100,"development","validation"
"2020-09-18",5375,2020,5,"development",365,"Distinct incident_key per occurrence date.",5375,"nyc_shootings",100,"development","validation"
"2020-09-19",5376,2020,3,"development",365,"Distinct incident_key per occurrence date.",5376,"nyc_shootings",100,"development","validation"
"2020-09-20",5377,2020,4,"development",365,"Distinct incident_key per occurrence date.",5377,"nyc_shootings",100,"development","validation"
"2020-09-21",5378,2020,5,"development",365,"Distinct incident_key per occurrence date.",5378,"nyc_shootings",100,"development","validation"
"2020-09-22",5379,2020,2,"development",365,"Distinct incident_key per occurrence date.",5379,"nyc_shootings",100,"development","validation"
"2020-09-23",5380,2020,6,"development",365,"Distinct incident_key per occurrence date.",5380,"nyc_shootings",100,"development","validation"
"2020-09-24",5381,2020,3,"development",365,"Distinct incident_key per occurrence date.",5381,"nyc_shootings",100,"development","validation"
"2020-09-25",5382,2020,4,"development",365,"Distinct incident_key per occurrence date.",5382,"nyc_shootings",100,"development","validation"
"2020-09-26",5383,2020,3,"development",365,"Distinct incident_key per occurrence date.",5383,"nyc_shootings",100,"development","validation"
"2020-09-27",5384,2020,7,"development",365,"Distinct incident_key per occurrence date.",5384,"nyc_shootings",100,"development","validation"
"2020-09-28",5385,2020,3,"development",365,"Distinct incident_key per occurrence date.",5385,"nyc_shootings",100,"development","validation"
"2020-09-29",5386,2020,2,"development",365,"Distinct incident_key per occurrence date.",5386,"nyc_shootings",100,"development","validation"
"2020-09-30",5387,2020,5,"development",365,"Distinct incident_key per occurrence date.",5387,"nyc_shootings",100,"development","validation"
"2020-10-01",5388,2020,2,"development",365,"Distinct incident_key per occurrence date.",5388,"nyc_shootings",100,"development","validation"
"2020-10-02",5389,2020,2,"development",365,"Distinct incident_key per occurrence date.",5389,"nyc_shootings",100,"development","validation"
"2020-10-03",5390,2020,5,"development",365,"Distinct incident_key per occurrence date.",5390,"nyc_shootings",100,"development","validation"
"2020-10-04",5391,2020,1,"development",365,"Distinct incident_key per occurrence date.",5391,"nyc_shootings",100,"development","validation"
"2020-10-05",5392,2020,6,"development",365,"Distinct incident_key per occurrence date.",5392,"nyc_shootings",100,"development","validation"
"2020-10-06",5393,2020,7,"development",365,"Distinct incident_key per occurrence date.",5393,"nyc_shootings",100,"development","validation"
"2020-10-07",5394,2020,2,"development",365,"Distinct incident_key per occurrence date.",5394,"nyc_shootings",100,"development","validation"
"2020-10-08",5395,2020,1,"development",365,"Distinct incident_key per occurrence date.",5395,"nyc_shootings",100,"development","validation"
"2020-10-09",5396,2020,4,"development",365,"Distinct incident_key per occurrence date.",5396,"nyc_shootings",100,"development","validation"
"2020-10-10",5397,2020,5,"development",365,"Distinct incident_key per occurrence date.",5397,"nyc_shootings",100,"development","validation"
"2020-10-11",5398,2020,7,"development",365,"Distinct incident_key per occurrence date.",5398,"nyc_shootings",100,"development","validation"
"2020-10-12",5399,2020,4,"development",365,"Distinct incident_key per occurrence date.",5399,"nyc_shootings",100,"development","validation"
"2020-10-13",5400,2020,3,"development",365,"Distinct incident_key per occurrence date.",5400,"nyc_shootings",100,"development","validation"
"2020-10-14",5401,2020,4,"development",365,"Distinct incident_key per occurrence date.",5401,"nyc_shootings",100,"development","validation"
"2020-10-15",5402,2020,8,"development",365,"Distinct incident_key per occurrence date.",5402,"nyc_shootings",100,"development","validation"
"2020-10-16",5403,2020,1,"development",365,"Distinct incident_key per occurrence date.",5403,"nyc_shootings",100,"development","validation"
"2020-10-17",5404,2020,3,"development",365,"Distinct incident_key per occurrence date.",5404,"nyc_shootings",100,"development","validation"
"2020-10-18",5405,2020,8,"development",365,"Distinct incident_key per occurrence date.",5405,"nyc_shootings",100,"development","validation"
"2020-10-19",5406,2020,4,"development",365,"Distinct incident_key per occurrence date.",5406,"nyc_shootings",100,"development","validation"
"2020-10-20",5407,2020,5,"development",365,"Distinct incident_key per occurrence date.",5407,"nyc_shootings",100,"development","validation"
"2020-10-21",5408,2020,6,"development",365,"Distinct incident_key per occurrence date.",5408,"nyc_shootings",100,"development","validation"
"2020-10-22",5409,2020,9,"development",365,"Distinct incident_key per occurrence date.",5409,"nyc_shootings",100,"development","validation"
"2020-10-23",5410,2020,6,"development",365,"Distinct incident_key per occurrence date.",5410,"nyc_shootings",100,"development","validation"
"2020-10-24",5411,2020,6,"development",365,"Distinct incident_key per occurrence date.",5411,"nyc_shootings",100,"development","validation"
"2020-10-25",5412,2020,4,"development",365,"Distinct incident_key per occurrence date.",5412,"nyc_shootings",100,"development","validation"
"2020-10-26",5413,2020,4,"development",365,"Distinct incident_key per occurrence date.",5413,"nyc_shootings",100,"development","validation"
"2020-10-27",5414,2020,3,"development",365,"Distinct incident_key per occurrence date.",5414,"nyc_shootings",100,"development","validation"
"2020-10-28",5415,2020,6,"development",365,"Distinct incident_key per occurrence date.",5415,"nyc_shootings",100,"development","validation"
"2020-10-29",5416,2020,2,"development",365,"Distinct incident_key per occurrence date.",5416,"nyc_shootings",100,"development","validation"
"2020-10-30",5417,2020,1,"development",365,"Distinct incident_key per occurrence date.",5417,"nyc_shootings",100,"development","validation"
"2020-10-31",5418,2020,6,"development",365,"Distinct incident_key per occurrence date.",5418,"nyc_shootings",100,"development","validation"
"2020-11-01",5419,2020,4,"development",365,"Distinct incident_key per occurrence date.",5419,"nyc_shootings",100,"development","validation"
"2020-11-02",5420,2020,2,"development",365,"Distinct incident_key per occurrence date.",5420,"nyc_shootings",100,"development","validation"
"2020-11-03",5421,2020,5,"development",365,"Distinct incident_key per occurrence date.",5421,"nyc_shootings",100,"development","validation"
"2020-11-04",5422,2020,4,"development",365,"Distinct incident_key per occurrence date.",5422,"nyc_shootings",100,"development","validation"
"2020-11-05",5423,2020,8,"development",365,"Distinct incident_key per occurrence date.",5423,"nyc_shootings",100,"development","validation"
"2020-11-06",5424,2020,4,"development",365,"Distinct incident_key per occurrence date.",5424,"nyc_shootings",100,"development","validation"
"2020-11-07",5425,2020,5,"development",365,"Distinct incident_key per occurrence date.",5425,"nyc_shootings",100,"development","validation"
"2020-11-08",5426,2020,3,"development",365,"Distinct incident_key per occurrence date.",5426,"nyc_shootings",100,"development","validation"
"2020-11-09",5427,2020,4,"development",365,"Distinct incident_key per occurrence date.",5427,"nyc_shootings",100,"development","validation"
"2020-11-10",5428,2020,3,"development",365,"Distinct incident_key per occurrence date.",5428,"nyc_shootings",100,"development","validation"
"2020-11-11",5429,2020,4,"development",365,"Distinct incident_key per occurrence date.",5429,"nyc_shootings",100,"development","validation"
"2020-11-12",5430,2020,4,"development",365,"Distinct incident_key per occurrence date.",5430,"nyc_shootings",100,"development","validation"
"2020-11-13",5431,2020,2,"development",365,"Distinct incident_key per occurrence date.",5431,"nyc_shootings",100,"development","validation"
"2020-11-14",5432,2020,7,"development",365,"Distinct incident_key per occurrence date.",5432,"nyc_shootings",100,"development","validation"
"2020-11-15",5433,2020,4,"development",365,"Distinct incident_key per occurrence date.",5433,"nyc_shootings",100,"development","validation"
"2020-11-16",5434,2020,4,"development",365,"Distinct incident_key per occurrence date.",5434,"nyc_shootings",100,"development","validation"
"2020-11-17",5435,2020,3,"development",365,"Distinct incident_key per occurrence date.",5435,"nyc_shootings",100,"development","validation"
"2020-11-18",5436,2020,1,"development",365,"Distinct incident_key per occurrence date.",5436,"nyc_shootings",100,"development","validation"
"2020-11-19",5437,2020,1,"development",365,"Distinct incident_key per occurrence date.",5437,"nyc_shootings",100,"development","validation"
"2020-11-20",5438,2020,5,"development",365,"Distinct incident_key per occurrence date.",5438,"nyc_shootings",100,"development","validation"
"2020-11-21",5439,2020,5,"development",365,"Distinct incident_key per occurrence date.",5439,"nyc_shootings",100,"development","validation"
"2020-11-22",5440,2020,8,"development",365,"Distinct incident_key per occurrence date.",5440,"nyc_shootings",100,"development","validation"
"2020-11-23",5441,2020,0,"development",365,"Distinct incident_key per occurrence date.",5441,"nyc_shootings",100,"development","validation"
"2020-11-24",5442,2020,3,"development",365,"Distinct incident_key per occurrence date.",5442,"nyc_shootings",100,"development","validation"
"2020-11-25",5443,2020,2,"development",365,"Distinct incident_key per occurrence date.",5443,"nyc_shootings",100,"development","validation"
"2020-11-26",5444,2020,3,"development",365,"Distinct incident_key per occurrence date.",5444,"nyc_shootings",100,"development","validation"
"2020-11-27",5445,2020,9,"development",365,"Distinct incident_key per occurrence date.",5445,"nyc_shootings",100,"development","validation"
"2020-11-28",5446,2020,0,"development",365,"Distinct incident_key per occurrence date.",5446,"nyc_shootings",100,"development","validation"
"2020-11-29",5447,2020,6,"development",365,"Distinct incident_key per occurrence date.",5447,"nyc_shootings",100,"development","validation"
"2020-11-30",5448,2020,3,"development",365,"Distinct incident_key per occurrence date.",5448,"nyc_shootings",100,"development","validation"
"2020-12-01",5449,2020,2,"development",365,"Distinct incident_key per occurrence date.",5449,"nyc_shootings",100,"development","validation"
"2020-12-02",5450,2020,1,"development",365,"Distinct incident_key per occurrence date.",5450,"nyc_shootings",100,"development","validation"
"2020-12-03",5451,2020,3,"development",365,"Distinct incident_key per occurrence date.",5451,"nyc_shootings",100,"development","validation"
"2020-12-04",5452,2020,7,"development",365,"Distinct incident_key per occurrence date.",5452,"nyc_shootings",100,"development","validation"
"2020-12-05",5453,2020,4,"development",365,"Distinct incident_key per occurrence date.",5453,"nyc_shootings",100,"development","validation"
"2020-12-06",5454,2020,4,"development",365,"Distinct incident_key per occurrence date.",5454,"nyc_shootings",100,"development","validation"
"2020-12-07",5455,2020,9,"development",365,"Distinct incident_key per occurrence date.",5455,"nyc_shootings",100,"development","validation"
"2020-12-08",5456,2020,3,"development",365,"Distinct incident_key per occurrence date.",5456,"nyc_shootings",100,"development","validation"
"2020-12-09",5457,2020,5,"development",365,"Distinct incident_key per occurrence date.",5457,"nyc_shootings",100,"development","validation"
"2020-12-10",5458,2020,0,"development",365,"Distinct incident_key per occurrence date.",5458,"nyc_shootings",100,"development","validation"
"2020-12-11",5459,2020,7,"development",365,"Distinct incident_key per occurrence date.",5459,"nyc_shootings",100,"development","validation"
"2020-12-12",5460,2020,5,"development",365,"Distinct incident_key per occurrence date.",5460,"nyc_shootings",100,"development","validation"
"2020-12-13",5461,2020,6,"development",365,"Distinct incident_key per occurrence date.",5461,"nyc_shootings",100,"development","validation"
"2020-12-14",5462,2020,3,"development",365,"Distinct incident_key per occurrence date.",5462,"nyc_shootings",100,"development","validation"
"2020-12-15",5463,2020,2,"development",365,"Distinct incident_key per occurrence date.",5463,"nyc_shootings",100,"development","validation"
"2020-12-16",5464,2020,6,"development",365,"Distinct incident_key per occurrence date.",5464,"nyc_shootings",100,"development","validation"
"2020-12-17",5465,2020,1,"development",365,"Distinct incident_key per occurrence date.",5465,"nyc_shootings",100,"development","validation"
"2020-12-18",5466,2020,6,"development",365,"Distinct incident_key per occurrence date.",5466,"nyc_shootings",100,"development","validation"
"2020-12-19",5467,2020,3,"development",365,"Distinct incident_key per occurrence date.",5467,"nyc_shootings",100,"development","validation"
"2020-12-20",5468,2020,4,"development",365,"Distinct incident_key per occurrence date.",5468,"nyc_shootings",100,"development","validation"
"2020-12-21",5469,2020,3,"development",365,"Distinct incident_key per occurrence date.",5469,"nyc_shootings",100,"development","validation"
"2020-12-22",5470,2020,6,"development",365,"Distinct incident_key per occurrence date.",5470,"nyc_shootings",100,"development","validation"
"2020-12-23",5471,2020,1,"development",365,"Distinct incident_key per occurrence date.",5471,"nyc_shootings",100,"development","validation"
"2020-12-24",5472,2020,3,"development",365,"Distinct incident_key per occurrence date.",5472,"nyc_shootings",100,"development","validation"
"2020-12-25",5473,2020,4,"development",365,"Distinct incident_key per occurrence date.",5473,"nyc_shootings",100,"development","validation"
"2020-12-26",5474,2020,4,"development",365,"Distinct incident_key per occurrence date.",5474,"nyc_shootings",100,"development","validation"
"2020-12-27",5475,2020,4,"development",365,"Distinct incident_key per occurrence date.",5475,"nyc_shootings",100,"development","validation"
"2020-12-28",5476,2020,2,"development",365,"Distinct incident_key per occurrence date.",5476,"nyc_shootings",100,"development","validation"
"2020-12-29",5477,2020,5,"development",365,"Distinct incident_key per occurrence date.",5477,"nyc_shootings",100,"development","validation"
"2020-12-30",5478,2020,2,"development",365,"Distinct incident_key per occurrence date.",5478,"nyc_shootings",100,"development","validation"
"2020-12-31",5479,2020,4,"development",365,"Distinct incident_key per occurrence date.",5479,"nyc_shootings",100,"development","validation"
"2021-01-01",5480,2021,8,"development",365,"Distinct incident_key per occurrence date.",5480,"nyc_shootings",100,"development","validation"
"2021-01-02",5481,2021,4,"development",365,"Distinct incident_key per occurrence date.",5481,"nyc_shootings",100,"development","validation"
"2021-01-03",5482,2021,3,"development",365,"Distinct incident_key per occurrence date.",5482,"nyc_shootings",100,"development","validation"
"2021-01-04",5483,2021,3,"development",365,"Distinct incident_key per occurrence date.",5483,"nyc_shootings",100,"development","validation"
"2021-01-05",5484,2021,1,"development",365,"Distinct incident_key per occurrence date.",5484,"nyc_shootings",100,"development","validation"
"2021-01-06",5485,2021,2,"development",365,"Distinct incident_key per occurrence date.",5485,"nyc_shootings",100,"development","validation"
"2021-01-07",5486,2021,2,"development",365,"Distinct incident_key per occurrence date.",5486,"nyc_shootings",100,"development","validation"
"2021-01-08",5487,2021,2,"development",365,"Distinct incident_key per occurrence date.",5487,"nyc_shootings",100,"development","validation"
"2021-01-09",5488,2021,2,"development",365,"Distinct incident_key per occurrence date.",5488,"nyc_shootings",100,"development","validation"
"2021-01-10",5489,2021,4,"development",365,"Distinct incident_key per occurrence date.",5489,"nyc_shootings",100,"development","validation"
"2021-01-11",5490,2021,2,"development",365,"Distinct incident_key per occurrence date.",5490,"nyc_shootings",100,"development","validation"
"2021-01-12",5491,2021,4,"development",365,"Distinct incident_key per occurrence date.",5491,"nyc_shootings",100,"development","validation"
"2021-01-13",5492,2021,2,"development",365,"Distinct incident_key per occurrence date.",5492,"nyc_shootings",100,"development","validation"
"2021-01-14",5493,2021,1,"development",365,"Distinct incident_key per occurrence date.",5493,"nyc_shootings",100,"development","validation"
"2021-01-15",5494,2021,1,"development",365,"Distinct incident_key per occurrence date.",5494,"nyc_shootings",100,"development","validation"
"2021-01-16",5495,2021,4,"development",365,"Distinct incident_key per occurrence date.",5495,"nyc_shootings",100,"development","validation"
"2021-01-17",5496,2021,1,"development",365,"Distinct incident_key per occurrence date.",5496,"nyc_shootings",100,"development","validation"
"2021-01-18",5497,2021,4,"development",365,"Distinct incident_key per occurrence date.",5497,"nyc_shootings",100,"development","validation"
"2021-01-19",5498,2021,3,"development",365,"Distinct incident_key per occurrence date.",5498,"nyc_shootings",100,"development","validation"
"2021-01-20",5499,2021,0,"development",365,"Distinct incident_key per occurrence date.",5499,"nyc_shootings",100,"development","validation"
"2021-01-21",5500,2021,0,"development",365,"Distinct incident_key per occurrence date.",5500,"nyc_shootings",100,"development","validation"
"2021-01-22",5501,2021,2,"development",365,"Distinct incident_key per occurrence date.",5501,"nyc_shootings",100,"development","validation"
"2021-01-23",5502,2021,4,"development",365,"Distinct incident_key per occurrence date.",5502,"nyc_shootings",100,"development","validation"
"2021-01-24",5503,2021,3,"development",365,"Distinct incident_key per occurrence date.",5503,"nyc_shootings",100,"development","validation"
"2021-01-25",5504,2021,1,"development",365,"Distinct incident_key per occurrence date.",5504,"nyc_shootings",100,"development","validation"
"2021-01-26",5505,2021,4,"development",365,"Distinct incident_key per occurrence date.",5505,"nyc_shootings",100,"development","validation"
"2021-01-27",5506,2021,1,"development",365,"Distinct incident_key per occurrence date.",5506,"nyc_shootings",100,"development","validation"
"2021-01-28",5507,2021,0,"development",365,"Distinct incident_key per occurrence date.",5507,"nyc_shootings",100,"development","validation"
"2021-01-29",5508,2021,1,"development",365,"Distinct incident_key per occurrence date.",5508,"nyc_shootings",100,"development","validation"
"2021-01-30",5509,2021,2,"development",365,"Distinct incident_key per occurrence date.",5509,"nyc_shootings",100,"development","validation"
"2021-01-31",5510,2021,5,"development",365,"Distinct incident_key per occurrence date.",5510,"nyc_shootings",100,"development","validation"
"2021-02-01",5511,2021,6,"development",365,"Distinct incident_key per occurrence date.",5511,"nyc_shootings",100,"development","validation"
"2021-02-02",5512,2021,2,"development",365,"Distinct incident_key per occurrence date.",5512,"nyc_shootings",100,"development","validation"
"2021-02-03",5513,2021,2,"development",365,"Distinct incident_key per occurrence date.",5513,"nyc_shootings",100,"development","validation"
"2021-02-04",5514,2021,1,"development",365,"Distinct incident_key per occurrence date.",5514,"nyc_shootings",100,"development","validation"
"2021-02-05",5515,2021,0,"development",365,"Distinct incident_key per occurrence date.",5515,"nyc_shootings",100,"development","validation"
"2021-02-06",5516,2021,4,"development",365,"Distinct incident_key per occurrence date.",5516,"nyc_shootings",100,"development","validation"
"2021-02-07",5517,2021,3,"development",365,"Distinct incident_key per occurrence date.",5517,"nyc_shootings",100,"development","validation"
"2021-02-08",5518,2021,2,"development",365,"Distinct incident_key per occurrence date.",5518,"nyc_shootings",100,"development","validation"
"2021-02-09",5519,2021,1,"development",365,"Distinct incident_key per occurrence date.",5519,"nyc_shootings",100,"development","validation"
"2021-02-10",5520,2021,1,"development",365,"Distinct incident_key per occurrence date.",5520,"nyc_shootings",100,"development","validation"
"2021-02-11",5521,2021,0,"development",365,"Distinct incident_key per occurrence date.",5521,"nyc_shootings",100,"development","validation"
"2021-02-12",5522,2021,4,"development",365,"Distinct incident_key per occurrence date.",5522,"nyc_shootings",100,"development","validation"
"2021-02-13",5523,2021,1,"development",365,"Distinct incident_key per occurrence date.",5523,"nyc_shootings",100,"development","validation"
"2021-02-14",5524,2021,3,"development",365,"Distinct incident_key per occurrence date.",5524,"nyc_shootings",100,"development","validation"
"2021-02-15",5525,2021,3,"development",365,"Distinct incident_key per occurrence date.",5525,"nyc_shootings",100,"development","validation"
"2021-02-16",5526,2021,8,"development",365,"Distinct incident_key per occurrence date.",5526,"nyc_shootings",100,"development","validation"
"2021-02-17",5527,2021,1,"development",365,"Distinct incident_key per occurrence date.",5527,"nyc_shootings",100,"development","validation"
"2021-02-18",5528,2021,2,"development",365,"Distinct incident_key per occurrence date.",5528,"nyc_shootings",100,"development","validation"
"2021-02-19",5529,2021,0,"development",365,"Distinct incident_key per occurrence date.",5529,"nyc_shootings",100,"development","validation"
"2021-02-20",5530,2021,2,"development",365,"Distinct incident_key per occurrence date.",5530,"nyc_shootings",100,"development","validation"
"2021-02-21",5531,2021,3,"development",365,"Distinct incident_key per occurrence date.",5531,"nyc_shootings",100,"development","validation"
"2021-02-22",5532,2021,3,"development",365,"Distinct incident_key per occurrence date.",5532,"nyc_shootings",100,"development","validation"
"2021-02-23",5533,2021,4,"development",365,"Distinct incident_key per occurrence date.",5533,"nyc_shootings",100,"development","validation"
"2021-02-24",5534,2021,4,"development",365,"Distinct incident_key per occurrence date.",5534,"nyc_shootings",100,"development","validation"
"2021-02-25",5535,2021,2,"development",365,"Distinct incident_key per occurrence date.",5535,"nyc_shootings",100,"development","validation"
"2021-02-26",5536,2021,6,"development",365,"Distinct incident_key per occurrence date.",5536,"nyc_shootings",100,"development","validation"
"2021-02-27",5537,2021,6,"development",365,"Distinct incident_key per occurrence date.",5537,"nyc_shootings",100,"development","validation"
"2021-02-28",5538,2021,3,"development",365,"Distinct incident_key per occurrence date.",5538,"nyc_shootings",100,"development","validation"
"2021-03-01",5539,2021,1,"development",365,"Distinct incident_key per occurrence date.",5539,"nyc_shootings",100,"development","validation"
"2021-03-02",5540,2021,5,"development",365,"Distinct incident_key per occurrence date.",5540,"nyc_shootings",100,"development","validation"
"2021-03-03",5541,2021,1,"development",365,"Distinct incident_key per occurrence date.",5541,"nyc_shootings",100,"development","validation"
"2021-03-04",5542,2021,6,"development",365,"Distinct incident_key per occurrence date.",5542,"nyc_shootings",100,"development","validation"
"2021-03-05",5543,2021,1,"development",365,"Distinct incident_key per occurrence date.",5543,"nyc_shootings",100,"development","validation"
"2021-03-06",5544,2021,1,"development",365,"Distinct incident_key per occurrence date.",5544,"nyc_shootings",100,"development","validation"
"2021-03-07",5545,2021,4,"development",365,"Distinct incident_key per occurrence date.",5545,"nyc_shootings",100,"development","validation"
"2021-03-08",5546,2021,3,"development",365,"Distinct incident_key per occurrence date.",5546,"nyc_shootings",100,"development","validation"
"2021-03-09",5547,2021,3,"development",365,"Distinct incident_key per occurrence date.",5547,"nyc_shootings",100,"development","validation"
"2021-03-10",5548,2021,6,"development",365,"Distinct incident_key per occurrence date.",5548,"nyc_shootings",100,"development","validation"
"2021-03-11",5549,2021,4,"development",365,"Distinct incident_key per occurrence date.",5549,"nyc_shootings",100,"development","validation"
"2021-03-12",5550,2021,3,"development",365,"Distinct incident_key per occurrence date.",5550,"nyc_shootings",100,"development","validation"
"2021-03-13",5551,2021,5,"development",365,"Distinct incident_key per occurrence date.",5551,"nyc_shootings",100,"development","validation"
"2021-03-14",5552,2021,6,"development",365,"Distinct incident_key per occurrence date.",5552,"nyc_shootings",100,"development","validation"
"2021-03-15",5553,2021,5,"development",365,"Distinct incident_key per occurrence date.",5553,"nyc_shootings",100,"development","validation"
"2021-03-16",5554,2021,1,"development",365,"Distinct incident_key per occurrence date.",5554,"nyc_shootings",100,"development","validation"
"2021-03-17",5555,2021,1,"development",365,"Distinct incident_key per occurrence date.",5555,"nyc_shootings",100,"development","validation"
"2021-03-18",5556,2021,1,"development",365,"Distinct incident_key per occurrence date.",5556,"nyc_shootings",100,"development","validation"
"2021-03-19",5557,2021,3,"development",365,"Distinct incident_key per occurrence date.",5557,"nyc_shootings",100,"development","validation"
"2021-03-20",5558,2021,2,"development",365,"Distinct incident_key per occurrence date.",5558,"nyc_shootings",100,"development","validation"
"2021-03-21",5559,2021,4,"development",365,"Distinct incident_key per occurrence date.",5559,"nyc_shootings",100,"development","validation"
"2021-03-22",5560,2021,1,"development",365,"Distinct incident_key per occurrence date.",5560,"nyc_shootings",100,"development","validation"
"2021-03-23",5561,2021,1,"development",365,"Distinct incident_key per occurrence date.",5561,"nyc_shootings",100,"development","validation"
"2021-03-24",5562,2021,3,"development",365,"Distinct incident_key per occurrence date.",5562,"nyc_shootings",100,"development","validation"
"2021-03-25",5563,2021,3,"development",365,"Distinct incident_key per occurrence date.",5563,"nyc_shootings",100,"development","validation"
"2021-03-26",5564,2021,3,"development",365,"Distinct incident_key per occurrence date.",5564,"nyc_shootings",100,"development","validation"
"2021-03-27",5565,2021,8,"development",365,"Distinct incident_key per occurrence date.",5565,"nyc_shootings",100,"development","validation"
"2021-03-28",5566,2021,5,"development",365,"Distinct incident_key per occurrence date.",5566,"nyc_shootings",100,"development","validation"
"2021-03-29",5567,2021,1,"development",365,"Distinct incident_key per occurrence date.",5567,"nyc_shootings",100,"development","validation"
"2021-03-30",5568,2021,8,"development",365,"Distinct incident_key per occurrence date.",5568,"nyc_shootings",100,"development","validation"
"2021-03-31",5569,2021,0,"development",365,"Distinct incident_key per occurrence date.",5569,"nyc_shootings",100,"development","validation"
"2021-04-01",5570,2021,2,"development",365,"Distinct incident_key per occurrence date.",5570,"nyc_shootings",100,"development","validation"
"2021-04-02",5571,2021,3,"development",365,"Distinct incident_key per occurrence date.",5571,"nyc_shootings",100,"development","validation"
"2021-04-03",5572,2021,3,"development",365,"Distinct incident_key per occurrence date.",5572,"nyc_shootings",100,"development","validation"
"2021-04-04",5573,2021,8,"development",365,"Distinct incident_key per occurrence date.",5573,"nyc_shootings",100,"development","validation"
"2021-04-05",5574,2021,7,"development",365,"Distinct incident_key per occurrence date.",5574,"nyc_shootings",100,"development","validation"
"2021-04-06",5575,2021,7,"development",365,"Distinct incident_key per occurrence date.",5575,"nyc_shootings",100,"development","validation"
"2021-04-07",5576,2021,3,"development",365,"Distinct incident_key per occurrence date.",5576,"nyc_shootings",100,"development","validation"
"2021-04-08",5577,2021,6,"development",365,"Distinct incident_key per occurrence date.",5577,"nyc_shootings",100,"development","validation"
"2021-04-09",5578,2021,4,"development",365,"Distinct incident_key per occurrence date.",5578,"nyc_shootings",100,"development","validation"
"2021-04-10",5579,2021,2,"development",365,"Distinct incident_key per occurrence date.",5579,"nyc_shootings",100,"development","validation"
"2021-04-11",5580,2021,3,"development",365,"Distinct incident_key per occurrence date.",5580,"nyc_shootings",100,"development","validation"
"2021-04-12",5581,2021,3,"development",365,"Distinct incident_key per occurrence date.",5581,"nyc_shootings",100,"development","validation"
"2021-04-13",5582,2021,3,"development",365,"Distinct incident_key per occurrence date.",5582,"nyc_shootings",100,"development","validation"
"2021-04-14",5583,2021,3,"development",365,"Distinct incident_key per occurrence date.",5583,"nyc_shootings",100,"development","validation"
"2021-04-15",5584,2021,4,"development",365,"Distinct incident_key per occurrence date.",5584,"nyc_shootings",100,"development","validation"
"2021-04-16",5585,2021,5,"development",365,"Distinct incident_key per occurrence date.",5585,"nyc_shootings",100,"development","validation"
"2021-04-17",5586,2021,4,"development",365,"Distinct incident_key per occurrence date.",5586,"nyc_shootings",100,"development","validation"
"2021-04-18",5587,2021,6,"development",365,"Distinct incident_key per occurrence date.",5587,"nyc_shootings",100,"development","validation"
"2021-04-19",5588,2021,4,"development",365,"Distinct incident_key per occurrence date.",5588,"nyc_shootings",100,"development","validation"
"2021-04-20",5589,2021,3,"development",365,"Distinct incident_key per occurrence date.",5589,"nyc_shootings",100,"development","validation"
"2021-04-21",5590,2021,9,"development",365,"Distinct incident_key per occurrence date.",5590,"nyc_shootings",100,"development","validation"
"2021-04-22",5591,2021,1,"development",365,"Distinct incident_key per occurrence date.",5591,"nyc_shootings",100,"development","validation"
"2021-04-23",5592,2021,9,"development",365,"Distinct incident_key per occurrence date.",5592,"nyc_shootings",100,"development","validation"
"2021-04-24",5593,2021,14,"development",365,"Distinct incident_key per occurrence date.",5593,"nyc_shootings",100,"development","validation"
"2021-04-25",5594,2021,5,"development",365,"Distinct incident_key per occurrence date.",5594,"nyc_shootings",100,"development","validation"
"2021-04-26",5595,2021,4,"development",365,"Distinct incident_key per occurrence date.",5595,"nyc_shootings",100,"development","validation"
"2021-04-27",5596,2021,4,"development",365,"Distinct incident_key per occurrence date.",5596,"nyc_shootings",100,"development","validation"
"2021-04-28",5597,2021,6,"development",365,"Distinct incident_key per occurrence date.",5597,"nyc_shootings",100,"development","validation"
"2021-04-29",5598,2021,8,"development",365,"Distinct incident_key per occurrence date.",5598,"nyc_shootings",100,"development","validation"
"2021-04-30",5599,2021,5,"development",365,"Distinct incident_key per occurrence date.",5599,"nyc_shootings",100,"development","validation"
"2021-05-01",5600,2021,5,"development",365,"Distinct incident_key per occurrence date.",5600,"nyc_shootings",100,"development","validation"
"2021-05-02",5601,2021,8,"development",365,"Distinct incident_key per occurrence date.",5601,"nyc_shootings",100,"development","validation"
"2021-05-03",5602,2021,2,"development",365,"Distinct incident_key per occurrence date.",5602,"nyc_shootings",100,"development","validation"
"2021-05-04",5603,2021,4,"development",365,"Distinct incident_key per occurrence date.",5603,"nyc_shootings",100,"development","validation"
"2021-05-05",5604,2021,3,"development",365,"Distinct incident_key per occurrence date.",5604,"nyc_shootings",100,"development","validation"
"2021-05-06",5605,2021,11,"development",365,"Distinct incident_key per occurrence date.",5605,"nyc_shootings",100,"development","validation"
"2021-05-07",5606,2021,5,"development",365,"Distinct incident_key per occurrence date.",5606,"nyc_shootings",100,"development","validation"
"2021-05-08",5607,2021,5,"development",365,"Distinct incident_key per occurrence date.",5607,"nyc_shootings",100,"development","validation"
"2021-05-09",5608,2021,5,"development",365,"Distinct incident_key per occurrence date.",5608,"nyc_shootings",100,"development","validation"
"2021-05-10",5609,2021,3,"development",365,"Distinct incident_key per occurrence date.",5609,"nyc_shootings",100,"development","validation"
"2021-05-11",5610,2021,6,"development",365,"Distinct incident_key per occurrence date.",5610,"nyc_shootings",100,"development","validation"
"2021-05-12",5611,2021,7,"development",365,"Distinct incident_key per occurrence date.",5611,"nyc_shootings",100,"development","validation"
"2021-05-13",5612,2021,6,"development",365,"Distinct incident_key per occurrence date.",5612,"nyc_shootings",100,"development","validation"
"2021-05-14",5613,2021,5,"development",365,"Distinct incident_key per occurrence date.",5613,"nyc_shootings",100,"development","validation"
"2021-05-15",5614,2021,9,"development",365,"Distinct incident_key per occurrence date.",5614,"nyc_shootings",100,"development","validation"
"2021-05-16",5615,2021,3,"development",365,"Distinct incident_key per occurrence date.",5615,"nyc_shootings",100,"development","validation"
"2021-05-17",5616,2021,6,"development",365,"Distinct incident_key per occurrence date.",5616,"nyc_shootings",100,"development","validation"
"2021-05-18",5617,2021,4,"development",365,"Distinct incident_key per occurrence date.",5617,"nyc_shootings",100,"development","validation"
"2021-05-19",5618,2021,6,"development",365,"Distinct incident_key per occurrence date.",5618,"nyc_shootings",100,"development","validation"
"2021-05-20",5619,2021,5,"development",365,"Distinct incident_key per occurrence date.",5619,"nyc_shootings",100,"development","validation"
"2021-05-21",5620,2021,3,"development",365,"Distinct incident_key per occurrence date.",5620,"nyc_shootings",100,"development","validation"
"2021-05-22",5621,2021,9,"development",365,"Distinct incident_key per occurrence date.",5621,"nyc_shootings",100,"development","validation"
"2021-05-23",5622,2021,9,"development",365,"Distinct incident_key per occurrence date.",5622,"nyc_shootings",100,"development","validation"
"2021-05-24",5623,2021,4,"development",365,"Distinct incident_key per occurrence date.",5623,"nyc_shootings",100,"development","validation"
"2021-05-25",5624,2021,7,"development",365,"Distinct incident_key per occurrence date.",5624,"nyc_shootings",100,"development","validation"
"2021-05-26",5625,2021,5,"development",365,"Distinct incident_key per occurrence date.",5625,"nyc_shootings",100,"development","validation"
"2021-05-27",5626,2021,6,"development",365,"Distinct incident_key per occurrence date.",5626,"nyc_shootings",100,"development","validation"
"2021-05-28",5627,2021,6,"development",365,"Distinct incident_key per occurrence date.",5627,"nyc_shootings",100,"development","validation"
"2021-05-29",5628,2021,1,"development",365,"Distinct incident_key per occurrence date.",5628,"nyc_shootings",100,"development","validation"
"2021-05-30",5629,2021,4,"development",365,"Distinct incident_key per occurrence date.",5629,"nyc_shootings",100,"development","validation"
"2021-05-31",5630,2021,10,"development",365,"Distinct incident_key per occurrence date.",5630,"nyc_shootings",100,"development","validation"
"2021-06-01",5631,2021,2,"development",365,"Distinct incident_key per occurrence date.",5631,"nyc_shootings",100,"development","validation"
"2021-06-02",5632,2021,4,"development",365,"Distinct incident_key per occurrence date.",5632,"nyc_shootings",100,"development","validation"
"2021-06-03",5633,2021,5,"development",365,"Distinct incident_key per occurrence date.",5633,"nyc_shootings",100,"development","validation"
"2021-06-04",5634,2021,3,"development",365,"Distinct incident_key per occurrence date.",5634,"nyc_shootings",100,"development","validation"
"2021-06-05",5635,2021,6,"development",365,"Distinct incident_key per occurrence date.",5635,"nyc_shootings",100,"development","validation"
"2021-06-06",5636,2021,7,"development",365,"Distinct incident_key per occurrence date.",5636,"nyc_shootings",100,"development","validation"
"2021-06-07",5637,2021,6,"development",365,"Distinct incident_key per occurrence date.",5637,"nyc_shootings",100,"development","validation"
"2021-06-08",5638,2021,4,"development",365,"Distinct incident_key per occurrence date.",5638,"nyc_shootings",100,"development","validation"
"2021-06-09",5639,2021,1,"development",365,"Distinct incident_key per occurrence date.",5639,"nyc_shootings",100,"development","validation"
"2021-06-10",5640,2021,2,"development",365,"Distinct incident_key per occurrence date.",5640,"nyc_shootings",100,"development","validation"
"2021-06-11",5641,2021,11,"development",365,"Distinct incident_key per occurrence date.",5641,"nyc_shootings",100,"development","validation"
"2021-06-12",5642,2021,4,"development",365,"Distinct incident_key per occurrence date.",5642,"nyc_shootings",100,"development","validation"
"2021-06-13",5643,2021,5,"development",365,"Distinct incident_key per occurrence date.",5643,"nyc_shootings",100,"development","validation"
"2021-06-14",5644,2021,8,"development",365,"Distinct incident_key per occurrence date.",5644,"nyc_shootings",100,"development","validation"
"2021-06-15",5645,2021,3,"development",365,"Distinct incident_key per occurrence date.",5645,"nyc_shootings",100,"development","validation"
"2021-06-16",5646,2021,9,"development",365,"Distinct incident_key per occurrence date.",5646,"nyc_shootings",100,"development","validation"
"2021-06-17",5647,2021,3,"development",365,"Distinct incident_key per occurrence date.",5647,"nyc_shootings",100,"development","validation"
"2021-06-18",5648,2021,4,"development",365,"Distinct incident_key per occurrence date.",5648,"nyc_shootings",100,"development","validation"
"2021-06-19",5649,2021,10,"development",365,"Distinct incident_key per occurrence date.",5649,"nyc_shootings",100,"development","validation"
"2021-06-20",5650,2021,9,"development",365,"Distinct incident_key per occurrence date.",5650,"nyc_shootings",100,"development","validation"
"2021-06-21",5651,2021,9,"development",365,"Distinct incident_key per occurrence date.",5651,"nyc_shootings",100,"development","validation"
"2021-06-22",5652,2021,9,"development",365,"Distinct incident_key per occurrence date.",5652,"nyc_shootings",100,"development","validation"
"2021-06-23",5653,2021,3,"development",365,"Distinct incident_key per occurrence date.",5653,"nyc_shootings",100,"development","validation"
"2021-06-24",5654,2021,3,"development",365,"Distinct incident_key per occurrence date.",5654,"nyc_shootings",100,"development","validation"
"2021-06-25",5655,2021,5,"development",365,"Distinct incident_key per occurrence date.",5655,"nyc_shootings",100,"development","validation"
"2021-06-26",5656,2021,3,"development",365,"Distinct incident_key per occurrence date.",5656,"nyc_shootings",100,"development","validation"
"2021-06-27",5657,2021,7,"development",365,"Distinct incident_key per occurrence date.",5657,"nyc_shootings",100,"development","validation"
"2021-06-28",5658,2021,6,"development",365,"Distinct incident_key per occurrence date.",5658,"nyc_shootings",100,"development","validation"
"2021-06-29",5659,2021,8,"development",365,"Distinct incident_key per occurrence date.",5659,"nyc_shootings",100,"development","validation"
"2021-06-30",5660,2021,6,"development",365,"Distinct incident_key per occurrence date.",5660,"nyc_shootings",100,"development","validation"
"2021-07-01",5661,2021,6,"development",365,"Distinct incident_key per occurrence date.",5661,"nyc_shootings",100,"development","validation"
"2021-07-02",5662,2021,5,"development",365,"Distinct incident_key per occurrence date.",5662,"nyc_shootings",100,"development","validation"
"2021-07-03",5663,2021,4,"development",365,"Distinct incident_key per occurrence date.",5663,"nyc_shootings",100,"development","validation"
"2021-07-04",5664,2021,12,"development",365,"Distinct incident_key per occurrence date.",5664,"nyc_shootings",100,"development","validation"
"2021-07-05",5665,2021,8,"development",365,"Distinct incident_key per occurrence date.",5665,"nyc_shootings",100,"development","validation"
"2021-07-06",5666,2021,5,"development",365,"Distinct incident_key per occurrence date.",5666,"nyc_shootings",100,"development","validation"
"2021-07-07",5667,2021,5,"development",365,"Distinct incident_key per occurrence date.",5667,"nyc_shootings",100,"development","validation"
"2021-07-08",5668,2021,4,"development",365,"Distinct incident_key per occurrence date.",5668,"nyc_shootings",100,"development","validation"
"2021-07-09",5669,2021,5,"development",365,"Distinct incident_key per occurrence date.",5669,"nyc_shootings",100,"development","validation"
"2021-07-10",5670,2021,2,"development",365,"Distinct incident_key per occurrence date.",5670,"nyc_shootings",100,"development","validation"
"2021-07-11",5671,2021,9,"development",365,"Distinct incident_key per occurrence date.",5671,"nyc_shootings",100,"development","validation"
"2021-07-12",5672,2021,5,"development",365,"Distinct incident_key per occurrence date.",5672,"nyc_shootings",100,"development","validation"
"2021-07-13",5673,2021,4,"development",365,"Distinct incident_key per occurrence date.",5673,"nyc_shootings",100,"development","validation"
"2021-07-14",5674,2021,5,"development",365,"Distinct incident_key per occurrence date.",5674,"nyc_shootings",100,"development","validation"
"2021-07-15",5675,2021,7,"development",365,"Distinct incident_key per occurrence date.",5675,"nyc_shootings",100,"development","validation"
"2021-07-16",5676,2021,6,"development",365,"Distinct incident_key per occurrence date.",5676,"nyc_shootings",100,"development","validation"
"2021-07-17",5677,2021,4,"development",365,"Distinct incident_key per occurrence date.",5677,"nyc_shootings",100,"development","validation"
"2021-07-18",5678,2021,7,"development",365,"Distinct incident_key per occurrence date.",5678,"nyc_shootings",100,"development","validation"
"2021-07-19",5679,2021,5,"development",365,"Distinct incident_key per occurrence date.",5679,"nyc_shootings",100,"development","validation"
"2021-07-20",5680,2021,4,"development",365,"Distinct incident_key per occurrence date.",5680,"nyc_shootings",100,"development","validation"
"2021-07-21",5681,2021,4,"development",365,"Distinct incident_key per occurrence date.",5681,"nyc_shootings",100,"development","validation"
"2021-07-22",5682,2021,2,"development",365,"Distinct incident_key per occurrence date.",5682,"nyc_shootings",100,"development","validation"
"2021-07-23",5683,2021,4,"development",365,"Distinct incident_key per occurrence date.",5683,"nyc_shootings",100,"development","validation"
"2021-07-24",5684,2021,3,"development",365,"Distinct incident_key per occurrence date.",5684,"nyc_shootings",100,"development","validation"
"2021-07-25",5685,2021,2,"development",365,"Distinct incident_key per occurrence date.",5685,"nyc_shootings",100,"development","validation"
"2021-07-26",5686,2021,8,"development",365,"Distinct incident_key per occurrence date.",5686,"nyc_shootings",100,"development","validation"
"2021-07-27",5687,2021,2,"development",365,"Distinct incident_key per occurrence date.",5687,"nyc_shootings",100,"development","validation"
"2021-07-28",5688,2021,2,"development",365,"Distinct incident_key per occurrence date.",5688,"nyc_shootings",100,"development","validation"
"2021-07-29",5689,2021,3,"development",365,"Distinct incident_key per occurrence date.",5689,"nyc_shootings",100,"development","validation"
"2021-07-30",5690,2021,8,"development",365,"Distinct incident_key per occurrence date.",5690,"nyc_shootings",100,"development","validation"
"2021-07-31",5691,2021,7,"development",365,"Distinct incident_key per occurrence date.",5691,"nyc_shootings",100,"development","validation"
"2021-08-01",5692,2021,5,"development",365,"Distinct incident_key per occurrence date.",5692,"nyc_shootings",100,"development","validation"
"2021-08-02",5693,2021,5,"development",365,"Distinct incident_key per occurrence date.",5693,"nyc_shootings",100,"development","validation"
"2021-08-03",5694,2021,4,"development",365,"Distinct incident_key per occurrence date.",5694,"nyc_shootings",100,"development","validation"
"2021-08-04",5695,2021,8,"development",365,"Distinct incident_key per occurrence date.",5695,"nyc_shootings",100,"development","validation"
"2021-08-05",5696,2021,9,"development",365,"Distinct incident_key per occurrence date.",5696,"nyc_shootings",100,"development","validation"
"2021-08-06",5697,2021,5,"development",365,"Distinct incident_key per occurrence date.",5697,"nyc_shootings",100,"development","validation"
"2021-08-07",5698,2021,8,"development",365,"Distinct incident_key per occurrence date.",5698,"nyc_shootings",100,"development","validation"
"2021-08-08",5699,2021,4,"development",365,"Distinct incident_key per occurrence date.",5699,"nyc_shootings",100,"development","validation"
"2021-08-09",5700,2021,5,"development",365,"Distinct incident_key per occurrence date.",5700,"nyc_shootings",100,"development","validation"
"2021-08-10",5701,2021,3,"development",365,"Distinct incident_key per occurrence date.",5701,"nyc_shootings",100,"development","validation"
"2021-08-11",5702,2021,4,"development",365,"Distinct incident_key per occurrence date.",5702,"nyc_shootings",100,"development","validation"
"2021-08-12",5703,2021,7,"development",365,"Distinct incident_key per occurrence date.",5703,"nyc_shootings",100,"development","validation"
"2021-08-13",5704,2021,11,"development",365,"Distinct incident_key per occurrence date.",5704,"nyc_shootings",100,"development","validation"
"2021-08-14",5705,2021,9,"development",365,"Distinct incident_key per occurrence date.",5705,"nyc_shootings",100,"development","validation"
"2021-08-15",5706,2021,4,"development",365,"Distinct incident_key per occurrence date.",5706,"nyc_shootings",100,"development","validation"
"2021-08-16",5707,2021,4,"development",365,"Distinct incident_key per occurrence date.",5707,"nyc_shootings",100,"development","validation"
"2021-08-17",5708,2021,3,"development",365,"Distinct incident_key per occurrence date.",5708,"nyc_shootings",100,"development","validation"
"2021-08-18",5709,2021,4,"development",365,"Distinct incident_key per occurrence date.",5709,"nyc_shootings",100,"development","validation"
"2021-08-19",5710,2021,7,"development",365,"Distinct incident_key per occurrence date.",5710,"nyc_shootings",100,"development","validation"
"2021-08-20",5711,2021,1,"development",365,"Distinct incident_key per occurrence date.",5711,"nyc_shootings",100,"development","validation"
"2021-08-21",5712,2021,6,"development",365,"Distinct incident_key per occurrence date.",5712,"nyc_shootings",100,"development","validation"
"2021-08-22",5713,2021,2,"development",365,"Distinct incident_key per occurrence date.",5713,"nyc_shootings",100,"development","validation"
"2021-08-23",5714,2021,4,"development",365,"Distinct incident_key per occurrence date.",5714,"nyc_shootings",100,"development","validation"
"2021-08-24",5715,2021,1,"development",365,"Distinct incident_key per occurrence date.",5715,"nyc_shootings",100,"development","validation"
"2021-08-25",5716,2021,4,"development",365,"Distinct incident_key per occurrence date.",5716,"nyc_shootings",100,"development","validation"
"2021-08-26",5717,2021,2,"development",365,"Distinct incident_key per occurrence date.",5717,"nyc_shootings",100,"development","validation"
"2021-08-27",5718,2021,5,"development",365,"Distinct incident_key per occurrence date.",5718,"nyc_shootings",100,"development","validation"
"2021-08-28",5719,2021,7,"development",365,"Distinct incident_key per occurrence date.",5719,"nyc_shootings",100,"development","validation"
"2021-08-29",5720,2021,6,"development",365,"Distinct incident_key per occurrence date.",5720,"nyc_shootings",100,"development","validation"
"2021-08-30",5721,2021,7,"development",365,"Distinct incident_key per occurrence date.",5721,"nyc_shootings",100,"development","validation"
"2021-08-31",5722,2021,11,"development",365,"Distinct incident_key per occurrence date.",5722,"nyc_shootings",100,"development","validation"
"2021-09-01",5723,2021,4,"development",365,"Distinct incident_key per occurrence date.",5723,"nyc_shootings",100,"development","validation"
"2021-09-02",5724,2021,3,"development",365,"Distinct incident_key per occurrence date.",5724,"nyc_shootings",100,"development","validation"
"2021-09-03",5725,2021,7,"development",365,"Distinct incident_key per occurrence date.",5725,"nyc_shootings",100,"development","validation"
"2021-09-04",5726,2021,4,"development",365,"Distinct incident_key per occurrence date.",5726,"nyc_shootings",100,"development","validation"
"2021-09-05",5727,2021,9,"development",365,"Distinct incident_key per occurrence date.",5727,"nyc_shootings",100,"development","validation"
"2021-09-06",5728,2021,6,"development",365,"Distinct incident_key per occurrence date.",5728,"nyc_shootings",100,"development","validation"
"2021-09-07",5729,2021,6,"development",365,"Distinct incident_key per occurrence date.",5729,"nyc_shootings",100,"development","validation"
"2021-09-08",5730,2021,4,"development",365,"Distinct incident_key per occurrence date.",5730,"nyc_shootings",100,"development","validation"
"2021-09-09",5731,2021,0,"development",365,"Distinct incident_key per occurrence date.",5731,"nyc_shootings",100,"development","validation"
"2021-09-10",5732,2021,4,"development",365,"Distinct incident_key per occurrence date.",5732,"nyc_shootings",100,"development","validation"
"2021-09-11",5733,2021,5,"development",365,"Distinct incident_key per occurrence date.",5733,"nyc_shootings",100,"development","validation"
"2021-09-12",5734,2021,5,"development",365,"Distinct incident_key per occurrence date.",5734,"nyc_shootings",100,"development","validation"
"2021-09-13",5735,2021,5,"development",365,"Distinct incident_key per occurrence date.",5735,"nyc_shootings",100,"development","validation"
"2021-09-14",5736,2021,3,"development",365,"Distinct incident_key per occurrence date.",5736,"nyc_shootings",100,"development","validation"
"2021-09-15",5737,2021,3,"development",365,"Distinct incident_key per occurrence date.",5737,"nyc_shootings",100,"development","validation"
"2021-09-16",5738,2021,4,"development",365,"Distinct incident_key per occurrence date.",5738,"nyc_shootings",100,"development","validation"
"2021-09-17",5739,2021,3,"development",365,"Distinct incident_key per occurrence date.",5739,"nyc_shootings",100,"development","validation"
"2021-09-18",5740,2021,9,"development",365,"Distinct incident_key per occurrence date.",5740,"nyc_shootings",100,"development","validation"
"2021-09-19",5741,2021,4,"development",365,"Distinct incident_key per occurrence date.",5741,"nyc_shootings",100,"development","validation"
"2021-09-20",5742,2021,4,"development",365,"Distinct incident_key per occurrence date.",5742,"nyc_shootings",100,"development","validation"
"2021-09-21",5743,2021,3,"development",365,"Distinct incident_key per occurrence date.",5743,"nyc_shootings",100,"development","validation"
"2021-09-22",5744,2021,5,"development",365,"Distinct incident_key per occurrence date.",5744,"nyc_shootings",100,"development","validation"
"2021-09-23",5745,2021,5,"development",365,"Distinct incident_key per occurrence date.",5745,"nyc_shootings",100,"development","validation"
"2021-09-24",5746,2021,5,"development",365,"Distinct incident_key per occurrence date.",5746,"nyc_shootings",100,"development","validation"
"2021-09-25",5747,2021,4,"development",365,"Distinct incident_key per occurrence date.",5747,"nyc_shootings",100,"development","validation"
"2021-09-26",5748,2021,2,"development",365,"Distinct incident_key per occurrence date.",5748,"nyc_shootings",100,"development","validation"
"2021-09-27",5749,2021,5,"development",365,"Distinct incident_key per occurrence date.",5749,"nyc_shootings",100,"development","validation"
"2021-09-28",5750,2021,7,"development",365,"Distinct incident_key per occurrence date.",5750,"nyc_shootings",100,"development","validation"
"2021-09-29",5751,2021,4,"development",365,"Distinct incident_key per occurrence date.",5751,"nyc_shootings",100,"development","validation"
"2021-09-30",5752,2021,4,"development",365,"Distinct incident_key per occurrence date.",5752,"nyc_shootings",100,"development","validation"
"2021-10-01",5753,2021,7,"development",365,"Distinct incident_key per occurrence date.",5753,"nyc_shootings",100,"development","validation"
"2021-10-02",5754,2021,6,"development",365,"Distinct incident_key per occurrence date.",5754,"nyc_shootings",100,"development","validation"
"2021-10-03",5755,2021,8,"development",365,"Distinct incident_key per occurrence date.",5755,"nyc_shootings",100,"development","validation"
"2021-10-04",5756,2021,6,"development",365,"Distinct incident_key per occurrence date.",5756,"nyc_shootings",100,"development","validation"
"2021-10-05",5757,2021,1,"development",365,"Distinct incident_key per occurrence date.",5757,"nyc_shootings",100,"development","validation"
"2021-10-06",5758,2021,3,"development",365,"Distinct incident_key per occurrence date.",5758,"nyc_shootings",100,"development","validation"
"2021-10-07",5759,2021,4,"development",365,"Distinct incident_key per occurrence date.",5759,"nyc_shootings",100,"development","validation"
"2021-10-08",5760,2021,1,"development",365,"Distinct incident_key per occurrence date.",5760,"nyc_shootings",100,"development","validation"
"2021-10-09",5761,2021,3,"development",365,"Distinct incident_key per occurrence date.",5761,"nyc_shootings",100,"development","validation"
"2021-10-10",5762,2021,5,"development",365,"Distinct incident_key per occurrence date.",5762,"nyc_shootings",100,"development","validation"
"2021-10-11",5763,2021,2,"development",365,"Distinct incident_key per occurrence date.",5763,"nyc_shootings",100,"development","validation"
"2021-10-12",5764,2021,2,"development",365,"Distinct incident_key per occurrence date.",5764,"nyc_shootings",100,"development","validation"
"2021-10-13",5765,2021,5,"development",365,"Distinct incident_key per occurrence date.",5765,"nyc_shootings",100,"development","validation"
"2021-10-14",5766,2021,8,"development",365,"Distinct incident_key per occurrence date.",5766,"nyc_shootings",100,"development","validation"
"2021-10-15",5767,2021,6,"development",365,"Distinct incident_key per occurrence date.",5767,"nyc_shootings",100,"development","validation"
"2021-10-16",5768,2021,4,"development",365,"Distinct incident_key per occurrence date.",5768,"nyc_shootings",100,"development","validation"
"2021-10-17",5769,2021,5,"development",365,"Distinct incident_key per occurrence date.",5769,"nyc_shootings",100,"development","validation"
"2021-10-18",5770,2021,3,"development",365,"Distinct incident_key per occurrence date.",5770,"nyc_shootings",100,"development","validation"
"2021-10-19",5771,2021,4,"development",365,"Distinct incident_key per occurrence date.",5771,"nyc_shootings",100,"development","validation"
"2021-10-20",5772,2021,2,"development",365,"Distinct incident_key per occurrence date.",5772,"nyc_shootings",100,"development","validation"
"2021-10-21",5773,2021,5,"development",365,"Distinct incident_key per occurrence date.",5773,"nyc_shootings",100,"development","validation"
"2021-10-22",5774,2021,5,"development",365,"Distinct incident_key per occurrence date.",5774,"nyc_shootings",100,"development","validation"
"2021-10-23",5775,2021,4,"development",365,"Distinct incident_key per occurrence date.",5775,"nyc_shootings",100,"development","validation"
"2021-10-24",5776,2021,3,"development",365,"Distinct incident_key per occurrence date.",5776,"nyc_shootings",100,"development","validation"
"2021-10-25",5777,2021,4,"development",365,"Distinct incident_key per occurrence date.",5777,"nyc_shootings",100,"development","validation"
"2021-10-26",5778,2021,1,"development",365,"Distinct incident_key per occurrence date.",5778,"nyc_shootings",100,"development","validation"
"2021-10-27",5779,2021,2,"development",365,"Distinct incident_key per occurrence date.",5779,"nyc_shootings",100,"development","validation"
"2021-10-28",5780,2021,7,"development",365,"Distinct incident_key per occurrence date.",5780,"nyc_shootings",100,"development","validation"
"2021-10-29",5781,2021,0,"development",365,"Distinct incident_key per occurrence date.",5781,"nyc_shootings",100,"development","validation"
"2021-10-30",5782,2021,3,"development",365,"Distinct incident_key per occurrence date.",5782,"nyc_shootings",100,"development","validation"
"2021-10-31",5783,2021,9,"development",365,"Distinct incident_key per occurrence date.",5783,"nyc_shootings",100,"development","validation"
"2021-11-01",5784,2021,2,"development",365,"Distinct incident_key per occurrence date.",5784,"nyc_shootings",100,"development","validation"
"2021-11-02",5785,2021,2,"development",365,"Distinct incident_key per occurrence date.",5785,"nyc_shootings",100,"development","validation"
"2021-11-03",5786,2021,2,"development",365,"Distinct incident_key per occurrence date.",5786,"nyc_shootings",100,"development","validation"
"2021-11-04",5787,2021,1,"development",365,"Distinct incident_key per occurrence date.",5787,"nyc_shootings",100,"development","validation"
"2021-11-05",5788,2021,7,"development",365,"Distinct incident_key per occurrence date.",5788,"nyc_shootings",100,"development","validation"
"2021-11-06",5789,2021,5,"development",365,"Distinct incident_key per occurrence date.",5789,"nyc_shootings",100,"development","validation"
"2021-11-07",5790,2021,1,"development",365,"Distinct incident_key per occurrence date.",5790,"nyc_shootings",100,"development","validation"
"2021-11-08",5791,2021,8,"development",365,"Distinct incident_key per occurrence date.",5791,"nyc_shootings",100,"development","validation"
"2021-11-09",5792,2021,5,"development",365,"Distinct incident_key per occurrence date.",5792,"nyc_shootings",100,"development","validation"
"2021-11-10",5793,2021,5,"development",365,"Distinct incident_key per occurrence date.",5793,"nyc_shootings",100,"development","validation"
"2021-11-11",5794,2021,9,"development",365,"Distinct incident_key per occurrence date.",5794,"nyc_shootings",100,"development","validation"
"2021-11-12",5795,2021,1,"development",365,"Distinct incident_key per occurrence date.",5795,"nyc_shootings",100,"development","validation"
"2021-11-13",5796,2021,7,"development",365,"Distinct incident_key per occurrence date.",5796,"nyc_shootings",100,"development","validation"
"2021-11-14",5797,2021,3,"development",365,"Distinct incident_key per occurrence date.",5797,"nyc_shootings",100,"development","validation"
"2021-11-15",5798,2021,4,"development",365,"Distinct incident_key per occurrence date.",5798,"nyc_shootings",100,"development","validation"
"2021-11-16",5799,2021,4,"development",365,"Distinct incident_key per occurrence date.",5799,"nyc_shootings",100,"development","validation"
"2021-11-17",5800,2021,4,"development",365,"Distinct incident_key per occurrence date.",5800,"nyc_shootings",100,"development","validation"
"2021-11-18",5801,2021,6,"development",365,"Distinct incident_key per occurrence date.",5801,"nyc_shootings",100,"development","validation"
"2021-11-19",5802,2021,3,"development",365,"Distinct incident_key per occurrence date.",5802,"nyc_shootings",100,"development","validation"
"2021-11-20",5803,2021,1,"development",365,"Distinct incident_key per occurrence date.",5803,"nyc_shootings",100,"development","validation"
"2021-11-21",5804,2021,9,"development",365,"Distinct incident_key per occurrence date.",5804,"nyc_shootings",100,"development","validation"
"2021-11-22",5805,2021,6,"development",365,"Distinct incident_key per occurrence date.",5805,"nyc_shootings",100,"development","validation"
"2021-11-23",5806,2021,3,"development",365,"Distinct incident_key per occurrence date.",5806,"nyc_shootings",100,"development","validation"
"2021-11-24",5807,2021,2,"development",365,"Distinct incident_key per occurrence date.",5807,"nyc_shootings",100,"development","validation"
"2021-11-25",5808,2021,3,"development",365,"Distinct incident_key per occurrence date.",5808,"nyc_shootings",100,"development","validation"
"2021-11-26",5809,2021,4,"development",365,"Distinct incident_key per occurrence date.",5809,"nyc_shootings",100,"development","validation"
"2021-11-27",5810,2021,5,"development",365,"Distinct incident_key per occurrence date.",5810,"nyc_shootings",100,"development","validation"
"2021-11-28",5811,2021,3,"development",365,"Distinct incident_key per occurrence date.",5811,"nyc_shootings",100,"development","validation"
"2021-11-29",5812,2021,2,"development",365,"Distinct incident_key per occurrence date.",5812,"nyc_shootings",100,"development","validation"
"2021-11-30",5813,2021,2,"development",365,"Distinct incident_key per occurrence date.",5813,"nyc_shootings",100,"development","validation"
"2021-12-01",5814,2021,7,"development",365,"Distinct incident_key per occurrence date.",5814,"nyc_shootings",100,"development","validation"
"2021-12-02",5815,2021,5,"development",365,"Distinct incident_key per occurrence date.",5815,"nyc_shootings",100,"development","validation"
"2021-12-03",5816,2021,7,"development",365,"Distinct incident_key per occurrence date.",5816,"nyc_shootings",100,"development","validation"
"2021-12-04",5817,2021,6,"development",365,"Distinct incident_key per occurrence date.",5817,"nyc_shootings",100,"development","validation"
"2021-12-05",5818,2021,3,"development",365,"Distinct incident_key per occurrence date.",5818,"nyc_shootings",100,"development","validation"
"2021-12-06",5819,2021,4,"development",365,"Distinct incident_key per occurrence date.",5819,"nyc_shootings",100,"development","validation"
"2021-12-07",5820,2021,2,"development",365,"Distinct incident_key per occurrence date.",5820,"nyc_shootings",100,"development","validation"
"2021-12-08",5821,2021,0,"development",365,"Distinct incident_key per occurrence date.",5821,"nyc_shootings",100,"development","validation"
"2021-12-09",5822,2021,4,"development",365,"Distinct incident_key per occurrence date.",5822,"nyc_shootings",100,"development","validation"
"2021-12-10",5823,2021,4,"development",365,"Distinct incident_key per occurrence date.",5823,"nyc_shootings",100,"development","validation"
"2021-12-11",5824,2021,6,"development",365,"Distinct incident_key per occurrence date.",5824,"nyc_shootings",100,"development","validation"
"2021-12-12",5825,2021,8,"development",365,"Distinct incident_key per occurrence date.",5825,"nyc_shootings",100,"development","validation"
"2021-12-13",5826,2021,1,"development",365,"Distinct incident_key per occurrence date.",5826,"nyc_shootings",100,"development","validation"
"2021-12-14",5827,2021,3,"development",365,"Distinct incident_key per occurrence date.",5827,"nyc_shootings",100,"development","validation"
"2021-12-15",5828,2021,1,"development",365,"Distinct incident_key per occurrence date.",5828,"nyc_shootings",100,"development","validation"
"2021-12-16",5829,2021,5,"development",365,"Distinct incident_key per occurrence date.",5829,"nyc_shootings",100,"development","validation"
"2021-12-17",5830,2021,8,"development",365,"Distinct incident_key per occurrence date.",5830,"nyc_shootings",100,"development","validation"
"2021-12-18",5831,2021,7,"development",365,"Distinct incident_key per occurrence date.",5831,"nyc_shootings",100,"development","validation"
"2021-12-19",5832,2021,3,"development",365,"Distinct incident_key per occurrence date.",5832,"nyc_shootings",100,"development","validation"
"2021-12-20",5833,2021,3,"development",365,"Distinct incident_key per occurrence date.",5833,"nyc_shootings",100,"development","validation"
"2021-12-21",5834,2021,3,"development",365,"Distinct incident_key per occurrence date.",5834,"nyc_shootings",100,"development","validation"
"2021-12-22",5835,2021,5,"development",365,"Distinct incident_key per occurrence date.",5835,"nyc_shootings",100,"development","validation"
"2021-12-23",5836,2021,2,"development",365,"Distinct incident_key per occurrence date.",5836,"nyc_shootings",100,"development","validation"
"2021-12-24",5837,2021,3,"development",365,"Distinct incident_key per occurrence date.",5837,"nyc_shootings",100,"development","validation"
"2021-12-25",5838,2021,1,"development",365,"Distinct incident_key per occurrence date.",5838,"nyc_shootings",100,"development","validation"
"2021-12-26",5839,2021,5,"development",365,"Distinct incident_key per occurrence date.",5839,"nyc_shootings",100,"development","validation"
"2021-12-27",5840,2021,5,"development",365,"Distinct incident_key per occurrence date.",5840,"nyc_shootings",100,"development","validation"
"2021-12-28",5841,2021,1,"development",365,"Distinct incident_key per occurrence date.",5841,"nyc_shootings",100,"development","validation"
"2021-12-29",5842,2021,2,"development",365,"Distinct incident_key per occurrence date.",5842,"nyc_shootings",100,"development","validation"
"2021-12-30",5843,2021,2,"development",365,"Distinct incident_key per occurrence date.",5843,"nyc_shootings",100,"development","validation"
"2021-12-31",5844,2021,4,"development",365,"Distinct incident_key per occurrence date.",5844,"nyc_shootings",100,"development","validation"
"2022-01-01",5845,2022,5,"development",365,"Distinct incident_key per occurrence date.",5845,"nyc_shootings",100,"development","validation"
"2022-01-02",5846,2022,3,"development",365,"Distinct incident_key per occurrence date.",5846,"nyc_shootings",100,"development","validation"
"2022-01-03",5847,2022,3,"development",365,"Distinct incident_key per occurrence date.",5847,"nyc_shootings",100,"development","validation"
"2022-01-04",5848,2022,1,"development",365,"Distinct incident_key per occurrence date.",5848,"nyc_shootings",100,"development","validation"
"2022-01-05",5849,2022,1,"development",365,"Distinct incident_key per occurrence date.",5849,"nyc_shootings",100,"development","validation"
"2022-01-06",5850,2022,6,"development",365,"Distinct incident_key per occurrence date.",5850,"nyc_shootings",100,"development","validation"
"2022-01-07",5851,2022,5,"development",365,"Distinct incident_key per occurrence date.",5851,"nyc_shootings",100,"development","validation"
"2022-01-08",5852,2022,2,"development",365,"Distinct incident_key per occurrence date.",5852,"nyc_shootings",100,"development","validation"
"2022-01-09",5853,2022,3,"development",365,"Distinct incident_key per occurrence date.",5853,"nyc_shootings",100,"development","validation"
"2022-01-10",5854,2022,4,"development",365,"Distinct incident_key per occurrence date.",5854,"nyc_shootings",100,"development","validation"
"2022-01-11",5855,2022,3,"development",365,"Distinct incident_key per occurrence date.",5855,"nyc_shootings",100,"development","validation"
"2022-01-12",5856,2022,0,"development",365,"Distinct incident_key per occurrence date.",5856,"nyc_shootings",100,"development","validation"
"2022-01-13",5857,2022,3,"development",365,"Distinct incident_key per occurrence date.",5857,"nyc_shootings",100,"development","validation"
"2022-01-14",5858,2022,2,"development",365,"Distinct incident_key per occurrence date.",5858,"nyc_shootings",100,"development","validation"
"2022-01-15",5859,2022,4,"development",365,"Distinct incident_key per occurrence date.",5859,"nyc_shootings",100,"development","validation"
"2022-01-16",5860,2022,6,"development",365,"Distinct incident_key per occurrence date.",5860,"nyc_shootings",100,"development","validation"
"2022-01-17",5861,2022,2,"development",365,"Distinct incident_key per occurrence date.",5861,"nyc_shootings",100,"development","validation"
"2022-01-18",5862,2022,3,"development",365,"Distinct incident_key per occurrence date.",5862,"nyc_shootings",100,"development","validation"
"2022-01-19",5863,2022,2,"development",365,"Distinct incident_key per occurrence date.",5863,"nyc_shootings",100,"development","validation"
"2022-01-20",5864,2022,1,"development",365,"Distinct incident_key per occurrence date.",5864,"nyc_shootings",100,"development","validation"
"2022-01-21",5865,2022,3,"development",365,"Distinct incident_key per occurrence date.",5865,"nyc_shootings",100,"development","validation"
"2022-01-22",5866,2022,4,"development",365,"Distinct incident_key per occurrence date.",5866,"nyc_shootings",100,"development","validation"
"2022-01-23",5867,2022,7,"development",365,"Distinct incident_key per occurrence date.",5867,"nyc_shootings",100,"development","validation"
"2022-01-24",5868,2022,3,"development",365,"Distinct incident_key per occurrence date.",5868,"nyc_shootings",100,"development","validation"
"2022-01-25",5869,2022,6,"development",365,"Distinct incident_key per occurrence date.",5869,"nyc_shootings",100,"development","validation"
"2022-01-26",5870,2022,1,"development",365,"Distinct incident_key per occurrence date.",5870,"nyc_shootings",100,"development","validation"
"2022-01-27",5871,2022,3,"development",365,"Distinct incident_key per occurrence date.",5871,"nyc_shootings",100,"development","validation"
"2022-01-28",5872,2022,4,"development",365,"Distinct incident_key per occurrence date.",5872,"nyc_shootings",100,"development","validation"
"2022-01-29",5873,2022,2,"development",365,"Distinct incident_key per occurrence date.",5873,"nyc_shootings",100,"development","validation"
"2022-01-30",5874,2022,2,"development",365,"Distinct incident_key per occurrence date.",5874,"nyc_shootings",100,"development","validation"
"2022-01-31",5875,2022,5,"development",365,"Distinct incident_key per occurrence date.",5875,"nyc_shootings",100,"development","validation"
"2022-02-01",5876,2022,4,"development",365,"Distinct incident_key per occurrence date.",5876,"nyc_shootings",100,"development","validation"
"2022-02-02",5877,2022,2,"development",365,"Distinct incident_key per occurrence date.",5877,"nyc_shootings",100,"development","validation"
"2022-02-03",5878,2022,2,"development",365,"Distinct incident_key per occurrence date.",5878,"nyc_shootings",100,"development","validation"
"2022-02-04",5879,2022,0,"development",365,"Distinct incident_key per occurrence date.",5879,"nyc_shootings",100,"development","validation"
"2022-02-05",5880,2022,7,"development",365,"Distinct incident_key per occurrence date.",5880,"nyc_shootings",100,"development","validation"
"2022-02-06",5881,2022,3,"development",365,"Distinct incident_key per occurrence date.",5881,"nyc_shootings",100,"development","validation"
"2022-02-07",5882,2022,4,"development",365,"Distinct incident_key per occurrence date.",5882,"nyc_shootings",100,"development","validation"
"2022-02-08",5883,2022,3,"development",365,"Distinct incident_key per occurrence date.",5883,"nyc_shootings",100,"development","validation"
"2022-02-09",5884,2022,2,"development",365,"Distinct incident_key per occurrence date.",5884,"nyc_shootings",100,"development","validation"
"2022-02-10",5885,2022,8,"development",365,"Distinct incident_key per occurrence date.",5885,"nyc_shootings",100,"development","validation"
"2022-02-11",5886,2022,3,"development",365,"Distinct incident_key per occurrence date.",5886,"nyc_shootings",100,"development","validation"
"2022-02-12",5887,2022,2,"development",365,"Distinct incident_key per occurrence date.",5887,"nyc_shootings",100,"development","validation"
"2022-02-13",5888,2022,3,"development",365,"Distinct incident_key per occurrence date.",5888,"nyc_shootings",100,"development","validation"
"2022-02-14",5889,2022,1,"development",365,"Distinct incident_key per occurrence date.",5889,"nyc_shootings",100,"development","validation"
"2022-02-15",5890,2022,1,"development",365,"Distinct incident_key per occurrence date.",5890,"nyc_shootings",100,"development","validation"
"2022-02-16",5891,2022,2,"development",365,"Distinct incident_key per occurrence date.",5891,"nyc_shootings",100,"development","validation"
"2022-02-17",5892,2022,3,"development",365,"Distinct incident_key per occurrence date.",5892,"nyc_shootings",100,"development","validation"
"2022-02-18",5893,2022,2,"development",365,"Distinct incident_key per occurrence date.",5893,"nyc_shootings",100,"development","validation"
"2022-02-19",5894,2022,3,"development",365,"Distinct incident_key per occurrence date.",5894,"nyc_shootings",100,"development","validation"
"2022-02-20",5895,2022,1,"development",365,"Distinct incident_key per occurrence date.",5895,"nyc_shootings",100,"development","validation"
"2022-02-21",5896,2022,3,"development",365,"Distinct incident_key per occurrence date.",5896,"nyc_shootings",100,"development","validation"
"2022-02-22",5897,2022,2,"development",365,"Distinct incident_key per occurrence date.",5897,"nyc_shootings",100,"development","validation"
"2022-02-23",5898,2022,1,"development",365,"Distinct incident_key per occurrence date.",5898,"nyc_shootings",100,"development","validation"
"2022-02-24",5899,2022,1,"development",365,"Distinct incident_key per occurrence date.",5899,"nyc_shootings",100,"development","validation"
"2022-02-25",5900,2022,3,"development",365,"Distinct incident_key per occurrence date.",5900,"nyc_shootings",100,"development","validation"
"2022-02-26",5901,2022,3,"development",365,"Distinct incident_key per occurrence date.",5901,"nyc_shootings",100,"development","validation"
"2022-02-27",5902,2022,4,"development",365,"Distinct incident_key per occurrence date.",5902,"nyc_shootings",100,"development","validation"
"2022-02-28",5903,2022,2,"development",365,"Distinct incident_key per occurrence date.",5903,"nyc_shootings",100,"development","validation"
"2022-03-01",5904,2022,4,"development",365,"Distinct incident_key per occurrence date.",5904,"nyc_shootings",100,"development","validation"
"2022-03-02",5905,2022,1,"development",365,"Distinct incident_key per occurrence date.",5905,"nyc_shootings",100,"development","validation"
"2022-03-03",5906,2022,2,"development",365,"Distinct incident_key per occurrence date.",5906,"nyc_shootings",100,"development","validation"
"2022-03-04",5907,2022,3,"development",365,"Distinct incident_key per occurrence date.",5907,"nyc_shootings",100,"development","validation"
"2022-03-05",5908,2022,3,"development",365,"Distinct incident_key per occurrence date.",5908,"nyc_shootings",100,"development","validation"
"2022-03-06",5909,2022,4,"development",365,"Distinct incident_key per occurrence date.",5909,"nyc_shootings",100,"development","validation"
"2022-03-07",5910,2022,4,"development",365,"Distinct incident_key per occurrence date.",5910,"nyc_shootings",100,"development","validation"
"2022-03-08",5911,2022,2,"development",365,"Distinct incident_key per occurrence date.",5911,"nyc_shootings",100,"development","validation"
"2022-03-09",5912,2022,0,"development",365,"Distinct incident_key per occurrence date.",5912,"nyc_shootings",100,"development","validation"
"2022-03-10",5913,2022,6,"development",365,"Distinct incident_key per occurrence date.",5913,"nyc_shootings",100,"development","validation"
"2022-03-11",5914,2022,4,"development",365,"Distinct incident_key per occurrence date.",5914,"nyc_shootings",100,"development","validation"
"2022-03-12",5915,2022,3,"development",365,"Distinct incident_key per occurrence date.",5915,"nyc_shootings",100,"development","validation"
"2022-03-13",5916,2022,6,"development",365,"Distinct incident_key per occurrence date.",5916,"nyc_shootings",100,"development","validation"
"2022-03-14",5917,2022,4,"development",365,"Distinct incident_key per occurrence date.",5917,"nyc_shootings",100,"development","validation"
"2022-03-15",5918,2022,4,"development",365,"Distinct incident_key per occurrence date.",5918,"nyc_shootings",100,"development","validation"
"2022-03-16",5919,2022,2,"development",365,"Distinct incident_key per occurrence date.",5919,"nyc_shootings",100,"development","validation"
"2022-03-17",5920,2022,3,"development",365,"Distinct incident_key per occurrence date.",5920,"nyc_shootings",100,"development","validation"
"2022-03-18",5921,2022,9,"development",365,"Distinct incident_key per occurrence date.",5921,"nyc_shootings",100,"development","validation"
"2022-03-19",5922,2022,9,"development",365,"Distinct incident_key per occurrence date.",5922,"nyc_shootings",100,"development","validation"
"2022-03-20",5923,2022,6,"development",365,"Distinct incident_key per occurrence date.",5923,"nyc_shootings",100,"development","validation"
"2022-03-21",5924,2022,7,"development",365,"Distinct incident_key per occurrence date.",5924,"nyc_shootings",100,"development","validation"
"2022-03-22",5925,2022,2,"development",365,"Distinct incident_key per occurrence date.",5925,"nyc_shootings",100,"development","validation"
"2022-03-23",5926,2022,1,"development",365,"Distinct incident_key per occurrence date.",5926,"nyc_shootings",100,"development","validation"
"2022-03-24",5927,2022,5,"development",365,"Distinct incident_key per occurrence date.",5927,"nyc_shootings",100,"development","validation"
"2022-03-25",5928,2022,6,"development",365,"Distinct incident_key per occurrence date.",5928,"nyc_shootings",100,"development","validation"
"2022-03-26",5929,2022,2,"development",365,"Distinct incident_key per occurrence date.",5929,"nyc_shootings",100,"development","validation"
"2022-03-27",5930,2022,2,"development",365,"Distinct incident_key per occurrence date.",5930,"nyc_shootings",100,"development","validation"
"2022-03-28",5931,2022,1,"development",365,"Distinct incident_key per occurrence date.",5931,"nyc_shootings",100,"development","validation"
"2022-03-29",5932,2022,3,"development",365,"Distinct incident_key per occurrence date.",5932,"nyc_shootings",100,"development","validation"
"2022-03-30",5933,2022,2,"development",365,"Distinct incident_key per occurrence date.",5933,"nyc_shootings",100,"development","validation"
"2022-03-31",5934,2022,5,"development",365,"Distinct incident_key per occurrence date.",5934,"nyc_shootings",100,"development","validation"
"2022-04-01",5935,2022,3,"development",365,"Distinct incident_key per occurrence date.",5935,"nyc_shootings",100,"development","validation"
"2022-04-02",5936,2022,1,"development",365,"Distinct incident_key per occurrence date.",5936,"nyc_shootings",100,"development","validation"
"2022-04-03",5937,2022,2,"development",365,"Distinct incident_key per occurrence date.",5937,"nyc_shootings",100,"development","validation"
"2022-04-04",5938,2022,4,"development",365,"Distinct incident_key per occurrence date.",5938,"nyc_shootings",100,"development","validation"
"2022-04-05",5939,2022,5,"development",365,"Distinct incident_key per occurrence date.",5939,"nyc_shootings",100,"development","validation"
"2022-04-06",5940,2022,3,"development",365,"Distinct incident_key per occurrence date.",5940,"nyc_shootings",100,"development","validation"
"2022-04-07",5941,2022,0,"development",365,"Distinct incident_key per occurrence date.",5941,"nyc_shootings",100,"development","validation"
"2022-04-08",5942,2022,2,"development",365,"Distinct incident_key per occurrence date.",5942,"nyc_shootings",100,"development","validation"
"2022-04-09",5943,2022,8,"development",365,"Distinct incident_key per occurrence date.",5943,"nyc_shootings",100,"development","validation"
"2022-04-10",5944,2022,4,"development",365,"Distinct incident_key per occurrence date.",5944,"nyc_shootings",100,"development","validation"
"2022-04-11",5945,2022,3,"development",365,"Distinct incident_key per occurrence date.",5945,"nyc_shootings",100,"development","validation"
"2022-04-12",5946,2022,9,"development",365,"Distinct incident_key per occurrence date.",5946,"nyc_shootings",100,"development","validation"
"2022-04-13",5947,2022,5,"development",365,"Distinct incident_key per occurrence date.",5947,"nyc_shootings",100,"development","validation"
"2022-04-14",5948,2022,3,"development",365,"Distinct incident_key per occurrence date.",5948,"nyc_shootings",100,"development","validation"
"2022-04-15",5949,2022,6,"development",365,"Distinct incident_key per occurrence date.",5949,"nyc_shootings",100,"development","validation"
"2022-04-16",5950,2022,4,"development",365,"Distinct incident_key per occurrence date.",5950,"nyc_shootings",100,"development","validation"
"2022-04-17",5951,2022,3,"development",365,"Distinct incident_key per occurrence date.",5951,"nyc_shootings",100,"development","validation"
"2022-04-18",5952,2022,3,"development",365,"Distinct incident_key per occurrence date.",5952,"nyc_shootings",100,"development","validation"
"2022-04-19",5953,2022,3,"development",365,"Distinct incident_key per occurrence date.",5953,"nyc_shootings",100,"development","validation"
"2022-04-20",5954,2022,0,"development",365,"Distinct incident_key per occurrence date.",5954,"nyc_shootings",100,"development","validation"
"2022-04-21",5955,2022,3,"development",365,"Distinct incident_key per occurrence date.",5955,"nyc_shootings",100,"development","validation"
"2022-04-22",5956,2022,4,"development",365,"Distinct incident_key per occurrence date.",5956,"nyc_shootings",100,"development","validation"
"2022-04-23",5957,2022,5,"development",365,"Distinct incident_key per occurrence date.",5957,"nyc_shootings",100,"development","validation"
"2022-04-24",5958,2022,3,"development",365,"Distinct incident_key per occurrence date.",5958,"nyc_shootings",100,"development","validation"
"2022-04-25",5959,2022,2,"development",365,"Distinct incident_key per occurrence date.",5959,"nyc_shootings",100,"development","validation"
"2022-04-26",5960,2022,7,"development",365,"Distinct incident_key per occurrence date.",5960,"nyc_shootings",100,"development","validation"
"2022-04-27",5961,2022,5,"development",365,"Distinct incident_key per occurrence date.",5961,"nyc_shootings",100,"development","validation"
"2022-04-28",5962,2022,1,"development",365,"Distinct incident_key per occurrence date.",5962,"nyc_shootings",100,"development","validation"
"2022-04-29",5963,2022,2,"development",365,"Distinct incident_key per occurrence date.",5963,"nyc_shootings",100,"development","validation"
"2022-04-30",5964,2022,2,"development",365,"Distinct incident_key per occurrence date.",5964,"nyc_shootings",100,"development","validation"
"2022-05-01",5965,2022,7,"development",365,"Distinct incident_key per occurrence date.",5965,"nyc_shootings",100,"development","validation"
"2022-05-02",5966,2022,1,"development",365,"Distinct incident_key per occurrence date.",5966,"nyc_shootings",100,"development","validation"
"2022-05-03",5967,2022,3,"development",365,"Distinct incident_key per occurrence date.",5967,"nyc_shootings",100,"development","validation"
"2022-05-04",5968,2022,4,"development",365,"Distinct incident_key per occurrence date.",5968,"nyc_shootings",100,"development","validation"
"2022-05-05",5969,2022,5,"development",365,"Distinct incident_key per occurrence date.",5969,"nyc_shootings",100,"development","validation"
"2022-05-06",5970,2022,2,"development",365,"Distinct incident_key per occurrence date.",5970,"nyc_shootings",100,"development","validation"
"2022-05-07",5971,2022,3,"development",365,"Distinct incident_key per occurrence date.",5971,"nyc_shootings",100,"development","validation"
"2022-05-08",5972,2022,0,"development",365,"Distinct incident_key per occurrence date.",5972,"nyc_shootings",100,"development","validation"
"2022-05-09",5973,2022,7,"development",365,"Distinct incident_key per occurrence date.",5973,"nyc_shootings",100,"development","validation"
"2022-05-10",5974,2022,3,"development",365,"Distinct incident_key per occurrence date.",5974,"nyc_shootings",100,"development","validation"
"2022-05-11",5975,2022,3,"development",365,"Distinct incident_key per occurrence date.",5975,"nyc_shootings",100,"development","validation"
"2022-05-12",5976,2022,3,"development",365,"Distinct incident_key per occurrence date.",5976,"nyc_shootings",100,"development","validation"
"2022-05-13",5977,2022,2,"development",365,"Distinct incident_key per occurrence date.",5977,"nyc_shootings",100,"development","validation"
"2022-05-14",5978,2022,4,"development",365,"Distinct incident_key per occurrence date.",5978,"nyc_shootings",100,"development","validation"
"2022-05-15",5979,2022,4,"development",365,"Distinct incident_key per occurrence date.",5979,"nyc_shootings",100,"development","validation"
"2022-05-16",5980,2022,10,"development",365,"Distinct incident_key per occurrence date.",5980,"nyc_shootings",100,"development","validation"
"2022-05-17",5981,2022,3,"development",365,"Distinct incident_key per occurrence date.",5981,"nyc_shootings",100,"development","validation"
"2022-05-18",5982,2022,4,"development",365,"Distinct incident_key per occurrence date.",5982,"nyc_shootings",100,"development","validation"
"2022-05-19",5983,2022,0,"development",365,"Distinct incident_key per occurrence date.",5983,"nyc_shootings",100,"development","validation"
"2022-05-20",5984,2022,3,"development",365,"Distinct incident_key per occurrence date.",5984,"nyc_shootings",100,"development","validation"
"2022-05-21",5985,2022,6,"development",365,"Distinct incident_key per occurrence date.",5985,"nyc_shootings",100,"development","validation"
"2022-05-22",5986,2022,6,"development",365,"Distinct incident_key per occurrence date.",5986,"nyc_shootings",100,"development","validation"
"2022-05-23",5987,2022,1,"development",365,"Distinct incident_key per occurrence date.",5987,"nyc_shootings",100,"development","validation"
"2022-05-24",5988,2022,1,"development",365,"Distinct incident_key per occurrence date.",5988,"nyc_shootings",100,"development","validation"
"2022-05-25",5989,2022,4,"development",365,"Distinct incident_key per occurrence date.",5989,"nyc_shootings",100,"development","validation"
"2022-05-26",5990,2022,3,"development",365,"Distinct incident_key per occurrence date.",5990,"nyc_shootings",100,"development","validation"
"2022-05-27",5991,2022,3,"development",365,"Distinct incident_key per occurrence date.",5991,"nyc_shootings",100,"development","validation"
"2022-05-28",5992,2022,5,"development",365,"Distinct incident_key per occurrence date.",5992,"nyc_shootings",100,"development","validation"
"2022-05-29",5993,2022,6,"development",365,"Distinct incident_key per occurrence date.",5993,"nyc_shootings",100,"development","validation"
"2022-05-30",5994,2022,6,"development",365,"Distinct incident_key per occurrence date.",5994,"nyc_shootings",100,"development","validation"
"2022-05-31",5995,2022,5,"development",365,"Distinct incident_key per occurrence date.",5995,"nyc_shootings",100,"development","validation"
"2022-06-01",5996,2022,2,"development",365,"Distinct incident_key per occurrence date.",5996,"nyc_shootings",100,"development","validation"
"2022-06-02",5997,2022,4,"development",365,"Distinct incident_key per occurrence date.",5997,"nyc_shootings",100,"development","validation"
"2022-06-03",5998,2022,5,"development",365,"Distinct incident_key per occurrence date.",5998,"nyc_shootings",100,"development","validation"
"2022-06-04",5999,2022,5,"development",365,"Distinct incident_key per occurrence date.",5999,"nyc_shootings",100,"development","validation"
"2022-06-05",6000,2022,6,"development",365,"Distinct incident_key per occurrence date.",6000,"nyc_shootings",100,"development","validation"
"2022-06-06",6001,2022,7,"development",365,"Distinct incident_key per occurrence date.",6001,"nyc_shootings",100,"development","validation"
"2022-06-07",6002,2022,2,"development",365,"Distinct incident_key per occurrence date.",6002,"nyc_shootings",100,"development","validation"
"2022-06-08",6003,2022,5,"development",365,"Distinct incident_key per occurrence date.",6003,"nyc_shootings",100,"development","validation"
"2022-06-09",6004,2022,3,"development",365,"Distinct incident_key per occurrence date.",6004,"nyc_shootings",100,"development","validation"
"2022-06-10",6005,2022,2,"development",365,"Distinct incident_key per occurrence date.",6005,"nyc_shootings",100,"development","validation"
"2022-06-11",6006,2022,2,"development",365,"Distinct incident_key per occurrence date.",6006,"nyc_shootings",100,"development","validation"
"2022-06-12",6007,2022,3,"development",365,"Distinct incident_key per occurrence date.",6007,"nyc_shootings",100,"development","validation"
"2022-06-13",6008,2022,4,"development",365,"Distinct incident_key per occurrence date.",6008,"nyc_shootings",100,"development","validation"
"2022-06-14",6009,2022,1,"development",365,"Distinct incident_key per occurrence date.",6009,"nyc_shootings",100,"development","validation"
"2022-06-15",6010,2022,3,"development",365,"Distinct incident_key per occurrence date.",6010,"nyc_shootings",100,"development","validation"
"2022-06-16",6011,2022,10,"development",365,"Distinct incident_key per occurrence date.",6011,"nyc_shootings",100,"development","validation"
"2022-06-17",6012,2022,2,"development",365,"Distinct incident_key per occurrence date.",6012,"nyc_shootings",100,"development","validation"
"2022-06-18",6013,2022,4,"development",365,"Distinct incident_key per occurrence date.",6013,"nyc_shootings",100,"development","validation"
"2022-06-19",6014,2022,6,"development",365,"Distinct incident_key per occurrence date.",6014,"nyc_shootings",100,"development","validation"
"2022-06-20",6015,2022,9,"development",365,"Distinct incident_key per occurrence date.",6015,"nyc_shootings",100,"development","validation"
"2022-06-21",6016,2022,2,"development",365,"Distinct incident_key per occurrence date.",6016,"nyc_shootings",100,"development","validation"
"2022-06-22",6017,2022,3,"development",365,"Distinct incident_key per occurrence date.",6017,"nyc_shootings",100,"development","validation"
"2022-06-23",6018,2022,5,"development",365,"Distinct incident_key per occurrence date.",6018,"nyc_shootings",100,"development","validation"
"2022-06-24",6019,2022,6,"development",365,"Distinct incident_key per occurrence date.",6019,"nyc_shootings",100,"development","validation"
"2022-06-25",6020,2022,4,"development",365,"Distinct incident_key per occurrence date.",6020,"nyc_shootings",100,"development","validation"
"2022-06-26",6021,2022,6,"development",365,"Distinct incident_key per occurrence date.",6021,"nyc_shootings",100,"development","validation"
"2022-06-27",6022,2022,2,"development",365,"Distinct incident_key per occurrence date.",6022,"nyc_shootings",100,"development","validation"
"2022-06-28",6023,2022,6,"development",365,"Distinct incident_key per occurrence date.",6023,"nyc_shootings",100,"development","validation"
"2022-06-29",6024,2022,2,"development",365,"Distinct incident_key per occurrence date.",6024,"nyc_shootings",100,"development","validation"
"2022-06-30",6025,2022,4,"development",365,"Distinct incident_key per occurrence date.",6025,"nyc_shootings",100,"development","validation"
"2022-07-01",6026,2022,5,"development",365,"Distinct incident_key per occurrence date.",6026,"nyc_shootings",100,"development","validation"
"2022-07-02",6027,2022,11,"development",365,"Distinct incident_key per occurrence date.",6027,"nyc_shootings",100,"development","validation"
"2022-07-03",6028,2022,6,"development",365,"Distinct incident_key per occurrence date.",6028,"nyc_shootings",100,"development","validation"
"2022-07-04",6029,2022,14,"development",365,"Distinct incident_key per occurrence date.",6029,"nyc_shootings",100,"development","validation"
"2022-07-05",6030,2022,9,"development",365,"Distinct incident_key per occurrence date.",6030,"nyc_shootings",100,"development","validation"
"2022-07-06",6031,2022,6,"development",365,"Distinct incident_key per occurrence date.",6031,"nyc_shootings",100,"development","validation"
"2022-07-07",6032,2022,5,"development",365,"Distinct incident_key per occurrence date.",6032,"nyc_shootings",100,"development","validation"
"2022-07-08",6033,2022,5,"development",365,"Distinct incident_key per occurrence date.",6033,"nyc_shootings",100,"development","validation"
"2022-07-09",6034,2022,2,"development",365,"Distinct incident_key per occurrence date.",6034,"nyc_shootings",100,"development","validation"
"2022-07-10",6035,2022,7,"development",365,"Distinct incident_key per occurrence date.",6035,"nyc_shootings",100,"development","validation"
"2022-07-11",6036,2022,5,"development",365,"Distinct incident_key per occurrence date.",6036,"nyc_shootings",100,"development","validation"
"2022-07-12",6037,2022,7,"development",365,"Distinct incident_key per occurrence date.",6037,"nyc_shootings",100,"development","validation"
"2022-07-13",6038,2022,5,"development",365,"Distinct incident_key per occurrence date.",6038,"nyc_shootings",100,"development","validation"
"2022-07-14",6039,2022,3,"development",365,"Distinct incident_key per occurrence date.",6039,"nyc_shootings",100,"development","validation"
"2022-07-15",6040,2022,6,"development",365,"Distinct incident_key per occurrence date.",6040,"nyc_shootings",100,"development","validation"
"2022-07-16",6041,2022,4,"development",365,"Distinct incident_key per occurrence date.",6041,"nyc_shootings",100,"development","validation"
"2022-07-17",6042,2022,7,"development",365,"Distinct incident_key per occurrence date.",6042,"nyc_shootings",100,"development","validation"
"2022-07-18",6043,2022,6,"development",365,"Distinct incident_key per occurrence date.",6043,"nyc_shootings",100,"development","validation"
"2022-07-19",6044,2022,3,"development",365,"Distinct incident_key per occurrence date.",6044,"nyc_shootings",100,"development","validation"
"2022-07-20",6045,2022,5,"development",365,"Distinct incident_key per occurrence date.",6045,"nyc_shootings",100,"development","validation"
"2022-07-21",6046,2022,3,"development",365,"Distinct incident_key per occurrence date.",6046,"nyc_shootings",100,"development","validation"
"2022-07-22",6047,2022,6,"development",365,"Distinct incident_key per occurrence date.",6047,"nyc_shootings",100,"development","validation"
"2022-07-23",6048,2022,8,"development",365,"Distinct incident_key per occurrence date.",6048,"nyc_shootings",100,"development","validation"
"2022-07-24",6049,2022,3,"development",365,"Distinct incident_key per occurrence date.",6049,"nyc_shootings",100,"development","validation"
"2022-07-25",6050,2022,9,"development",365,"Distinct incident_key per occurrence date.",6050,"nyc_shootings",100,"development","validation"
"2022-07-26",6051,2022,5,"development",365,"Distinct incident_key per occurrence date.",6051,"nyc_shootings",100,"development","validation"
"2022-07-27",6052,2022,3,"development",365,"Distinct incident_key per occurrence date.",6052,"nyc_shootings",100,"development","validation"
"2022-07-28",6053,2022,3,"development",365,"Distinct incident_key per occurrence date.",6053,"nyc_shootings",100,"development","validation"
"2022-07-29",6054,2022,2,"development",365,"Distinct incident_key per occurrence date.",6054,"nyc_shootings",100,"development","validation"
"2022-07-30",6055,2022,6,"development",365,"Distinct incident_key per occurrence date.",6055,"nyc_shootings",100,"development","validation"
"2022-07-31",6056,2022,6,"development",365,"Distinct incident_key per occurrence date.",6056,"nyc_shootings",100,"development","validation"
"2022-08-01",6057,2022,5,"development",365,"Distinct incident_key per occurrence date.",6057,"nyc_shootings",100,"development","validation"
"2022-08-02",6058,2022,1,"development",365,"Distinct incident_key per occurrence date.",6058,"nyc_shootings",100,"development","validation"
"2022-08-03",6059,2022,4,"development",365,"Distinct incident_key per occurrence date.",6059,"nyc_shootings",100,"development","validation"
"2022-08-04",6060,2022,4,"development",365,"Distinct incident_key per occurrence date.",6060,"nyc_shootings",100,"development","validation"
"2022-08-05",6061,2022,7,"development",365,"Distinct incident_key per occurrence date.",6061,"nyc_shootings",100,"development","validation"
"2022-08-06",6062,2022,2,"development",365,"Distinct incident_key per occurrence date.",6062,"nyc_shootings",100,"development","validation"
"2022-08-07",6063,2022,5,"development",365,"Distinct incident_key per occurrence date.",6063,"nyc_shootings",100,"development","validation"
"2022-08-08",6064,2022,5,"development",365,"Distinct incident_key per occurrence date.",6064,"nyc_shootings",100,"development","validation"
"2022-08-09",6065,2022,1,"development",365,"Distinct incident_key per occurrence date.",6065,"nyc_shootings",100,"development","validation"
"2022-08-10",6066,2022,4,"development",365,"Distinct incident_key per occurrence date.",6066,"nyc_shootings",100,"development","validation"
"2022-08-11",6067,2022,3,"development",365,"Distinct incident_key per occurrence date.",6067,"nyc_shootings",100,"development","validation"
"2022-08-12",6068,2022,4,"development",365,"Distinct incident_key per occurrence date.",6068,"nyc_shootings",100,"development","validation"
"2022-08-13",6069,2022,9,"development",365,"Distinct incident_key per occurrence date.",6069,"nyc_shootings",100,"development","validation"
"2022-08-14",6070,2022,2,"development",365,"Distinct incident_key per occurrence date.",6070,"nyc_shootings",100,"development","validation"
"2022-08-15",6071,2022,4,"development",365,"Distinct incident_key per occurrence date.",6071,"nyc_shootings",100,"development","validation"
"2022-08-16",6072,2022,1,"development",365,"Distinct incident_key per occurrence date.",6072,"nyc_shootings",100,"development","validation"
"2022-08-17",6073,2022,2,"development",365,"Distinct incident_key per occurrence date.",6073,"nyc_shootings",100,"development","validation"
"2022-08-18",6074,2022,1,"development",365,"Distinct incident_key per occurrence date.",6074,"nyc_shootings",100,"development","validation"
"2022-08-19",6075,2022,4,"development",365,"Distinct incident_key per occurrence date.",6075,"nyc_shootings",100,"development","validation"
"2022-08-20",6076,2022,6,"development",365,"Distinct incident_key per occurrence date.",6076,"nyc_shootings",100,"development","validation"
"2022-08-21",6077,2022,6,"development",365,"Distinct incident_key per occurrence date.",6077,"nyc_shootings",100,"development","validation"
"2022-08-22",6078,2022,4,"development",365,"Distinct incident_key per occurrence date.",6078,"nyc_shootings",100,"development","validation"
"2022-08-23",6079,2022,5,"development",365,"Distinct incident_key per occurrence date.",6079,"nyc_shootings",100,"development","validation"
"2022-08-24",6080,2022,3,"development",365,"Distinct incident_key per occurrence date.",6080,"nyc_shootings",100,"development","validation"
"2022-08-25",6081,2022,2,"development",365,"Distinct incident_key per occurrence date.",6081,"nyc_shootings",100,"development","validation"
"2022-08-26",6082,2022,3,"development",365,"Distinct incident_key per occurrence date.",6082,"nyc_shootings",100,"development","validation"
"2022-08-27",6083,2022,8,"development",365,"Distinct incident_key per occurrence date.",6083,"nyc_shootings",100,"development","validation"
"2022-08-28",6084,2022,3,"development",365,"Distinct incident_key per occurrence date.",6084,"nyc_shootings",100,"development","validation"
"2022-08-29",6085,2022,4,"development",365,"Distinct incident_key per occurrence date.",6085,"nyc_shootings",100,"development","validation"
"2022-08-30",6086,2022,1,"development",365,"Distinct incident_key per occurrence date.",6086,"nyc_shootings",100,"development","validation"
"2022-08-31",6087,2022,2,"development",365,"Distinct incident_key per occurrence date.",6087,"nyc_shootings",100,"development","validation"
"2022-09-01",6088,2022,5,"development",365,"Distinct incident_key per occurrence date.",6088,"nyc_shootings",100,"development","validation"
"2022-09-02",6089,2022,4,"development",365,"Distinct incident_key per occurrence date.",6089,"nyc_shootings",100,"development","validation"
"2022-09-03",6090,2022,3,"development",365,"Distinct incident_key per occurrence date.",6090,"nyc_shootings",100,"development","validation"
"2022-09-04",6091,2022,4,"development",365,"Distinct incident_key per occurrence date.",6091,"nyc_shootings",100,"development","validation"
"2022-09-05",6092,2022,4,"development",365,"Distinct incident_key per occurrence date.",6092,"nyc_shootings",100,"development","validation"
"2022-09-06",6093,2022,3,"development",365,"Distinct incident_key per occurrence date.",6093,"nyc_shootings",100,"development","validation"
"2022-09-07",6094,2022,4,"development",365,"Distinct incident_key per occurrence date.",6094,"nyc_shootings",100,"development","validation"
"2022-09-08",6095,2022,0,"development",365,"Distinct incident_key per occurrence date.",6095,"nyc_shootings",100,"development","validation"
"2022-09-09",6096,2022,3,"development",365,"Distinct incident_key per occurrence date.",6096,"nyc_shootings",100,"development","validation"
"2022-09-10",6097,2022,4,"development",365,"Distinct incident_key per occurrence date.",6097,"nyc_shootings",100,"development","validation"
"2022-09-11",6098,2022,5,"development",365,"Distinct incident_key per occurrence date.",6098,"nyc_shootings",100,"development","validation"
"2022-09-12",6099,2022,3,"development",365,"Distinct incident_key per occurrence date.",6099,"nyc_shootings",100,"development","validation"
"2022-09-13",6100,2022,1,"development",365,"Distinct incident_key per occurrence date.",6100,"nyc_shootings",100,"development","validation"
"2022-09-14",6101,2022,4,"development",365,"Distinct incident_key per occurrence date.",6101,"nyc_shootings",100,"development","validation"
"2022-09-15",6102,2022,3,"development",365,"Distinct incident_key per occurrence date.",6102,"nyc_shootings",100,"development","validation"
"2022-09-16",6103,2022,1,"development",365,"Distinct incident_key per occurrence date.",6103,"nyc_shootings",100,"development","validation"
"2022-09-17",6104,2022,5,"development",365,"Distinct incident_key per occurrence date.",6104,"nyc_shootings",100,"development","validation"
"2022-09-18",6105,2022,7,"development",365,"Distinct incident_key per occurrence date.",6105,"nyc_shootings",100,"development","validation"
"2022-09-19",6106,2022,6,"development",365,"Distinct incident_key per occurrence date.",6106,"nyc_shootings",100,"development","validation"
"2022-09-20",6107,2022,2,"development",365,"Distinct incident_key per occurrence date.",6107,"nyc_shootings",100,"development","validation"
"2022-09-21",6108,2022,4,"development",365,"Distinct incident_key per occurrence date.",6108,"nyc_shootings",100,"development","validation"
"2022-09-22",6109,2022,4,"development",365,"Distinct incident_key per occurrence date.",6109,"nyc_shootings",100,"development","validation"
"2022-09-23",6110,2022,2,"development",365,"Distinct incident_key per occurrence date.",6110,"nyc_shootings",100,"development","validation"
"2022-09-24",6111,2022,7,"development",365,"Distinct incident_key per occurrence date.",6111,"nyc_shootings",100,"development","validation"
"2022-09-25",6112,2022,9,"development",365,"Distinct incident_key per occurrence date.",6112,"nyc_shootings",100,"development","validation"
"2022-09-26",6113,2022,2,"development",365,"Distinct incident_key per occurrence date.",6113,"nyc_shootings",100,"development","validation"
"2022-09-27",6114,2022,7,"development",365,"Distinct incident_key per occurrence date.",6114,"nyc_shootings",100,"development","validation"
"2022-09-28",6115,2022,5,"development",365,"Distinct incident_key per occurrence date.",6115,"nyc_shootings",100,"development","validation"
"2022-09-29",6116,2022,3,"development",365,"Distinct incident_key per occurrence date.",6116,"nyc_shootings",100,"development","validation"
"2022-09-30",6117,2022,3,"development",365,"Distinct incident_key per occurrence date.",6117,"nyc_shootings",100,"development","validation"
"2022-10-01",6118,2022,0,"development",365,"Distinct incident_key per occurrence date.",6118,"nyc_shootings",100,"development","validation"
"2022-10-02",6119,2022,3,"development",365,"Distinct incident_key per occurrence date.",6119,"nyc_shootings",100,"development","validation"
"2022-10-03",6120,2022,1,"development",365,"Distinct incident_key per occurrence date.",6120,"nyc_shootings",100,"development","validation"
"2022-10-04",6121,2022,3,"development",365,"Distinct incident_key per occurrence date.",6121,"nyc_shootings",100,"development","validation"
"2022-10-05",6122,2022,1,"development",365,"Distinct incident_key per occurrence date.",6122,"nyc_shootings",100,"development","validation"
"2022-10-06",6123,2022,0,"development",365,"Distinct incident_key per occurrence date.",6123,"nyc_shootings",100,"development","validation"
"2022-10-07",6124,2022,2,"development",365,"Distinct incident_key per occurrence date.",6124,"nyc_shootings",100,"development","validation"
"2022-10-08",6125,2022,3,"development",365,"Distinct incident_key per occurrence date.",6125,"nyc_shootings",100,"development","validation"
"2022-10-09",6126,2022,6,"development",365,"Distinct incident_key per occurrence date.",6126,"nyc_shootings",100,"development","validation"
"2022-10-10",6127,2022,2,"development",365,"Distinct incident_key per occurrence date.",6127,"nyc_shootings",100,"development","validation"
"2022-10-11",6128,2022,6,"development",365,"Distinct incident_key per occurrence date.",6128,"nyc_shootings",100,"development","validation"
"2022-10-12",6129,2022,4,"development",365,"Distinct incident_key per occurrence date.",6129,"nyc_shootings",100,"development","validation"
"2022-10-13",6130,2022,5,"development",365,"Distinct incident_key per occurrence date.",6130,"nyc_shootings",100,"development","validation"
"2022-10-14",6131,2022,5,"development",365,"Distinct incident_key per occurrence date.",6131,"nyc_shootings",100,"development","validation"
"2022-10-15",6132,2022,6,"development",365,"Distinct incident_key per occurrence date.",6132,"nyc_shootings",100,"development","validation"
"2022-10-16",6133,2022,3,"development",365,"Distinct incident_key per occurrence date.",6133,"nyc_shootings",100,"development","validation"
"2022-10-17",6134,2022,2,"development",365,"Distinct incident_key per occurrence date.",6134,"nyc_shootings",100,"development","validation"
"2022-10-18",6135,2022,2,"development",365,"Distinct incident_key per occurrence date.",6135,"nyc_shootings",100,"development","validation"
"2022-10-19",6136,2022,2,"development",365,"Distinct incident_key per occurrence date.",6136,"nyc_shootings",100,"development","validation"
"2022-10-20",6137,2022,1,"development",365,"Distinct incident_key per occurrence date.",6137,"nyc_shootings",100,"development","validation"
"2022-10-21",6138,2022,1,"development",365,"Distinct incident_key per occurrence date.",6138,"nyc_shootings",100,"development","validation"
"2022-10-22",6139,2022,2,"development",365,"Distinct incident_key per occurrence date.",6139,"nyc_shootings",100,"development","validation"
"2022-10-23",6140,2022,1,"development",365,"Distinct incident_key per occurrence date.",6140,"nyc_shootings",100,"development","validation"
"2022-10-24",6141,2022,3,"development",365,"Distinct incident_key per occurrence date.",6141,"nyc_shootings",100,"development","validation"
"2022-10-25",6142,2022,3,"development",365,"Distinct incident_key per occurrence date.",6142,"nyc_shootings",100,"development","validation"
"2022-10-26",6143,2022,1,"development",365,"Distinct incident_key per occurrence date.",6143,"nyc_shootings",100,"development","validation"
"2022-10-27",6144,2022,4,"development",365,"Distinct incident_key per occurrence date.",6144,"nyc_shootings",100,"development","validation"
"2022-10-28",6145,2022,3,"development",365,"Distinct incident_key per occurrence date.",6145,"nyc_shootings",100,"development","validation"
"2022-10-29",6146,2022,1,"development",365,"Distinct incident_key per occurrence date.",6146,"nyc_shootings",100,"development","validation"
"2022-10-30",6147,2022,6,"development",365,"Distinct incident_key per occurrence date.",6147,"nyc_shootings",100,"development","validation"
"2022-10-31",6148,2022,4,"development",365,"Distinct incident_key per occurrence date.",6148,"nyc_shootings",100,"development","validation"
"2022-11-01",6149,2022,6,"development",365,"Distinct incident_key per occurrence date.",6149,"nyc_shootings",100,"development","validation"
"2022-11-02",6150,2022,3,"development",365,"Distinct incident_key per occurrence date.",6150,"nyc_shootings",100,"development","validation"
"2022-11-03",6151,2022,3,"development",365,"Distinct incident_key per occurrence date.",6151,"nyc_shootings",100,"development","validation"
"2022-11-04",6152,2022,1,"development",365,"Distinct incident_key per occurrence date.",6152,"nyc_shootings",100,"development","validation"
"2022-11-05",6153,2022,2,"development",365,"Distinct incident_key per occurrence date.",6153,"nyc_shootings",100,"development","validation"
"2022-11-06",6154,2022,2,"development",365,"Distinct incident_key per occurrence date.",6154,"nyc_shootings",100,"development","validation"
"2022-11-07",6155,2022,6,"development",365,"Distinct incident_key per occurrence date.",6155,"nyc_shootings",100,"development","validation"
"2022-11-08",6156,2022,0,"development",365,"Distinct incident_key per occurrence date.",6156,"nyc_shootings",100,"development","validation"
"2022-11-09",6157,2022,2,"development",365,"Distinct incident_key per occurrence date.",6157,"nyc_shootings",100,"development","validation"
"2022-11-10",6158,2022,3,"development",365,"Distinct incident_key per occurrence date.",6158,"nyc_shootings",100,"development","validation"
"2022-11-11",6159,2022,2,"development",365,"Distinct incident_key per occurrence date.",6159,"nyc_shootings",100,"development","validation"
"2022-11-12",6160,2022,5,"development",365,"Distinct incident_key per occurrence date.",6160,"nyc_shootings",100,"development","validation"
"2022-11-13",6161,2022,5,"development",365,"Distinct incident_key per occurrence date.",6161,"nyc_shootings",100,"development","validation"
"2022-11-14",6162,2022,3,"development",365,"Distinct incident_key per occurrence date.",6162,"nyc_shootings",100,"development","validation"
"2022-11-15",6163,2022,1,"development",365,"Distinct incident_key per occurrence date.",6163,"nyc_shootings",100,"development","validation"
"2022-11-16",6164,2022,0,"development",365,"Distinct incident_key per occurrence date.",6164,"nyc_shootings",100,"development","validation"
"2022-11-17",6165,2022,1,"development",365,"Distinct incident_key per occurrence date.",6165,"nyc_shootings",100,"development","validation"
"2022-11-18",6166,2022,2,"development",365,"Distinct incident_key per occurrence date.",6166,"nyc_shootings",100,"development","validation"
"2022-11-19",6167,2022,4,"development",365,"Distinct incident_key per occurrence date.",6167,"nyc_shootings",100,"development","validation"
"2022-11-20",6168,2022,4,"development",365,"Distinct incident_key per occurrence date.",6168,"nyc_shootings",100,"development","validation"
"2022-11-21",6169,2022,2,"development",365,"Distinct incident_key per occurrence date.",6169,"nyc_shootings",100,"development","validation"
"2022-11-22",6170,2022,2,"development",365,"Distinct incident_key per occurrence date.",6170,"nyc_shootings",100,"development","validation"
"2022-11-23",6171,2022,2,"development",365,"Distinct incident_key per occurrence date.",6171,"nyc_shootings",100,"development","validation"
"2022-11-24",6172,2022,4,"development",365,"Distinct incident_key per occurrence date.",6172,"nyc_shootings",100,"development","validation"
"2022-11-25",6173,2022,4,"development",365,"Distinct incident_key per occurrence date.",6173,"nyc_shootings",100,"development","validation"
"2022-11-26",6174,2022,2,"development",365,"Distinct incident_key per occurrence date.",6174,"nyc_shootings",100,"development","validation"
"2022-11-27",6175,2022,5,"development",365,"Distinct incident_key per occurrence date.",6175,"nyc_shootings",100,"development","validation"
"2022-11-28",6176,2022,2,"development",365,"Distinct incident_key per occurrence date.",6176,"nyc_shootings",100,"development","validation"
"2022-11-29",6177,2022,1,"development",365,"Distinct incident_key per occurrence date.",6177,"nyc_shootings",100,"development","validation"
"2022-11-30",6178,2022,1,"development",365,"Distinct incident_key per occurrence date.",6178,"nyc_shootings",100,"development","validation"
"2022-12-01",6179,2022,2,"development",365,"Distinct incident_key per occurrence date.",6179,"nyc_shootings",100,"development","validation"
"2022-12-02",6180,2022,1,"development",365,"Distinct incident_key per occurrence date.",6180,"nyc_shootings",100,"development","validation"
"2022-12-03",6181,2022,4,"development",365,"Distinct incident_key per occurrence date.",6181,"nyc_shootings",100,"development","validation"
"2022-12-04",6182,2022,2,"development",365,"Distinct incident_key per occurrence date.",6182,"nyc_shootings",100,"development","validation"
"2022-12-05",6183,2022,3,"development",365,"Distinct incident_key per occurrence date.",6183,"nyc_shootings",100,"development","validation"
"2022-12-06",6184,2022,5,"development",365,"Distinct incident_key per occurrence date.",6184,"nyc_shootings",100,"development","validation"
"2022-12-07",6185,2022,2,"development",365,"Distinct incident_key per occurrence date.",6185,"nyc_shootings",100,"development","validation"
"2022-12-08",6186,2022,3,"development",365,"Distinct incident_key per occurrence date.",6186,"nyc_shootings",100,"development","validation"
"2022-12-09",6187,2022,2,"development",365,"Distinct incident_key per occurrence date.",6187,"nyc_shootings",100,"development","validation"
"2022-12-10",6188,2022,3,"development",365,"Distinct incident_key per occurrence date.",6188,"nyc_shootings",100,"development","validation"
"2022-12-11",6189,2022,4,"development",365,"Distinct incident_key per occurrence date.",6189,"nyc_shootings",100,"development","validation"
"2022-12-12",6190,2022,2,"development",365,"Distinct incident_key per occurrence date.",6190,"nyc_shootings",100,"development","validation"
"2022-12-13",6191,2022,2,"development",365,"Distinct incident_key per occurrence date.",6191,"nyc_shootings",100,"development","validation"
"2022-12-14",6192,2022,1,"development",365,"Distinct incident_key per occurrence date.",6192,"nyc_shootings",100,"development","validation"
"2022-12-15",6193,2022,4,"development",365,"Distinct incident_key per occurrence date.",6193,"nyc_shootings",100,"development","validation"
"2022-12-16",6194,2022,3,"development",365,"Distinct incident_key per occurrence date.",6194,"nyc_shootings",100,"development","validation"
"2022-12-17",6195,2022,3,"development",365,"Distinct incident_key per occurrence date.",6195,"nyc_shootings",100,"development","validation"
"2022-12-18",6196,2022,2,"development",365,"Distinct incident_key per occurrence date.",6196,"nyc_shootings",100,"development","validation"
"2022-12-19",6197,2022,4,"development",365,"Distinct incident_key per occurrence date.",6197,"nyc_shootings",100,"development","validation"
"2022-12-20",6198,2022,0,"development",365,"Distinct incident_key per occurrence date.",6198,"nyc_shootings",100,"development","validation"
"2022-12-21",6199,2022,4,"development",365,"Distinct incident_key per occurrence date.",6199,"nyc_shootings",100,"development","validation"
"2022-12-22",6200,2022,6,"development",365,"Distinct incident_key per occurrence date.",6200,"nyc_shootings",100,"development","validation"
"2022-12-23",6201,2022,3,"development",365,"Distinct incident_key per occurrence date.",6201,"nyc_shootings",100,"development","validation"
"2022-12-24",6202,2022,3,"development",365,"Distinct incident_key per occurrence date.",6202,"nyc_shootings",100,"development","validation"
"2022-12-25",6203,2022,3,"development",365,"Distinct incident_key per occurrence date.",6203,"nyc_shootings",100,"development","validation"
"2022-12-26",6204,2022,4,"development",365,"Distinct incident_key per occurrence date.",6204,"nyc_shootings",100,"development","validation"
"2022-12-27",6205,2022,1,"development",365,"Distinct incident_key per occurrence date.",6205,"nyc_shootings",100,"development","validation"
"2022-12-28",6206,2022,2,"development",365,"Distinct incident_key per occurrence date.",6206,"nyc_shootings",100,"development","validation"
"2022-12-29",6207,2022,2,"development",365,"Distinct incident_key per occurrence date.",6207,"nyc_shootings",100,"development","validation"
"2022-12-30",6208,2022,4,"development",365,"Distinct incident_key per occurrence date.",6208,"nyc_shootings",100,"development","validation"
"2022-12-31",6209,2022,1,"development",365,"Distinct incident_key per occurrence date.",6209,"nyc_shootings",100,"development","validation"
"2023-01-01",6210,2023,2,"test",365,"Distinct incident_key per occurrence date.",6210,"nyc_shootings",100,"test","test"
"2023-01-02",6211,2023,1,"test",365,"Distinct incident_key per occurrence date.",6211,"nyc_shootings",100,"test","test"
"2023-01-03",6212,2023,2,"test",365,"Distinct incident_key per occurrence date.",6212,"nyc_shootings",100,"test","test"
"2023-01-04",6213,2023,4,"test",365,"Distinct incident_key per occurrence date.",6213,"nyc_shootings",100,"test","test"
"2023-01-05",6214,2023,2,"test",365,"Distinct incident_key per occurrence date.",6214,"nyc_shootings",100,"test","test"
"2023-01-06",6215,2023,2,"test",365,"Distinct incident_key per occurrence date.",6215,"nyc_shootings",100,"test","test"
"2023-01-07",6216,2023,2,"test",365,"Distinct incident_key per occurrence date.",6216,"nyc_shootings",100,"test","test"
"2023-01-08",6217,2023,3,"test",365,"Distinct incident_key per occurrence date.",6217,"nyc_shootings",100,"test","test"
"2023-01-09",6218,2023,2,"test",365,"Distinct incident_key per occurrence date.",6218,"nyc_shootings",100,"test","test"
"2023-01-10",6219,2023,3,"test",365,"Distinct incident_key per occurrence date.",6219,"nyc_shootings",100,"test","test"
"2023-01-11",6220,2023,1,"test",365,"Distinct incident_key per occurrence date.",6220,"nyc_shootings",100,"test","test"
"2023-01-12",6221,2023,0,"test",365,"Distinct incident_key per occurrence date.",6221,"nyc_shootings",100,"test","test"
"2023-01-13",6222,2023,2,"test",365,"Distinct incident_key per occurrence date.",6222,"nyc_shootings",100,"test","test"
"2023-01-14",6223,2023,2,"test",365,"Distinct incident_key per occurrence date.",6223,"nyc_shootings",100,"test","test"
"2023-01-15",6224,2023,4,"test",365,"Distinct incident_key per occurrence date.",6224,"nyc_shootings",100,"test","test"
"2023-01-16",6225,2023,2,"test",365,"Distinct incident_key per occurrence date.",6225,"nyc_shootings",100,"test","test"
"2023-01-17",6226,2023,5,"test",365,"Distinct incident_key per occurrence date.",6226,"nyc_shootings",100,"test","test"
"2023-01-18",6227,2023,5,"test",365,"Distinct incident_key per occurrence date.",6227,"nyc_shootings",100,"test","test"
"2023-01-19",6228,2023,3,"test",365,"Distinct incident_key per occurrence date.",6228,"nyc_shootings",100,"test","test"
"2023-01-20",6229,2023,3,"test",365,"Distinct incident_key per occurrence date.",6229,"nyc_shootings",100,"test","test"
"2023-01-21",6230,2023,6,"test",365,"Distinct incident_key per occurrence date.",6230,"nyc_shootings",100,"test","test"
"2023-01-22",6231,2023,1,"test",365,"Distinct incident_key per occurrence date.",6231,"nyc_shootings",100,"test","test"
"2023-01-23",6232,2023,1,"test",365,"Distinct incident_key per occurrence date.",6232,"nyc_shootings",100,"test","test"
"2023-01-24",6233,2023,2,"test",365,"Distinct incident_key per occurrence date.",6233,"nyc_shootings",100,"test","test"
"2023-01-25",6234,2023,0,"test",365,"Distinct incident_key per occurrence date.",6234,"nyc_shootings",100,"test","test"
"2023-01-26",6235,2023,1,"test",365,"Distinct incident_key per occurrence date.",6235,"nyc_shootings",100,"test","test"
"2023-01-27",6236,2023,1,"test",365,"Distinct incident_key per occurrence date.",6236,"nyc_shootings",100,"test","test"
"2023-01-28",6237,2023,2,"test",365,"Distinct incident_key per occurrence date.",6237,"nyc_shootings",100,"test","test"
"2023-01-29",6238,2023,5,"test",365,"Distinct incident_key per occurrence date.",6238,"nyc_shootings",100,"test","test"
"2023-01-30",6239,2023,4,"test",365,"Distinct incident_key per occurrence date.",6239,"nyc_shootings",100,"test","test"
"2023-01-31",6240,2023,1,"test",365,"Distinct incident_key per occurrence date.",6240,"nyc_shootings",100,"test","test"
"2023-02-01",6241,2023,1,"test",365,"Distinct incident_key per occurrence date.",6241,"nyc_shootings",100,"test","test"
"2023-02-02",6242,2023,0,"test",365,"Distinct incident_key per occurrence date.",6242,"nyc_shootings",100,"test","test"
"2023-02-03",6243,2023,1,"test",365,"Distinct incident_key per occurrence date.",6243,"nyc_shootings",100,"test","test"
"2023-02-04",6244,2023,5,"test",365,"Distinct incident_key per occurrence date.",6244,"nyc_shootings",100,"test","test"
"2023-02-05",6245,2023,3,"test",365,"Distinct incident_key per occurrence date.",6245,"nyc_shootings",100,"test","test"
"2023-02-06",6246,2023,2,"test",365,"Distinct incident_key per occurrence date.",6246,"nyc_shootings",100,"test","test"
"2023-02-07",6247,2023,5,"test",365,"Distinct incident_key per occurrence date.",6247,"nyc_shootings",100,"test","test"
"2023-02-08",6248,2023,1,"test",365,"Distinct incident_key per occurrence date.",6248,"nyc_shootings",100,"test","test"
"2023-02-09",6249,2023,3,"test",365,"Distinct incident_key per occurrence date.",6249,"nyc_shootings",100,"test","test"
"2023-02-10",6250,2023,5,"test",365,"Distinct incident_key per occurrence date.",6250,"nyc_shootings",100,"test","test"
"2023-02-11",6251,2023,6,"test",365,"Distinct incident_key per occurrence date.",6251,"nyc_shootings",100,"test","test"
"2023-02-12",6252,2023,3,"test",365,"Distinct incident_key per occurrence date.",6252,"nyc_shootings",100,"test","test"
"2023-02-13",6253,2023,2,"test",365,"Distinct incident_key per occurrence date.",6253,"nyc_shootings",100,"test","test"
"2023-02-14",6254,2023,1,"test",365,"Distinct incident_key per occurrence date.",6254,"nyc_shootings",100,"test","test"
"2023-02-15",6255,2023,5,"test",365,"Distinct incident_key per occurrence date.",6255,"nyc_shootings",100,"test","test"
"2023-02-16",6256,2023,1,"test",365,"Distinct incident_key per occurrence date.",6256,"nyc_shootings",100,"test","test"
"2023-02-17",6257,2023,1,"test",365,"Distinct incident_key per occurrence date.",6257,"nyc_shootings",100,"test","test"
"2023-02-18",6258,2023,3,"test",365,"Distinct incident_key per occurrence date.",6258,"nyc_shootings",100,"test","test"
"2023-02-19",6259,2023,1,"test",365,"Distinct incident_key per occurrence date.",6259,"nyc_shootings",100,"test","test"
"2023-02-20",6260,2023,1,"test",365,"Distinct incident_key per occurrence date.",6260,"nyc_shootings",100,"test","test"
"2023-02-21",6261,2023,0,"test",365,"Distinct incident_key per occurrence date.",6261,"nyc_shootings",100,"test","test"
"2023-02-22",6262,2023,2,"test",365,"Distinct incident_key per occurrence date.",6262,"nyc_shootings",100,"test","test"
"2023-02-23",6263,2023,2,"test",365,"Distinct incident_key per occurrence date.",6263,"nyc_shootings",100,"test","test"
"2023-02-24",6264,2023,0,"test",365,"Distinct incident_key per occurrence date.",6264,"nyc_shootings",100,"test","test"
"2023-02-25",6265,2023,3,"test",365,"Distinct incident_key per occurrence date.",6265,"nyc_shootings",100,"test","test"
"2023-02-26",6266,2023,4,"test",365,"Distinct incident_key per occurrence date.",6266,"nyc_shootings",100,"test","test"
"2023-02-27",6267,2023,1,"test",365,"Distinct incident_key per occurrence date.",6267,"nyc_shootings",100,"test","test"
"2023-02-28",6268,2023,1,"test",365,"Distinct incident_key per occurrence date.",6268,"nyc_shootings",100,"test","test"
"2023-03-01",6269,2023,2,"test",365,"Distinct incident_key per occurrence date.",6269,"nyc_shootings",100,"test","test"
"2023-03-02",6270,2023,0,"test",365,"Distinct incident_key per occurrence date.",6270,"nyc_shootings",100,"test","test"
"2023-03-03",6271,2023,4,"test",365,"Distinct incident_key per occurrence date.",6271,"nyc_shootings",100,"test","test"
"2023-03-04",6272,2023,2,"test",365,"Distinct incident_key per occurrence date.",6272,"nyc_shootings",100,"test","test"
"2023-03-05",6273,2023,3,"test",365,"Distinct incident_key per occurrence date.",6273,"nyc_shootings",100,"test","test"
"2023-03-06",6274,2023,5,"test",365,"Distinct incident_key per occurrence date.",6274,"nyc_shootings",100,"test","test"
"2023-03-07",6275,2023,4,"test",365,"Distinct incident_key per occurrence date.",6275,"nyc_shootings",100,"test","test"
"2023-03-08",6276,2023,1,"test",365,"Distinct incident_key per occurrence date.",6276,"nyc_shootings",100,"test","test"
"2023-03-09",6277,2023,1,"test",365,"Distinct incident_key per occurrence date.",6277,"nyc_shootings",100,"test","test"
"2023-03-10",6278,2023,2,"test",365,"Distinct incident_key per occurrence date.",6278,"nyc_shootings",100,"test","test"
"2023-03-11",6279,2023,2,"test",365,"Distinct incident_key per occurrence date.",6279,"nyc_shootings",100,"test","test"
"2023-03-12",6280,2023,3,"test",365,"Distinct incident_key per occurrence date.",6280,"nyc_shootings",100,"test","test"
"2023-03-13",6281,2023,3,"test",365,"Distinct incident_key per occurrence date.",6281,"nyc_shootings",100,"test","test"
"2023-03-14",6282,2023,5,"test",365,"Distinct incident_key per occurrence date.",6282,"nyc_shootings",100,"test","test"
"2023-03-15",6283,2023,2,"test",365,"Distinct incident_key per occurrence date.",6283,"nyc_shootings",100,"test","test"
"2023-03-16",6284,2023,4,"test",365,"Distinct incident_key per occurrence date.",6284,"nyc_shootings",100,"test","test"
"2023-03-17",6285,2023,1,"test",365,"Distinct incident_key per occurrence date.",6285,"nyc_shootings",100,"test","test"
"2023-03-18",6286,2023,6,"test",365,"Distinct incident_key per occurrence date.",6286,"nyc_shootings",100,"test","test"
"2023-03-19",6287,2023,4,"test",365,"Distinct incident_key per occurrence date.",6287,"nyc_shootings",100,"test","test"
"2023-03-20",6288,2023,5,"test",365,"Distinct incident_key per occurrence date.",6288,"nyc_shootings",100,"test","test"
"2023-03-21",6289,2023,2,"test",365,"Distinct incident_key per occurrence date.",6289,"nyc_shootings",100,"test","test"
"2023-03-22",6290,2023,2,"test",365,"Distinct incident_key per occurrence date.",6290,"nyc_shootings",100,"test","test"
"2023-03-23",6291,2023,2,"test",365,"Distinct incident_key per occurrence date.",6291,"nyc_shootings",100,"test","test"
"2023-03-24",6292,2023,3,"test",365,"Distinct incident_key per occurrence date.",6292,"nyc_shootings",100,"test","test"
"2023-03-25",6293,2023,5,"test",365,"Distinct incident_key per occurrence date.",6293,"nyc_shootings",100,"test","test"
"2023-03-26",6294,2023,1,"test",365,"Distinct incident_key per occurrence date.",6294,"nyc_shootings",100,"test","test"
"2023-03-27",6295,2023,5,"test",365,"Distinct incident_key per occurrence date.",6295,"nyc_shootings",100,"test","test"
"2023-03-28",6296,2023,1,"test",365,"Distinct incident_key per occurrence date.",6296,"nyc_shootings",100,"test","test"
"2023-03-29",6297,2023,0,"test",365,"Distinct incident_key per occurrence date.",6297,"nyc_shootings",100,"test","test"
"2023-03-30",6298,2023,0,"test",365,"Distinct incident_key per occurrence date.",6298,"nyc_shootings",100,"test","test"
"2023-03-31",6299,2023,5,"test",365,"Distinct incident_key per occurrence date.",6299,"nyc_shootings",100,"test","test"
"2023-04-01",6300,2023,6,"test",365,"Distinct incident_key per occurrence date.",6300,"nyc_shootings",100,"test","test"
"2023-04-02",6301,2023,1,"test",365,"Distinct incident_key per occurrence date.",6301,"nyc_shootings",100,"test","test"
"2023-04-03",6302,2023,1,"test",365,"Distinct incident_key per occurrence date.",6302,"nyc_shootings",100,"test","test"
"2023-04-04",6303,2023,2,"test",365,"Distinct incident_key per occurrence date.",6303,"nyc_shootings",100,"test","test"
"2023-04-05",6304,2023,2,"test",365,"Distinct incident_key per occurrence date.",6304,"nyc_shootings",100,"test","test"
"2023-04-06",6305,2023,1,"test",365,"Distinct incident_key per occurrence date.",6305,"nyc_shootings",100,"test","test"
"2023-04-07",6306,2023,1,"test",365,"Distinct incident_key per occurrence date.",6306,"nyc_shootings",100,"test","test"
"2023-04-08",6307,2023,4,"test",365,"Distinct incident_key per occurrence date.",6307,"nyc_shootings",100,"test","test"
"2023-04-09",6308,2023,4,"test",365,"Distinct incident_key per occurrence date.",6308,"nyc_shootings",100,"test","test"
"2023-04-10",6309,2023,3,"test",365,"Distinct incident_key per occurrence date.",6309,"nyc_shootings",100,"test","test"
"2023-04-11",6310,2023,3,"test",365,"Distinct incident_key per occurrence date.",6310,"nyc_shootings",100,"test","test"
"2023-04-12",6311,2023,2,"test",365,"Distinct incident_key per occurrence date.",6311,"nyc_shootings",100,"test","test"
"2023-04-13",6312,2023,6,"test",365,"Distinct incident_key per occurrence date.",6312,"nyc_shootings",100,"test","test"
"2023-04-14",6313,2023,4,"test",365,"Distinct incident_key per occurrence date.",6313,"nyc_shootings",100,"test","test"
"2023-04-15",6314,2023,6,"test",365,"Distinct incident_key per occurrence date.",6314,"nyc_shootings",100,"test","test"
"2023-04-16",6315,2023,1,"test",365,"Distinct incident_key per occurrence date.",6315,"nyc_shootings",100,"test","test"
"2023-04-17",6316,2023,6,"test",365,"Distinct incident_key per occurrence date.",6316,"nyc_shootings",100,"test","test"
"2023-04-18",6317,2023,2,"test",365,"Distinct incident_key per occurrence date.",6317,"nyc_shootings",100,"test","test"
"2023-04-19",6318,2023,0,"test",365,"Distinct incident_key per occurrence date.",6318,"nyc_shootings",100,"test","test"
"2023-04-20",6319,2023,0,"test",365,"Distinct incident_key per occurrence date.",6319,"nyc_shootings",100,"test","test"
"2023-04-21",6320,2023,2,"test",365,"Distinct incident_key per occurrence date.",6320,"nyc_shootings",100,"test","test"
"2023-04-22",6321,2023,1,"test",365,"Distinct incident_key per occurrence date.",6321,"nyc_shootings",100,"test","test"
"2023-04-23",6322,2023,1,"test",365,"Distinct incident_key per occurrence date.",6322,"nyc_shootings",100,"test","test"
"2023-04-24",6323,2023,3,"test",365,"Distinct incident_key per occurrence date.",6323,"nyc_shootings",100,"test","test"
"2023-04-25",6324,2023,3,"test",365,"Distinct incident_key per occurrence date.",6324,"nyc_shootings",100,"test","test"
"2023-04-26",6325,2023,2,"test",365,"Distinct incident_key per occurrence date.",6325,"nyc_shootings",100,"test","test"
"2023-04-27",6326,2023,1,"test",365,"Distinct incident_key per occurrence date.",6326,"nyc_shootings",100,"test","test"
"2023-04-28",6327,2023,0,"test",365,"Distinct incident_key per occurrence date.",6327,"nyc_shootings",100,"test","test"
"2023-04-29",6328,2023,3,"test",365,"Distinct incident_key per occurrence date.",6328,"nyc_shootings",100,"test","test"
"2023-04-30",6329,2023,0,"test",365,"Distinct incident_key per occurrence date.",6329,"nyc_shootings",100,"test","test"
"2023-05-01",6330,2023,2,"test",365,"Distinct incident_key per occurrence date.",6330,"nyc_shootings",100,"test","test"
"2023-05-02",6331,2023,1,"test",365,"Distinct incident_key per occurrence date.",6331,"nyc_shootings",100,"test","test"
"2023-05-03",6332,2023,1,"test",365,"Distinct incident_key per occurrence date.",6332,"nyc_shootings",100,"test","test"
"2023-05-04",6333,2023,0,"test",365,"Distinct incident_key per occurrence date.",6333,"nyc_shootings",100,"test","test"
"2023-05-05",6334,2023,6,"test",365,"Distinct incident_key per occurrence date.",6334,"nyc_shootings",100,"test","test"
"2023-05-06",6335,2023,8,"test",365,"Distinct incident_key per occurrence date.",6335,"nyc_shootings",100,"test","test"
"2023-05-07",6336,2023,3,"test",365,"Distinct incident_key per occurrence date.",6336,"nyc_shootings",100,"test","test"
"2023-05-08",6337,2023,1,"test",365,"Distinct incident_key per occurrence date.",6337,"nyc_shootings",100,"test","test"
"2023-05-09",6338,2023,1,"test",365,"Distinct incident_key per occurrence date.",6338,"nyc_shootings",100,"test","test"
"2023-05-10",6339,2023,2,"test",365,"Distinct incident_key per occurrence date.",6339,"nyc_shootings",100,"test","test"
"2023-05-11",6340,2023,2,"test",365,"Distinct incident_key per occurrence date.",6340,"nyc_shootings",100,"test","test"
"2023-05-12",6341,2023,5,"test",365,"Distinct incident_key per occurrence date.",6341,"nyc_shootings",100,"test","test"
"2023-05-13",6342,2023,8,"test",365,"Distinct incident_key per occurrence date.",6342,"nyc_shootings",100,"test","test"
"2023-05-14",6343,2023,2,"test",365,"Distinct incident_key per occurrence date.",6343,"nyc_shootings",100,"test","test"
"2023-05-15",6344,2023,5,"test",365,"Distinct incident_key per occurrence date.",6344,"nyc_shootings",100,"test","test"
"2023-05-16",6345,2023,1,"test",365,"Distinct incident_key per occurrence date.",6345,"nyc_shootings",100,"test","test"
"2023-05-17",6346,2023,4,"test",365,"Distinct incident_key per occurrence date.",6346,"nyc_shootings",100,"test","test"
"2023-05-18",6347,2023,1,"test",365,"Distinct incident_key per occurrence date.",6347,"nyc_shootings",100,"test","test"
"2023-05-19",6348,2023,3,"test",365,"Distinct incident_key per occurrence date.",6348,"nyc_shootings",100,"test","test"
"2023-05-20",6349,2023,2,"test",365,"Distinct incident_key per occurrence date.",6349,"nyc_shootings",100,"test","test"
"2023-05-21",6350,2023,1,"test",365,"Distinct incident_key per occurrence date.",6350,"nyc_shootings",100,"test","test"
"2023-05-22",6351,2023,3,"test",365,"Distinct incident_key per occurrence date.",6351,"nyc_shootings",100,"test","test"
"2023-05-23",6352,2023,3,"test",365,"Distinct incident_key per occurrence date.",6352,"nyc_shootings",100,"test","test"
"2023-05-24",6353,2023,2,"test",365,"Distinct incident_key per occurrence date.",6353,"nyc_shootings",100,"test","test"
"2023-05-25",6354,2023,2,"test",365,"Distinct incident_key per occurrence date.",6354,"nyc_shootings",100,"test","test"
"2023-05-26",6355,2023,1,"test",365,"Distinct incident_key per occurrence date.",6355,"nyc_shootings",100,"test","test"
"2023-05-27",6356,2023,4,"test",365,"Distinct incident_key per occurrence date.",6356,"nyc_shootings",100,"test","test"
"2023-05-28",6357,2023,6,"test",365,"Distinct incident_key per occurrence date.",6357,"nyc_shootings",100,"test","test"
"2023-05-29",6358,2023,2,"test",365,"Distinct incident_key per occurrence date.",6358,"nyc_shootings",100,"test","test"
"2023-05-30",6359,2023,0,"test",365,"Distinct incident_key per occurrence date.",6359,"nyc_shootings",100,"test","test"
"2023-05-31",6360,2023,3,"test",365,"Distinct incident_key per occurrence date.",6360,"nyc_shootings",100,"test","test"
"2023-06-01",6361,2023,4,"test",365,"Distinct incident_key per occurrence date.",6361,"nyc_shootings",100,"test","test"
"2023-06-02",6362,2023,5,"test",365,"Distinct incident_key per occurrence date.",6362,"nyc_shootings",100,"test","test"
"2023-06-03",6363,2023,4,"test",365,"Distinct incident_key per occurrence date.",6363,"nyc_shootings",100,"test","test"
"2023-06-04",6364,2023,6,"test",365,"Distinct incident_key per occurrence date.",6364,"nyc_shootings",100,"test","test"
"2023-06-05",6365,2023,0,"test",365,"Distinct incident_key per occurrence date.",6365,"nyc_shootings",100,"test","test"
"2023-06-06",6366,2023,0,"test",365,"Distinct incident_key per occurrence date.",6366,"nyc_shootings",100,"test","test"
"2023-06-07",6367,2023,3,"test",365,"Distinct incident_key per occurrence date.",6367,"nyc_shootings",100,"test","test"
"2023-06-08",6368,2023,2,"test",365,"Distinct incident_key per occurrence date.",6368,"nyc_shootings",100,"test","test"
"2023-06-09",6369,2023,5,"test",365,"Distinct incident_key per occurrence date.",6369,"nyc_shootings",100,"test","test"
"2023-06-10",6370,2023,3,"test",365,"Distinct incident_key per occurrence date.",6370,"nyc_shootings",100,"test","test"
"2023-06-11",6371,2023,1,"test",365,"Distinct incident_key per occurrence date.",6371,"nyc_shootings",100,"test","test"
"2023-06-12",6372,2023,1,"test",365,"Distinct incident_key per occurrence date.",6372,"nyc_shootings",100,"test","test"
"2023-06-13",6373,2023,1,"test",365,"Distinct incident_key per occurrence date.",6373,"nyc_shootings",100,"test","test"
"2023-06-14",6374,2023,2,"test",365,"Distinct incident_key per occurrence date.",6374,"nyc_shootings",100,"test","test"
"2023-06-15",6375,2023,4,"test",365,"Distinct incident_key per occurrence date.",6375,"nyc_shootings",100,"test","test"
"2023-06-16",6376,2023,4,"test",365,"Distinct incident_key per occurrence date.",6376,"nyc_shootings",100,"test","test"
"2023-06-17",6377,2023,6,"test",365,"Distinct incident_key per occurrence date.",6377,"nyc_shootings",100,"test","test"
"2023-06-18",6378,2023,7,"test",365,"Distinct incident_key per occurrence date.",6378,"nyc_shootings",100,"test","test"
"2023-06-19",6379,2023,10,"test",365,"Distinct incident_key per occurrence date.",6379,"nyc_shootings",100,"test","test"
"2023-06-20",6380,2023,2,"test",365,"Distinct incident_key per occurrence date.",6380,"nyc_shootings",100,"test","test"
"2023-06-21",6381,2023,2,"test",365,"Distinct incident_key per occurrence date.",6381,"nyc_shootings",100,"test","test"
"2023-06-22",6382,2023,5,"test",365,"Distinct incident_key per occurrence date.",6382,"nyc_shootings",100,"test","test"
"2023-06-23",6383,2023,1,"test",365,"Distinct incident_key per occurrence date.",6383,"nyc_shootings",100,"test","test"
"2023-06-24",6384,2023,1,"test",365,"Distinct incident_key per occurrence date.",6384,"nyc_shootings",100,"test","test"
"2023-06-25",6385,2023,7,"test",365,"Distinct incident_key per occurrence date.",6385,"nyc_shootings",100,"test","test"
"2023-06-26",6386,2023,3,"test",365,"Distinct incident_key per occurrence date.",6386,"nyc_shootings",100,"test","test"
"2023-06-27",6387,2023,4,"test",365,"Distinct incident_key per occurrence date.",6387,"nyc_shootings",100,"test","test"
"2023-06-28",6388,2023,2,"test",365,"Distinct incident_key per occurrence date.",6388,"nyc_shootings",100,"test","test"
"2023-06-29",6389,2023,4,"test",365,"Distinct incident_key per occurrence date.",6389,"nyc_shootings",100,"test","test"
"2023-06-30",6390,2023,5,"test",365,"Distinct incident_key per occurrence date.",6390,"nyc_shootings",100,"test","test"
"2023-07-01",6391,2023,4,"test",365,"Distinct incident_key per occurrence date.",6391,"nyc_shootings",100,"test","test"
"2023-07-02",6392,2023,1,"test",365,"Distinct incident_key per occurrence date.",6392,"nyc_shootings",100,"test","test"
"2023-07-03",6393,2023,5,"test",365,"Distinct incident_key per occurrence date.",6393,"nyc_shootings",100,"test","test"
"2023-07-04",6394,2023,3,"test",365,"Distinct incident_key per occurrence date.",6394,"nyc_shootings",100,"test","test"
"2023-07-05",6395,2023,14,"test",365,"Distinct incident_key per occurrence date.",6395,"nyc_shootings",100,"test","test"
"2023-07-06",6396,2023,4,"test",365,"Distinct incident_key per occurrence date.",6396,"nyc_shootings",100,"test","test"
"2023-07-07",6397,2023,1,"test",365,"Distinct incident_key per occurrence date.",6397,"nyc_shootings",100,"test","test"
"2023-07-08",6398,2023,5,"test",365,"Distinct incident_key per occurrence date.",6398,"nyc_shootings",100,"test","test"
"2023-07-09",6399,2023,3,"test",365,"Distinct incident_key per occurrence date.",6399,"nyc_shootings",100,"test","test"
"2023-07-10",6400,2023,3,"test",365,"Distinct incident_key per occurrence date.",6400,"nyc_shootings",100,"test","test"
"2023-07-11",6401,2023,5,"test",365,"Distinct incident_key per occurrence date.",6401,"nyc_shootings",100,"test","test"
"2023-07-12",6402,2023,2,"test",365,"Distinct incident_key per occurrence date.",6402,"nyc_shootings",100,"test","test"
"2023-07-13",6403,2023,3,"test",365,"Distinct incident_key per occurrence date.",6403,"nyc_shootings",100,"test","test"
"2023-07-14",6404,2023,3,"test",365,"Distinct incident_key per occurrence date.",6404,"nyc_shootings",100,"test","test"
"2023-07-15",6405,2023,1,"test",365,"Distinct incident_key per occurrence date.",6405,"nyc_shootings",100,"test","test"
"2023-07-16",6406,2023,3,"test",365,"Distinct incident_key per occurrence date.",6406,"nyc_shootings",100,"test","test"
"2023-07-17",6407,2023,3,"test",365,"Distinct incident_key per occurrence date.",6407,"nyc_shootings",100,"test","test"
"2023-07-18",6408,2023,1,"test",365,"Distinct incident_key per occurrence date.",6408,"nyc_shootings",100,"test","test"
"2023-07-19",6409,2023,3,"test",365,"Distinct incident_key per occurrence date.",6409,"nyc_shootings",100,"test","test"
"2023-07-20",6410,2023,2,"test",365,"Distinct incident_key per occurrence date.",6410,"nyc_shootings",100,"test","test"
"2023-07-21",6411,2023,2,"test",365,"Distinct incident_key per occurrence date.",6411,"nyc_shootings",100,"test","test"
"2023-07-22",6412,2023,6,"test",365,"Distinct incident_key per occurrence date.",6412,"nyc_shootings",100,"test","test"
"2023-07-23",6413,2023,4,"test",365,"Distinct incident_key per occurrence date.",6413,"nyc_shootings",100,"test","test"
"2023-07-24",6414,2023,4,"test",365,"Distinct incident_key per occurrence date.",6414,"nyc_shootings",100,"test","test"
"2023-07-25",6415,2023,3,"test",365,"Distinct incident_key per occurrence date.",6415,"nyc_shootings",100,"test","test"
"2023-07-26",6416,2023,2,"test",365,"Distinct incident_key per occurrence date.",6416,"nyc_shootings",100,"test","test"
"2023-07-27",6417,2023,3,"test",365,"Distinct incident_key per occurrence date.",6417,"nyc_shootings",100,"test","test"
"2023-07-28",6418,2023,4,"test",365,"Distinct incident_key per occurrence date.",6418,"nyc_shootings",100,"test","test"
"2023-07-29",6419,2023,5,"test",365,"Distinct incident_key per occurrence date.",6419,"nyc_shootings",100,"test","test"
"2023-07-30",6420,2023,6,"test",365,"Distinct incident_key per occurrence date.",6420,"nyc_shootings",100,"test","test"
"2023-07-31",6421,2023,5,"test",365,"Distinct incident_key per occurrence date.",6421,"nyc_shootings",100,"test","test"
"2023-08-01",6422,2023,6,"test",365,"Distinct incident_key per occurrence date.",6422,"nyc_shootings",100,"test","test"
"2023-08-02",6423,2023,1,"test",365,"Distinct incident_key per occurrence date.",6423,"nyc_shootings",100,"test","test"
"2023-08-03",6424,2023,2,"test",365,"Distinct incident_key per occurrence date.",6424,"nyc_shootings",100,"test","test"
"2023-08-04",6425,2023,3,"test",365,"Distinct incident_key per occurrence date.",6425,"nyc_shootings",100,"test","test"
"2023-08-05",6426,2023,3,"test",365,"Distinct incident_key per occurrence date.",6426,"nyc_shootings",100,"test","test"
"2023-08-06",6427,2023,7,"test",365,"Distinct incident_key per occurrence date.",6427,"nyc_shootings",100,"test","test"
"2023-08-07",6428,2023,1,"test",365,"Distinct incident_key per occurrence date.",6428,"nyc_shootings",100,"test","test"
"2023-08-08",6429,2023,2,"test",365,"Distinct incident_key per occurrence date.",6429,"nyc_shootings",100,"test","test"
"2023-08-09",6430,2023,1,"test",365,"Distinct incident_key per occurrence date.",6430,"nyc_shootings",100,"test","test"
"2023-08-10",6431,2023,1,"test",365,"Distinct incident_key per occurrence date.",6431,"nyc_shootings",100,"test","test"
"2023-08-11",6432,2023,3,"test",365,"Distinct incident_key per occurrence date.",6432,"nyc_shootings",100,"test","test"
"2023-08-12",6433,2023,5,"test",365,"Distinct incident_key per occurrence date.",6433,"nyc_shootings",100,"test","test"
"2023-08-13",6434,2023,2,"test",365,"Distinct incident_key per occurrence date.",6434,"nyc_shootings",100,"test","test"
"2023-08-14",6435,2023,3,"test",365,"Distinct incident_key per occurrence date.",6435,"nyc_shootings",100,"test","test"
"2023-08-15",6436,2023,2,"test",365,"Distinct incident_key per occurrence date.",6436,"nyc_shootings",100,"test","test"
"2023-08-16",6437,2023,2,"test",365,"Distinct incident_key per occurrence date.",6437,"nyc_shootings",100,"test","test"
"2023-08-17",6438,2023,2,"test",365,"Distinct incident_key per occurrence date.",6438,"nyc_shootings",100,"test","test"
"2023-08-18",6439,2023,1,"test",365,"Distinct incident_key per occurrence date.",6439,"nyc_shootings",100,"test","test"
"2023-08-19",6440,2023,4,"test",365,"Distinct incident_key per occurrence date.",6440,"nyc_shootings",100,"test","test"
"2023-08-20",6441,2023,7,"test",365,"Distinct incident_key per occurrence date.",6441,"nyc_shootings",100,"test","test"
"2023-08-21",6442,2023,4,"test",365,"Distinct incident_key per occurrence date.",6442,"nyc_shootings",100,"test","test"
"2023-08-22",6443,2023,4,"test",365,"Distinct incident_key per occurrence date.",6443,"nyc_shootings",100,"test","test"
"2023-08-23",6444,2023,2,"test",365,"Distinct incident_key per occurrence date.",6444,"nyc_shootings",100,"test","test"
"2023-08-24",6445,2023,1,"test",365,"Distinct incident_key per occurrence date.",6445,"nyc_shootings",100,"test","test"
"2023-08-25",6446,2023,2,"test",365,"Distinct incident_key per occurrence date.",6446,"nyc_shootings",100,"test","test"
"2023-08-26",6447,2023,6,"test",365,"Distinct incident_key per occurrence date.",6447,"nyc_shootings",100,"test","test"
"2023-08-27",6448,2023,3,"test",365,"Distinct incident_key per occurrence date.",6448,"nyc_shootings",100,"test","test"
"2023-08-28",6449,2023,1,"test",365,"Distinct incident_key per occurrence date.",6449,"nyc_shootings",100,"test","test"
"2023-08-29",6450,2023,1,"test",365,"Distinct incident_key per occurrence date.",6450,"nyc_shootings",100,"test","test"
"2023-08-30",6451,2023,2,"test",365,"Distinct incident_key per occurrence date.",6451,"nyc_shootings",100,"test","test"
"2023-08-31",6452,2023,3,"test",365,"Distinct incident_key per occurrence date.",6452,"nyc_shootings",100,"test","test"
"2023-09-01",6453,2023,1,"test",365,"Distinct incident_key per occurrence date.",6453,"nyc_shootings",100,"test","test"
"2023-09-02",6454,2023,5,"test",365,"Distinct incident_key per occurrence date.",6454,"nyc_shootings",100,"test","test"
"2023-09-03",6455,2023,3,"test",365,"Distinct incident_key per occurrence date.",6455,"nyc_shootings",100,"test","test"
"2023-09-04",6456,2023,9,"test",365,"Distinct incident_key per occurrence date.",6456,"nyc_shootings",100,"test","test"
"2023-09-05",6457,2023,0,"test",365,"Distinct incident_key per occurrence date.",6457,"nyc_shootings",100,"test","test"
"2023-09-06",6458,2023,2,"test",365,"Distinct incident_key per occurrence date.",6458,"nyc_shootings",100,"test","test"
"2023-09-07",6459,2023,3,"test",365,"Distinct incident_key per occurrence date.",6459,"nyc_shootings",100,"test","test"
"2023-09-08",6460,2023,0,"test",365,"Distinct incident_key per occurrence date.",6460,"nyc_shootings",100,"test","test"
"2023-09-09",6461,2023,1,"test",365,"Distinct incident_key per occurrence date.",6461,"nyc_shootings",100,"test","test"
"2023-09-10",6462,2023,4,"test",365,"Distinct incident_key per occurrence date.",6462,"nyc_shootings",100,"test","test"
"2023-09-11",6463,2023,0,"test",365,"Distinct incident_key per occurrence date.",6463,"nyc_shootings",100,"test","test"
"2023-09-12",6464,2023,3,"test",365,"Distinct incident_key per occurrence date.",6464,"nyc_shootings",100,"test","test"
"2023-09-13",6465,2023,2,"test",365,"Distinct incident_key per occurrence date.",6465,"nyc_shootings",100,"test","test"
"2023-09-14",6466,2023,3,"test",365,"Distinct incident_key per occurrence date.",6466,"nyc_shootings",100,"test","test"
"2023-09-15",6467,2023,2,"test",365,"Distinct incident_key per occurrence date.",6467,"nyc_shootings",100,"test","test"
"2023-09-16",6468,2023,2,"test",365,"Distinct incident_key per occurrence date.",6468,"nyc_shootings",100,"test","test"
"2023-09-17",6469,2023,2,"test",365,"Distinct incident_key per occurrence date.",6469,"nyc_shootings",100,"test","test"
"2023-09-18",6470,2023,3,"test",365,"Distinct incident_key per occurrence date.",6470,"nyc_shootings",100,"test","test"
"2023-09-19",6471,2023,4,"test",365,"Distinct incident_key per occurrence date.",6471,"nyc_shootings",100,"test","test"
"2023-09-20",6472,2023,2,"test",365,"Distinct incident_key per occurrence date.",6472,"nyc_shootings",100,"test","test"
"2023-09-21",6473,2023,1,"test",365,"Distinct incident_key per occurrence date.",6473,"nyc_shootings",100,"test","test"
"2023-09-22",6474,2023,3,"test",365,"Distinct incident_key per occurrence date.",6474,"nyc_shootings",100,"test","test"
"2023-09-23",6475,2023,1,"test",365,"Distinct incident_key per occurrence date.",6475,"nyc_shootings",100,"test","test"
"2023-09-24",6476,2023,4,"test",365,"Distinct incident_key per occurrence date.",6476,"nyc_shootings",100,"test","test"
"2023-09-25",6477,2023,4,"test",365,"Distinct incident_key per occurrence date.",6477,"nyc_shootings",100,"test","test"
"2023-09-26",6478,2023,1,"test",365,"Distinct incident_key per occurrence date.",6478,"nyc_shootings",100,"test","test"
"2023-09-27",6479,2023,3,"test",365,"Distinct incident_key per occurrence date.",6479,"nyc_shootings",100,"test","test"
"2023-09-28",6480,2023,1,"test",365,"Distinct incident_key per occurrence date.",6480,"nyc_shootings",100,"test","test"
"2023-09-29",6481,2023,6,"test",365,"Distinct incident_key per occurrence date.",6481,"nyc_shootings",100,"test","test"
"2023-09-30",6482,2023,2,"test",365,"Distinct incident_key per occurrence date.",6482,"nyc_shootings",100,"test","test"
"2023-10-01",6483,2023,6,"test",365,"Distinct incident_key per occurrence date.",6483,"nyc_shootings",100,"test","test"
"2023-10-02",6484,2023,5,"test",365,"Distinct incident_key per occurrence date.",6484,"nyc_shootings",100,"test","test"
"2023-10-03",6485,2023,1,"test",365,"Distinct incident_key per occurrence date.",6485,"nyc_shootings",100,"test","test"
"2023-10-04",6486,2023,2,"test",365,"Distinct incident_key per occurrence date.",6486,"nyc_shootings",100,"test","test"
"2023-10-05",6487,2023,4,"test",365,"Distinct incident_key per occurrence date.",6487,"nyc_shootings",100,"test","test"
"2023-10-06",6488,2023,3,"test",365,"Distinct incident_key per occurrence date.",6488,"nyc_shootings",100,"test","test"
"2023-10-07",6489,2023,1,"test",365,"Distinct incident_key per occurrence date.",6489,"nyc_shootings",100,"test","test"
"2023-10-08",6490,2023,2,"test",365,"Distinct incident_key per occurrence date.",6490,"nyc_shootings",100,"test","test"
"2023-10-09",6491,2023,3,"test",365,"Distinct incident_key per occurrence date.",6491,"nyc_shootings",100,"test","test"
"2023-10-10",6492,2023,1,"test",365,"Distinct incident_key per occurrence date.",6492,"nyc_shootings",100,"test","test"
"2023-10-11",6493,2023,2,"test",365,"Distinct incident_key per occurrence date.",6493,"nyc_shootings",100,"test","test"
"2023-10-12",6494,2023,2,"test",365,"Distinct incident_key per occurrence date.",6494,"nyc_shootings",100,"test","test"
"2023-10-13",6495,2023,0,"test",365,"Distinct incident_key per occurrence date.",6495,"nyc_shootings",100,"test","test"
"2023-10-14",6496,2023,1,"test",365,"Distinct incident_key per occurrence date.",6496,"nyc_shootings",100,"test","test"
"2023-10-15",6497,2023,2,"test",365,"Distinct incident_key per occurrence date.",6497,"nyc_shootings",100,"test","test"
"2023-10-16",6498,2023,2,"test",365,"Distinct incident_key per occurrence date.",6498,"nyc_shootings",100,"test","test"
"2023-10-17",6499,2023,0,"test",365,"Distinct incident_key per occurrence date.",6499,"nyc_shootings",100,"test","test"
"2023-10-18",6500,2023,6,"test",365,"Distinct incident_key per occurrence date.",6500,"nyc_shootings",100,"test","test"
"2023-10-19",6501,2023,1,"test",365,"Distinct incident_key per occurrence date.",6501,"nyc_shootings",100,"test","test"
"2023-10-20",6502,2023,2,"test",365,"Distinct incident_key per occurrence date.",6502,"nyc_shootings",100,"test","test"
"2023-10-21",6503,2023,4,"test",365,"Distinct incident_key per occurrence date.",6503,"nyc_shootings",100,"test","test"
"2023-10-22",6504,2023,2,"test",365,"Distinct incident_key per occurrence date.",6504,"nyc_shootings",100,"test","test"
"2023-10-23",6505,2023,2,"test",365,"Distinct incident_key per occurrence date.",6505,"nyc_shootings",100,"test","test"
"2023-10-24",6506,2023,1,"test",365,"Distinct incident_key per occurrence date.",6506,"nyc_shootings",100,"test","test"
"2023-10-25",6507,2023,2,"test",365,"Distinct incident_key per occurrence date.",6507,"nyc_shootings",100,"test","test"
"2023-10-26",6508,2023,2,"test",365,"Distinct incident_key per occurrence date.",6508,"nyc_shootings",100,"test","test"
"2023-10-27",6509,2023,4,"test",365,"Distinct incident_key per occurrence date.",6509,"nyc_shootings",100,"test","test"
"2023-10-28",6510,2023,4,"test",365,"Distinct incident_key per occurrence date.",6510,"nyc_shootings",100,"test","test"
"2023-10-29",6511,2023,6,"test",365,"Distinct incident_key per occurrence date.",6511,"nyc_shootings",100,"test","test"
"2023-10-30",6512,2023,2,"test",365,"Distinct incident_key per occurrence date.",6512,"nyc_shootings",100,"test","test"
"2023-10-31",6513,2023,3,"test",365,"Distinct incident_key per occurrence date.",6513,"nyc_shootings",100,"test","test"
"2023-11-01",6514,2023,2,"test",365,"Distinct incident_key per occurrence date.",6514,"nyc_shootings",100,"test","test"
"2023-11-02",6515,2023,2,"test",365,"Distinct incident_key per occurrence date.",6515,"nyc_shootings",100,"test","test"
"2023-11-03",6516,2023,2,"test",365,"Distinct incident_key per occurrence date.",6516,"nyc_shootings",100,"test","test"
"2023-11-04",6517,2023,4,"test",365,"Distinct incident_key per occurrence date.",6517,"nyc_shootings",100,"test","test"
"2023-11-05",6518,2023,1,"test",365,"Distinct incident_key per occurrence date.",6518,"nyc_shootings",100,"test","test"
"2023-11-06",6519,2023,0,"test",365,"Distinct incident_key per occurrence date.",6519,"nyc_shootings",100,"test","test"
"2023-11-07",6520,2023,3,"test",365,"Distinct incident_key per occurrence date.",6520,"nyc_shootings",100,"test","test"
"2023-11-08",6521,2023,1,"test",365,"Distinct incident_key per occurrence date.",6521,"nyc_shootings",100,"test","test"
"2023-11-09",6522,2023,1,"test",365,"Distinct incident_key per occurrence date.",6522,"nyc_shootings",100,"test","test"
"2023-11-10",6523,2023,0,"test",365,"Distinct incident_key per occurrence date.",6523,"nyc_shootings",100,"test","test"
"2023-11-11",6524,2023,1,"test",365,"Distinct incident_key per occurrence date.",6524,"nyc_shootings",100,"test","test"
"2023-11-12",6525,2023,2,"test",365,"Distinct incident_key per occurrence date.",6525,"nyc_shootings",100,"test","test"
"2023-11-13",6526,2023,2,"test",365,"Distinct incident_key per occurrence date.",6526,"nyc_shootings",100,"test","test"
"2023-11-14",6527,2023,1,"test",365,"Distinct incident_key per occurrence date.",6527,"nyc_shootings",100,"test","test"
"2023-11-15",6528,2023,3,"test",365,"Distinct incident_key per occurrence date.",6528,"nyc_shootings",100,"test","test"
"2023-11-16",6529,2023,0,"test",365,"Distinct incident_key per occurrence date.",6529,"nyc_shootings",100,"test","test"
"2023-11-17",6530,2023,3,"test",365,"Distinct incident_key per occurrence date.",6530,"nyc_shootings",100,"test","test"
"2023-11-18",6531,2023,3,"test",365,"Distinct incident_key per occurrence date.",6531,"nyc_shootings",100,"test","test"
"2023-11-19",6532,2023,8,"test",365,"Distinct incident_key per occurrence date.",6532,"nyc_shootings",100,"test","test"
"2023-11-20",6533,2023,3,"test",365,"Distinct incident_key per occurrence date.",6533,"nyc_shootings",100,"test","test"
"2023-11-21",6534,2023,1,"test",365,"Distinct incident_key per occurrence date.",6534,"nyc_shootings",100,"test","test"
"2023-11-22",6535,2023,3,"test",365,"Distinct incident_key per occurrence date.",6535,"nyc_shootings",100,"test","test"
"2023-11-23",6536,2023,6,"test",365,"Distinct incident_key per occurrence date.",6536,"nyc_shootings",100,"test","test"
"2023-11-24",6537,2023,0,"test",365,"Distinct incident_key per occurrence date.",6537,"nyc_shootings",100,"test","test"
"2023-11-25",6538,2023,3,"test",365,"Distinct incident_key per occurrence date.",6538,"nyc_shootings",100,"test","test"
"2023-11-26",6539,2023,4,"test",365,"Distinct incident_key per occurrence date.",6539,"nyc_shootings",100,"test","test"
"2023-11-27",6540,2023,0,"test",365,"Distinct incident_key per occurrence date.",6540,"nyc_shootings",100,"test","test"
"2023-11-28",6541,2023,3,"test",365,"Distinct incident_key per occurrence date.",6541,"nyc_shootings",100,"test","test"
"2023-11-29",6542,2023,1,"test",365,"Distinct incident_key per occurrence date.",6542,"nyc_shootings",100,"test","test"
"2023-11-30",6543,2023,2,"test",365,"Distinct incident_key per occurrence date.",6543,"nyc_shootings",100,"test","test"
"2023-12-01",6544,2023,2,"test",365,"Distinct incident_key per occurrence date.",6544,"nyc_shootings",100,"test","test"
"2023-12-02",6545,2023,2,"test",365,"Distinct incident_key per occurrence date.",6545,"nyc_shootings",100,"test","test"
"2023-12-03",6546,2023,5,"test",365,"Distinct incident_key per occurrence date.",6546,"nyc_shootings",100,"test","test"
"2023-12-04",6547,2023,2,"test",365,"Distinct incident_key per occurrence date.",6547,"nyc_shootings",100,"test","test"
"2023-12-05",6548,2023,3,"test",365,"Distinct incident_key per occurrence date.",6548,"nyc_shootings",100,"test","test"
"2023-12-06",6549,2023,3,"test",365,"Distinct incident_key per occurrence date.",6549,"nyc_shootings",100,"test","test"
"2023-12-07",6550,2023,3,"test",365,"Distinct incident_key per occurrence date.",6550,"nyc_shootings",100,"test","test"
"2023-12-08",6551,2023,1,"test",365,"Distinct incident_key per occurrence date.",6551,"nyc_shootings",100,"test","test"
"2023-12-09",6552,2023,1,"test",365,"Distinct incident_key per occurrence date.",6552,"nyc_shootings",100,"test","test"
"2023-12-10",6553,2023,2,"test",365,"Distinct incident_key per occurrence date.",6553,"nyc_shootings",100,"test","test"
"2023-12-11",6554,2023,2,"test",365,"Distinct incident_key per occurrence date.",6554,"nyc_shootings",100,"test","test"
"2023-12-12",6555,2023,4,"test",365,"Distinct incident_key per occurrence date.",6555,"nyc_shootings",100,"test","test"
"2023-12-13",6556,2023,0,"test",365,"Distinct incident_key per occurrence date.",6556,"nyc_shootings",100,"test","test"
"2023-12-14",6557,2023,4,"test",365,"Distinct incident_key per occurrence date.",6557,"nyc_shootings",100,"test","test"
"2023-12-15",6558,2023,2,"test",365,"Distinct incident_key per occurrence date.",6558,"nyc_shootings",100,"test","test"
"2023-12-16",6559,2023,4,"test",365,"Distinct incident_key per occurrence date.",6559,"nyc_shootings",100,"test","test"
"2023-12-17",6560,2023,2,"test",365,"Distinct incident_key per occurrence date.",6560,"nyc_shootings",100,"test","test"
"2023-12-18",6561,2023,4,"test",365,"Distinct incident_key per occurrence date.",6561,"nyc_shootings",100,"test","test"
"2023-12-19",6562,2023,2,"test",365,"Distinct incident_key per occurrence date.",6562,"nyc_shootings",100,"test","test"
"2023-12-20",6563,2023,1,"test",365,"Distinct incident_key per occurrence date.",6563,"nyc_shootings",100,"test","test"
"2023-12-21",6564,2023,2,"test",365,"Distinct incident_key per occurrence date.",6564,"nyc_shootings",100,"test","test"
"2023-12-22",6565,2023,5,"test",365,"Distinct incident_key per occurrence date.",6565,"nyc_shootings",100,"test","test"
"2023-12-23",6566,2023,4,"test",365,"Distinct incident_key per occurrence date.",6566,"nyc_shootings",100,"test","test"
"2023-12-24",6567,2023,5,"test",365,"Distinct incident_key per occurrence date.",6567,"nyc_shootings",100,"test","test"
"2023-12-25",6568,2023,0,"test",365,"Distinct incident_key per occurrence date.",6568,"nyc_shootings",100,"test","test"
"2023-12-26",6569,2023,3,"test",365,"Distinct incident_key per occurrence date.",6569,"nyc_shootings",100,"test","test"
"2023-12-27",6570,2023,1,"test",365,"Distinct incident_key per occurrence date.",6570,"nyc_shootings",100,"test","test"
"2023-12-28",6571,2023,0,"test",365,"Distinct incident_key per occurrence date.",6571,"nyc_shootings",100,"test","test"
"2023-12-29",6572,2023,3,"test",365,"Distinct incident_key per occurrence date.",6572,"nyc_shootings",100,"test","test"
"2023-12-30",6573,2023,0,"test",365,"Distinct incident_key per occurrence date.",6573,"nyc_shootings",100,"test","test"
"2023-12-31",6574,2023,0,"test",365,"Distinct incident_key per occurrence date.",6574,"nyc_shootings",100,"test","test"
"2024-01-01",6575,2024,5,"test",365,"Distinct incident_key per occurrence date.",6575,"nyc_shootings",100,"test","test"
"2024-01-02",6576,2024,2,"test",365,"Distinct incident_key per occurrence date.",6576,"nyc_shootings",100,"test","test"
"2024-01-03",6577,2024,0,"test",365,"Distinct incident_key per occurrence date.",6577,"nyc_shootings",100,"test","test"
"2024-01-04",6578,2024,2,"test",365,"Distinct incident_key per occurrence date.",6578,"nyc_shootings",100,"test","test"
"2024-01-05",6579,2024,0,"test",365,"Distinct incident_key per occurrence date.",6579,"nyc_shootings",100,"test","test"
"2024-01-06",6580,2024,3,"test",365,"Distinct incident_key per occurrence date.",6580,"nyc_shootings",100,"test","test"
"2024-01-07",6581,2024,4,"test",365,"Distinct incident_key per occurrence date.",6581,"nyc_shootings",100,"test","test"
"2024-01-08",6582,2024,3,"test",365,"Distinct incident_key per occurrence date.",6582,"nyc_shootings",100,"test","test"
"2024-01-09",6583,2024,2,"test",365,"Distinct incident_key per occurrence date.",6583,"nyc_shootings",100,"test","test"
"2024-01-10",6584,2024,0,"test",365,"Distinct incident_key per occurrence date.",6584,"nyc_shootings",100,"test","test"
"2024-01-11",6585,2024,3,"test",365,"Distinct incident_key per occurrence date.",6585,"nyc_shootings",100,"test","test"
"2024-01-12",6586,2024,2,"test",365,"Distinct incident_key per occurrence date.",6586,"nyc_shootings",100,"test","test"
"2024-01-13",6587,2024,2,"test",365,"Distinct incident_key per occurrence date.",6587,"nyc_shootings",100,"test","test"
"2024-01-14",6588,2024,3,"test",365,"Distinct incident_key per occurrence date.",6588,"nyc_shootings",100,"test","test"
"2024-01-15",6589,2024,3,"test",365,"Distinct incident_key per occurrence date.",6589,"nyc_shootings",100,"test","test"
"2024-01-16",6590,2024,2,"test",365,"Distinct incident_key per occurrence date.",6590,"nyc_shootings",100,"test","test"
"2024-01-17",6591,2024,1,"test",365,"Distinct incident_key per occurrence date.",6591,"nyc_shootings",100,"test","test"
"2024-01-18",6592,2024,1,"test",365,"Distinct incident_key per occurrence date.",6592,"nyc_shootings",100,"test","test"
"2024-01-19",6593,2024,1,"test",365,"Distinct incident_key per occurrence date.",6593,"nyc_shootings",100,"test","test"
"2024-01-20",6594,2024,2,"test",365,"Distinct incident_key per occurrence date.",6594,"nyc_shootings",100,"test","test"
"2024-01-21",6595,2024,4,"test",365,"Distinct incident_key per occurrence date.",6595,"nyc_shootings",100,"test","test"
"2024-01-22",6596,2024,2,"test",365,"Distinct incident_key per occurrence date.",6596,"nyc_shootings",100,"test","test"
"2024-01-23",6597,2024,1,"test",365,"Distinct incident_key per occurrence date.",6597,"nyc_shootings",100,"test","test"
"2024-01-24",6598,2024,1,"test",365,"Distinct incident_key per occurrence date.",6598,"nyc_shootings",100,"test","test"
"2024-01-25",6599,2024,3,"test",365,"Distinct incident_key per occurrence date.",6599,"nyc_shootings",100,"test","test"
"2024-01-26",6600,2024,1,"test",365,"Distinct incident_key per occurrence date.",6600,"nyc_shootings",100,"test","test"
"2024-01-27",6601,2024,7,"test",365,"Distinct incident_key per occurrence date.",6601,"nyc_shootings",100,"test","test"
"2024-01-28",6602,2024,0,"test",365,"Distinct incident_key per occurrence date.",6602,"nyc_shootings",100,"test","test"
"2024-01-29",6603,2024,1,"test",365,"Distinct incident_key per occurrence date.",6603,"nyc_shootings",100,"test","test"
"2024-01-30",6604,2024,2,"test",365,"Distinct incident_key per occurrence date.",6604,"nyc_shootings",100,"test","test"
"2024-01-31",6605,2024,2,"test",365,"Distinct incident_key per occurrence date.",6605,"nyc_shootings",100,"test","test"
"2024-02-01",6606,2024,2,"test",365,"Distinct incident_key per occurrence date.",6606,"nyc_shootings",100,"test","test"
"2024-02-02",6607,2024,4,"test",365,"Distinct incident_key per occurrence date.",6607,"nyc_shootings",100,"test","test"
"2024-02-03",6608,2024,2,"test",365,"Distinct incident_key per occurrence date.",6608,"nyc_shootings",100,"test","test"
"2024-02-04",6609,2024,0,"test",365,"Distinct incident_key per occurrence date.",6609,"nyc_shootings",100,"test","test"
"2024-02-05",6610,2024,1,"test",365,"Distinct incident_key per occurrence date.",6610,"nyc_shootings",100,"test","test"
"2024-02-06",6611,2024,3,"test",365,"Distinct incident_key per occurrence date.",6611,"nyc_shootings",100,"test","test"
"2024-02-07",6612,2024,2,"test",365,"Distinct incident_key per occurrence date.",6612,"nyc_shootings",100,"test","test"
"2024-02-08",6613,2024,3,"test",365,"Distinct incident_key per occurrence date.",6613,"nyc_shootings",100,"test","test"
"2024-02-09",6614,2024,1,"test",365,"Distinct incident_key per occurrence date.",6614,"nyc_shootings",100,"test","test"
"2024-02-10",6615,2024,4,"test",365,"Distinct incident_key per occurrence date.",6615,"nyc_shootings",100,"test","test"
"2024-02-11",6616,2024,3,"test",365,"Distinct incident_key per occurrence date.",6616,"nyc_shootings",100,"test","test"
"2024-02-12",6617,2024,2,"test",365,"Distinct incident_key per occurrence date.",6617,"nyc_shootings",100,"test","test"
"2024-02-13",6618,2024,2,"test",365,"Distinct incident_key per occurrence date.",6618,"nyc_shootings",100,"test","test"
"2024-02-14",6619,2024,1,"test",365,"Distinct incident_key per occurrence date.",6619,"nyc_shootings",100,"test","test"
"2024-02-15",6620,2024,0,"test",365,"Distinct incident_key per occurrence date.",6620,"nyc_shootings",100,"test","test"
"2024-02-16",6621,2024,2,"test",365,"Distinct incident_key per occurrence date.",6621,"nyc_shootings",100,"test","test"
"2024-02-17",6622,2024,1,"test",365,"Distinct incident_key per occurrence date.",6622,"nyc_shootings",100,"test","test"
"2024-02-18",6623,2024,2,"test",365,"Distinct incident_key per occurrence date.",6623,"nyc_shootings",100,"test","test"
"2024-02-19",6624,2024,0,"test",365,"Distinct incident_key per occurrence date.",6624,"nyc_shootings",100,"test","test"
"2024-02-20",6625,2024,2,"test",365,"Distinct incident_key per occurrence date.",6625,"nyc_shootings",100,"test","test"
"2024-02-21",6626,2024,0,"test",365,"Distinct incident_key per occurrence date.",6626,"nyc_shootings",100,"test","test"
"2024-02-22",6627,2024,0,"test",365,"Distinct incident_key per occurrence date.",6627,"nyc_shootings",100,"test","test"
"2024-02-23",6628,2024,3,"test",365,"Distinct incident_key per occurrence date.",6628,"nyc_shootings",100,"test","test"
"2024-02-24",6629,2024,2,"test",365,"Distinct incident_key per occurrence date.",6629,"nyc_shootings",100,"test","test"
"2024-02-25",6630,2024,2,"test",365,"Distinct incident_key per occurrence date.",6630,"nyc_shootings",100,"test","test"
"2024-02-26",6631,2024,1,"test",365,"Distinct incident_key per occurrence date.",6631,"nyc_shootings",100,"test","test"
"2024-02-27",6632,2024,1,"test",365,"Distinct incident_key per occurrence date.",6632,"nyc_shootings",100,"test","test"
"2024-02-28",6633,2024,3,"test",365,"Distinct incident_key per occurrence date.",6633,"nyc_shootings",100,"test","test"
"2024-02-29",6634,2024,4,"test",365,"Distinct incident_key per occurrence date.",6634,"nyc_shootings",100,"test","test"
"2024-03-01",6635,2024,2,"test",365,"Distinct incident_key per occurrence date.",6635,"nyc_shootings",100,"test","test"
"2024-03-02",6636,2024,2,"test",365,"Distinct incident_key per occurrence date.",6636,"nyc_shootings",100,"test","test"
"2024-03-03",6637,2024,1,"test",365,"Distinct incident_key per occurrence date.",6637,"nyc_shootings",100,"test","test"
"2024-03-04",6638,2024,1,"test",365,"Distinct incident_key per occurrence date.",6638,"nyc_shootings",100,"test","test"
"2024-03-05",6639,2024,1,"test",365,"Distinct incident_key per occurrence date.",6639,"nyc_shootings",100,"test","test"
"2024-03-06",6640,2024,0,"test",365,"Distinct incident_key per occurrence date.",6640,"nyc_shootings",100,"test","test"
"2024-03-07",6641,2024,2,"test",365,"Distinct incident_key per occurrence date.",6641,"nyc_shootings",100,"test","test"
"2024-03-08",6642,2024,2,"test",365,"Distinct incident_key per occurrence date.",6642,"nyc_shootings",100,"test","test"
"2024-03-09",6643,2024,2,"test",365,"Distinct incident_key per occurrence date.",6643,"nyc_shootings",100,"test","test"
"2024-03-10",6644,2024,3,"test",365,"Distinct incident_key per occurrence date.",6644,"nyc_shootings",100,"test","test"
"2024-03-11",6645,2024,1,"test",365,"Distinct incident_key per occurrence date.",6645,"nyc_shootings",100,"test","test"
"2024-03-12",6646,2024,1,"test",365,"Distinct incident_key per occurrence date.",6646,"nyc_shootings",100,"test","test"
"2024-03-13",6647,2024,4,"test",365,"Distinct incident_key per occurrence date.",6647,"nyc_shootings",100,"test","test"
"2024-03-14",6648,2024,2,"test",365,"Distinct incident_key per occurrence date.",6648,"nyc_shootings",100,"test","test"
"2024-03-15",6649,2024,3,"test",365,"Distinct incident_key per occurrence date.",6649,"nyc_shootings",100,"test","test"
"2024-03-16",6650,2024,6,"test",365,"Distinct incident_key per occurrence date.",6650,"nyc_shootings",100,"test","test"
"2024-03-17",6651,2024,2,"test",365,"Distinct incident_key per occurrence date.",6651,"nyc_shootings",100,"test","test"
"2024-03-18",6652,2024,2,"test",365,"Distinct incident_key per occurrence date.",6652,"nyc_shootings",100,"test","test"
"2024-03-19",6653,2024,2,"test",365,"Distinct incident_key per occurrence date.",6653,"nyc_shootings",100,"test","test"
"2024-03-20",6654,2024,1,"test",365,"Distinct incident_key per occurrence date.",6654,"nyc_shootings",100,"test","test"
"2024-03-21",6655,2024,1,"test",365,"Distinct incident_key per occurrence date.",6655,"nyc_shootings",100,"test","test"
"2024-03-22",6656,2024,3,"test",365,"Distinct incident_key per occurrence date.",6656,"nyc_shootings",100,"test","test"
"2024-03-23",6657,2024,4,"test",365,"Distinct incident_key per occurrence date.",6657,"nyc_shootings",100,"test","test"
"2024-03-24",6658,2024,2,"test",365,"Distinct incident_key per occurrence date.",6658,"nyc_shootings",100,"test","test"
"2024-03-25",6659,2024,4,"test",365,"Distinct incident_key per occurrence date.",6659,"nyc_shootings",100,"test","test"
"2024-03-26",6660,2024,0,"test",365,"Distinct incident_key per occurrence date.",6660,"nyc_shootings",100,"test","test"
"2024-03-27",6661,2024,2,"test",365,"Distinct incident_key per occurrence date.",6661,"nyc_shootings",100,"test","test"
"2024-03-28",6662,2024,2,"test",365,"Distinct incident_key per occurrence date.",6662,"nyc_shootings",100,"test","test"
"2024-03-29",6663,2024,2,"test",365,"Distinct incident_key per occurrence date.",6663,"nyc_shootings",100,"test","test"
"2024-03-30",6664,2024,2,"test",365,"Distinct incident_key per occurrence date.",6664,"nyc_shootings",100,"test","test"
"2024-03-31",6665,2024,2,"test",365,"Distinct incident_key per occurrence date.",6665,"nyc_shootings",100,"test","test"
"2024-04-01",6666,2024,0,"test",365,"Distinct incident_key per occurrence date.",6666,"nyc_shootings",100,"test","test"
"2024-04-02",6667,2024,1,"test",365,"Distinct incident_key per occurrence date.",6667,"nyc_shootings",100,"test","test"
"2024-04-03",6668,2024,1,"test",365,"Distinct incident_key per occurrence date.",6668,"nyc_shootings",100,"test","test"
"2024-04-04",6669,2024,0,"test",365,"Distinct incident_key per occurrence date.",6669,"nyc_shootings",100,"test","test"
"2024-04-05",6670,2024,2,"test",365,"Distinct incident_key per occurrence date.",6670,"nyc_shootings",100,"test","test"
"2024-04-06",6671,2024,1,"test",365,"Distinct incident_key per occurrence date.",6671,"nyc_shootings",100,"test","test"
"2024-04-07",6672,2024,3,"test",365,"Distinct incident_key per occurrence date.",6672,"nyc_shootings",100,"test","test"
"2024-04-08",6673,2024,3,"test",365,"Distinct incident_key per occurrence date.",6673,"nyc_shootings",100,"test","test"
"2024-04-09",6674,2024,1,"test",365,"Distinct incident_key per occurrence date.",6674,"nyc_shootings",100,"test","test"
"2024-04-10",6675,2024,4,"test",365,"Distinct incident_key per occurrence date.",6675,"nyc_shootings",100,"test","test"
"2024-04-11",6676,2024,1,"test",365,"Distinct incident_key per occurrence date.",6676,"nyc_shootings",100,"test","test"
"2024-04-12",6677,2024,1,"test",365,"Distinct incident_key per occurrence date.",6677,"nyc_shootings",100,"test","test"
"2024-04-13",6678,2024,5,"test",365,"Distinct incident_key per occurrence date.",6678,"nyc_shootings",100,"test","test"
"2024-04-14",6679,2024,3,"test",365,"Distinct incident_key per occurrence date.",6679,"nyc_shootings",100,"test","test"
"2024-04-15",6680,2024,2,"test",365,"Distinct incident_key per occurrence date.",6680,"nyc_shootings",100,"test","test"
"2024-04-16",6681,2024,2,"test",365,"Distinct incident_key per occurrence date.",6681,"nyc_shootings",100,"test","test"
"2024-04-17",6682,2024,1,"test",365,"Distinct incident_key per occurrence date.",6682,"nyc_shootings",100,"test","test"
"2024-04-18",6683,2024,0,"test",365,"Distinct incident_key per occurrence date.",6683,"nyc_shootings",100,"test","test"
"2024-04-19",6684,2024,2,"test",365,"Distinct incident_key per occurrence date.",6684,"nyc_shootings",100,"test","test"
"2024-04-20",6685,2024,2,"test",365,"Distinct incident_key per occurrence date.",6685,"nyc_shootings",100,"test","test"
"2024-04-21",6686,2024,3,"test",365,"Distinct incident_key per occurrence date.",6686,"nyc_shootings",100,"test","test"
"2024-04-22",6687,2024,2,"test",365,"Distinct incident_key per occurrence date.",6687,"nyc_shootings",100,"test","test"
"2024-04-23",6688,2024,3,"test",365,"Distinct incident_key per occurrence date.",6688,"nyc_shootings",100,"test","test"
"2024-04-24",6689,2024,2,"test",365,"Distinct incident_key per occurrence date.",6689,"nyc_shootings",100,"test","test"
"2024-04-25",6690,2024,1,"test",365,"Distinct incident_key per occurrence date.",6690,"nyc_shootings",100,"test","test"
"2024-04-26",6691,2024,1,"test",365,"Distinct incident_key per occurrence date.",6691,"nyc_shootings",100,"test","test"
"2024-04-27",6692,2024,3,"test",365,"Distinct incident_key per occurrence date.",6692,"nyc_shootings",100,"test","test"
"2024-04-28",6693,2024,2,"test",365,"Distinct incident_key per occurrence date.",6693,"nyc_shootings",100,"test","test"
"2024-04-29",6694,2024,4,"test",365,"Distinct incident_key per occurrence date.",6694,"nyc_shootings",100,"test","test"
"2024-04-30",6695,2024,4,"test",365,"Distinct incident_key per occurrence date.",6695,"nyc_shootings",100,"test","test"
"2024-05-01",6696,2024,1,"test",365,"Distinct incident_key per occurrence date.",6696,"nyc_shootings",100,"test","test"
"2024-05-02",6697,2024,2,"test",365,"Distinct incident_key per occurrence date.",6697,"nyc_shootings",100,"test","test"
"2024-05-03",6698,2024,2,"test",365,"Distinct incident_key per occurrence date.",6698,"nyc_shootings",100,"test","test"
"2024-05-04",6699,2024,4,"test",365,"Distinct incident_key per occurrence date.",6699,"nyc_shootings",100,"test","test"
"2024-05-05",6700,2024,1,"test",365,"Distinct incident_key per occurrence date.",6700,"nyc_shootings",100,"test","test"
"2024-05-06",6701,2024,7,"test",365,"Distinct incident_key per occurrence date.",6701,"nyc_shootings",100,"test","test"
"2024-05-07",6702,2024,4,"test",365,"Distinct incident_key per occurrence date.",6702,"nyc_shootings",100,"test","test"
"2024-05-08",6703,2024,1,"test",365,"Distinct incident_key per occurrence date.",6703,"nyc_shootings",100,"test","test"
"2024-05-09",6704,2024,3,"test",365,"Distinct incident_key per occurrence date.",6704,"nyc_shootings",100,"test","test"
"2024-05-10",6705,2024,0,"test",365,"Distinct incident_key per occurrence date.",6705,"nyc_shootings",100,"test","test"
"2024-05-11",6706,2024,4,"test",365,"Distinct incident_key per occurrence date.",6706,"nyc_shootings",100,"test","test"
"2024-05-12",6707,2024,2,"test",365,"Distinct incident_key per occurrence date.",6707,"nyc_shootings",100,"test","test"
"2024-05-13",6708,2024,3,"test",365,"Distinct incident_key per occurrence date.",6708,"nyc_shootings",100,"test","test"
"2024-05-14",6709,2024,0,"test",365,"Distinct incident_key per occurrence date.",6709,"nyc_shootings",100,"test","test"
"2024-05-15",6710,2024,2,"test",365,"Distinct incident_key per occurrence date.",6710,"nyc_shootings",100,"test","test"
"2024-05-16",6711,2024,2,"test",365,"Distinct incident_key per occurrence date.",6711,"nyc_shootings",100,"test","test"
"2024-05-17",6712,2024,3,"test",365,"Distinct incident_key per occurrence date.",6712,"nyc_shootings",100,"test","test"
"2024-05-18",6713,2024,3,"test",365,"Distinct incident_key per occurrence date.",6713,"nyc_shootings",100,"test","test"
"2024-05-19",6714,2024,7,"test",365,"Distinct incident_key per occurrence date.",6714,"nyc_shootings",100,"test","test"
"2024-05-20",6715,2024,2,"test",365,"Distinct incident_key per occurrence date.",6715,"nyc_shootings",100,"test","test"
"2024-05-21",6716,2024,4,"test",365,"Distinct incident_key per occurrence date.",6716,"nyc_shootings",100,"test","test"
"2024-05-22",6717,2024,3,"test",365,"Distinct incident_key per occurrence date.",6717,"nyc_shootings",100,"test","test"
"2024-05-23",6718,2024,1,"test",365,"Distinct incident_key per occurrence date.",6718,"nyc_shootings",100,"test","test"
"2024-05-24",6719,2024,4,"test",365,"Distinct incident_key per occurrence date.",6719,"nyc_shootings",100,"test","test"
"2024-05-25",6720,2024,5,"test",365,"Distinct incident_key per occurrence date.",6720,"nyc_shootings",100,"test","test"
"2024-05-26",6721,2024,4,"test",365,"Distinct incident_key per occurrence date.",6721,"nyc_shootings",100,"test","test"
"2024-05-27",6722,2024,4,"test",365,"Distinct incident_key per occurrence date.",6722,"nyc_shootings",100,"test","test"
"2024-05-28",6723,2024,2,"test",365,"Distinct incident_key per occurrence date.",6723,"nyc_shootings",100,"test","test"
"2024-05-29",6724,2024,3,"test",365,"Distinct incident_key per occurrence date.",6724,"nyc_shootings",100,"test","test"
"2024-05-30",6725,2024,2,"test",365,"Distinct incident_key per occurrence date.",6725,"nyc_shootings",100,"test","test"
"2024-05-31",6726,2024,3,"test",365,"Distinct incident_key per occurrence date.",6726,"nyc_shootings",100,"test","test"
"2024-06-01",6727,2024,6,"test",365,"Distinct incident_key per occurrence date.",6727,"nyc_shootings",100,"test","test"
"2024-06-02",6728,2024,4,"test",365,"Distinct incident_key per occurrence date.",6728,"nyc_shootings",100,"test","test"
"2024-06-03",6729,2024,2,"test",365,"Distinct incident_key per occurrence date.",6729,"nyc_shootings",100,"test","test"
"2024-06-04",6730,2024,5,"test",365,"Distinct incident_key per occurrence date.",6730,"nyc_shootings",100,"test","test"
"2024-06-05",6731,2024,0,"test",365,"Distinct incident_key per occurrence date.",6731,"nyc_shootings",100,"test","test"
"2024-06-06",6732,2024,3,"test",365,"Distinct incident_key per occurrence date.",6732,"nyc_shootings",100,"test","test"
"2024-06-07",6733,2024,3,"test",365,"Distinct incident_key per occurrence date.",6733,"nyc_shootings",100,"test","test"
"2024-06-08",6734,2024,9,"test",365,"Distinct incident_key per occurrence date.",6734,"nyc_shootings",100,"test","test"
"2024-06-09",6735,2024,4,"test",365,"Distinct incident_key per occurrence date.",6735,"nyc_shootings",100,"test","test"
"2024-06-10",6736,2024,3,"test",365,"Distinct incident_key per occurrence date.",6736,"nyc_shootings",100,"test","test"
"2024-06-11",6737,2024,3,"test",365,"Distinct incident_key per occurrence date.",6737,"nyc_shootings",100,"test","test"
"2024-06-12",6738,2024,3,"test",365,"Distinct incident_key per occurrence date.",6738,"nyc_shootings",100,"test","test"
"2024-06-13",6739,2024,2,"test",365,"Distinct incident_key per occurrence date.",6739,"nyc_shootings",100,"test","test"
"2024-06-14",6740,2024,1,"test",365,"Distinct incident_key per occurrence date.",6740,"nyc_shootings",100,"test","test"
"2024-06-15",6741,2024,5,"test",365,"Distinct incident_key per occurrence date.",6741,"nyc_shootings",100,"test","test"
"2024-06-16",6742,2024,8,"test",365,"Distinct incident_key per occurrence date.",6742,"nyc_shootings",100,"test","test"
"2024-06-17",6743,2024,6,"test",365,"Distinct incident_key per occurrence date.",6743,"nyc_shootings",100,"test","test"
"2024-06-18",6744,2024,3,"test",365,"Distinct incident_key per occurrence date.",6744,"nyc_shootings",100,"test","test"
"2024-06-19",6745,2024,1,"test",365,"Distinct incident_key per occurrence date.",6745,"nyc_shootings",100,"test","test"
"2024-06-20",6746,2024,3,"test",365,"Distinct incident_key per occurrence date.",6746,"nyc_shootings",100,"test","test"
"2024-06-21",6747,2024,0,"test",365,"Distinct incident_key per occurrence date.",6747,"nyc_shootings",100,"test","test"
"2024-06-22",6748,2024,1,"test",365,"Distinct incident_key per occurrence date.",6748,"nyc_shootings",100,"test","test"
"2024-06-23",6749,2024,1,"test",365,"Distinct incident_key per occurrence date.",6749,"nyc_shootings",100,"test","test"
"2024-06-24",6750,2024,4,"test",365,"Distinct incident_key per occurrence date.",6750,"nyc_shootings",100,"test","test"
"2024-06-25",6751,2024,7,"test",365,"Distinct incident_key per occurrence date.",6751,"nyc_shootings",100,"test","test"
"2024-06-26",6752,2024,7,"test",365,"Distinct incident_key per occurrence date.",6752,"nyc_shootings",100,"test","test"
"2024-06-27",6753,2024,4,"test",365,"Distinct incident_key per occurrence date.",6753,"nyc_shootings",100,"test","test"
"2024-06-28",6754,2024,4,"test",365,"Distinct incident_key per occurrence date.",6754,"nyc_shootings",100,"test","test"
"2024-06-29",6755,2024,3,"test",365,"Distinct incident_key per occurrence date.",6755,"nyc_shootings",100,"test","test"
"2024-06-30",6756,2024,2,"test",365,"Distinct incident_key per occurrence date.",6756,"nyc_shootings",100,"test","test"
"2024-07-01",6757,2024,1,"test",365,"Distinct incident_key per occurrence date.",6757,"nyc_shootings",100,"test","test"
"2024-07-02",6758,2024,3,"test",365,"Distinct incident_key per occurrence date.",6758,"nyc_shootings",100,"test","test"
"2024-07-03",6759,2024,4,"test",365,"Distinct incident_key per occurrence date.",6759,"nyc_shootings",100,"test","test"
"2024-07-04",6760,2024,8,"test",365,"Distinct incident_key per occurrence date.",6760,"nyc_shootings",100,"test","test"
"2024-07-05",6761,2024,3,"test",365,"Distinct incident_key per occurrence date.",6761,"nyc_shootings",100,"test","test"
"2024-07-06",6762,2024,2,"test",365,"Distinct incident_key per occurrence date.",6762,"nyc_shootings",100,"test","test"
"2024-07-07",6763,2024,2,"test",365,"Distinct incident_key per occurrence date.",6763,"nyc_shootings",100,"test","test"
"2024-07-08",6764,2024,2,"test",365,"Distinct incident_key per occurrence date.",6764,"nyc_shootings",100,"test","test"
"2024-07-09",6765,2024,1,"test",365,"Distinct incident_key per occurrence date.",6765,"nyc_shootings",100,"test","test"
"2024-07-10",6766,2024,4,"test",365,"Distinct incident_key per occurrence date.",6766,"nyc_shootings",100,"test","test"
"2024-07-11",6767,2024,3,"test",365,"Distinct incident_key per occurrence date.",6767,"nyc_shootings",100,"test","test"
"2024-07-12",6768,2024,3,"test",365,"Distinct incident_key per occurrence date.",6768,"nyc_shootings",100,"test","test"
"2024-07-13",6769,2024,7,"test",365,"Distinct incident_key per occurrence date.",6769,"nyc_shootings",100,"test","test"
"2024-07-14",6770,2024,3,"test",365,"Distinct incident_key per occurrence date.",6770,"nyc_shootings",100,"test","test"
"2024-07-15",6771,2024,6,"test",365,"Distinct incident_key per occurrence date.",6771,"nyc_shootings",100,"test","test"
"2024-07-16",6772,2024,2,"test",365,"Distinct incident_key per occurrence date.",6772,"nyc_shootings",100,"test","test"
"2024-07-17",6773,2024,0,"test",365,"Distinct incident_key per occurrence date.",6773,"nyc_shootings",100,"test","test"
"2024-07-18",6774,2024,2,"test",365,"Distinct incident_key per occurrence date.",6774,"nyc_shootings",100,"test","test"
"2024-07-19",6775,2024,3,"test",365,"Distinct incident_key per occurrence date.",6775,"nyc_shootings",100,"test","test"
"2024-07-20",6776,2024,0,"test",365,"Distinct incident_key per occurrence date.",6776,"nyc_shootings",100,"test","test"
"2024-07-21",6777,2024,5,"test",365,"Distinct incident_key per occurrence date.",6777,"nyc_shootings",100,"test","test"
"2024-07-22",6778,2024,3,"test",365,"Distinct incident_key per occurrence date.",6778,"nyc_shootings",100,"test","test"
"2024-07-23",6779,2024,1,"test",365,"Distinct incident_key per occurrence date.",6779,"nyc_shootings",100,"test","test"
"2024-07-24",6780,2024,2,"test",365,"Distinct incident_key per occurrence date.",6780,"nyc_shootings",100,"test","test"
"2024-07-25",6781,2024,2,"test",365,"Distinct incident_key per occurrence date.",6781,"nyc_shootings",100,"test","test"
"2024-07-26",6782,2024,4,"test",365,"Distinct incident_key per occurrence date.",6782,"nyc_shootings",100,"test","test"
"2024-07-27",6783,2024,4,"test",365,"Distinct incident_key per occurrence date.",6783,"nyc_shootings",100,"test","test"
"2024-07-28",6784,2024,2,"test",365,"Distinct incident_key per occurrence date.",6784,"nyc_shootings",100,"test","test"
"2024-07-29",6785,2024,4,"test",365,"Distinct incident_key per occurrence date.",6785,"nyc_shootings",100,"test","test"
"2024-07-30",6786,2024,4,"test",365,"Distinct incident_key per occurrence date.",6786,"nyc_shootings",100,"test","test"
"2024-07-31",6787,2024,1,"test",365,"Distinct incident_key per occurrence date.",6787,"nyc_shootings",100,"test","test"
"2024-08-01",6788,2024,3,"test",365,"Distinct incident_key per occurrence date.",6788,"nyc_shootings",100,"test","test"
"2024-08-02",6789,2024,2,"test",365,"Distinct incident_key per occurrence date.",6789,"nyc_shootings",100,"test","test"
"2024-08-03",6790,2024,1,"test",365,"Distinct incident_key per occurrence date.",6790,"nyc_shootings",100,"test","test"
"2024-08-04",6791,2024,4,"test",365,"Distinct incident_key per occurrence date.",6791,"nyc_shootings",100,"test","test"
"2024-08-05",6792,2024,2,"test",365,"Distinct incident_key per occurrence date.",6792,"nyc_shootings",100,"test","test"
"2024-08-06",6793,2024,1,"test",365,"Distinct incident_key per occurrence date.",6793,"nyc_shootings",100,"test","test"
"2024-08-07",6794,2024,5,"test",365,"Distinct incident_key per occurrence date.",6794,"nyc_shootings",100,"test","test"
"2024-08-08",6795,2024,4,"test",365,"Distinct incident_key per occurrence date.",6795,"nyc_shootings",100,"test","test"
"2024-08-09",6796,2024,4,"test",365,"Distinct incident_key per occurrence date.",6796,"nyc_shootings",100,"test","test"
"2024-08-10",6797,2024,1,"test",365,"Distinct incident_key per occurrence date.",6797,"nyc_shootings",100,"test","test"
"2024-08-11",6798,2024,0,"test",365,"Distinct incident_key per occurrence date.",6798,"nyc_shootings",100,"test","test"
"2024-08-12",6799,2024,4,"test",365,"Distinct incident_key per occurrence date.",6799,"nyc_shootings",100,"test","test"
"2024-08-13",6800,2024,3,"test",365,"Distinct incident_key per occurrence date.",6800,"nyc_shootings",100,"test","test"
"2024-08-14",6801,2024,2,"test",365,"Distinct incident_key per occurrence date.",6801,"nyc_shootings",100,"test","test"
"2024-08-15",6802,2024,2,"test",365,"Distinct incident_key per occurrence date.",6802,"nyc_shootings",100,"test","test"
"2024-08-16",6803,2024,3,"test",365,"Distinct incident_key per occurrence date.",6803,"nyc_shootings",100,"test","test"
"2024-08-17",6804,2024,3,"test",365,"Distinct incident_key per occurrence date.",6804,"nyc_shootings",100,"test","test"
"2024-08-18",6805,2024,1,"test",365,"Distinct incident_key per occurrence date.",6805,"nyc_shootings",100,"test","test"
"2024-08-19",6806,2024,3,"test",365,"Distinct incident_key per occurrence date.",6806,"nyc_shootings",100,"test","test"
"2024-08-20",6807,2024,0,"test",365,"Distinct incident_key per occurrence date.",6807,"nyc_shootings",100,"test","test"
"2024-08-21",6808,2024,3,"test",365,"Distinct incident_key per occurrence date.",6808,"nyc_shootings",100,"test","test"
"2024-08-22",6809,2024,3,"test",365,"Distinct incident_key per occurrence date.",6809,"nyc_shootings",100,"test","test"
"2024-08-23",6810,2024,3,"test",365,"Distinct incident_key per occurrence date.",6810,"nyc_shootings",100,"test","test"
"2024-08-24",6811,2024,5,"test",365,"Distinct incident_key per occurrence date.",6811,"nyc_shootings",100,"test","test"
"2024-08-25",6812,2024,3,"test",365,"Distinct incident_key per occurrence date.",6812,"nyc_shootings",100,"test","test"
"2024-08-26",6813,2024,0,"test",365,"Distinct incident_key per occurrence date.",6813,"nyc_shootings",100,"test","test"
"2024-08-27",6814,2024,1,"test",365,"Distinct incident_key per occurrence date.",6814,"nyc_shootings",100,"test","test"
"2024-08-28",6815,2024,1,"test",365,"Distinct incident_key per occurrence date.",6815,"nyc_shootings",100,"test","test"
"2024-08-29",6816,2024,1,"test",365,"Distinct incident_key per occurrence date.",6816,"nyc_shootings",100,"test","test"
"2024-08-30",6817,2024,2,"test",365,"Distinct incident_key per occurrence date.",6817,"nyc_shootings",100,"test","test"
"2024-08-31",6818,2024,4,"test",365,"Distinct incident_key per occurrence date.",6818,"nyc_shootings",100,"test","test"
"2024-09-01",6819,2024,3,"test",365,"Distinct incident_key per occurrence date.",6819,"nyc_shootings",100,"test","test"
"2024-09-02",6820,2024,5,"test",365,"Distinct incident_key per occurrence date.",6820,"nyc_shootings",100,"test","test"
"2024-09-03",6821,2024,1,"test",365,"Distinct incident_key per occurrence date.",6821,"nyc_shootings",100,"test","test"
"2024-09-04",6822,2024,3,"test",365,"Distinct incident_key per occurrence date.",6822,"nyc_shootings",100,"test","test"
"2024-09-05",6823,2024,2,"test",365,"Distinct incident_key per occurrence date.",6823,"nyc_shootings",100,"test","test"
"2024-09-06",6824,2024,1,"test",365,"Distinct incident_key per occurrence date.",6824,"nyc_shootings",100,"test","test"
"2024-09-07",6825,2024,4,"test",365,"Distinct incident_key per occurrence date.",6825,"nyc_shootings",100,"test","test"
"2024-09-08",6826,2024,8,"test",365,"Distinct incident_key per occurrence date.",6826,"nyc_shootings",100,"test","test"
"2024-09-09",6827,2024,3,"test",365,"Distinct incident_key per occurrence date.",6827,"nyc_shootings",100,"test","test"
"2024-09-10",6828,2024,5,"test",365,"Distinct incident_key per occurrence date.",6828,"nyc_shootings",100,"test","test"
"2024-09-11",6829,2024,3,"test",365,"Distinct incident_key per occurrence date.",6829,"nyc_shootings",100,"test","test"
"2024-09-12",6830,2024,3,"test",365,"Distinct incident_key per occurrence date.",6830,"nyc_shootings",100,"test","test"
"2024-09-13",6831,2024,4,"test",365,"Distinct incident_key per occurrence date.",6831,"nyc_shootings",100,"test","test"
"2024-09-14",6832,2024,2,"test",365,"Distinct incident_key per occurrence date.",6832,"nyc_shootings",100,"test","test"
"2024-09-15",6833,2024,3,"test",365,"Distinct incident_key per occurrence date.",6833,"nyc_shootings",100,"test","test"
"2024-09-16",6834,2024,4,"test",365,"Distinct incident_key per occurrence date.",6834,"nyc_shootings",100,"test","test"
"2024-09-17",6835,2024,4,"test",365,"Distinct incident_key per occurrence date.",6835,"nyc_shootings",100,"test","test"
"2024-09-18",6836,2024,3,"test",365,"Distinct incident_key per occurrence date.",6836,"nyc_shootings",100,"test","test"
"2024-09-19",6837,2024,2,"test",365,"Distinct incident_key per occurrence date.",6837,"nyc_shootings",100,"test","test"
"2024-09-20",6838,2024,1,"test",365,"Distinct incident_key per occurrence date.",6838,"nyc_shootings",100,"test","test"
"2024-09-21",6839,2024,2,"test",365,"Distinct incident_key per occurrence date.",6839,"nyc_shootings",100,"test","test"
"2024-09-22",6840,2024,6,"test",365,"Distinct incident_key per occurrence date.",6840,"nyc_shootings",100,"test","test"
"2024-09-23",6841,2024,2,"test",365,"Distinct incident_key per occurrence date.",6841,"nyc_shootings",100,"test","test"
"2024-09-24",6842,2024,3,"test",365,"Distinct incident_key per occurrence date.",6842,"nyc_shootings",100,"test","test"
"2024-09-25",6843,2024,2,"test",365,"Distinct incident_key per occurrence date.",6843,"nyc_shootings",100,"test","test"
"2024-09-26",6844,2024,2,"test",365,"Distinct incident_key per occurrence date.",6844,"nyc_shootings",100,"test","test"
"2024-09-27",6845,2024,1,"test",365,"Distinct incident_key per occurrence date.",6845,"nyc_shootings",100,"test","test"
"2024-09-28",6846,2024,1,"test",365,"Distinct incident_key per occurrence date.",6846,"nyc_shootings",100,"test","test"
"2024-09-29",6847,2024,4,"test",365,"Distinct incident_key per occurrence date.",6847,"nyc_shootings",100,"test","test"
"2024-09-30",6848,2024,4,"test",365,"Distinct incident_key per occurrence date.",6848,"nyc_shootings",100,"test","test"
"2024-10-01",6849,2024,1,"test",365,"Distinct incident_key per occurrence date.",6849,"nyc_shootings",100,"test","test"
"2024-10-02",6850,2024,4,"test",365,"Distinct incident_key per occurrence date.",6850,"nyc_shootings",100,"test","test"
"2024-10-03",6851,2024,3,"test",365,"Distinct incident_key per occurrence date.",6851,"nyc_shootings",100,"test","test"
"2024-10-04",6852,2024,2,"test",365,"Distinct incident_key per occurrence date.",6852,"nyc_shootings",100,"test","test"
"2024-10-05",6853,2024,3,"test",365,"Distinct incident_key per occurrence date.",6853,"nyc_shootings",100,"test","test"
"2024-10-06",6854,2024,5,"test",365,"Distinct incident_key per occurrence date.",6854,"nyc_shootings",100,"test","test"
"2024-10-07",6855,2024,2,"test",365,"Distinct incident_key per occurrence date.",6855,"nyc_shootings",100,"test","test"
"2024-10-08",6856,2024,3,"test",365,"Distinct incident_key per occurrence date.",6856,"nyc_shootings",100,"test","test"
"2024-10-09",6857,2024,0,"test",365,"Distinct incident_key per occurrence date.",6857,"nyc_shootings",100,"test","test"
"2024-10-10",6858,2024,0,"test",365,"Distinct incident_key per occurrence date.",6858,"nyc_shootings",100,"test","test"
"2024-10-11",6859,2024,1,"test",365,"Distinct incident_key per occurrence date.",6859,"nyc_shootings",100,"test","test"
"2024-10-12",6860,2024,5,"test",365,"Distinct incident_key per occurrence date.",6860,"nyc_shootings",100,"test","test"
"2024-10-13",6861,2024,1,"test",365,"Distinct incident_key per occurrence date.",6861,"nyc_shootings",100,"test","test"
"2024-10-14",6862,2024,0,"test",365,"Distinct incident_key per occurrence date.",6862,"nyc_shootings",100,"test","test"
"2024-10-15",6863,2024,4,"test",365,"Distinct incident_key per occurrence date.",6863,"nyc_shootings",100,"test","test"
"2024-10-16",6864,2024,2,"test",365,"Distinct incident_key per occurrence date.",6864,"nyc_shootings",100,"test","test"
"2024-10-17",6865,2024,1,"test",365,"Distinct incident_key per occurrence date.",6865,"nyc_shootings",100,"test","test"
"2024-10-18",6866,2024,2,"test",365,"Distinct incident_key per occurrence date.",6866,"nyc_shootings",100,"test","test"
"2024-10-19",6867,2024,3,"test",365,"Distinct incident_key per occurrence date.",6867,"nyc_shootings",100,"test","test"
"2024-10-20",6868,2024,4,"test",365,"Distinct incident_key per occurrence date.",6868,"nyc_shootings",100,"test","test"
"2024-10-21",6869,2024,5,"test",365,"Distinct incident_key per occurrence date.",6869,"nyc_shootings",100,"test","test"
"2024-10-22",6870,2024,1,"test",365,"Distinct incident_key per occurrence date.",6870,"nyc_shootings",100,"test","test"
"2024-10-23",6871,2024,3,"test",365,"Distinct incident_key per occurrence date.",6871,"nyc_shootings",100,"test","test"
"2024-10-24",6872,2024,3,"test",365,"Distinct incident_key per occurrence date.",6872,"nyc_shootings",100,"test","test"
"2024-10-25",6873,2024,4,"test",365,"Distinct incident_key per occurrence date.",6873,"nyc_shootings",100,"test","test"
"2024-10-26",6874,2024,6,"test",365,"Distinct incident_key per occurrence date.",6874,"nyc_shootings",100,"test","test"
"2024-10-27",6875,2024,2,"test",365,"Distinct incident_key per occurrence date.",6875,"nyc_shootings",100,"test","test"
"2024-10-28",6876,2024,2,"test",365,"Distinct incident_key per occurrence date.",6876,"nyc_shootings",100,"test","test"
"2024-10-29",6877,2024,1,"test",365,"Distinct incident_key per occurrence date.",6877,"nyc_shootings",100,"test","test"
"2024-10-30",6878,2024,5,"test",365,"Distinct incident_key per occurrence date.",6878,"nyc_shootings",100,"test","test"
"2024-10-31",6879,2024,4,"test",365,"Distinct incident_key per occurrence date.",6879,"nyc_shootings",100,"test","test"
"2024-11-01",6880,2024,2,"test",365,"Distinct incident_key per occurrence date.",6880,"nyc_shootings",100,"test","test"
"2024-11-02",6881,2024,5,"test",365,"Distinct incident_key per occurrence date.",6881,"nyc_shootings",100,"test","test"
"2024-11-03",6882,2024,3,"test",365,"Distinct incident_key per occurrence date.",6882,"nyc_shootings",100,"test","test"
"2024-11-04",6883,2024,2,"test",365,"Distinct incident_key per occurrence date.",6883,"nyc_shootings",100,"test","test"
"2024-11-05",6884,2024,1,"test",365,"Distinct incident_key per occurrence date.",6884,"nyc_shootings",100,"test","test"
"2024-11-06",6885,2024,1,"test",365,"Distinct incident_key per occurrence date.",6885,"nyc_shootings",100,"test","test"
"2024-11-07",6886,2024,4,"test",365,"Distinct incident_key per occurrence date.",6886,"nyc_shootings",100,"test","test"
"2024-11-08",6887,2024,2,"test",365,"Distinct incident_key per occurrence date.",6887,"nyc_shootings",100,"test","test"
"2024-11-09",6888,2024,6,"test",365,"Distinct incident_key per occurrence date.",6888,"nyc_shootings",100,"test","test"
"2024-11-10",6889,2024,1,"test",365,"Distinct incident_key per occurrence date.",6889,"nyc_shootings",100,"test","test"
"2024-11-11",6890,2024,5,"test",365,"Distinct incident_key per occurrence date.",6890,"nyc_shootings",100,"test","test"
"2024-11-12",6891,2024,1,"test",365,"Distinct incident_key per occurrence date.",6891,"nyc_shootings",100,"test","test"
"2024-11-13",6892,2024,2,"test",365,"Distinct incident_key per occurrence date.",6892,"nyc_shootings",100,"test","test"
"2024-11-14",6893,2024,1,"test",365,"Distinct incident_key per occurrence date.",6893,"nyc_shootings",100,"test","test"
"2024-11-15",6894,2024,3,"test",365,"Distinct incident_key per occurrence date.",6894,"nyc_shootings",100,"test","test"
"2024-11-16",6895,2024,1,"test",365,"Distinct incident_key per occurrence date.",6895,"nyc_shootings",100,"test","test"
"2024-11-17",6896,2024,3,"test",365,"Distinct incident_key per occurrence date.",6896,"nyc_shootings",100,"test","test"
"2024-11-18",6897,2024,2,"test",365,"Distinct incident_key per occurrence date.",6897,"nyc_shootings",100,"test","test"
"2024-11-19",6898,2024,1,"test",365,"Distinct incident_key per occurrence date.",6898,"nyc_shootings",100,"test","test"
"2024-11-20",6899,2024,2,"test",365,"Distinct incident_key per occurrence date.",6899,"nyc_shootings",100,"test","test"
"2024-11-21",6900,2024,2,"test",365,"Distinct incident_key per occurrence date.",6900,"nyc_shootings",100,"test","test"
"2024-11-22",6901,2024,3,"test",365,"Distinct incident_key per occurrence date.",6901,"nyc_shootings",100,"test","test"
"2024-11-23",6902,2024,2,"test",365,"Distinct incident_key per occurrence date.",6902,"nyc_shootings",100,"test","test"
"2024-11-24",6903,2024,4,"test",365,"Distinct incident_key per occurrence date.",6903,"nyc_shootings",100,"test","test"
"2024-11-25",6904,2024,1,"test",365,"Distinct incident_key per occurrence date.",6904,"nyc_shootings",100,"test","test"
"2024-11-26",6905,2024,2,"test",365,"Distinct incident_key per occurrence date.",6905,"nyc_shootings",100,"test","test"
"2024-11-27",6906,2024,4,"test",365,"Distinct incident_key per occurrence date.",6906,"nyc_shootings",100,"test","test"
"2024-11-28",6907,2024,1,"test",365,"Distinct incident_key per occurrence date.",6907,"nyc_shootings",100,"test","test"
"2024-11-29",6908,2024,1,"test",365,"Distinct incident_key per occurrence date.",6908,"nyc_shootings",100,"test","test"
"2024-11-30",6909,2024,0,"test",365,"Distinct incident_key per occurrence date.",6909,"nyc_shootings",100,"test","test"
"2024-12-01",6910,2024,3,"test",365,"Distinct incident_key per occurrence date.",6910,"nyc_shootings",100,"test","test"
"2024-12-02",6911,2024,3,"test",365,"Distinct incident_key per occurrence date.",6911,"nyc_shootings",100,"test","test"
"2024-12-03",6912,2024,2,"test",365,"Distinct incident_key per occurrence date.",6912,"nyc_shootings",100,"test","test"
"2024-12-04",6913,2024,4,"test",365,"Distinct incident_key per occurrence date.",6913,"nyc_shootings",100,"test","test"
"2024-12-05",6914,2024,5,"test",365,"Distinct incident_key per occurrence date.",6914,"nyc_shootings",100,"test","test"
"2024-12-06",6915,2024,2,"test",365,"Distinct incident_key per occurrence date.",6915,"nyc_shootings",100,"test","test"
"2024-12-07",6916,2024,0,"test",365,"Distinct incident_key per occurrence date.",6916,"nyc_shootings",100,"test","test"
"2024-12-08",6917,2024,2,"test",365,"Distinct incident_key per occurrence date.",6917,"nyc_shootings",100,"test","test"
"2024-12-09",6918,2024,4,"test",365,"Distinct incident_key per occurrence date.",6918,"nyc_shootings",100,"test","test"
"2024-12-10",6919,2024,0,"test",365,"Distinct incident_key per occurrence date.",6919,"nyc_shootings",100,"test","test"
"2024-12-11",6920,2024,1,"test",365,"Distinct incident_key per occurrence date.",6920,"nyc_shootings",100,"test","test"
"2024-12-12",6921,2024,1,"test",365,"Distinct incident_key per occurrence date.",6921,"nyc_shootings",100,"test","test"
"2024-12-13",6922,2024,0,"test",365,"Distinct incident_key per occurrence date.",6922,"nyc_shootings",100,"test","test"
"2024-12-14",6923,2024,3,"test",365,"Distinct incident_key per occurrence date.",6923,"nyc_shootings",100,"test","test"
"2024-12-15",6924,2024,2,"test",365,"Distinct incident_key per occurrence date.",6924,"nyc_shootings",100,"test","test"
"2024-12-16",6925,2024,2,"test",365,"Distinct incident_key per occurrence date.",6925,"nyc_shootings",100,"test","test"
"2024-12-17",6926,2024,2,"test",365,"Distinct incident_key per occurrence date.",6926,"nyc_shootings",100,"test","test"
"2024-12-18",6927,2024,1,"test",365,"Distinct incident_key per occurrence date.",6927,"nyc_shootings",100,"test","test"
"2024-12-19",6928,2024,2,"test",365,"Distinct incident_key per occurrence date.",6928,"nyc_shootings",100,"test","test"
"2024-12-20",6929,2024,2,"test",365,"Distinct incident_key per occurrence date.",6929,"nyc_shootings",100,"test","test"
"2024-12-21",6930,2024,2,"test",365,"Distinct incident_key per occurrence date.",6930,"nyc_shootings",100,"test","test"
"2024-12-22",6931,2024,1,"test",365,"Distinct incident_key per occurrence date.",6931,"nyc_shootings",100,"test","test"
"2024-12-23",6932,2024,1,"test",365,"Distinct incident_key per occurrence date.",6932,"nyc_shootings",100,"test","test"
"2024-12-24",6933,2024,1,"test",365,"Distinct incident_key per occurrence date.",6933,"nyc_shootings",100,"test","test"
"2024-12-25",6934,2024,2,"test",365,"Distinct incident_key per occurrence date.",6934,"nyc_shootings",100,"test","test"
"2024-12-26",6935,2024,2,"test",365,"Distinct incident_key per occurrence date.",6935,"nyc_shootings",100,"test","test"
"2024-12-27",6936,2024,2,"test",365,"Distinct incident_key per occurrence date.",6936,"nyc_shootings",100,"test","test"
"2024-12-28",6937,2024,2,"test",365,"Distinct incident_key per occurrence date.",6937,"nyc_shootings",100,"test","test"
"2024-12-29",6938,2024,2,"test",365,"Distinct incident_key per occurrence date.",6938,"nyc_shootings",100,"test","test"
"2024-12-30",6939,2024,4,"test",365,"Distinct incident_key per occurrence date.",6939,"nyc_shootings",100,"test","test"
"2024-12-31",6940,2024,1,"test",365,"Distinct incident_key per occurrence date.",6940,"nyc_shootings",100,"test","test"
"2025-01-01",6941,2025,5,"test",365,"Distinct incident_key per occurrence date.",6941,"nyc_shootings",100,"test","test"
"2025-01-02",6942,2025,1,"test",365,"Distinct incident_key per occurrence date.",6942,"nyc_shootings",100,"test","test"
"2025-01-03",6943,2025,2,"test",365,"Distinct incident_key per occurrence date.",6943,"nyc_shootings",100,"test","test"
"2025-01-04",6944,2025,4,"test",365,"Distinct incident_key per occurrence date.",6944,"nyc_shootings",100,"test","test"
"2025-01-05",6945,2025,3,"test",365,"Distinct incident_key per occurrence date.",6945,"nyc_shootings",100,"test","test"
"2025-01-06",6946,2025,1,"test",365,"Distinct incident_key per occurrence date.",6946,"nyc_shootings",100,"test","test"
"2025-01-07",6947,2025,1,"test",365,"Distinct incident_key per occurrence date.",6947,"nyc_shootings",100,"test","test"
"2025-01-08",6948,2025,0,"test",365,"Distinct incident_key per occurrence date.",6948,"nyc_shootings",100,"test","test"
"2025-01-09",6949,2025,0,"test",365,"Distinct incident_key per occurrence date.",6949,"nyc_shootings",100,"test","test"
"2025-01-10",6950,2025,1,"test",365,"Distinct incident_key per occurrence date.",6950,"nyc_shootings",100,"test","test"
"2025-01-11",6951,2025,1,"test",365,"Distinct incident_key per occurrence date.",6951,"nyc_shootings",100,"test","test"
"2025-01-12",6952,2025,2,"test",365,"Distinct incident_key per occurrence date.",6952,"nyc_shootings",100,"test","test"
"2025-01-13",6953,2025,1,"test",365,"Distinct incident_key per occurrence date.",6953,"nyc_shootings",100,"test","test"
"2025-01-14",6954,2025,2,"test",365,"Distinct incident_key per occurrence date.",6954,"nyc_shootings",100,"test","test"
"2025-01-15",6955,2025,1,"test",365,"Distinct incident_key per occurrence date.",6955,"nyc_shootings",100,"test","test"
"2025-01-16",6956,2025,0,"test",365,"Distinct incident_key per occurrence date.",6956,"nyc_shootings",100,"test","test"
"2025-01-17",6957,2025,2,"test",365,"Distinct incident_key per occurrence date.",6957,"nyc_shootings",100,"test","test"
"2025-01-18",6958,2025,1,"test",365,"Distinct incident_key per occurrence date.",6958,"nyc_shootings",100,"test","test"
"2025-01-19",6959,2025,0,"test",365,"Distinct incident_key per occurrence date.",6959,"nyc_shootings",100,"test","test"
"2025-01-20",6960,2025,0,"test",365,"Distinct incident_key per occurrence date.",6960,"nyc_shootings",100,"test","test"
"2025-01-21",6961,2025,0,"test",365,"Distinct incident_key per occurrence date.",6961,"nyc_shootings",100,"test","test"
"2025-01-22",6962,2025,0,"test",365,"Distinct incident_key per occurrence date.",6962,"nyc_shootings",100,"test","test"
"2025-01-23",6963,2025,2,"test",365,"Distinct incident_key per occurrence date.",6963,"nyc_shootings",100,"test","test"
"2025-01-24",6964,2025,1,"test",365,"Distinct incident_key per occurrence date.",6964,"nyc_shootings",100,"test","test"
"2025-01-25",6965,2025,1,"test",365,"Distinct incident_key per occurrence date.",6965,"nyc_shootings",100,"test","test"
"2025-01-26",6966,2025,2,"test",365,"Distinct incident_key per occurrence date.",6966,"nyc_shootings",100,"test","test"
"2025-01-27",6967,2025,4,"test",365,"Distinct incident_key per occurrence date.",6967,"nyc_shootings",100,"test","test"
"2025-01-28",6968,2025,3,"test",365,"Distinct incident_key per occurrence date.",6968,"nyc_shootings",100,"test","test"
"2025-01-29",6969,2025,2,"test",365,"Distinct incident_key per occurrence date.",6969,"nyc_shootings",100,"test","test"
"2025-01-30",6970,2025,3,"test",365,"Distinct incident_key per occurrence date.",6970,"nyc_shootings",100,"test","test"
"2025-01-31",6971,2025,4,"test",365,"Distinct incident_key per occurrence date.",6971,"nyc_shootings",100,"test","test"
"2025-02-01",6972,2025,3,"test",365,"Distinct incident_key per occurrence date.",6972,"nyc_shootings",100,"test","test"
"2025-02-02",6973,2025,2,"test",365,"Distinct incident_key per occurrence date.",6973,"nyc_shootings",100,"test","test"
"2025-02-03",6974,2025,0,"test",365,"Distinct incident_key per occurrence date.",6974,"nyc_shootings",100,"test","test"
"2025-02-04",6975,2025,2,"test",365,"Distinct incident_key per occurrence date.",6975,"nyc_shootings",100,"test","test"
"2025-02-05",6976,2025,0,"test",365,"Distinct incident_key per occurrence date.",6976,"nyc_shootings",100,"test","test"
"2025-02-06",6977,2025,0,"test",365,"Distinct incident_key per occurrence date.",6977,"nyc_shootings",100,"test","test"
"2025-02-07",6978,2025,1,"test",365,"Distinct incident_key per occurrence date.",6978,"nyc_shootings",100,"test","test"
"2025-02-08",6979,2025,2,"test",365,"Distinct incident_key per occurrence date.",6979,"nyc_shootings",100,"test","test"
"2025-02-09",6980,2025,0,"test",365,"Distinct incident_key per occurrence date.",6980,"nyc_shootings",100,"test","test"
"2025-02-10",6981,2025,2,"test",365,"Distinct incident_key per occurrence date.",6981,"nyc_shootings",100,"test","test"
"2025-02-11",6982,2025,2,"test",365,"Distinct incident_key per occurrence date.",6982,"nyc_shootings",100,"test","test"
"2025-02-12",6983,2025,2,"test",365,"Distinct incident_key per occurrence date.",6983,"nyc_shootings",100,"test","test"
"2025-02-13",6984,2025,2,"test",365,"Distinct incident_key per occurrence date.",6984,"nyc_shootings",100,"test","test"
"2025-02-14",6985,2025,1,"test",365,"Distinct incident_key per occurrence date.",6985,"nyc_shootings",100,"test","test"
"2025-02-15",6986,2025,1,"test",365,"Distinct incident_key per occurrence date.",6986,"nyc_shootings",100,"test","test"
"2025-02-16",6987,2025,2,"test",365,"Distinct incident_key per occurrence date.",6987,"nyc_shootings",100,"test","test"
"2025-02-17",6988,2025,3,"test",365,"Distinct incident_key per occurrence date.",6988,"nyc_shootings",100,"test","test"
"2025-02-18",6989,2025,4,"test",365,"Distinct incident_key per occurrence date.",6989,"nyc_shootings",100,"test","test"
"2025-02-19",6990,2025,1,"test",365,"Distinct incident_key per occurrence date.",6990,"nyc_shootings",100,"test","test"
"2025-02-20",6991,2025,0,"test",365,"Distinct incident_key per occurrence date.",6991,"nyc_shootings",100,"test","test"
"2025-02-21",6992,2025,1,"test",365,"Distinct incident_key per occurrence date.",6992,"nyc_shootings",100,"test","test"
"2025-02-22",6993,2025,2,"test",365,"Distinct incident_key per occurrence date.",6993,"nyc_shootings",100,"test","test"
"2025-02-23",6994,2025,2,"test",365,"Distinct incident_key per occurrence date.",6994,"nyc_shootings",100,"test","test"
"2025-02-24",6995,2025,2,"test",365,"Distinct incident_key per occurrence date.",6995,"nyc_shootings",100,"test","test"
"2025-02-25",6996,2025,1,"test",365,"Distinct incident_key per occurrence date.",6996,"nyc_shootings",100,"test","test"
"2025-02-26",6997,2025,1,"test",365,"Distinct incident_key per occurrence date.",6997,"nyc_shootings",100,"test","test"
"2025-02-27",6998,2025,1,"test",365,"Distinct incident_key per occurrence date.",6998,"nyc_shootings",100,"test","test"
"2025-02-28",6999,2025,2,"test",365,"Distinct incident_key per occurrence date.",6999,"nyc_shootings",100,"test","test"
"2025-03-01",7000,2025,1,"test",365,"Distinct incident_key per occurrence date.",7000,"nyc_shootings",100,"test","test"
"2025-03-02",7001,2025,1,"test",365,"Distinct incident_key per occurrence date.",7001,"nyc_shootings",100,"test","test"
"2025-03-03",7002,2025,0,"test",365,"Distinct incident_key per occurrence date.",7002,"nyc_shootings",100,"test","test"
"2025-03-04",7003,2025,0,"test",365,"Distinct incident_key per occurrence date.",7003,"nyc_shootings",100,"test","test"
"2025-03-05",7004,2025,1,"test",365,"Distinct incident_key per occurrence date.",7004,"nyc_shootings",100,"test","test"
"2025-03-06",7005,2025,3,"test",365,"Distinct incident_key per occurrence date.",7005,"nyc_shootings",100,"test","test"
"2025-03-07",7006,2025,1,"test",365,"Distinct incident_key per occurrence date.",7006,"nyc_shootings",100,"test","test"
"2025-03-08",7007,2025,1,"test",365,"Distinct incident_key per occurrence date.",7007,"nyc_shootings",100,"test","test"
"2025-03-09",7008,2025,2,"test",365,"Distinct incident_key per occurrence date.",7008,"nyc_shootings",100,"test","test"
"2025-03-10",7009,2025,2,"test",365,"Distinct incident_key per occurrence date.",7009,"nyc_shootings",100,"test","test"
"2025-03-11",7010,2025,1,"test",365,"Distinct incident_key per occurrence date.",7010,"nyc_shootings",100,"test","test"
"2025-03-12",7011,2025,0,"test",365,"Distinct incident_key per occurrence date.",7011,"nyc_shootings",100,"test","test"
"2025-03-13",7012,2025,0,"test",365,"Distinct incident_key per occurrence date.",7012,"nyc_shootings",100,"test","test"
"2025-03-14",7013,2025,3,"test",365,"Distinct incident_key per occurrence date.",7013,"nyc_shootings",100,"test","test"
"2025-03-15",7014,2025,0,"test",365,"Distinct incident_key per occurrence date.",7014,"nyc_shootings",100,"test","test"
"2025-03-16",7015,2025,2,"test",365,"Distinct incident_key per occurrence date.",7015,"nyc_shootings",100,"test","test"
"2025-03-17",7016,2025,3,"test",365,"Distinct incident_key per occurrence date.",7016,"nyc_shootings",100,"test","test"
"2025-03-18",7017,2025,1,"test",365,"Distinct incident_key per occurrence date.",7017,"nyc_shootings",100,"test","test"
"2025-03-19",7018,2025,3,"test",365,"Distinct incident_key per occurrence date.",7018,"nyc_shootings",100,"test","test"
"2025-03-20",7019,2025,3,"test",365,"Distinct incident_key per occurrence date.",7019,"nyc_shootings",100,"test","test"
"2025-03-21",7020,2025,0,"test",365,"Distinct incident_key per occurrence date.",7020,"nyc_shootings",100,"test","test"
"2025-03-22",7021,2025,2,"test",365,"Distinct incident_key per occurrence date.",7021,"nyc_shootings",100,"test","test"
"2025-03-23",7022,2025,1,"test",365,"Distinct incident_key per occurrence date.",7022,"nyc_shootings",100,"test","test"
"2025-03-24",7023,2025,1,"test",365,"Distinct incident_key per occurrence date.",7023,"nyc_shootings",100,"test","test"
"2025-03-25",7024,2025,2,"test",365,"Distinct incident_key per occurrence date.",7024,"nyc_shootings",100,"test","test"
"2025-03-26",7025,2025,1,"test",365,"Distinct incident_key per occurrence date.",7025,"nyc_shootings",100,"test","test"
"2025-03-27",7026,2025,2,"test",365,"Distinct incident_key per occurrence date.",7026,"nyc_shootings",100,"test","test"
"2025-03-28",7027,2025,4,"test",365,"Distinct incident_key per occurrence date.",7027,"nyc_shootings",100,"test","test"
"2025-03-29",7028,2025,3,"test",365,"Distinct incident_key per occurrence date.",7028,"nyc_shootings",100,"test","test"
"2025-03-30",7029,2025,3,"test",365,"Distinct incident_key per occurrence date.",7029,"nyc_shootings",100,"test","test"
"2025-03-31",7030,2025,0,"test",365,"Distinct incident_key per occurrence date.",7030,"nyc_shootings",100,"test","test"
"2025-04-01",7031,2025,2,"test",365,"Distinct incident_key per occurrence date.",7031,"nyc_shootings",100,"test","test"
"2025-04-02",7032,2025,1,"test",365,"Distinct incident_key per occurrence date.",7032,"nyc_shootings",100,"test","test"
"2025-04-03",7033,2025,0,"test",365,"Distinct incident_key per occurrence date.",7033,"nyc_shootings",100,"test","test"
"2025-04-04",7034,2025,2,"test",365,"Distinct incident_key per occurrence date.",7034,"nyc_shootings",100,"test","test"
"2025-04-05",7035,2025,3,"test",365,"Distinct incident_key per occurrence date.",7035,"nyc_shootings",100,"test","test"
"2025-04-06",7036,2025,0,"test",365,"Distinct incident_key per occurrence date.",7036,"nyc_shootings",100,"test","test"
"2025-04-07",7037,2025,2,"test",365,"Distinct incident_key per occurrence date.",7037,"nyc_shootings",100,"test","test"
"2025-04-08",7038,2025,0,"test",365,"Distinct incident_key per occurrence date.",7038,"nyc_shootings",100,"test","test"
"2025-04-09",7039,2025,1,"test",365,"Distinct incident_key per occurrence date.",7039,"nyc_shootings",100,"test","test"
"2025-04-10",7040,2025,1,"test",365,"Distinct incident_key per occurrence date.",7040,"nyc_shootings",100,"test","test"
"2025-04-11",7041,2025,3,"test",365,"Distinct incident_key per occurrence date.",7041,"nyc_shootings",100,"test","test"
"2025-04-12",7042,2025,2,"test",365,"Distinct incident_key per occurrence date.",7042,"nyc_shootings",100,"test","test"
"2025-04-13",7043,2025,4,"test",365,"Distinct incident_key per occurrence date.",7043,"nyc_shootings",100,"test","test"
"2025-04-14",7044,2025,1,"test",365,"Distinct incident_key per occurrence date.",7044,"nyc_shootings",100,"test","test"
"2025-04-15",7045,2025,3,"test",365,"Distinct incident_key per occurrence date.",7045,"nyc_shootings",100,"test","test"
"2025-04-16",7046,2025,2,"test",365,"Distinct incident_key per occurrence date.",7046,"nyc_shootings",100,"test","test"
"2025-04-17",7047,2025,2,"test",365,"Distinct incident_key per occurrence date.",7047,"nyc_shootings",100,"test","test"
"2025-04-18",7048,2025,0,"test",365,"Distinct incident_key per occurrence date.",7048,"nyc_shootings",100,"test","test"
"2025-04-19",7049,2025,4,"test",365,"Distinct incident_key per occurrence date.",7049,"nyc_shootings",100,"test","test"
"2025-04-20",7050,2025,4,"test",365,"Distinct incident_key per occurrence date.",7050,"nyc_shootings",100,"test","test"
"2025-04-21",7051,2025,0,"test",365,"Distinct incident_key per occurrence date.",7051,"nyc_shootings",100,"test","test"
"2025-04-22",7052,2025,6,"test",365,"Distinct incident_key per occurrence date.",7052,"nyc_shootings",100,"test","test"
"2025-04-23",7053,2025,1,"test",365,"Distinct incident_key per occurrence date.",7053,"nyc_shootings",100,"test","test"
"2025-04-24",7054,2025,4,"test",365,"Distinct incident_key per occurrence date.",7054,"nyc_shootings",100,"test","test"
"2025-04-25",7055,2025,4,"test",365,"Distinct incident_key per occurrence date.",7055,"nyc_shootings",100,"test","test"
"2025-04-26",7056,2025,3,"test",365,"Distinct incident_key per occurrence date.",7056,"nyc_shootings",100,"test","test"
"2025-04-27",7057,2025,5,"test",365,"Distinct incident_key per occurrence date.",7057,"nyc_shootings",100,"test","test"
"2025-04-28",7058,2025,0,"test",365,"Distinct incident_key per occurrence date.",7058,"nyc_shootings",100,"test","test"
"2025-04-29",7059,2025,5,"test",365,"Distinct incident_key per occurrence date.",7059,"nyc_shootings",100,"test","test"
"2025-04-30",7060,2025,5,"test",365,"Distinct incident_key per occurrence date.",7060,"nyc_shootings",100,"test","test"
"2025-05-01",7061,2025,1,"test",365,"Distinct incident_key per occurrence date.",7061,"nyc_shootings",100,"test","test"
"2025-05-02",7062,2025,1,"test",365,"Distinct incident_key per occurrence date.",7062,"nyc_shootings",100,"test","test"
"2025-05-03",7063,2025,2,"test",365,"Distinct incident_key per occurrence date.",7063,"nyc_shootings",100,"test","test"
"2025-05-04",7064,2025,1,"test",365,"Distinct incident_key per occurrence date.",7064,"nyc_shootings",100,"test","test"
"2025-05-05",7065,2025,1,"test",365,"Distinct incident_key per occurrence date.",7065,"nyc_shootings",100,"test","test"
"2025-05-06",7066,2025,3,"test",365,"Distinct incident_key per occurrence date.",7066,"nyc_shootings",100,"test","test"
"2025-05-07",7067,2025,0,"test",365,"Distinct incident_key per occurrence date.",7067,"nyc_shootings",100,"test","test"
"2025-05-08",7068,2025,2,"test",365,"Distinct incident_key per occurrence date.",7068,"nyc_shootings",100,"test","test"
"2025-05-09",7069,2025,4,"test",365,"Distinct incident_key per occurrence date.",7069,"nyc_shootings",100,"test","test"
"2025-05-10",7070,2025,3,"test",365,"Distinct incident_key per occurrence date.",7070,"nyc_shootings",100,"test","test"
"2025-05-11",7071,2025,1,"test",365,"Distinct incident_key per occurrence date.",7071,"nyc_shootings",100,"test","test"
"2025-05-12",7072,2025,2,"test",365,"Distinct incident_key per occurrence date.",7072,"nyc_shootings",100,"test","test"
"2025-05-13",7073,2025,1,"test",365,"Distinct incident_key per occurrence date.",7073,"nyc_shootings",100,"test","test"
"2025-05-14",7074,2025,1,"test",365,"Distinct incident_key per occurrence date.",7074,"nyc_shootings",100,"test","test"
"2025-05-15",7075,2025,2,"test",365,"Distinct incident_key per occurrence date.",7075,"nyc_shootings",100,"test","test"
"2025-05-16",7076,2025,2,"test",365,"Distinct incident_key per occurrence date.",7076,"nyc_shootings",100,"test","test"
"2025-05-17",7077,2025,2,"test",365,"Distinct incident_key per occurrence date.",7077,"nyc_shootings",100,"test","test"
"2025-05-18",7078,2025,6,"test",365,"Distinct incident_key per occurrence date.",7078,"nyc_shootings",100,"test","test"
"2025-05-19",7079,2025,1,"test",365,"Distinct incident_key per occurrence date.",7079,"nyc_shootings",100,"test","test"
"2025-05-20",7080,2025,2,"test",365,"Distinct incident_key per occurrence date.",7080,"nyc_shootings",100,"test","test"
"2025-05-21",7081,2025,1,"test",365,"Distinct incident_key per occurrence date.",7081,"nyc_shootings",100,"test","test"
"2025-05-22",7082,2025,2,"test",365,"Distinct incident_key per occurrence date.",7082,"nyc_shootings",100,"test","test"
"2025-05-23",7083,2025,2,"test",365,"Distinct incident_key per occurrence date.",7083,"nyc_shootings",100,"test","test"
"2025-05-24",7084,2025,1,"test",365,"Distinct incident_key per occurrence date.",7084,"nyc_shootings",100,"test","test"
"2025-05-25",7085,2025,0,"test",365,"Distinct incident_key per occurrence date.",7085,"nyc_shootings",100,"test","test"
"2025-05-26",7086,2025,4,"test",365,"Distinct incident_key per occurrence date.",7086,"nyc_shootings",100,"test","test"
"2025-05-27",7087,2025,0,"test",365,"Distinct incident_key per occurrence date.",7087,"nyc_shootings",100,"test","test"
"2025-05-28",7088,2025,0,"test",365,"Distinct incident_key per occurrence date.",7088,"nyc_shootings",100,"test","test"
"2025-05-29",7089,2025,3,"test",365,"Distinct incident_key per occurrence date.",7089,"nyc_shootings",100,"test","test"
"2025-05-30",7090,2025,1,"test",365,"Distinct incident_key per occurrence date.",7090,"nyc_shootings",100,"test","test"
"2025-05-31",7091,2025,1,"test",365,"Distinct incident_key per occurrence date.",7091,"nyc_shootings",100,"test","test"
"2025-06-01",7092,2025,2,"test",365,"Distinct incident_key per occurrence date.",7092,"nyc_shootings",100,"test","test"
"2025-06-02",7093,2025,2,"test",365,"Distinct incident_key per occurrence date.",7093,"nyc_shootings",100,"test","test"
"2025-06-03",7094,2025,0,"test",365,"Distinct incident_key per occurrence date.",7094,"nyc_shootings",100,"test","test"
"2025-06-04",7095,2025,6,"test",365,"Distinct incident_key per occurrence date.",7095,"nyc_shootings",100,"test","test"
"2025-06-05",7096,2025,4,"test",365,"Distinct incident_key per occurrence date.",7096,"nyc_shootings",100,"test","test"
"2025-06-06",7097,2025,3,"test",365,"Distinct incident_key per occurrence date.",7097,"nyc_shootings",100,"test","test"
"2025-06-07",7098,2025,2,"test",365,"Distinct incident_key per occurrence date.",7098,"nyc_shootings",100,"test","test"
"2025-06-08",7099,2025,3,"test",365,"Distinct incident_key per occurrence date.",7099,"nyc_shootings",100,"test","test"
"2025-06-09",7100,2025,1,"test",365,"Distinct incident_key per occurrence date.",7100,"nyc_shootings",100,"test","test"
"2025-06-10",7101,2025,3,"test",365,"Distinct incident_key per occurrence date.",7101,"nyc_shootings",100,"test","test"
"2025-06-11",7102,2025,1,"test",365,"Distinct incident_key per occurrence date.",7102,"nyc_shootings",100,"test","test"
"2025-06-12",7103,2025,2,"test",365,"Distinct incident_key per occurrence date.",7103,"nyc_shootings",100,"test","test"
"2025-06-13",7104,2025,3,"test",365,"Distinct incident_key per occurrence date.",7104,"nyc_shootings",100,"test","test"
"2025-06-14",7105,2025,1,"test",365,"Distinct incident_key per occurrence date.",7105,"nyc_shootings",100,"test","test"
"2025-06-15",7106,2025,1,"test",365,"Distinct incident_key per occurrence date.",7106,"nyc_shootings",100,"test","test"
"2025-06-16",7107,2025,1,"test",365,"Distinct incident_key per occurrence date.",7107,"nyc_shootings",100,"test","test"
"2025-06-17",7108,2025,1,"test",365,"Distinct incident_key per occurrence date.",7108,"nyc_shootings",100,"test","test"
"2025-06-18",7109,2025,3,"test",365,"Distinct incident_key per occurrence date.",7109,"nyc_shootings",100,"test","test"
"2025-06-19",7110,2025,2,"test",365,"Distinct incident_key per occurrence date.",7110,"nyc_shootings",100,"test","test"
"2025-06-20",7111,2025,3,"test",365,"Distinct incident_key per occurrence date.",7111,"nyc_shootings",100,"test","test"
"2025-06-21",7112,2025,3,"test",365,"Distinct incident_key per occurrence date.",7112,"nyc_shootings",100,"test","test"
"2025-06-22",7113,2025,3,"test",365,"Distinct incident_key per occurrence date.",7113,"nyc_shootings",100,"test","test"
"2025-06-23",7114,2025,5,"test",365,"Distinct incident_key per occurrence date.",7114,"nyc_shootings",100,"test","test"
"2025-06-24",7115,2025,3,"test",365,"Distinct incident_key per occurrence date.",7115,"nyc_shootings",100,"test","test"
"2025-06-25",7116,2025,2,"test",365,"Distinct incident_key per occurrence date.",7116,"nyc_shootings",100,"test","test"
"2025-06-26",7117,2025,1,"test",365,"Distinct incident_key per occurrence date.",7117,"nyc_shootings",100,"test","test"
"2025-06-27",7118,2025,1,"test",365,"Distinct incident_key per occurrence date.",7118,"nyc_shootings",100,"test","test"
"2025-06-28",7119,2025,5,"test",365,"Distinct incident_key per occurrence date.",7119,"nyc_shootings",100,"test","test"
"2025-06-29",7120,2025,6,"test",365,"Distinct incident_key per occurrence date.",7120,"nyc_shootings",100,"test","test"
"2025-06-30",7121,2025,2,"test",365,"Distinct incident_key per occurrence date.",7121,"nyc_shootings",100,"test","test"
"2025-07-01",7122,2025,1,"test",365,"Distinct incident_key per occurrence date.",7122,"nyc_shootings",100,"test","test"
"2025-07-02",7123,2025,1,"test",365,"Distinct incident_key per occurrence date.",7123,"nyc_shootings",100,"test","test"
"2025-07-03",7124,2025,3,"test",365,"Distinct incident_key per occurrence date.",7124,"nyc_shootings",100,"test","test"
"2025-07-04",7125,2025,1,"test",365,"Distinct incident_key per occurrence date.",7125,"nyc_shootings",100,"test","test"
"2025-07-05",7126,2025,6,"test",365,"Distinct incident_key per occurrence date.",7126,"nyc_shootings",100,"test","test"
"2025-07-06",7127,2025,2,"test",365,"Distinct incident_key per occurrence date.",7127,"nyc_shootings",100,"test","test"
"2025-07-07",7128,2025,0,"test",365,"Distinct incident_key per occurrence date.",7128,"nyc_shootings",100,"test","test"
"2025-07-08",7129,2025,3,"test",365,"Distinct incident_key per occurrence date.",7129,"nyc_shootings",100,"test","test"
"2025-07-09",7130,2025,2,"test",365,"Distinct incident_key per occurrence date.",7130,"nyc_shootings",100,"test","test"
"2025-07-10",7131,2025,3,"test",365,"Distinct incident_key per occurrence date.",7131,"nyc_shootings",100,"test","test"
"2025-07-11",7132,2025,1,"test",365,"Distinct incident_key per occurrence date.",7132,"nyc_shootings",100,"test","test"
"2025-07-12",7133,2025,4,"test",365,"Distinct incident_key per occurrence date.",7133,"nyc_shootings",100,"test","test"
"2025-07-13",7134,2025,4,"test",365,"Distinct incident_key per occurrence date.",7134,"nyc_shootings",100,"test","test"
"2025-07-14",7135,2025,6,"test",365,"Distinct incident_key per occurrence date.",7135,"nyc_shootings",100,"test","test"
"2025-07-15",7136,2025,2,"test",365,"Distinct incident_key per occurrence date.",7136,"nyc_shootings",100,"test","test"
"2025-07-16",7137,2025,2,"test",365,"Distinct incident_key per occurrence date.",7137,"nyc_shootings",100,"test","test"
"2025-07-17",7138,2025,2,"test",365,"Distinct incident_key per occurrence date.",7138,"nyc_shootings",100,"test","test"
"2025-07-18",7139,2025,1,"test",365,"Distinct incident_key per occurrence date.",7139,"nyc_shootings",100,"test","test"
"2025-07-19",7140,2025,3,"test",365,"Distinct incident_key per occurrence date.",7140,"nyc_shootings",100,"test","test"
"2025-07-20",7141,2025,1,"test",365,"Distinct incident_key per occurrence date.",7141,"nyc_shootings",100,"test","test"
"2025-07-21",7142,2025,3,"test",365,"Distinct incident_key per occurrence date.",7142,"nyc_shootings",100,"test","test"
"2025-07-22",7143,2025,1,"test",365,"Distinct incident_key per occurrence date.",7143,"nyc_shootings",100,"test","test"
"2025-07-23",7144,2025,2,"test",365,"Distinct incident_key per occurrence date.",7144,"nyc_shootings",100,"test","test"
"2025-07-24",7145,2025,1,"test",365,"Distinct incident_key per occurrence date.",7145,"nyc_shootings",100,"test","test"
"2025-07-25",7146,2025,2,"test",365,"Distinct incident_key per occurrence date.",7146,"nyc_shootings",100,"test","test"
"2025-07-26",7147,2025,5,"test",365,"Distinct incident_key per occurrence date.",7147,"nyc_shootings",100,"test","test"
"2025-07-27",7148,2025,6,"test",365,"Distinct incident_key per occurrence date.",7148,"nyc_shootings",100,"test","test"
"2025-07-28",7149,2025,4,"test",365,"Distinct incident_key per occurrence date.",7149,"nyc_shootings",100,"test","test"
"2025-07-29",7150,2025,2,"test",365,"Distinct incident_key per occurrence date.",7150,"nyc_shootings",100,"test","test"
"2025-07-30",7151,2025,1,"test",365,"Distinct incident_key per occurrence date.",7151,"nyc_shootings",100,"test","test"
"2025-07-31",7152,2025,0,"test",365,"Distinct incident_key per occurrence date.",7152,"nyc_shootings",100,"test","test"
"2025-08-01",7153,2025,2,"test",365,"Distinct incident_key per occurrence date.",7153,"nyc_shootings",100,"test","test"
"2025-08-02",7154,2025,3,"test",365,"Distinct incident_key per occurrence date.",7154,"nyc_shootings",100,"test","test"
"2025-08-03",7155,2025,4,"test",365,"Distinct incident_key per occurrence date.",7155,"nyc_shootings",100,"test","test"
"2025-08-04",7156,2025,1,"test",365,"Distinct incident_key per occurrence date.",7156,"nyc_shootings",100,"test","test"
"2025-08-05",7157,2025,1,"test",365,"Distinct incident_key per occurrence date.",7157,"nyc_shootings",100,"test","test"
"2025-08-06",7158,2025,3,"test",365,"Distinct incident_key per occurrence date.",7158,"nyc_shootings",100,"test","test"
"2025-08-07",7159,2025,4,"test",365,"Distinct incident_key per occurrence date.",7159,"nyc_shootings",100,"test","test"
"2025-08-08",7160,2025,1,"test",365,"Distinct incident_key per occurrence date.",7160,"nyc_shootings",100,"test","test"
"2025-08-09",7161,2025,3,"test",365,"Distinct incident_key per occurrence date.",7161,"nyc_shootings",100,"test","test"
"2025-08-10",7162,2025,8,"test",365,"Distinct incident_key per occurrence date.",7162,"nyc_shootings",100,"test","test"
"2025-08-11",7163,2025,2,"test",365,"Distinct incident_key per occurrence date.",7163,"nyc_shootings",100,"test","test"
"2025-08-12",7164,2025,4,"test",365,"Distinct incident_key per occurrence date.",7164,"nyc_shootings",100,"test","test"
"2025-08-13",7165,2025,1,"test",365,"Distinct incident_key per occurrence date.",7165,"nyc_shootings",100,"test","test"
"2025-08-14",7166,2025,1,"test",365,"Distinct incident_key per occurrence date.",7166,"nyc_shootings",100,"test","test"
"2025-08-15",7167,2025,0,"test",365,"Distinct incident_key per occurrence date.",7167,"nyc_shootings",100,"test","test"
"2025-08-16",7168,2025,4,"test",365,"Distinct incident_key per occurrence date.",7168,"nyc_shootings",100,"test","test"
"2025-08-17",7169,2025,5,"test",365,"Distinct incident_key per occurrence date.",7169,"nyc_shootings",100,"test","test"
"2025-08-18",7170,2025,3,"test",365,"Distinct incident_key per occurrence date.",7170,"nyc_shootings",100,"test","test"
"2025-08-19",7171,2025,2,"test",365,"Distinct incident_key per occurrence date.",7171,"nyc_shootings",100,"test","test"
"2025-08-20",7172,2025,0,"test",365,"Distinct incident_key per occurrence date.",7172,"nyc_shootings",100,"test","test"
"2025-08-21",7173,2025,0,"test",365,"Distinct incident_key per occurrence date.",7173,"nyc_shootings",100,"test","test"
"2025-08-22",7174,2025,4,"test",365,"Distinct incident_key per occurrence date.",7174,"nyc_shootings",100,"test","test"
"2025-08-23",7175,2025,4,"test",365,"Distinct incident_key per occurrence date.",7175,"nyc_shootings",100,"test","test"
"2025-08-24",7176,2025,2,"test",365,"Distinct incident_key per occurrence date.",7176,"nyc_shootings",100,"test","test"
"2025-08-25",7177,2025,1,"test",365,"Distinct incident_key per occurrence date.",7177,"nyc_shootings",100,"test","test"
"2025-08-26",7178,2025,5,"test",365,"Distinct incident_key per occurrence date.",7178,"nyc_shootings",100,"test","test"
"2025-08-27",7179,2025,2,"test",365,"Distinct incident_key per occurrence date.",7179,"nyc_shootings",100,"test","test"
"2025-08-28",7180,2025,0,"test",365,"Distinct incident_key per occurrence date.",7180,"nyc_shootings",100,"test","test"
"2025-08-29",7181,2025,1,"test",365,"Distinct incident_key per occurrence date.",7181,"nyc_shootings",100,"test","test"
"2025-08-30",7182,2025,2,"test",365,"Distinct incident_key per occurrence date.",7182,"nyc_shootings",100,"test","test"
"2025-08-31",7183,2025,4,"test",365,"Distinct incident_key per occurrence date.",7183,"nyc_shootings",100,"test","test"
"2025-09-01",7184,2025,6,"test",365,"Distinct incident_key per occurrence date.",7184,"nyc_shootings",100,"test","test"
"2025-09-02",7185,2025,3,"test",365,"Distinct incident_key per occurrence date.",7185,"nyc_shootings",100,"test","test"
"2025-09-03",7186,2025,1,"test",365,"Distinct incident_key per occurrence date.",7186,"nyc_shootings",100,"test","test"
"2025-09-04",7187,2025,3,"test",365,"Distinct incident_key per occurrence date.",7187,"nyc_shootings",100,"test","test"
"2025-09-05",7188,2025,2,"test",365,"Distinct incident_key per occurrence date.",7188,"nyc_shootings",100,"test","test"
"2025-09-06",7189,2025,6,"test",365,"Distinct incident_key per occurrence date.",7189,"nyc_shootings",100,"test","test"
"2025-09-07",7190,2025,3,"test",365,"Distinct incident_key per occurrence date.",7190,"nyc_shootings",100,"test","test"
"2025-09-08",7191,2025,0,"test",365,"Distinct incident_key per occurrence date.",7191,"nyc_shootings",100,"test","test"
"2025-09-09",7192,2025,0,"test",365,"Distinct incident_key per occurrence date.",7192,"nyc_shootings",100,"test","test"
"2025-09-10",7193,2025,1,"test",365,"Distinct incident_key per occurrence date.",7193,"nyc_shootings",100,"test","test"
"2025-09-11",7194,2025,1,"test",365,"Distinct incident_key per occurrence date.",7194,"nyc_shootings",100,"test","test"
"2025-09-12",7195,2025,4,"test",365,"Distinct incident_key per occurrence date.",7195,"nyc_shootings",100,"test","test"
"2025-09-13",7196,2025,1,"test",365,"Distinct incident_key per occurrence date.",7196,"nyc_shootings",100,"test","test"
"2025-09-14",7197,2025,1,"test",365,"Distinct incident_key per occurrence date.",7197,"nyc_shootings",100,"test","test"
"2025-09-15",7198,2025,1,"test",365,"Distinct incident_key per occurrence date.",7198,"nyc_shootings",100,"test","test"
"2025-09-16",7199,2025,2,"test",365,"Distinct incident_key per occurrence date.",7199,"nyc_shootings",100,"test","test"
"2025-09-17",7200,2025,3,"test",365,"Distinct incident_key per occurrence date.",7200,"nyc_shootings",100,"test","test"
"2025-09-18",7201,2025,0,"test",365,"Distinct incident_key per occurrence date.",7201,"nyc_shootings",100,"test","test"
"2025-09-19",7202,2025,2,"test",365,"Distinct incident_key per occurrence date.",7202,"nyc_shootings",100,"test","test"
"2025-09-20",7203,2025,4,"test",365,"Distinct incident_key per occurrence date.",7203,"nyc_shootings",100,"test","test"
"2025-09-21",7204,2025,4,"test",365,"Distinct incident_key per occurrence date.",7204,"nyc_shootings",100,"test","test"
"2025-09-22",7205,2025,3,"test",365,"Distinct incident_key per occurrence date.",7205,"nyc_shootings",100,"test","test"
"2025-09-23",7206,2025,3,"test",365,"Distinct incident_key per occurrence date.",7206,"nyc_shootings",100,"test","test"
"2025-09-24",7207,2025,0,"test",365,"Distinct incident_key per occurrence date.",7207,"nyc_shootings",100,"test","test"
"2025-09-25",7208,2025,0,"test",365,"Distinct incident_key per occurrence date.",7208,"nyc_shootings",100,"test","test"
"2025-09-26",7209,2025,2,"test",365,"Distinct incident_key per occurrence date.",7209,"nyc_shootings",100,"test","test"
"2025-09-27",7210,2025,1,"test",365,"Distinct incident_key per occurrence date.",7210,"nyc_shootings",100,"test","test"
"2025-09-28",7211,2025,5,"test",365,"Distinct incident_key per occurrence date.",7211,"nyc_shootings",100,"test","test"
"2025-09-29",7212,2025,1,"test",365,"Distinct incident_key per occurrence date.",7212,"nyc_shootings",100,"test","test"
"2025-09-30",7213,2025,1,"test",365,"Distinct incident_key per occurrence date.",7213,"nyc_shootings",100,"test","test"
"2025-10-01",7214,2025,1,"test",365,"Distinct incident_key per occurrence date.",7214,"nyc_shootings",100,"test","test"
"2025-10-02",7215,2025,2,"test",365,"Distinct incident_key per occurrence date.",7215,"nyc_shootings",100,"test","test"
"2025-10-03",7216,2025,3,"test",365,"Distinct incident_key per occurrence date.",7216,"nyc_shootings",100,"test","test"
"2025-10-04",7217,2025,2,"test",365,"Distinct incident_key per occurrence date.",7217,"nyc_shootings",100,"test","test"
"2025-10-05",7218,2025,1,"test",365,"Distinct incident_key per occurrence date.",7218,"nyc_shootings",100,"test","test"
"2025-10-06",7219,2025,1,"test",365,"Distinct incident_key per occurrence date.",7219,"nyc_shootings",100,"test","test"
"2025-10-07",7220,2025,3,"test",365,"Distinct incident_key per occurrence date.",7220,"nyc_shootings",100,"test","test"
"2025-10-08",7221,2025,2,"test",365,"Distinct incident_key per occurrence date.",7221,"nyc_shootings",100,"test","test"
"2025-10-09",7222,2025,1,"test",365,"Distinct incident_key per occurrence date.",7222,"nyc_shootings",100,"test","test"
"2025-10-10",7223,2025,1,"test",365,"Distinct incident_key per occurrence date.",7223,"nyc_shootings",100,"test","test"
"2025-10-11",7224,2025,2,"test",365,"Distinct incident_key per occurrence date.",7224,"nyc_shootings",100,"test","test"
"2025-10-12",7225,2025,1,"test",365,"Distinct incident_key per occurrence date.",7225,"nyc_shootings",100,"test","test"
"2025-10-13",7226,2025,1,"test",365,"Distinct incident_key per occurrence date.",7226,"nyc_shootings",100,"test","test"
"2025-10-14",7227,2025,1,"test",365,"Distinct incident_key per occurrence date.",7227,"nyc_shootings",100,"test","test"
"2025-10-15",7228,2025,1,"test",365,"Distinct incident_key per occurrence date.",7228,"nyc_shootings",100,"test","test"
"2025-10-16",7229,2025,3,"test",365,"Distinct incident_key per occurrence date.",7229,"nyc_shootings",100,"test","test"
"2025-10-17",7230,2025,1,"test",365,"Distinct incident_key per occurrence date.",7230,"nyc_shootings",100,"test","test"
"2025-10-18",7231,2025,0,"test",365,"Distinct incident_key per occurrence date.",7231,"nyc_shootings",100,"test","test"
"2025-10-19",7232,2025,2,"test",365,"Distinct incident_key per occurrence date.",7232,"nyc_shootings",100,"test","test"
"2025-10-20",7233,2025,0,"test",365,"Distinct incident_key per occurrence date.",7233,"nyc_shootings",100,"test","test"
"2025-10-21",7234,2025,1,"test",365,"Distinct incident_key per occurrence date.",7234,"nyc_shootings",100,"test","test"
"2025-10-22",7235,2025,2,"test",365,"Distinct incident_key per occurrence date.",7235,"nyc_shootings",100,"test","test"
"2025-10-23",7236,2025,1,"test",365,"Distinct incident_key per occurrence date.",7236,"nyc_shootings",100,"test","test"
"2025-10-24",7237,2025,4,"test",365,"Distinct incident_key per occurrence date.",7237,"nyc_shootings",100,"test","test"
"2025-10-25",7238,2025,2,"test",365,"Distinct incident_key per occurrence date.",7238,"nyc_shootings",100,"test","test"
"2025-10-26",7239,2025,0,"test",365,"Distinct incident_key per occurrence date.",7239,"nyc_shootings",100,"test","test"
"2025-10-27",7240,2025,0,"test",365,"Distinct incident_key per occurrence date.",7240,"nyc_shootings",100,"test","test"
"2025-10-28",7241,2025,2,"test",365,"Distinct incident_key per occurrence date.",7241,"nyc_shootings",100,"test","test"
"2025-10-29",7242,2025,1,"test",365,"Distinct incident_key per occurrence date.",7242,"nyc_shootings",100,"test","test"
"2025-10-30",7243,2025,0,"test",365,"Distinct incident_key per occurrence date.",7243,"nyc_shootings",100,"test","test"
"2025-10-31",7244,2025,3,"test",365,"Distinct incident_key per occurrence date.",7244,"nyc_shootings",100,"test","test"
"2025-11-01",7245,2025,1,"test",365,"Distinct incident_key per occurrence date.",7245,"nyc_shootings",100,"test","test"
"2025-11-02",7246,2025,2,"test",365,"Distinct incident_key per occurrence date.",7246,"nyc_shootings",100,"test","test"
"2025-11-03",7247,2025,0,"test",365,"Distinct incident_key per occurrence date.",7247,"nyc_shootings",100,"test","test"
"2025-11-04",7248,2025,2,"test",365,"Distinct incident_key per occurrence date.",7248,"nyc_shootings",100,"test","test"
"2025-11-05",7249,2025,3,"test",365,"Distinct incident_key per occurrence date.",7249,"nyc_shootings",100,"test","test"
"2025-11-06",7250,2025,2,"test",365,"Distinct incident_key per occurrence date.",7250,"nyc_shootings",100,"test","test"
"2025-11-07",7251,2025,1,"test",365,"Distinct incident_key per occurrence date.",7251,"nyc_shootings",100,"test","test"
"2025-11-08",7252,2025,3,"test",365,"Distinct incident_key per occurrence date.",7252,"nyc_shootings",100,"test","test"
"2025-11-09",7253,2025,6,"test",365,"Distinct incident_key per occurrence date.",7253,"nyc_shootings",100,"test","test"
"2025-11-10",7254,2025,1,"test",365,"Distinct incident_key per occurrence date.",7254,"nyc_shootings",100,"test","test"
"2025-11-11",7255,2025,1,"test",365,"Distinct incident_key per occurrence date.",7255,"nyc_shootings",100,"test","test"
"2025-11-12",7256,2025,0,"test",365,"Distinct incident_key per occurrence date.",7256,"nyc_shootings",100,"test","test"
"2025-11-13",7257,2025,2,"test",365,"Distinct incident_key per occurrence date.",7257,"nyc_shootings",100,"test","test"
"2025-11-14",7258,2025,1,"test",365,"Distinct incident_key per occurrence date.",7258,"nyc_shootings",100,"test","test"
"2025-11-15",7259,2025,2,"test",365,"Distinct incident_key per occurrence date.",7259,"nyc_shootings",100,"test","test"
"2025-11-16",7260,2025,1,"test",365,"Distinct incident_key per occurrence date.",7260,"nyc_shootings",100,"test","test"
"2025-11-17",7261,2025,3,"test",365,"Distinct incident_key per occurrence date.",7261,"nyc_shootings",100,"test","test"
"2025-11-18",7262,2025,1,"test",365,"Distinct incident_key per occurrence date.",7262,"nyc_shootings",100,"test","test"
"2025-11-19",7263,2025,0,"test",365,"Distinct incident_key per occurrence date.",7263,"nyc_shootings",100,"test","test"
"2025-11-20",7264,2025,1,"test",365,"Distinct incident_key per occurrence date.",7264,"nyc_shootings",100,"test","test"
"2025-11-21",7265,2025,3,"test",365,"Distinct incident_key per occurrence date.",7265,"nyc_shootings",100,"test","test"
"2025-11-22",7266,2025,0,"test",365,"Distinct incident_key per occurrence date.",7266,"nyc_shootings",100,"test","test"
"2025-11-23",7267,2025,5,"test",365,"Distinct incident_key per occurrence date.",7267,"nyc_shootings",100,"test","test"
"2025-11-24",7268,2025,2,"test",365,"Distinct incident_key per occurrence date.",7268,"nyc_shootings",100,"test","test"
"2025-11-25",7269,2025,0,"test",365,"Distinct incident_key per occurrence date.",7269,"nyc_shootings",100,"test","test"
"2025-11-26",7270,2025,4,"test",365,"Distinct incident_key per occurrence date.",7270,"nyc_shootings",100,"test","test"
"2025-11-27",7271,2025,1,"test",365,"Distinct incident_key per occurrence date.",7271,"nyc_shootings",100,"test","test"
"2025-11-28",7272,2025,1,"test",365,"Distinct incident_key per occurrence date.",7272,"nyc_shootings",100,"test","test"
"2025-11-29",7273,2025,2,"test",365,"Distinct incident_key per occurrence date.",7273,"nyc_shootings",100,"test","test"
"2025-11-30",7274,2025,4,"test",365,"Distinct incident_key per occurrence date.",7274,"nyc_shootings",100,"test","test"
"2025-12-01",7275,2025,0,"test",365,"Distinct incident_key per occurrence date.",7275,"nyc_shootings",100,"test","test"
"2025-12-02",7276,2025,2,"test",365,"Distinct incident_key per occurrence date.",7276,"nyc_shootings",100,"test","test"
"2025-12-03",7277,2025,1,"test",365,"Distinct incident_key per occurrence date.",7277,"nyc_shootings",100,"test","test"
"2025-12-04",7278,2025,1,"test",365,"Distinct incident_key per occurrence date.",7278,"nyc_shootings",100,"test","test"
"2025-12-05",7279,2025,1,"test",365,"Distinct incident_key per occurrence date.",7279,"nyc_shootings",100,"test","test"
"2025-12-06",7280,2025,2,"test",365,"Distinct incident_key per occurrence date.",7280,"nyc_shootings",100,"test","test"
"2025-12-07",7281,2025,2,"test",365,"Distinct incident_key per occurrence date.",7281,"nyc_shootings",100,"test","test"
"2025-12-08",7282,2025,2,"test",365,"Distinct incident_key per occurrence date.",7282,"nyc_shootings",100,"test","test"
"2025-12-09",7283,2025,0,"test",365,"Distinct incident_key per occurrence date.",7283,"nyc_shootings",100,"test","test"
"2025-12-10",7284,2025,0,"test",365,"Distinct incident_key per occurrence date.",7284,"nyc_shootings",100,"test","test"
"2025-12-11",7285,2025,2,"test",365,"Distinct incident_key per occurrence date.",7285,"nyc_shootings",100,"test","test"
"2025-12-12",7286,2025,1,"test",365,"Distinct incident_key per occurrence date.",7286,"nyc_shootings",100,"test","test"
"2025-12-13",7287,2025,2,"test",365,"Distinct incident_key per occurrence date.",7287,"nyc_shootings",100,"test","test"
"2025-12-14",7288,2025,2,"test",365,"Distinct incident_key per occurrence date.",7288,"nyc_shootings",100,"test","test"
"2025-12-15",7289,2025,0,"test",365,"Distinct incident_key per occurrence date.",7289,"nyc_shootings",100,"test","test"
"2025-12-16",7290,2025,1,"test",365,"Distinct incident_key per occurrence date.",7290,"nyc_shootings",100,"test","test"
"2025-12-17",7291,2025,0,"test",365,"Distinct incident_key per occurrence date.",7291,"nyc_shootings",100,"test","test"
"2025-12-18",7292,2025,0,"test",365,"Distinct incident_key per occurrence date.",7292,"nyc_shootings",100,"test","test"
"2025-12-19",7293,2025,0,"test",365,"Distinct incident_key per occurrence date.",7293,"nyc_shootings",100,"test","test"
"2025-12-20",7294,2025,1,"test",365,"Distinct incident_key per occurrence date.",7294,"nyc_shootings",100,"test","test"
"2025-12-21",7295,2025,2,"test",365,"Distinct incident_key per occurrence date.",7295,"nyc_shootings",100,"test","test"
"2025-12-22",7296,2025,1,"test",365,"Distinct incident_key per occurrence date.",7296,"nyc_shootings",100,"test","test"
"2025-12-23",7297,2025,2,"test",365,"Distinct incident_key per occurrence date.",7297,"nyc_shootings",100,"test","test"
"2025-12-24",7298,2025,2,"test",365,"Distinct incident_key per occurrence date.",7298,"nyc_shootings",100,"test","test"
"2025-12-25",7299,2025,2,"test",365,"Distinct incident_key per occurrence date.",7299,"nyc_shootings",100,"test","test"
"2025-12-26",7300,2025,0,"test",365,"Distinct incident_key per occurrence date.",7300,"nyc_shootings",100,"test","test"
"2025-12-27",7301,2025,2,"test",365,"Distinct incident_key per occurrence date.",7301,"nyc_shootings",100,"test","test"
"2025-12-28",7302,2025,0,"test",365,"Distinct incident_key per occurrence date.",7302,"nyc_shootings",100,"test","test"
"2025-12-29",7303,2025,0,"test",365,"Distinct incident_key per occurrence date.",7303,"nyc_shootings",100,"test","test"
"2025-12-30",7304,2025,2,"test",365,"Distinct incident_key per occurrence date.",7304,"nyc_shootings",100,"test","test"
"2025-12-31",7305,2025,2,"test",365,"Distinct incident_key per occurrence date.",7305,"nyc_shootings",100,"test","test"
