date,tmax_c,anomaly,anomaly_lag1
2006-01-01,5.6,0.3232474680443298,0.0
2006-01-02,8.9,3.7115733069633636,0.3232474680443298
2006-01-03,4.4,-0.7038836549204799,3.7115733069633636
2006-01-04,3.3,-1.723192194449962,-0.7038836549204799
2006-01-05,10.0,5.053580147379687,-1.723192194449962
2006-01-06,6.1,1.2263672040655829,5.053580147379687
2006-01-07,1.7,-3.104895678164353,1.2263672040655829
2006-01-08,7.8,3.0597284971202168,-3.104895678164353
2006-01-09,15.6,10.920178512896921,3.0597284971202168
2006-01-10,9.4,4.7763950735501455,10.920178512896921
2006-01-11,11.1,6.528320937888904,4.7763950735501455
2006-01-12,13.9,9.375901049970004,6.528320937888904
2006-01-13,12.2,7.719082667377794,9.375901049970004
2006-01-14,13.9,9.457815486616902,7.719082667377794
2006-01-15,0.0,-4.407948234719663,9.457815486616902
2006-01-16,0.0,-4.378253559337439,-4.407948234719663
2006-01-17,6.7,2.34685724449477,-4.378253559337439
2006-01-18,14.4,10.067344813488587,2.34685724449477
2006-01-19,8.3,3.983172795383841,10.067344813488587
2006-01-20,16.1,11.79430795020664,3.983172795383841
2006-01-21,17.2,12.900720246455112,11.79430795020664
2006-01-22,6.1,1.802382951942235,12.900720246455112
2006-01-23,4.4,0.09927271903791102,1.802382951942235
2006-01-24,7.8,3.4913696640658634,0.09927271903791102
2006-01-25,5.6,1.2786574406251274,3.4913696640658634
2006-01-26,1.7,-2.6388766933794523,1.2786574406251274
2006-01-27,6.1,1.7387581848022018,-2.6388766933794523
2006-01-28,14.4,10.01155671662944,1.7387581848022018
2006-01-29,11.7,7.279517309291718,10.01155671662944
2006-01-30,17.8,13.342642175735353,7.279517309291718
2006-01-31,5.6,1.1009373675624952,13.342642175735353
2006-02-01,5.0,0.45441280068657974,1.1009373675624952
2006-02-02,11.1,6.503082273646251,0.45441280068657974
2006-02-03,16.7,12.046963478498396,6.503082273646251
2006-02-04,11.7,6.986078004229283,12.046963478498396
2006-02-05,12.8,8.020451332641663,6.986078004229283
2006-02-06,3.9,-0.9498871733053798,8.020451332641663
2006-02-07,6.1,1.175095711291938,-0.9498871733053798
2006-02-08,2.2,-2.8045629534662417,1.175095711291938
2006-02-09,2.2,-2.888822306534519,-2.8045629534662417
2006-02-10,2.8,-2.3776377276233234,-2.888822306534519
2006-02-11,2.2,-3.070960886278165,-2.3776377276233234
2006-02-12,-2.2,-7.568739798246654,-3.070960886278165
2006-02-13,2.2,-3.270918889024249,-7.568739798246654
2006-02-14,5.0,-0.577439064451502,-3.270918889024249
2006-02-15,13.3,7.611762211782419,-0.577439064451502
2006-02-16,15.0,9.196750833892768,7.611762211782419
2006-02-17,14.4,8.477595963188866,9.196750833892768
2006-02-18,1.7,-4.3456300691028655,8.477595963188866
2006-02-19,-1.1,-7.272851865169308,-4.3456300691028655
2006-02-20,2.2,-4.103991069865698,-7.272851865169308
2006-02-21,5.0,-1.438966485651223,-4.103991069865698
2006-02-22,7.2,0.6223058070533645,-1.438966485651223
2006-02-23,8.9,2.179912324358755,0.6223058070533645
2006-02-24,5.6,-1.266057951463595,2.179912324358755
2006-02-25,10.0,2.98448629308242,-1.266057951463595
2006-02-26,-1.7,-8.868361436473874,2.98448629308242
2006-02-27,-1.1,-8.424505585695828,-8.868361436473874
2006-02-28,0.6,-6.883848697968582,-8.424505585695828
2006-03-01,5.0,-2.6462915644910714,-6.883848697968582
2006-03-02,1.7,-6.111733377181975,-2.6462915644910714
2006-03-03,0.6,-7.380071884143291,-6.111733377181975
2006-03-04,3.9,-4.251203547318516,-7.380071884143291
2006-03-05,7.2,-1.1250237019766116,-4.251203547318516
2006-03-06,6.1,-2.401426717648455,-1.1250237019766116
2006-03-07,6.7,-1.9803061601384266,-2.401426717648455
2006-03-08,9.4,0.5384450457689258,-1.9803061601384266
2006-03-09,10.6,1.5549344532889773,0.5384450457689258
2006-03-10,23.3,14.069269930686753,1.5549344532889773
2006-03-11,17.2,7.781559498778819,14.069269930686753
2006-03-12,12.8,3.1919111692688755,7.781559498778819
2006-03-13,16.7,6.900432784296548,3.1919111692688755
2006-03-14,16.7,6.707231857575588,6.900432784296548
2006-03-15,7.2,-2.987584582506096,6.707231857575588
2006-03-16,8.9,-1.4839101474573901,-2.987584582506096
2006-03-17,7.8,-2.7816392405645596,-1.4839101474573901
2006-03-18,5.6,-5.180667205726996,-2.7816392405645596
2006-03-19,5.6,-5.380890472901564,-5.180667205726996
2006-03-20,5.0,-6.18220669981763,-5.380890472901564
2006-03-21,6.7,-4.684514909634362,-6.18220669981763
2006-03-22,7.8,-3.7877156242224848,-4.684514909634362
2006-03-23,12.2,0.4082890072362453,-3.7877156242224848
2006-03-24,11.1,-0.8964049153735534,0.4082890072362453
2006-03-25,8.3,-3.9017031614647806,-0.8964049153735534
2006-03-26,10.6,-1.8075134825847812,-3.9017031614647806
2006-03-27,14.4,1.7862542805288335,-1.8075134825847812
2006-03-28,13.3,0.4796880969125983,1.7862542805288335
2006-03-29,17.2,4.172873650585508,0.4796880969125983
2006-03-30,19.4,6.165894252208949,4.172873650585508
2006-03-31,21.1,7.658830757389152,6.165894252208949
2006-04-01,23.9,10.25176149179608,7.658830757389152
2006-04-02,20.0,6.1447621832551995,10.25176149179608
2006-04-03,14.4,0.3379059009504015,6.1447621832551995
2006-04-04,12.8,-1.4687369981417255,0.3379059009504015
2006-04-05,8.3,-6.1750989154848615,-1.4687369981417255
2006-04-06,11.7,-2.9811150498005006,-6.1750989154848615
2006-04-07,18.9,4.013276571593391,-2.9811150498005006
2006-04-08,17.2,2.1081350689669787,4.013276571593391
2006-04-09,14.4,-0.896483306088772,2.1081350689669787
2006-04-10,16.7,1.1994748206242907,-0.896483306088772
2006-04-11,20.0,4.296059944737639,1.1994748206242907
2006-04-12,17.8,1.893319689648651,4.296059944737639
2006-04-13,25.6,9.491298820307183,1.893319689648651
2006-04-14,19.4,3.090039264384359,9.491298820307183
2006-04-15,26.7,10.189580140732943,3.090039264384359
2006-04-16,19.4,2.6899577950299864,10.189580140732943
2006-04-17,17.2,0.29120584247396764,2.6899577950299864
2006-04-18,22.2,5.093355217390577,0.29120584247396764
2006-04-19,23.9,6.596434229583714,5.093355217390577
2006-04-20,28.3,10.800468627250833,6.596434229583714
2006-04-21,16.7,-0.9945183337348382,10.800468627250833
2006-04-22,8.3,-9.588505814388995,-0.9945183337348382
2006-04-23,16.7,-1.3814753112573719,-9.588505814388995
2006-04-24,16.7,-1.5734105693778098,-1.3814753112573719
2006-04-25,21.7,3.2357025101777204,-1.5734105693778098
2006-04-26,15.6,-3.054124032091588,3.2357025101777204
2006-04-27,23.3,4.457119888351382,-3.054124032091588
2006-04-28,17.8,-1.2305574928880603,4.457119888351382
2006-04-29,17.8,-1.4171496778523256,-1.2305574928880603
2006-04-30,21.1,1.6973482089861562,-1.4171496778523256
2006-05-01,21.7,2.1129395395462254,1.6973482089861562
2006-05-02,21.1,1.3296263042235772,2.1129395395462254
2006-05-03,21.7,1.7474092368937022,1.3296263042235772
2006-05-04,27.8,7.666287942477673,1.7474092368937022
2006-05-05,26.7,6.386261026710287,7.666287942477673
2006-05-06,25.0,4.507326227744564,6.386261026710287
2006-05-07,19.4,-1.2705194507775595,4.507326227744564
2006-05-08,17.2,-3.6472796055619767,-1.2705194507775595
2006-05-09,16.7,-4.322958298782638,-3.6472796055619767
2006-05-10,20.6,-0.5975599228626116,-4.322958298782638
2006-05-11,16.7,-4.671089065293881,-0.5975599228626116
2006-05-12,22.2,0.6564496261269177,-4.671089065293881
2006-05-13,21.7,-0.014948422728924271,0.6564496261269177
2006-05-14,16.1,-5.785287579514524,-0.014948422728924271
2006-05-15,16.7,-5.354571874134159,-5.785287579514524
2006-05-16,17.2,-5.022804869369793,-5.354571874134159
2006-05-17,21.7,-0.6899895337669975,-5.022804869369793
2006-05-18,22.8,0.24387188286624806,-0.6899895337669975
2006-05-19,16.1,-6.621222028998105,0.24387188286624806
2006-05-20,20.0,-2.8852717203626455,-6.621222028998105
2006-05-21,21.1,-1.9482765690845838,-2.8852717203626455
2006-05-22,17.8,-5.410234769200311,-1.9482765690845838
2006-05-23,20.0,-3.371143224502589,-5.410234769200311
2006-05-24,22.8,-0.7309974466668976,-3.371143224502589
2006-05-25,24.4,0.7102085417888482,-0.7309974466668976
2006-05-26,23.3,-0.5475177005599576,0.7102085417888482
2006-05-27,28.3,4.295833052529158,-0.5475177005599576
2006-05-28,28.3,4.140271775934728,4.295833052529158
2006-05-29,31.1,6.785811268307526,4.140271775934728
2006-05-30,31.1,6.632466221161831,6.785811268307526
2006-05-31,23.9,-0.7197467182743331,6.632466221161831
2006-06-01,30.0,5.229191109370838,-0.7197467182743331
2006-06-02,27.8,2.879300425460414,5.229191109370838
2006-06-03,18.9,-6.169395943530702,2.879300425460414
2006-06-04,20.0,-5.216873029748889,-6.169395943530702
2006-06-05,21.7,-3.6631036946569004,-5.216873029748889
2006-06-06,22.2,-3.3080586067807403,-3.6631036946569004
2006-06-07,18.3,-7.351706226579484,-3.3080586067807403
2006-06-08,18.9,-6.894012798489996,-7.351706226579484
2006-06-09,23.9,-2.034942350179751,-6.894012798489996
2006-06-10,19.4,-6.6744566990216825,-2.034942350179751
2006-06-11,20.6,-5.612515465785698,-6.6744566990216825
2006-06-12,22.8,-3.549076095522718,-5.612515465785698
2006-06-13,27.2,0.7159061144023404,-3.549076095522718
2006-06-14,25.0,-1.6175220208091083,0.7159061144023404
2006-06-15,26.7,-0.04931161551468932,-1.6175220208091083
2006-06-16,29.4,2.520588237337577,-0.04931161551468932
2006-06-17,28.3,1.2922304103897275,2.520588237337577
2006-06-18,32.8,5.665669679401777,1.2922304103897275
2006-06-19,31.1,3.840962654280464,5.665669679401777
2006-06-20,28.3,0.918167703779325,3.840962654280464
2006-06-21,28.3,0.7973448740570213,0.918167703779325
2006-06-22,30.6,2.978555801297336,0.7973448740570213
2006-06-23,29.4,1.6618636186096438,2.978555801297336
2006-06-24,23.3,-4.552667142556192,1.6618636186096438
2006-06-25,23.3,-4.66497065623226,-4.552667142556192
2006-06-26,23.9,-4.17497991073013,-4.66497065623226
2006-06-27,25.6,-2.5826268221386286,-4.17497991073013
2006-06-28,28.9,0.6121576477657307,-2.5826268221386286
2006-06-29,28.3,-0.09055663050540375,0.6121576477657307
2006-06-30,26.7,-1.7906990799805662,-0.09055663050540375
2006-07-01,28.3,-0.28819854654119226,-1.7906990799805662
2006-07-02,30.6,1.9170165686098208,-0.28819854654119226
2006-07-03,30.6,1.8250181736606095,1.9170165686098208
2006-07-04,30.6,1.7358783484281233,1.8250181736606095
2006-07-05,26.1,-2.850330795528283,1.7358783484281233
2006-07-06,25.0,-4.033537256561424,-2.850330795528283
2006-07-07,26.7,-2.4136692859983917,-4.033537256561424
2006-07-08,27.8,-1.3906555322462033,-2.4136692859983917
2006-07-09,28.3,-0.9644251855741182,-1.3906555322462033
2006-07-10,27.8,-1.5349081232043282,-0.9644251855741182
2006-07-11,31.1,1.6979649456580148,-1.5349081232043282
2006-07-12,28.9,-0.5657376647758028,1.6979649456580148
2006-07-13,28.3,-1.22594876068176,-0.5657376647758028
2006-07-14,30.6,1.0173975887352533,-1.22594876068176
2006-07-15,28.3,-1.3356340898761019,1.0173975887352533
2006-07-16,33.3,3.6150191867509065,-1.3356340898761019
2006-07-17,35.0,5.269418721500259,3.6150191867509065
2006-07-18,35.0,5.227624002453922,5.269418721500259
2006-07-19,30.0,0.18969257139398366,5.227624002453922
2006-07-20,27.2,-2.6443201044419027,0.18969257139398366
2006-07-21,28.9,-0.9743607570282116,-2.6443201044419027
2006-07-22,26.7,-3.200378438328787,-0.9743607570282116
2006-07-23,25.6,-4.3223246368798875,-3.200378438328787
2006-07-24,29.4,-0.5401533898868323,-4.3223246368798875
2006-07-25,27.8,-2.153821390553663,-0.5401533898868323
2006-07-26,29.4,-0.5632880903780197,-2.153821390553663
2006-07-27,31.1,1.1314842038434598,-0.5632880903780197
2006-07-28,31.7,1.7305302385397177,1.1314842038434598
2006-07-29,31.7,1.73388172764599,1.7305302385397177
2006-07-30,31.7,1.741567272851423,1.73388172764599
2006-07-31,32.2,2.253612290008931,1.741567272851423
2006-08-01,35.0,5.070038941886182,2.253612290008931
2006-08-02,36.1,6.19086607742015,5.070038941886182
2006-08-03,35.6,5.7161091776205275,6.19086607742015
2006-08-04,31.7,1.8457803082498394,5.7161091776205275
2006-08-05,31.7,1.8798880793906108,1.8457803082498394
2006-08-06,28.9,-0.881562388008458,1.8798880793906108
2006-08-07,30.6,0.861430511466839,-0.881562388008458
2006-08-08,30.6,0.9088648484041641,0.861430511466839
2006-08-09,28.9,-0.7392648535816413,0.9088648484041641
2006-08-10,28.9,-0.6829676228305743,-0.7392648535816413
2006-08-11,25.6,-3.92225603745543,-0.6829676228305743
2006-08-12,25.0,-4.4571462160142765,-3.92225603745543
2006-08-13,26.7,-2.6876578010746215,-4.4571462160142765
2006-08-14,29.4,0.08618606427502584,-2.6876578010746215
2006-08-15,26.7,-2.5356412331073663,0.08618606427502584
2006-08-16,29.4,0.24683026093731897,-2.5356412331073663
2006-08-17,30.0,0.9335671120017821,0.24683026093731897
2006-08-18,27.8,-1.1754674521042219,0.9335671120017821
2006-08-19,27.8,-1.0803134840633923,-1.1754674521042219
2006-08-20,31.1,2.3189857465864065,-1.0803134840633923
2006-08-21,30.0,1.3223838232593614,2.3189857465864065
2006-08-22,30.0,1.429831258106777,1.3223838232593614
2006-08-23,31.1,2.641275573572443,1.429831258106777
2006-08-24,28.3,-0.04333861050352539,2.641275573572443
2006-08-25,23.3,-4.924069484468461,-0.04333861050352539
2006-08-26,20.6,-7.500977951377447,-4.924069484468461
2006-08-27,23.3,-4.674127524712134,-7.500977951377447
2006-08-28,25.0,-2.8435842215716747,-4.674127524712134
2006-08-29,21.7,-6.009416451620403,-2.8435842215716747
2006-08-30,22.8,-4.77169490208755,-6.009416451620403
2006-08-31,22.2,-5.2304924191235,-4.77169490208755
2006-09-01,19.4,-7.885883885826036,-5.2304924191235
2006-09-02,18.9,-8.237946097257655,-7.885883885826036
2006-09-03,23.9,-3.0867576327822057,-8.237946097257655
2006-09-04,23.9,-2.9323987260550624,-3.0867576327822057
2006-09-05,20.6,-6.074951133006209,-2.9323987260550624
2006-09-06,23.9,-2.6144979981599334,-6.074951133006209
2006-09-07,26.7,0.34887628036189966,-2.6144979981599334
2006-09-08,27.2,1.0150861868036536,0.34887628036189966
2006-09-09,27.8,1.7840452243559852,1.0150861868036536
2006-09-10,22.8,-3.0443339479989895,1.7840452243559852
2006-09-11,21.1,-4.570139378728413,-3.0443339479989895
2006-09-12,21.1,-4.3934596874244995,-4.570139378728413
2006-09-13,19.4,-5.914383929262534,-4.3934596874244995
2006-09-14,19.4,-5.733001460584891,-5.914383929262534
2006-09-15,19.4,-5.549401805950474,-5.733001460584891
2006-09-16,25.6,0.8363254730160392,-5.549401805950474
2006-09-17,26.7,2.124090906646522,0.8363254730160392
2006-09-18,28.3,3.9138052438022655,2.124090906646522
2006-09-19,26.7,2.5053795756831896,3.9138052438022655
2006-09-20,21.7,-2.301274543431294,2.5053795756831896
2006-09-21,20.0,-3.806244978805637,-2.301274543431294
2006-09-22,20.6,-3.00961890152114,-3.806244978805637
2006-09-23,23.9,0.4885173213270164,-3.00961890152114
2006-09-24,26.1,2.8880782322457783,0.4885173213270164
2006-09-25,22.2,-0.811020615476945,2.8880782322457783
2006-09-26,22.8,-0.008862561267918068,-0.811020615476945
2006-09-27,22.8,0.1944702543374781,-0.008862561267918068
2006-09-28,23.9,1.4988969761941,0.1944702543374781
2006-09-29,18.9,-3.2956618842562158,1.4988969761941
2006-09-30,18.9,-3.0892843732687965,-3.2956618842562158
2006-10-01,20.0,-1.7820470247246405,-3.0892843732687965
2006-10-02,20.0,-1.5740247958502707,-1.7820470247246405
2006-10-03,26.1,4.734708991140664,-1.5740247958502707
2006-10-04,25.6,4.444082701370466,4.734708991140664
2006-10-05,18.9,-2.0459735665108774,4.444082701370466
2006-10-06,13.9,-6.835527940344109,-2.0459735665108774
2006-10-07,17.2,-3.3246467407503637,-6.835527940344109
2006-10-08,21.7,1.3866055462649918,-3.3246467407503637
2006-10-09,25.6,5.498166290368793,1.3866055462649918
2006-10-10,24.4,4.5099747316097485,5.498166290368793
2006-10-11,17.2,-2.4780280112079858,4.5099747316097485
2006-10-12,20.0,0.5341010615412678,-2.4780280112079858
2006-10-13,12.8,-6.453693173890095,0.5341010615412678
2006-10-14,15.0,-4.041463975014711,-6.453693173890095
2006-10-15,14.4,-4.42926274961683,-4.041463975014711
2006-10-16,16.1,-2.517139078275328,-4.42926274961683
2006-10-17,16.1,-2.305140742786783,-2.517139078275328
2006-10-18,22.2,4.006686239643646,-2.305140742786783
2006-10-19,20.0,2.0182975765923103,4.006686239643646
2006-10-20,18.9,1.1296506551528545,2.0182975765923103
2006-10-21,13.9,-3.6592955086023533,1.1296506551528545
2006-10-22,15.0,-2.3485803252406505,-3.6592955086023533
2006-10-23,12.8,-4.3382416924577605,-2.3485803252406505
2006-10-24,11.1,-5.828316060214489,-4.3382416924577605
2006-10-25,12.8,-3.918838500285087,-5.828316060214489
2006-10-26,10.0,-6.509842779969436,-3.918838500285087
2006-10-27,10.6,-5.7013614397086325,-6.509842779969436
2006-10-28,19.4,3.306574125666753,-5.7013614397086325
2006-10-29,11.7,-4.186066417663023,3.306574125666753
2006-10-30,15.6,-0.07931243016714795,-4.186066417663023
2006-10-31,20.0,4.526807610614037,-0.07931243016714795
2006-11-01,20.6,5.332266017193028,4.526807610614037
2006-11-02,15.6,0.5370357971189925,5.332266017193028
2006-11-03,8.3,-6.558909443858523,0.5370357971189925
2006-11-04,8.3,-6.355595600120607,-6.558909443858523
2006-11-05,10.0,-4.4530481656753444,-6.355595600120607
2006-11-06,13.3,-0.9512923344863982,-4.4530481656753444
2006-11-07,15.0,0.9496468987014666,-0.9512923344863982
2006-11-08,15.0,1.1497446373765872,0.9496468987014666
2006-11-09,20.0,6.348975982451922,1.1497446373765872
2006-11-10,15.6,2.147315931970766,6.348975982451922
2006-11-11,18.9,5.644739281662204,2.147315931970766
2006-11-12,16.1,3.04122052667989,5.644739281662204
2006-11-13,16.1,3.2367337648541152,3.04122052667989
2006-11-14,16.1,3.431252601783358,3.2367337648541152
2006-11-15,17.2,4.724750058086167,3.431252601783358
2006-11-16,20.6,8.317198479128644,4.724750058086167
2006-11-17,17.8,5.708569447535629,8.317198479128644
2006-11-18,11.7,-0.20116630121381718,5.708569447535629
2006-11-19,8.9,-2.812038959814446,-0.20116630121381718
2006-11-20,7.2,-4.324079726503931,-2.812038959814446
2006-11-21,7.8,-3.5373208785002186,-4.324079726503931
2006-11-22,7.8,-3.3517958412456066,-3.5373208785002186
2006-11-23,6.7,-4.267539253207633,-3.3517958412456066
2006-11-24,14.4,3.615412974001025,-4.267539253207633
2006-11-25,11.7,1.097023600408198,3.615412974001025
2006-11-26,15.0,4.577254007584143,1.097023600408198
2006-11-27,17.8,7.556064153856827,4.577254007584143
2006-11-28,14.4,4.333412535021752,7.556064153856827
2006-11-29,15.0,5.109256150713373,4.333412535021752
2006-11-30,20.6,10.883550476588349,5.109256150713373
2006-12-01,21.1,11.556249442454867,10.883550476588349
2006-12-02,9.4,0.027305416465937427,11.556249442454867
2006-12-03,7.8,-1.4033308045231552,0.027305416465937427
2006-12-04,5.0,-4.035709998349613,-1.4033308045231552
2006-12-05,2.8,-6.069884514624982,-4.035709998349613
2006-12-06,9.4,0.694091734544191,-6.069884514624982
2006-12-07,11.7,3.156163290226239,0.694091734544191
2006-12-08,-1.7,-10.083726831263073,3.156163290226239
2006-12-09,3.3,-4.9256371098921585,-10.083726831263073
2006-12-10,12.2,4.130372512926295,-4.9256371098921585
2006-12-11,13.9,5.9842406755038775,4.130372512926295
2006-12-12,9.4,1.6359046433126778,5.9842406755038775
2006-12-13,12.8,5.18530036261067,1.6359046433126778
2006-12-14,13.9,6.432362520159546,5.18530036261067
2006-12-15,11.1,3.777024608921133,6.432362520159546
2006-12-16,10.6,3.419218999600898,3.777024608921133
2006-12-17,13.3,6.258877017890618,3.419218999600898
2006-12-18,15.0,8.095929027245164,6.258877017890618
2006-12-19,7.2,0.43030451701280903,8.095929027245164
2006-12-20,7.2,0.5619321957221715,0.43030451701280903
2006-12-21,12.2,5.690740089314302,0.5619321957221715
2006-12-22,9.4,3.0166556440933716,5.690740089314302
2006-12-23,15.0,8.73960583415548,3.0166556440933716
2006-12-24,11.1,4.9595172730419455,8.73960583415548
2006-12-25,7.2,1.1763163293500112,4.9595172730419455
2006-12-26,11.7,5.78992924602264,1.1763163293500112
2006-12-27,6.1,0.3002822630270261,5.78992924602264
2006-12-28,8.9,3.2073017431212723,0.3002822630270261
2006-12-29,8.9,3.310914300398653,3.2073017431212723
2006-12-30,8.3,2.8110469312900355,3.310914300398653
2006-12-31,7.2,1.8076271476968504,2.8110469312900355
2007-01-01,13.3,8.023247468044332,1.8076271476968504
2007-01-02,10.0,4.811573306963363,8.023247468044332
2007-01-03,11.1,5.996116345079519,4.811573306963363
2007-01-04,13.3,8.276807805550039,5.996116345079519
2007-01-05,16.7,11.753580147379687,8.276807805550039
2007-01-06,22.2,17.326367204065583,11.753580147379687
2007-01-07,12.2,7.395104321835646,17.326367204065583
2007-01-08,13.3,8.559728497120219,7.395104321835646
2007-01-09,6.7,2.020178512896921,8.559728497120219
2007-01-10,2.2,-2.4236049264498547,2.020178512896921
2007-01-11,3.3,-1.2716790621110956,-2.4236049264498547
2007-01-12,8.9,4.375901049970005,-1.2716790621110956
2007-01-13,13.3,8.819082667377796,4.375901049970005
2007-01-14,7.8,3.357815486616902,8.819082667377796
2007-01-15,13.9,9.492051765280337,3.357815486616902
2007-01-16,12.8,8.421746440662561,9.492051765280337
2007-01-17,-1.7,-6.05314275550523,8.421746440662561
2007-01-18,2.8,-1.5326551865114135,-6.05314275550523
2007-01-19,5.0,0.6831727953838405,-1.5326551865114135
2007-01-20,0.0,-4.305692049793362,0.6831727953838405
2007-01-21,-1.7,-5.9992797535448865,-4.305692049793362
2007-01-22,0.6,-3.6976170480577646,-5.9992797535448865
2007-01-23,2.2,-2.100727280962089,-3.6976170480577646
2007-01-24,4.4,0.09136966406586389,-2.100727280962089
2007-01-25,1.1,-3.221342559374872,0.09136966406586389
2007-01-26,-5.6,-9.938876693379452,-3.221342559374872
2007-01-27,5.0,0.6387581848022021,-9.938876693379452
2007-01-28,5.0,0.6115567166294404,0.6387581848022021
2007-01-29,-1.1,-5.520482690708281,0.6115567166294404
2007-01-30,1.7,-2.7573578242646484,-5.520482690708281
2007-01-31,0.6,-3.8990626324375044,-2.7573578242646484
2007-02-01,1.1,-3.44558719931342,-3.8990626324375044
2007-02-02,3.3,-1.2969177263537492,-3.44558719931342
2007-02-03,1.7,-2.953036521501603,-1.2969177263537492
2007-02-04,-2.2,-6.913921995770717,-2.953036521501603
2007-02-05,-7.8,-12.579548667358338,-6.913921995770717
2007-02-06,-3.9,-8.74988717330538,-12.579548667358338
2007-02-07,-3.9,-8.824904288708062,-8.74988717330538
2007-02-08,-2.2,-7.204562953466242,-8.824904288708062
2007-02-09,0.0,-5.088822306534519,-7.204562953466242
2007-02-10,0.6,-4.5776377276233235,-5.088822306534519
2007-02-11,0.6,-4.6709608862781655,-4.5776377276233235
2007-02-12,4.4,-0.9687397982466539,-4.6709608862781655
2007-02-13,0.0,-5.470918889024249,-0.9687397982466539
2007-02-14,-1.7,-7.277439064451502,-5.470918889024249
2007-02-15,-4.4,-10.088237788217583,-7.277439064451502
2007-02-16,-1.7,-7.503249166107231,-10.088237788217583
2007-02-17,1.7,-4.222404036811134,-7.503249166107231
2007-02-18,1.1,-4.945630069102865,-4.222404036811134
2007-02-19,-1.1,-7.272851865169308,-4.945630069102865
2007-02-20,8.3,1.9960089301343027,-7.272851865169308
2007-02-21,9.4,2.9610335143487774,1.9960089301343027
2007-02-22,7.2,0.6223058070533645,2.9610335143487774
2007-02-23,3.9,-2.8200876756412456,0.6223058070533645
2007-02-24,5.6,-1.266057951463595,-2.8200876756412456
2007-02-25,2.8,-4.21551370691758,-1.266057951463595
2007-02-26,2.2,-4.968361436473874,-4.21551370691758
2007-02-27,6.1,-1.2245055856958276,-4.968361436473874
2007-02-28,7.8,0.31615130203141817,-1.2245055856958276
2007-03-01,7.8,0.15370843550892843,0.31615130203141817
2007-03-02,14.4,6.5882666228180256,0.15370843550892843
2007-03-03,15.0,7.019928115856709,6.5882666228180256
2007-03-04,4.4,-3.751203547318516,7.019928115856709
2007-03-05,5.0,-3.325023701976612,-3.751203547318516
2007-03-06,-6.1,-14.601426717648454,-3.325023701976612
2007-03-07,-5.0,-13.680306160138427,-14.601426717648454
2007-03-08,1.1,-7.761554954231075,-13.680306160138427
2007-03-09,1.7,-7.345065546711022,-7.761554954231075
2007-03-10,13.9,4.6692699306867524,-7.345065546711022
2007-03-11,10.0,0.5815594987788195,4.6692699306867524
2007-03-12,13.9,4.291911169268875,0.5815594987788195
2007-03-13,13.9,4.100432784296549,4.291911169268875
2007-03-14,21.1,11.10723185757559,4.100432784296549
2007-03-15,19.4,9.212415417493903,11.10723185757559
2007-03-16,2.2,-8.18391014745739,9.212415417493903
2007-03-17,3.3,-7.28163924056456,-8.18391014745739
2007-03-18,3.9,-6.880667205726995,-7.28163924056456
2007-03-19,6.1,-4.880890472901564,-6.880667205726995
2007-03-20,10.0,-1.1822066998176304,-4.880890472901564
2007-03-21,4.4,-6.9845149096343615,-1.1822066998176304
2007-03-22,19.4,7.812284375777514,-6.9845149096343615
2007-03-23,16.1,4.308289007236247,7.812284375777514
2007-03-24,12.2,0.20359508462644627,4.308289007236247
2007-03-25,12.2,-0.0017031614647819993,0.20359508462644627
2007-03-26,12.2,-0.20751348258478153,-0.0017031614647819993
2007-03-27,25.6,12.986254280528835,-0.20751348258478153
2007-03-28,18.3,5.479688096912598,12.986254280528835
2007-03-29,13.9,0.8728736505855093,5.479688096912598
2007-03-30,20.0,6.76589425220895,0.8728736505855093
2007-03-31,15.6,2.1588307573891505,6.76589425220895
2007-04-01,10.0,-3.648238508203919,2.1588307573891505
2007-04-02,13.3,-0.5552378167447998,-3.648238508203919
2007-04-03,17.2,3.1379059009504005,-0.5552378167447998
2007-04-04,5.6,-8.668736998141727,3.1379059009504005
2007-04-05,6.7,-7.775098915484862,-8.668736998141727
2007-04-06,5.6,-9.0811150498005,-7.775098915484862
2007-04-07,6.1,-8.786723428406608,-9.0811150498005
2007-04-08,5.0,-10.09186493103302,-8.786723428406608
2007-04-09,9.4,-5.896483306088772,-10.09186493103302
2007-04-10,10.6,-4.900525179375709,-5.896483306088772
2007-04-11,10.0,-5.703940055262361,-4.900525179375709
2007-04-12,6.7,-9.206680310351349,-5.703940055262361
2007-04-13,9.4,-6.708701179692818,-9.206680310351349
2007-04-14,13.3,-3.009960735615639,-6.708701179692818
2007-04-15,12.8,-3.7104198592670556,-3.009960735615639
2007-04-16,8.9,-7.810042204970012,-3.7104198592670556
2007-04-17,10.6,-6.308794157526032,-7.810042204970012
2007-04-18,10.6,-6.506644782609422,-6.308794157526032
2007-04-19,16.1,-1.203565770416283,-6.506644782609422
2007-04-20,21.7,4.200468627250832,-1.203565770416283
2007-04-21,26.1,8.405481666265164,4.200468627250832
2007-04-22,25.6,7.711494185611006,8.405481666265164
2007-04-23,30.0,11.918524688742629,7.711494185611006
2007-04-24,24.4,6.1265894306221895,11.918524688742629
2007-04-25,19.4,0.9357025101777197,6.1265894306221895
2007-04-26,16.1,-2.554124032091586,0.9357025101777197
2007-04-27,13.3,-5.542880111648618,-2.554124032091586
2007-04-28,21.7,2.6694425071119383,-5.542880111648618
2007-04-29,19.4,0.18285032214767227,2.6694425071119383
2007-04-30,26.7,7.297348208986154,0.18285032214767227
2007-05-01,21.7,2.1129395395462254,7.297348208986154
2007-05-02,20.0,0.22962630422357577,2.1129395395462254
2007-05-03,22.2,2.247409236893702,0.22962630422357577
2007-05-04,21.7,1.566287942477672,2.247409236893702
2007-05-05,22.8,2.486261026710288,1.566287942477672
2007-05-06,17.2,-3.292673772255437,2.486261026710288
2007-05-07,19.4,-1.2705194507775595,-3.292673772255437
2007-05-08,22.2,1.3527203944380233,-1.2705194507775595
2007-05-09,28.3,7.277041701217364,1.3527203944380233
2007-05-10,25.0,3.802440077137387,7.277041701217364
2007-05-11,25.0,3.62891093470612,3.802440077137387
2007-05-12,23.3,1.7564496261269191,3.62891093470612
2007-05-13,20.0,-1.7149484227289236,1.7564496261269191
2007-05-14,21.1,-0.7852875795145238,-1.7149484227289236
2007-05-15,28.9,6.8454281258658405,-0.7852875795145238
2007-05-16,29.4,7.177195130630206,6.8454281258658405
2007-05-17,20.6,-1.7899895337669953,7.177195130630206
2007-05-18,12.2,-10.356128117133753,-1.7899895337669953
2007-05-19,13.9,-8.821222028998106,-10.356128117133753
2007-05-20,23.9,1.0147282796373531,-8.821222028998106
2007-05-21,21.7,-1.348276569084586,1.0147282796373531
2007-05-22,24.4,1.1897652307996864,-1.348276569084586
2007-05-23,23.3,-0.07114322450258825,1.1897652307996864
2007-05-24,28.9,5.3690025533331,-0.07114322450258825
2007-05-25,32.2,8.510208541788852,5.3690025533331
2007-05-26,29.4,5.55248229944004,8.510208541788852
2007-05-27,30.0,5.995833052529157,5.55248229944004
2007-05-28,28.3,4.140271775934728,5.995833052529157
2007-05-29,26.7,2.385811268307524,4.140271775934728
2007-05-30,28.9,4.432466221161828,2.385811268307524
2007-05-31,32.8,8.180253281725665,4.432466221161828
2007-06-01,31.1,6.329191109370839,8.180253281725665
2007-06-02,31.7,6.779300425460413,6.329191109370839
2007-06-03,26.1,1.0306040564693006,6.779300425460413
2007-06-04,21.1,-4.116873029748888,1.0306040564693006
2007-06-05,27.2,1.8368963053430996,-4.116873029748888
2007-06-06,21.7,-3.8080586067807403,1.8368963053430996
2007-06-07,23.9,-1.7517062265794863,-3.8080586067807403
2007-06-08,29.4,3.605987201510004,-1.7517062265794863
2007-06-09,27.8,1.8650576498202511,3.605987201510004
2007-06-10,22.2,-3.8744566990216818,1.8650576498202511
2007-06-11,28.9,2.687484534214299,-3.8744566990216818
2007-06-12,28.3,1.950923904477282,2.687484534214299
2007-06-13,18.9,-7.58409388559766,1.950923904477282
2007-06-14,17.8,-8.817522020809108,-7.58409388559766
2007-06-15,23.3,-3.449311615514688,-8.817522020809108
2007-06-16,27.2,0.3205882373375779,-3.449311615514688
2007-06-17,30.0,2.992230410389727,0.3205882373375779
2007-06-18,28.9,1.7656696794017783,2.992230410389727
2007-06-19,26.7,-0.5590373457195383,1.7656696794017783
2007-06-20,25.6,-1.7818322962206743,-0.5590373457195383
2007-06-21,26.7,-0.8026551259429802,-1.7818322962206743
2007-06-22,23.3,-4.321444198702665,-0.8026551259429802
2007-06-23,23.3,-4.438136381390354,-4.321444198702665
2007-06-24,27.2,-0.6526671425561936,-4.438136381390354
2007-06-25,26.7,-1.2649706562322613,-0.6526671425561936
2007-06-26,32.8,4.725020089269869,-1.2649706562322613
2007-06-27,32.2,4.017373177861373,4.725020089269869
2007-06-28,30.6,2.3121576477657335,4.017373177861373
2007-06-29,25.0,-3.3905566305054045,2.3121576477657335
2007-06-30,27.2,-1.2906990799805662,-3.3905566305054045
2007-07-01,23.3,-5.288198546541192,-1.2906990799805662
2007-07-02,23.3,-5.38298343139018,-5.288198546541192
2007-07-03,26.7,-2.0749818263393927,-5.38298343139018
2007-07-04,21.7,-7.164121651571879,-2.0749818263393927
2007-07-05,25.6,-3.350330795528283,-7.164121651571879
2007-07-06,28.3,-0.7335372565614229,-3.350330795528283
2007-07-07,29.4,0.2863307140016076,-0.7335372565614229
2007-07-08,31.7,2.5093444677537953,0.2863307140016076
2007-07-09,33.3,4.035574814425878,2.5093444677537953
2007-07-10,33.3,3.965091876795668,4.035574814425878
2007-07-11,29.4,-0.0020350543419880296,3.965091876795668
2007-07-12,26.7,-2.765737664775802,-0.0020350543419880296
2007-07-13,27.2,-2.3259487606817615,-2.765737664775802
2007-07-14,28.9,-0.6826024112647495,-2.3259487606817615
2007-07-15,31.1,1.4643659101238988,-0.6826024112647495
2007-07-16,27.8,-1.88498081324909,1.4643659101238988
2007-07-17,31.1,1.36941872150026,-1.88498081324909
2007-07-18,25.6,-4.172375997546077,1.36941872150026
2007-07-19,28.3,-1.5103074286060156,-4.172375997546077
2007-07-20,25.6,-4.2443201044419006,-1.5103074286060156
2007-07-21,27.8,-2.0743607570282094,-4.2443201044419006
2007-07-22,28.3,-1.6003784383287858,-2.0743607570282094
2007-07-23,22.2,-7.72232463687989,-1.6003784383287858
2007-07-24,27.2,-2.7401533898868315,-7.72232463687989
2007-07-25,28.3,-1.653821390553663,-2.7401533898868315
2007-07-26,29.4,-0.5632880903780197,-1.653821390553663
2007-07-27,28.9,-1.068515796156543,-0.5632880903780197
2007-07-28,28.9,-1.069469761460283,-1.068515796156543
2007-07-29,26.7,-3.26611827235401,-1.069469761460283
2007-07-30,30.0,0.04156727285142381,-3.26611827235401
2007-07-31,30.6,0.6536122900089296,0.04156727285142381
2007-08-01,32.2,2.2700389418861846,0.6536122900089296
2007-08-02,33.3,3.390866077420146,2.2700389418861846
2007-08-03,32.2,2.316109177620529,3.390866077420146
2007-08-04,31.7,1.8457803082498394,2.316109177620529
2007-08-05,29.4,-0.42011192060938995,1.8457803082498394
2007-08-06,28.3,-1.4815623880084559,-0.42011192060938995
2007-08-07,31.7,1.961430511466837,-1.4815623880084559
2007-08-08,32.2,2.5088648484041656,1.961430511466837
2007-08-09,28.3,-1.3392648535816392,2.5088648484041656
2007-08-10,22.2,-7.382967622830574,-1.3392648535816392
2007-08-11,27.2,-2.322256037455432,-7.382967622830574
2007-08-12,29.4,-0.05714621601427794,-2.322256037455432
2007-08-13,28.9,-0.4876578010746222,-0.05714621601427794
2007-08-14,27.2,-2.1138139357249734,-0.4876578010746222
2007-08-15,28.9,-0.33564123310736704,-2.1138139357249734
2007-08-16,28.3,-0.8531697390626789,-0.33564123310736704
2007-08-17,29.4,0.3335671120017807,-0.8531697390626789
2007-08-18,23.3,-5.675467452104222,0.3335671120017807
2007-08-19,21.7,-7.180313484063394,-5.675467452104222
2007-08-20,20.6,-8.181014253413593,-7.180313484063394
2007-08-21,15.0,-13.677616176740639,-8.181014253413593
2007-08-22,18.3,-10.270168741893222,-13.677616176740639
2007-08-23,23.9,-4.55872442642756,-10.270168741893222
2007-08-24,28.3,-0.04333861050352539,-4.55872442642756
2007-08-25,30.6,2.3759305155315396,-0.04333861050352539
2007-08-26,26.7,-1.400977951377449,2.3759305155315396
2007-08-27,28.3,0.32587247528786634,-1.400977951377449
2007-08-28,28.3,0.45641577842832604,0.32587247528786634
2007-08-29,29.4,1.6905835483795961,0.45641577842832604
2007-08-30,30.0,2.4283050979124496,1.6905835483795961
2007-08-31,25.6,-1.8304924191234981,2.4283050979124496
2007-09-01,26.1,-1.1858838858260334,-1.8304924191234981
2007-09-02,25.6,-1.5379460972576524,-1.1858838858260334
2007-09-03,27.8,0.8132423672177964,-1.5379460972576524
2007-09-04,28.3,1.4676012739449398,0.8132423672177964
2007-09-05,26.1,-0.5749511330062091,1.4676012739449398
2007-09-06,26.7,0.18550200184006727,-0.5749511330062091
2007-09-07,30.0,3.6488762803619004,0.18550200184006727
2007-09-08,31.1,4.915086186803656,3.6488762803619004
2007-09-09,29.4,3.384045224355983,4.915086186803656
2007-09-10,26.1,0.2556660520010112,3.384045224355983
2007-09-11,23.3,-2.370139378728414,0.2556660520010112
2007-09-12,23.9,-1.5934596874245024,-2.370139378728414
2007-09-13,23.3,-2.0143839292625323,-1.5934596874245024
2007-09-14,23.3,-1.8330014605848888,-2.0143839292625323
2007-09-15,20.6,-4.349401805950471,-1.8330014605848888
2007-09-16,18.9,-5.863674526983964,-4.349401805950471
2007-09-17,20.6,-3.9759090933534758,-5.863674526983964
2007-09-18,21.1,-3.286194756197734,-3.9759090933534758
2007-09-19,24.4,0.20537957568318888,-3.286194756197734
2007-09-20,27.8,3.7987254565687074,0.20537957568318888
2007-09-21,27.8,3.9937550211943638,3.7987254565687074
2007-09-22,23.9,0.29038109847885707,3.9937550211943638
2007-09-23,25.6,2.1885173213270193,0.29038109847885707
2007-09-24,26.1,2.8880782322457783,2.1885173213270193
2007-09-25,29.4,6.388979384523054,2.8880782322457783
2007-09-26,30.6,7.791137438732083,6.388979384523054
2007-09-27,27.8,5.194470254337478,7.791137438732083
2007-09-28,24.4,1.9988969761941,5.194470254337478
2007-09-29,24.4,2.2043381157437842,1.9988969761941
2007-09-30,22.2,0.21071562673120425,2.2043381157437842
2007-10-01,20.6,-1.182047024724639,0.21071562673120425
2007-10-02,23.9,2.325975204149728,-1.182047024724639
2007-10-03,25.6,4.234708991140664,2.325975204149728
2007-10-04,28.9,7.744082701370463,4.234708991140664
2007-10-05,28.3,7.354026433489125,7.744082701370463
2007-10-06,28.3,7.564472059655891,7.354026433489125
2007-10-07,27.8,7.275353259249638,7.564472059655891
2007-10-08,30.6,10.286605546264994,7.275353259249638
2007-10-09,26.1,5.998166290368793,10.286605546264994
2007-10-10,20.6,0.7099747316097513,5.998166290368793
2007-10-11,19.4,-0.2780280112079865,0.7099747316097513
2007-10-12,15.6,-3.8658989384587326,-0.2780280112079865
2007-10-13,17.2,-2.053693173890096,-3.8658989384587326
2007-10-14,18.9,-0.14146397501471242,-2.053693173890096
2007-10-15,19.4,0.5707372503831678,-0.14146397501471242
2007-10-16,21.1,2.482860921724672,0.5707372503831678
2007-10-17,22.8,4.394859257213216,2.482860921724672
2007-10-18,25.0,6.806686239643646,4.394859257213216
2007-10-19,22.8,4.818297576592311,6.806686239643646
2007-10-20,21.1,3.3296506551528573,4.818297576592311
2007-10-21,23.3,5.740704491397647,3.3296506551528573
2007-10-22,24.4,7.051419674759348,5.740704491397647
2007-10-23,25.6,8.46175830754224,7.051419674759348
2007-10-24,19.4,2.4716839397855104,8.46175830754224
2007-10-25,13.9,-2.8188385002850875,2.4716839397855104
2007-10-26,14.4,-2.1098427799694353,-2.8188385002850875
2007-10-27,19.4,3.0986385602913664,-2.1098427799694353
2007-10-28,13.3,-2.793425874333245,3.0986385602913664
2007-10-29,11.7,-4.186066417663023,-2.793425874333245
2007-10-30,16.7,1.0206875698328517,-4.186066417663023
2007-10-31,17.8,2.326807610614038,1.0206875698328517
2007-11-01,18.9,3.632266017193025,2.326807610614038
2007-11-02,12.8,-2.2629642028810064,3.632266017193025
2007-11-03,10.6,-4.258909443858524,-2.2629642028810064
2007-11-04,13.3,-1.3555956001206066,-4.258909443858524
2007-11-05,13.9,-0.5530481656753441,-1.3555956001206066
2007-11-06,13.3,-0.9512923344863982,-0.5530481656753441
2007-11-07,9.4,-4.650353101298533,-0.9512923344863982
2007-11-08,7.8,-6.050255362623413,-4.650353101298533
2007-11-09,6.7,-6.951024017548078,-6.050255362623413
2007-11-10,7.8,-5.652684068029234,-6.951024017548078
2007-11-11,7.8,-5.455260718337795,-5.652684068029234
2007-11-12,10.0,-3.0587794733201115,-5.455260718337795
2007-11-13,15.0,2.136733764854114,-3.0587794733201115
2007-11-14,14.4,1.731252601783357,2.136733764854114
2007-11-15,17.2,4.724750058086167,1.731252601783357
2007-11-16,8.3,-3.982801520871357,4.724750058086167
2007-11-17,7.8,-4.291430552464372,-3.982801520871357
2007-11-18,6.7,-5.201166301213816,-4.291430552464372
2007-11-19,6.7,-5.012038959814446,-5.201166301213816
2007-11-20,8.9,-2.624079726503931,-5.012038959814446
2007-11-21,14.4,3.062679121499782,-2.624079726503931
2007-11-22,18.9,7.748204158754392,3.062679121499782
2007-11-23,4.4,-6.567539253207633,7.748204158754392
2007-11-24,3.9,-6.884587025998975,-6.567539253207633
2007-11-25,9.4,-1.202976399591801,-6.884587025998975
2007-11-26,16.7,6.277254007584142,-1.202976399591801
2007-11-27,17.8,7.556064153856827,6.277254007584142
2007-11-28,7.2,-2.866587464978248,7.556064153856827
2007-11-29,10.6,0.7092561507133723,-2.866587464978248
2007-11-30,5.6,-4.116449523411653,0.7092561507133723
2007-12-01,3.3,-6.243750557545135,-4.116449523411653
2007-12-02,2.2,-7.172694583534063,-6.243750557545135
2007-12-03,8.3,-0.9033308045231543,-7.172694583534063
2007-12-04,1.1,-7.935709998349614,-0.9033308045231543
2007-12-05,0.6,-8.269884514624982,-7.935709998349614
2007-12-06,0.6,-8.10590826545581,-8.269884514624982
2007-12-07,1.7,-6.84383670977376,-8.10590826545581
2007-12-08,6.7,-1.6837268312630735,-6.84383670977376
2007-12-09,4.4,-3.825637109892158,-1.6837268312630735
2007-12-10,4.4,-3.6696274870737042,-3.825637109892158
2007-12-11,7.2,-0.7157593244961227,-3.6696274870737042
2007-12-12,11.1,3.335904643312677,-0.7157593244961227
2007-12-13,2.2,-5.41469963738933,3.335904643312677
2007-12-14,5.6,-1.8676374798404547,-5.41469963738933
2007-12-15,2.2,-5.1229753910788665,-1.8676374798404547
2007-12-16,3.3,-3.880781000399102,-5.1229753910788665
2007-12-17,0.6,-6.441122982109383,-3.880781000399102
2007-12-18,2.8,-4.104070972754836,-6.441122982109383
2007-12-19,6.1,-0.6696954829871915,-4.104070972754836
2007-12-20,6.7,0.06193219572217146,-0.6696954829871915
2007-12-21,3.9,-2.6092599106856977,0.06193219572217146
2007-12-22,5.0,-1.3833443559066287,-2.6092599106856977
2007-12-23,16.1,9.839605834155481,-1.3833443559066287
2007-12-24,10.0,3.859517273041946,9.839605834155481
2007-12-25,6.1,0.07631632935001065,3.859517273041946
2007-12-26,3.9,-2.010070753977359,0.07631632935001065
2007-12-27,6.1,0.3002822630270261,-2.010070753977359
2007-12-28,9.4,3.7073017431212723,0.3002822630270261
2007-12-29,10.6,5.010914300398652,3.7073017431212723
2007-12-30,6.1,0.6110469312900344,5.010914300398652
2007-12-31,6.7,1.3076271476968504,0.6110469312900344
2008-01-01,8.3,3.023247468044331,1.3076271476968504
2008-01-02,3.3,-1.888426693036637,3.023247468044331
2008-01-03,-6.7,-11.80388365492048,-1.888426693036637
2008-01-04,2.2,-2.8231921944499616,-11.80388365492048
2008-01-05,6.1,1.153580147379687,-2.8231921944499616
2008-01-06,10.0,5.126367204065583,1.153580147379687
2008-01-07,16.7,11.895104321835646,5.126367204065583
2008-01-08,17.8,13.059728497120219,11.895104321835646
2008-01-09,17.8,13.12017851289692,13.059728497120219
2008-01-10,10.0,5.376395073550145,13.12017851289692
2008-01-11,13.3,8.728320937888906,5.376395073550145
2008-01-12,9.4,4.875901049970005,8.728320937888906
2008-01-13,7.2,2.719082667377795,4.875901049970005
2008-01-14,3.9,-0.542184513383098,2.719082667377795
2008-01-15,3.3,-1.1079482347196628,-0.542184513383098
2008-01-16,3.9,-0.4782535593374395,-1.1079482347196628
2008-01-17,3.9,-0.4531427555052301,-0.4782535593374395
2008-01-18,8.9,4.567344813488587,-0.4531427555052301
2008-01-19,2.8,-1.5168272046161597,4.567344813488587
2008-01-20,1.1,-3.205692049793362,-1.5168272046161597
2008-01-21,-3.3,-7.599279753544886,-3.205692049793362
2008-01-22,3.9,-0.39761704805776477,-7.599279753544886
2008-01-23,4.4,0.09927271903791102,-0.39761704805776477
2008-01-24,1.1,-3.2086303359341364,0.09927271903791102
2008-01-25,0.6,-3.721342559374872,-3.2086303359341364
2008-01-26,1.1,-3.2388766933794524,-3.721342559374872
2008-01-27,3.9,-0.46124181519779794,-3.2388766933794524
2008-01-28,5.6,1.21155671662944,-0.46124181519779794
2008-01-29,6.1,1.6795173092917182,1.21155671662944
2008-01-30,9.4,4.942642175735352,1.6795173092917182
2008-01-31,3.3,-1.1990626324375047,4.942642175735352
2008-02-01,11.7,7.154412800686579,-1.1990626324375047
2008-02-02,6.1,1.5030822736462506,7.154412800686579
2008-02-03,9.4,4.746963478498397,1.5030822736462506
2008-02-04,5.6,0.8860780042292831,4.746963478498397
2008-02-05,11.1,6.320451332641661,0.8860780042292831
2008-02-06,20.0,15.15011282669462,6.320451332641661
2008-02-07,9.4,4.475095711291939,15.15011282669462
2008-02-08,7.2,2.1954370465337583,4.475095711291939
2008-02-09,6.7,1.6111776934654811,2.1954370465337583
2008-02-10,6.7,1.522362272376677,1.6111776934654811
2008-02-11,-4.4,-9.670960886278166,1.522362272376677
2008-02-12,-0.6,-5.968739798246654,-9.670960886278166
2008-02-13,12.2,6.72908111097575,-5.968739798246654
2008-02-14,4.4,-1.1774390644515016,6.72908111097575
2008-02-15,8.3,2.611762211782419,-1.1774390644515016
2008-02-16,1.1,-4.703249166107231,2.611762211782419
2008-02-17,11.7,5.777595963188865,-4.703249166107231
2008-02-18,17.8,11.754369930897134,5.777595963188865
2008-02-19,5.0,-1.1728518651693074,11.754369930897134
2008-02-20,0.0,-6.303991069865698,-1.1728518651693074
2008-02-21,0.6,-5.838966485651223,-6.303991069865698
2008-02-22,1.1,-5.477694192946636,-5.838966485651223
2008-02-23,1.1,-5.620087675641246,-5.477694192946636
2008-02-24,3.9,-2.9660579514635947,-5.620087675641246
2008-02-25,8.9,1.8844862930824204,-2.9660579514635947
2008-02-26,8.3,1.1316385635261268,1.8844862930824204
2008-02-27,6.7,-0.624505585695827,1.1316385635261268
2008-02-28,-2.2,-9.683848697968582,-0.624505585695827
2008-02-29,1.7,-5.946291564491071,-9.683848697968582
2008-03-01,7.8,-0.01173337718197498,-5.946291564491071
2008-03-02,6.1,-1.880071884143291,-0.01173337718197498
2008-03-03,12.8,4.648796452681484,-1.880071884143291
2008-03-04,17.2,8.874976298023387,4.648796452681484
2008-03-05,13.9,5.3985732823515455,8.874976298023387
2008-03-06,9.4,0.7196938398615735,5.3985732823515455
2008-03-07,7.2,-1.6615549542310744,0.7196938398615735
2008-03-08,13.9,4.854934453288978,-1.6615549542310744
2008-03-09,5.6,-3.6307300693132483,4.854934453288978
2008-03-10,7.2,-2.2184405012211803,-3.6307300693132483
2008-03-11,9.4,-0.20808883073112483,-2.2184405012211803
2008-03-12,8.3,-1.4995672157034505,-0.20808883073112483
2008-03-13,7.2,-2.7927681424244115,-1.4995672157034505
2008-03-14,13.3,3.1124154174939047,-2.7927681424244115
2008-03-15,13.3,2.91608985254261,3.1124154174939047
2008-03-16,8.3,-2.2816392405645587,2.91608985254261
2008-03-17,10.0,-0.7806672057269957,-2.2816392405645587
2008-03-18,6.7,-4.2808904729015635,-0.7806672057269957
2008-03-19,11.7,0.5177933001823689,-4.2808904729015635
2008-03-20,14.4,3.0154850903656385,0.5177933001823689
2008-03-21,7.2,-4.387715624222484,3.0154850903656385
2008-03-22,10.0,-1.791710992763754,-4.387715624222484
2008-03-23,8.9,-3.0964049153735527,-1.791710992763754
2008-03-24,10.0,-2.2017031614647813,-3.0964049153735527
2008-03-25,8.9,-3.5075134825847805,-2.2017031614647813
2008-03-26,16.1,3.4862542805288346,-3.5075134825847805
2008-03-27,9.4,-3.420311903087402,3.4862542805288346
2008-03-28,8.9,-4.127126349414491,-3.420311903087402
2008-03-29,8.3,-4.934105747791049,-4.127126349414491
2008-03-30,9.4,-4.041169242610849,-4.934105747791049
2008-03-31,13.9,0.2517614917960813,-4.041169242610849
2008-04-01,19.4,5.544762183255198,0.2517614917960813
2008-04-02,12.2,-1.8620940990495995,5.544762183255198
2008-04-03,10.0,-4.268736998141726,-1.8620940990495995
2008-04-04,11.7,-2.775098915484863,-4.268736998141726
2008-04-05,15.0,0.31888495019950014,-2.775098915484863
2008-04-06,10.6,-4.286723428406608,0.31888495019950014
2008-04-07,10.6,-4.491864931033021,-4.286723428406608
2008-04-08,14.4,-0.896483306088772,-4.491864931033021
2008-04-09,14.4,-1.1005251793757083,-0.896483306088772
2008-04-10,23.9,8.196059944737637,-1.1005251793757083
2008-04-11,16.1,0.19331968964865176,8.196059944737637
2008-04-12,24.4,8.29129882030718,0.19331968964865176
2008-04-13,13.3,-3.009960735615639,8.29129882030718
2008-04-14,14.4,-2.110419859267056,-3.009960735615639
2008-04-15,16.1,-0.6100422049700107,-2.110419859267056
2008-04-16,20.0,3.0912058424739683,-0.6100422049700107
2008-04-17,22.8,5.693355217390579,3.0912058424739683
2008-04-18,28.9,11.596434229583714,5.693355217390579
2008-04-19,23.3,5.800468627250833,11.596434229583714
2008-04-20,17.8,0.1054816662651632,5.800468627250833
2008-04-21,17.2,-0.6885058143889964,0.1054816662651632
2008-04-22,22.2,4.118524688742628,-0.6885058143889964
2008-04-23,25.6,7.326589430622192,4.118524688742628
2008-04-24,26.1,7.6357025101777225,7.326589430622192
2008-04-25,21.7,3.0458759679084118,7.6357025101777225
2008-04-26,17.8,-1.0428801116486177,3.0458759679084118
2008-04-27,13.3,-5.73055749288806,-1.0428801116486177
2008-04-28,14.4,-4.817149677852326,-5.73055749288806
2008-04-29,13.9,-5.502651791013845,-4.817149677852326
2008-04-30,13.9,-5.687060460453774,-5.502651791013845
2008-05-01,15.6,-4.170373695776425,-5.687060460453774
2008-05-02,12.2,-7.752590763106298,-4.170373695776425
2008-05-03,14.4,-5.733712057522327,-7.752590763106298
2008-05-04,21.7,1.3862610267102866,-5.733712057522327
2008-05-05,22.8,2.3073262277445643,1.3862610267102866
2008-05-06,26.1,5.429480549222443,2.3073262277445643
2008-05-07,24.4,3.5527203944380226,5.429480549222443
2008-05-08,22.8,1.7770417012173638,3.5527203944380226
2008-05-09,17.8,-3.3975599228626123,1.7770417012173638
2008-05-10,18.9,-2.4710890652938815,-3.3975599228626123
2008-05-11,16.7,-4.843550373873082,-2.4710890652938815
2008-05-12,12.2,-9.514948422728924,-4.843550373873082
2008-05-13,22.2,0.3147124204854741,-9.514948422728924
2008-05-14,24.4,2.3454281258658405,0.3147124204854741
2008-05-15,23.9,1.6771951306302064,2.3454281258658405
2008-05-16,16.7,-5.6899895337669975,1.6771951306302064
2008-05-17,22.2,-0.35612811713375336,-5.6899895337669975
2008-05-18,18.9,-3.8212220289981076,-0.35612811713375336
2008-05-19,15.0,-7.8852717203626455,-3.8212220289981076
2008-05-20,13.3,-9.748276569084585,-7.8852717203626455
2008-05-21,20.0,-3.210234769200312,-9.748276569084585
2008-05-22,15.6,-7.771143224502589,-3.210234769200312
2008-05-23,20.6,-2.930997446666897,-7.771143224502589
2008-05-24,21.7,-1.989791458211151,-2.930997446666897
2008-05-25,25.0,1.1524822994400417,-1.989791458211151
2008-05-26,26.7,2.6958330525291565,1.1524822994400417
2008-05-27,28.3,4.140271775934728,2.6958330525291565
2008-05-28,20.0,-4.314188731692475,4.140271775934728
2008-05-29,23.9,-0.5675337788381718,-4.314188731692475
2008-05-30,27.8,3.180253281725669,-0.5675337788381718
2008-05-31,24.4,-0.37080889062916356,3.180253281725669
2008-06-01,27.8,2.879300425460414,-0.37080889062916356
2008-06-02,26.7,1.6306040564692985,2.879300425460414
2008-06-03,28.9,3.6831269702511094,1.6306040564692985
2008-06-04,21.7,-3.6631036946569004,3.6831269702511094
2008-06-05,23.3,-2.208058606780739,-3.6631036946569004
2008-06-06,23.3,-2.351706226579484,-2.208058606780739
2008-06-07,34.4,8.605987201510004,-2.351706226579484
2008-06-08,33.9,7.965057649820249,8.605987201510004
2008-06-09,35.6,9.52554330097832,7.965057649820249
2008-06-10,35.6,9.387484534214302,9.52554330097832
2008-06-11,29.4,3.05092390447728,9.387484534214302
2008-06-12,29.4,2.9159061144023397,3.05092390447728
2008-06-13,28.3,1.6824779791908924,2.9159061144023397
2008-06-14,31.7,4.950688384485311,1.6824779791908924
2008-06-15,28.3,1.4205882373375793,4.950688384485311
2008-06-16,25.6,-1.4077695896102718,1.4205882373375793
2008-06-17,23.9,-3.2343303205982217,-1.4077695896102718
2008-06-18,22.8,-4.459037345719537,-3.2343303205982217
2008-06-19,24.4,-2.981832296220677,-4.459037345719537
2008-06-20,26.1,-1.402655125942978,-2.981832296220677
2008-06-21,28.3,0.6785558012973354,-1.402655125942978
2008-06-22,26.1,-1.6381363813903533,0.6785558012973354
2008-06-23,26.1,-1.7526671425561915,-1.6381363813903533
2008-06-24,26.7,-1.2649706562322613,-1.7526671425561915
2008-06-25,28.3,0.22502008926987216,-1.2649706562322613
2008-06-26,27.2,-0.9826268221386307,0.22502008926987216
2008-06-27,28.3,0.012157647765732804,-0.9826268221386307
2008-06-28,31.7,3.309443369494595,0.012157647765732804
2008-06-29,31.1,2.609300920019436,3.309443369494595
2008-06-30,28.3,-0.28819854654119226,2.609300920019436
2008-07-01,29.4,0.717016568609818,-0.28819854654119226
2008-07-02,29.4,0.6250181736606066,0.717016568609818
2008-07-03,31.7,2.835878348428121,0.6250181736606066
2008-07-04,25.6,-3.350330795528283,2.835878348428121
2008-07-05,23.3,-5.733537256561423,-3.350330795528283
2008-07-06,26.1,-3.0136692859983896,-5.733537256561423
2008-07-07,27.8,-1.3906555322462033,-3.0136692859983896
2008-07-08,31.7,2.4355748144258804,-1.3906555322462033
2008-07-09,29.4,0.06509187679566963,2.4355748144258804
2008-07-10,29.4,-0.0020350543419880296,0.06509187679566963
2008-07-11,30.6,1.1342623352242,-0.0020350543419880296
2008-07-12,29.4,-0.1259487606817622,1.1342623352242
2008-07-13,28.9,-0.6826024112647495,-0.1259487606817622
2008-07-14,27.2,-2.4356340898761033,-0.6826024112647495
2008-07-15,31.7,2.0150191867509086,-2.4356340898761033
2008-07-16,33.3,3.5694187215002557,2.0150191867509086
2008-07-17,33.9,4.127624002453921,3.5694187215002557
2008-07-18,34.4,4.589692571393982,4.127624002453921
2008-07-19,35.6,5.7556798955580994,4.589692571393982
2008-07-20,34.4,4.525639242971788,5.7556798955580994
2008-07-21,33.3,3.3996215616712107,4.525639242971788
2008-07-22,30.6,0.6776753631201125,3.3996215616712107
2008-07-23,26.7,-3.2401533898868315,0.6776753631201125
2008-07-24,27.2,-2.7538213905536644,-3.2401533898868315
2008-07-25,30.0,0.036711909621981675,-2.7538213905536644
2008-07-26,30.6,0.6314842038434598,0.036711909621981675
2008-07-27,28.3,-1.669469761460281,0.6314842038434598
2008-07-28,30.0,0.03388172764599062,-1.669469761460281
2008-07-29,31.7,1.741567272851423,0.03388172764599062
2008-07-30,30.6,0.6536122900089296,1.741567272851423
2008-07-31,31.7,1.770038941886181,0.6536122900089296
2008-08-01,32.2,2.2908660774201515,1.770038941886181
2008-08-02,27.2,-2.6838908223794746,2.2908660774201515
2008-08-03,28.9,-0.9542196917501613,-2.6838908223794746
2008-08-04,29.4,-0.42011192060938995,-0.9542196917501613
2008-08-05,30.0,0.21843761199154343,-0.42011192060938995
2008-08-06,30.6,0.861430511466839,0.21843761199154343
2008-08-07,30.0,0.30886484840416273,0.861430511466839
2008-08-08,26.7,-2.9392648535816406,0.30886484840416273
2008-08-09,27.2,-2.3829676228305736,-2.9392648535816406
2008-08-10,27.2,-2.322256037455432,-2.3829676228305736
2008-08-11,22.8,-6.657146216014276,-2.322256037455432
2008-08-12,27.8,-1.58765780107462,-6.657146216014276
2008-08-13,28.3,-1.013813935724972,-1.58765780107462
2008-08-14,30.0,0.7643587668926344,-1.013813935724972
2008-08-15,26.7,-2.4531697390626803,0.7643587668926344
2008-08-16,27.2,-1.8664328879982186,-2.4531697390626803
2008-08-17,28.3,-0.6754674521042219,-1.8664328879982186
2008-08-18,30.6,1.7196865159366084,-0.6754674521042219
2008-08-19,28.3,-0.48101425341359416,1.7196865159366084
2008-08-20,25.6,-3.077616176740637,-0.48101425341359416
2008-08-21,27.8,-0.7701687418932224,-3.077616176740637
2008-08-22,28.3,-0.15872442642755757,-0.7701687418932224
2008-08-23,27.2,-1.1433386105035268,-0.15872442642755757
2008-08-24,27.8,-0.42406948446846116,-1.1433386105035268
2008-08-25,29.4,1.2990220486225503,-0.42406948446846116
2008-08-26,26.7,-1.274127524712135,1.2990220486225503
2008-08-27,26.1,-1.7435842215716733,-1.274127524712135
2008-08-28,28.9,1.1905835483795961,-1.7435842215716733
2008-08-29,27.2,-0.37169490208755107,1.1905835483795961
2008-08-30,28.3,0.8695075808765012,-0.37169490208755107
2008-08-31,28.9,1.6141161141739637,0.8695075808765012
2008-09-01,28.9,1.7620539027423447,1.6141161141739637
2008-09-02,31.1,4.113242367217797,1.7620539027423447
2008-09-03,28.3,1.4676012739449398,4.113242367217797
2008-09-04,32.2,5.525048866993792,1.4676012739449398
2008-09-05,30.0,3.485502001840068,5.525048866993792
2008-09-06,27.2,0.8488762803618997,3.485502001840068
2008-09-07,26.7,0.5150861868036536,0.8488762803618997
2008-09-08,27.2,1.1840452243559838,0.5150861868036536
2008-09-09,23.9,-1.9443339479989916,1.1840452243559838
2008-09-10,22.8,-2.870139378728414,-1.9443339479989916
2008-09-11,22.2,-3.2934596874245017,-2.870139378728414
2008-09-12,21.1,-4.214383929262532,-3.2934596874245017
2008-09-13,27.2,2.06699853941511,-4.214383929262532
2008-09-14,31.1,6.150598194049529,2.06699853941511
2008-09-15,28.3,3.5363254730160385,6.150598194049529
2008-09-16,21.1,-3.4759090933534758,3.5363254730160385
2008-09-17,23.3,-1.0861947561977345,-3.4759090933534758
2008-09-18,22.8,-1.394620424316809,-1.0861947561977345
2008-09-19,18.9,-5.101274543431295,-1.394620424316809
2008-09-20,20.6,-3.2062449788056355,-5.101274543431295
2008-09-21,26.7,3.090381098478858,-3.2062449788056355
2008-09-22,23.3,-0.11148267867298145,3.090381098478858
2008-09-23,21.1,-2.1119217677542217,-0.11148267867298145
2008-09-24,20.6,-2.411020615476943,-2.1119217677542217
2008-09-25,18.3,-4.508862561267918,-2.411020615476943
2008-09-26,18.9,-3.705529745662524,-4.508862561267918
2008-09-27,20.6,-1.8011030238058972,-3.705529745662524
2008-09-28,21.7,-0.49566188425621505,-1.8011030238058972
2008-09-29,23.3,1.3107156267312057,-0.49566188425621505
2008-09-30,20.6,-1.182047024724639,1.3107156267312057
2008-10-01,21.7,0.12597520414972863,-1.182047024724639
2008-10-02,16.7,-4.665291008859338,0.12597520414972863
2008-10-03,16.7,-4.455917298629537,-4.665291008859338
2008-10-04,16.1,-4.8459735665108745,-4.455917298629537
2008-10-05,16.7,-4.03552794034411,-4.8459735665108745
2008-10-06,17.8,-2.7246467407503623,-4.03552794034411
2008-10-07,17.2,-3.1133944537350082,-2.7246467407503623
2008-10-08,17.8,-2.3018337096312074,-3.1133944537350082
2008-10-09,23.9,4.0099747316097485,-2.3018337096312074
2008-10-10,22.2,2.5219719887920142,4.0099747316097485
2008-10-11,20.6,1.1341010615412692,2.5219719887920142
2008-10-12,21.1,1.846306826109906,1.1341010615412692
2008-10-13,23.3,4.25853602498529,1.846306826109906
2008-10-14,20.0,1.1707372503831692,4.25853602498529
2008-10-15,21.1,2.482860921724672,1.1707372503831692
2008-10-16,23.9,5.494859257213214,2.482860921724672
2008-10-17,15.6,-2.593313760356354,5.494859257213214
2008-10-18,14.4,-3.5817024234076893,-2.593313760356354
2008-10-19,12.8,-4.970349344847143,-3.5817024234076893
2008-10-20,15.6,-1.959295508602354,-4.970349344847143
2008-10-21,16.1,-1.248580325240649,-1.959295508602354
2008-10-22,11.7,-5.438241692457762,-1.248580325240649
2008-10-23,11.7,-5.228316060214489,-5.438241692457762
2008-10-24,13.9,-2.8188385002850875,-5.228316060214489
2008-10-25,18.3,1.790157220030565,-2.8188385002850875
2008-10-26,16.7,0.39863856029136713,1.790157220030565
2008-10-27,17.8,1.706574125666755,0.39863856029136713
2008-10-28,8.3,-7.586066417663021,1.706574125666755
2008-10-29,7.8,-7.879312430167148,-7.586066417663021
2008-10-30,8.9,-6.573192389385962,-7.879312430167148
2008-10-31,16.1,0.8322660171930281,-6.573192389385962
2008-11-01,18.9,3.8370357971189915,0.8322660171930281
2008-11-02,10.0,-4.858909443858524,3.8370357971189915
2008-11-03,14.4,-0.255595600120607,-4.858909443858524
2008-11-04,17.2,2.746951834324655,-0.255595600120607
2008-11-05,17.8,3.548707665513602,2.746951834324655
2008-11-06,16.7,2.649646898701466,3.548707665513602
2008-11-07,17.8,3.949744637376588,2.649646898701466
2008-11-08,15.6,1.9489759824519215,3.949744637376588
2008-11-09,13.3,-0.15268406802923273,1.9489759824519215
2008-11-10,10.6,-2.6552607183377948,-0.15268406802923273
2008-11-11,10.6,-2.458779473320112,-2.6552607183377948
2008-11-12,10.0,-2.863266235145886,-2.458779473320112
2008-11-13,14.4,1.731252601783357,-2.863266235145886
2008-11-14,17.8,5.324750058086169,1.731252601783357
2008-11-15,19.4,7.117198479128641,5.324750058086169
2008-11-16,15.6,3.5085694475356277,7.117198479128641
2008-11-17,8.3,-3.6011663012138158,3.5085694475356277
2008-11-18,5.0,-6.712038959814446,-3.6011663012138158
2008-11-19,2.8,-8.72407972650393,-6.712038959814446
2008-11-20,3.3,-8.037320878500218,-8.72407972650393
2008-11-21,3.3,-7.851795841245607,-8.037320878500218
2008-11-22,0.0,-10.967539253207633,-7.851795841245607
2008-11-23,2.2,-8.584587025998974,-10.967539253207633
2008-11-24,10.0,-0.6029763995918014,-8.584587025998974
2008-11-25,8.3,-2.1227459924158563,-0.6029763995918014
2008-11-26,7.2,-3.0439358461431736,-2.1227459924158563
2008-11-27,6.7,-3.366587464978248,-3.0439358461431736
2008-11-28,9.4,-0.49074384928662695,-3.366587464978248
2008-11-29,7.8,-1.9164495234116528,-0.49074384928662695
2008-11-30,6.1,-3.443750557545135,-1.9164495234116528
2008-12-01,12.8,3.427305416465938,-3.443750557545135
2008-12-02,7.2,-2.003330804523155,3.427305416465938
2008-12-03,5.6,-3.4357099983496138,-2.003330804523155
2008-12-04,10.0,1.1301154853750184,-3.4357099983496138
2008-12-05,5.0,-3.7059082654558093,1.1301154853750184
2008-12-06,2.2,-6.34383670977376,-3.7059082654558093
2008-12-07,2.2,-6.1837268312630735,-6.34383670977376
2008-12-08,-1.1,-9.325637109892158,-6.1837268312630735
2008-12-09,14.4,6.330372512926296,-9.325637109892158
2008-12-10,18.3,10.384240675503879,6.330372512926296
2008-12-11,6.1,-1.664095356687323,10.384240675503879
2008-12-12,6.7,-0.9146996373893304,-1.664095356687323
2008-12-13,0.0,-7.467637479840454,-0.9146996373893304
2008-12-14,9.4,2.0770246089211337,-7.467637479840454
2008-12-15,19.4,12.219218999600898,2.0770246089211337
2008-12-16,14.4,7.3588770178906175,12.219218999600898
2008-12-17,5.6,-1.304070972754836,7.3588770178906175
2008-12-18,5.6,-1.1696954829871915,-1.304070972754836
2008-12-19,2.8,-3.838067804277829,-1.1696954829871915
2008-12-20,-0.6,-7.109259910685697,-3.838067804277829
2008-12-21,2.8,-3.583344355906629,-7.109259910685697
2008-12-22,-2.8,-9.060394165844519,-3.583344355906629
2008-12-23,-0.6,-6.740482726958054,-9.060394165844519
2008-12-24,14.4,8.376316329350011,-6.740482726958054
2008-12-25,13.9,7.989929246022641,8.376316329350011
2008-12-26,5.0,-0.7997177369729735,7.989929246022641
2008-12-27,8.9,3.2073017431212723,-0.7997177369729735
2008-12-28,18.3,12.710914300398652,3.2073017431212723
2008-12-29,8.3,2.8110469312900355,12.710914300398652
2008-12-30,6.1,0.7076271476968499,2.8110469312900355
2008-12-31,1.7,-3.5994168880804995,0.7076271476968499
2009-01-01,-3.3,-8.57675253195567,-3.5994168880804995
2009-01-02,1.1,-4.088426693036636,-8.57675253195567
2009-01-03,3.3,-1.8038836549204804,-4.088426693036636
2009-01-04,5.6,0.5768078055500379,-1.8038836549204804
2009-01-05,6.1,1.153580147379687,0.5768078055500379
2009-01-06,3.3,-1.573632795934417,1.153580147379687
2009-01-07,3.3,-1.5048956781643534,-1.573632795934417
2009-01-08,3.3,-1.4402715028797832,-1.5048956781643534
2009-01-09,0.0,-4.679821487103079,-1.4402715028797832
2009-01-10,-1.1,-5.723604926449855,-4.679821487103079
2009-01-11,-0.6,-5.171679062111095,-5.723604926449855
2009-01-12,0.6,-3.9240989500299954,-5.171679062111095
2009-01-13,5.0,0.5190826673777948,-3.9240989500299954
2009-01-14,2.2,-2.2421845133830978,0.5190826673777948
2009-01-15,-5.6,-10.007948234719663,-2.2421845133830978
2009-01-16,-8.9,-13.27825355933744,-10.007948234719663
2009-01-17,-5.6,-9.95314275550523,-13.27825355933744
2009-01-18,1.7,-2.632655186511413,-9.95314275550523
2009-01-19,0.6,-3.7168272046161595,-2.632655186511413
2009-01-20,-1.7,-6.005692049793362,-3.7168272046161595
2009-01-21,-3.3,-7.599279753544886,-6.005692049793362
2009-01-22,2.8,-1.4976170480577649,-7.599279753544886
2009-01-23,8.3,3.9992727190379114,-1.4976170480577649
2009-01-24,7.8,3.4913696640658634,3.9992727190379114
2009-01-25,-2.8,-7.121342559374872,3.4913696640658634
2009-01-26,-1.7,-6.038876693379453,-7.121342559374872
2009-01-27,-1.7,-6.061241815197798,-6.038876693379453
2009-01-28,5.0,0.6115567166294404,-6.061241815197798
2009-01-29,2.2,-2.2204826907082813,0.6115567166294404
2009-01-30,1.7,-2.7573578242646484,-2.2204826907082813
2009-01-31,-2.8,-7.299062632437504,-2.7573578242646484
2009-02-01,11.1,6.554412800686579,-7.299062632437504
2009-02-02,11.7,7.10308227364625,6.554412800686579
2009-02-03,1.1,-3.553036521501603,7.10308227364625
2009-02-04,-1.1,-5.813921995770716,-3.553036521501603
2009-02-05,-5.0,-9.779548667358338,-5.813921995770716
2009-02-06,0.0,-4.84988717330538,-9.779548667358338
2009-02-07,10.0,5.075095711291938,-4.84988717330538
2009-02-08,14.4,9.395437046533758,5.075095711291938
2009-02-09,7.2,2.111177693465481,9.395437046533758
2009-02-10,10.0,4.822362272376677,2.111177693465481
2009-02-11,18.3,13.029039113721836,4.822362272376677
2009-02-12,13.9,8.531260201753346,13.029039113721836
2009-02-13,6.7,1.2290811109757511,8.531260201753346
2009-02-14,5.0,-0.577439064451502,1.2290811109757511
2009-02-15,5.6,-0.08823778821758221,-0.577439064451502
2009-02-16,4.4,-1.4032491661072308,-0.08823778821758221
2009-02-17,4.4,-1.5224040368111336,-1.4032491661072308
2009-02-18,6.7,0.6543699308971345,-1.5224040368111336
2009-02-19,10.0,3.8271481348306926,0.6543699308971345
2009-02-20,0.6,-5.703991069865698,3.8271481348306926
2009-02-21,5.6,-0.8389664856512233,-5.703991069865698
2009-02-22,6.7,0.12230580705336447,-0.8389664856512233
2009-02-23,1.1,-5.620087675641246,0.12230580705336447
2009-02-24,2.8,-4.066057951463595,-5.620087675641246
2009-02-25,5.6,-1.4155137069175803,-4.066057951463595
2009-02-26,10.0,2.831638563526126,-1.4155137069175803
2009-02-27,16.1,8.775494414304173,2.831638563526126
2009-02-28,12.2,4.716151302031418,8.775494414304173
2009-03-01,2.2,-5.446291564491071,4.716151302031418
2009-03-02,-2.2,-10.011733377181976,-5.446291564491071
2009-03-03,-3.3,-11.28007188414329,-10.011733377181976
2009-03-04,1.1,-7.051203547318517,-11.28007188414329
2009-03-05,6.1,-2.225023701976612,-7.051203547318517
2009-03-06,12.8,4.298573282351546,-2.225023701976612
2009-03-07,21.1,12.419693839861575,4.298573282351546
2009-03-08,17.8,8.938445045768926,12.419693839861575
2009-03-09,9.4,0.354934453288978,8.938445045768926
2009-03-10,8.3,-0.9307300693132472,0.354934453288978
2009-03-11,14.4,4.98155949877882,-0.9307300693132472
2009-03-12,6.7,-2.908088830731125,4.98155949877882
2009-03-13,4.4,-5.399567215703451,-2.908088830731125
2009-03-14,10.6,0.607231857575588,-5.399567215703451
2009-03-15,10.6,0.41241541749390365,0.607231857575588
2009-03-16,8.3,-2.08391014745739,0.41241541749390365
2009-03-17,12.8,2.2183607594354413,-2.08391014745739
2009-03-18,17.8,7.019332794273005,2.2183607594354413
2009-03-19,11.7,0.7191095270984356,7.019332794273005
2009-03-20,7.8,-3.3822066998176306,0.7191095270984356
2009-03-21,9.4,-1.9845149096343615,-3.3822066998176306
2009-03-22,12.2,0.6122843757775147,-1.9845149096343615
2009-03-23,6.7,-5.091710992763754,0.6122843757775147
2009-03-24,10.0,-1.996404915373553,-5.091710992763754
2009-03-25,11.1,-1.1017031614647816,-1.996404915373553
2009-03-26,7.2,-5.207513482584781,-1.1017031614647816
2009-03-27,17.2,4.586254280528832,-5.207513482584781
2009-03-28,14.4,1.579688096912598,4.586254280528832
2009-03-29,11.1,-1.9271263494144915,1.579688096912598
2009-03-30,11.7,-1.5341057477910507,-1.9271263494144915
2009-03-31,15.6,2.1588307573891505,-1.5341057477910507
2009-04-01,9.4,-4.248238508203919,2.1588307573891505
2009-04-02,17.8,3.9447621832552002,-4.248238508203919
2009-04-03,16.1,2.0379059009504026,3.9447621832552002
2009-04-04,12.2,-2.068736998141727,2.0379059009504026
2009-04-05,18.3,3.8249010845151385,-2.068736998141727
2009-04-06,12.8,-1.8811150498004992,3.8249010845151385
2009-04-07,9.4,-5.4867234284066075,-1.8811150498004992
2009-04-08,8.9,-6.19186493103302,-5.4867234284066075
2009-04-09,17.2,1.903516693911227,-6.19186493103302
2009-04-10,15.0,-0.5005251793757086,1.903516693911227
2009-04-11,10.0,-5.703940055262361,-0.5005251793757086
2009-04-12,9.4,-6.506680310351349,-5.703940055262361
2009-04-13,13.9,-2.2087011796928184,-6.506680310351349
2009-04-14,11.1,-5.20996073561564,-2.2087011796928184
2009-04-15,13.9,-2.610419859267056,-5.20996073561564
2009-04-16,17.8,1.0899577950299886,-2.610419859267056
2009-04-17,21.7,4.791205842473968,1.0899577950299886
2009-04-18,26.1,8.99335521739058,4.791205842473968
2009-04-19,17.2,-0.10356577041628512,8.99335521739058
2009-04-20,10.0,-7.499531372749168,-0.10356577041628512
2009-04-21,15.0,-2.6945183337348375,-7.499531372749168
2009-04-22,13.3,-4.588505814388995,-2.6945183337348375
2009-04-23,13.9,-4.181475311257371,-4.588505814388995
2009-04-24,22.2,3.9265894306221902,-4.181475311257371
2009-04-25,31.1,12.635702510177723,3.9265894306221902
2009-04-26,33.3,14.64587596790841,12.635702510177723
2009-04-27,28.9,10.05711988835138,14.64587596790841
2009-04-28,32.2,13.169442507111942,10.05711988835138
2009-04-29,20.6,1.3828503221476751,13.169442507111942
2009-04-30,16.1,-3.3026517910138438,1.3828503221476751
2009-05-01,21.7,2.1129395395462254,-3.3026517910138438
2009-05-02,20.0,0.22962630422357577,2.1129395395462254
2009-05-03,15.6,-4.3525907631062974,0.22962630422357577
2009-05-04,13.9,-6.233712057522327,-4.3525907631062974
2009-05-05,12.2,-8.113738973289713,-6.233712057522327
2009-05-06,18.3,-2.1926737722554357,-8.113738973289713
2009-05-07,21.1,0.4294805492224434,-2.1926737722554357
2009-05-08,23.3,2.4527203944380247,0.4294805492224434
2009-05-09,24.4,3.3770417012173617,2.4527203944380247
2009-05-10,21.1,-0.09755992286261161,3.3770417012173617
2009-05-11,18.9,-2.4710890652938815,-0.09755992286261161
2009-05-12,20.6,-0.9435503738730802,-2.4710890652938815
2009-05-13,19.4,-2.314948422728925,-0.9435503738730802
2009-05-14,19.4,-2.4852875795145266,-2.314948422728925
2009-05-15,24.4,2.3454281258658405,-2.4852875795145266
2009-05-16,21.7,-0.5228048693697929,2.3454281258658405
2009-05-17,18.9,-3.489989533766998,-0.5228048693697929
2009-05-18,14.4,-8.156128117133752,-3.489989533766998
2009-05-19,20.6,-2.1212220289981047,-8.156128117133752
2009-05-20,27.8,4.914728279637355,-2.1212220289981047
2009-05-21,30.0,6.951723430915415,4.914728279637355
2009-05-22,28.9,5.689765230799686,6.951723430915415
2009-05-23,22.8,-0.5711432245025883,5.689765230799686
2009-05-24,28.3,4.769002553333102,-0.5711432245025883
2009-05-25,27.2,3.510208541788849,4.769002553333102
2009-05-26,18.9,-4.94751770055996,3.510208541788849
2009-05-27,18.3,-5.704166947470842,-4.94751770055996
2009-05-28,16.1,-8.059728224065271,-5.704166947470842
2009-05-29,23.3,-1.0141887316924745,-8.059728224065271
2009-05-30,25.0,0.5324662211618296,-1.0141887316924745
2009-05-31,27.2,2.5802532817256676,0.5324662211618296
2009-06-01,21.7,-3.070808890629163,2.5802532817256676
2009-06-02,26.7,1.7793004254604128,-3.070808890629163
2009-06-03,22.2,-2.8693959435307015,1.7793004254604128
2009-06-04,20.0,-5.216873029748889,-2.8693959435307015
2009-06-05,15.6,-9.7631036946569,-5.216873029748889
2009-06-06,24.4,-1.108058606780741,-9.7631036946569
2009-06-07,27.8,2.148293773420516,-1.108058606780741
2009-06-08,23.9,-1.894012798489996,2.148293773420516
2009-06-09,21.7,-4.23494235017975,-1.894012798489996
2009-06-10,19.4,-6.6744566990216825,-4.23494235017975
2009-06-11,17.8,-8.412515465785699,-6.6744566990216825
2009-06-12,26.7,0.3509239044772805,-8.412515465785699
2009-06-13,22.8,-3.684093885597658,0.3509239044772805
2009-06-14,22.8,-3.8175220208091076,-3.684093885597658
2009-06-15,22.2,-4.549311615514689,-3.8175220208091076
2009-06-16,21.1,-5.77941176266242,-4.549311615514689
2009-06-17,20.0,-7.007769589610273,-5.77941176266242
2009-06-18,17.8,-9.33433032059822,-7.007769589610273
2009-06-19,25.0,-2.2590373457195376,-9.33433032059822
2009-06-20,21.7,-5.681832296220676,-2.2590373457195376
2009-06-21,25.6,-1.902655125942978,-5.681832296220676
2009-06-22,23.9,-3.7214441987026667,-1.902655125942978
2009-06-23,26.7,-1.0381363813903555,-3.7214441987026667
2009-06-24,24.4,-3.4526671425561943,-1.0381363813903555
2009-06-25,26.7,-1.2649706562322613,-3.4526671425561943
2009-06-26,28.3,0.22502008926987216,-1.2649706562322613
2009-06-27,27.2,-0.9826268221386307,0.22502008926987216
2009-06-28,27.8,-0.4878423522342672,-0.9826268221386307
2009-06-29,27.2,-1.1905566305054052,-0.4878423522342672
2009-06-30,28.9,0.4093009200194331,-1.1905566305054052
2009-07-01,27.2,-1.3881985465411937,0.4093009200194331
2009-07-02,24.4,-4.282983431390182,-1.3881985465411937
2009-07-03,25.6,-3.1749818263393905,-4.282983431390182
2009-07-04,26.1,-2.7641216515718767,-3.1749818263393905
2009-07-05,26.1,-2.850330795528283,-2.7641216515718767
2009-07-06,28.3,-0.7335372565614229,-2.850330795528283
2009-07-07,26.1,-3.0136692859983896,-0.7335372565614229
2009-07-08,25.0,-4.190655532246204,-3.0136692859983896
2009-07-09,22.8,-6.464425185574118,-4.190655532246204
2009-07-10,25.6,-3.7349081232043275,-6.464425185574118
2009-07-11,25.6,-3.802035054341985,-3.7349081232043275
2009-07-12,27.2,-2.265737664775802,-3.802035054341985
2009-07-13,26.1,-3.4259487606817594,-2.265737664775802
2009-07-14,26.1,-3.4826024112647467,-3.4259487606817594
2009-07-15,27.8,-1.8356340898761019,-3.4826024112647467
2009-07-16,28.9,-0.7849808132490921,-1.8356340898761019
2009-07-17,30.0,0.2694187215002586,-0.7849808132490921
2009-07-18,28.3,-1.4723759975460773,0.2694187215002586
2009-07-19,27.2,-2.610307428606017,-1.4723759975460773
2009-07-20,27.2,-2.6443201044419027,-2.610307428606017
2009-07-21,21.7,-8.17436075702821,-2.6443201044419027
2009-07-22,27.8,-2.100378438328786,-8.17436075702821
2009-07-23,25.0,-4.922324636879889,-2.100378438328786
2009-07-24,25.6,-4.340153389886829,-4.922324636879889
2009-07-25,28.3,-1.653821390553663,-4.340153389886829
2009-07-26,28.9,-1.0632880903780197,-1.653821390553663
2009-07-27,28.3,-1.6685157961565409,-1.0632880903780197
2009-07-28,29.4,-0.569469761460283,-1.6685157961565409
2009-07-29,28.3,-1.6661182723540087,-0.569469761460283
2009-07-30,29.4,-0.5584327271485776,-1.6661182723540087
2009-07-31,29.4,-0.5463877099910732,-0.5584327271485776
2009-08-01,28.3,-1.6299610581138175,-0.5463877099910732
2009-08-02,23.3,-6.609133922579851,-1.6299610581138175
2009-08-03,28.9,-0.9838908223794753,-6.609133922579851
2009-08-04,28.3,-1.5542196917501592,-0.9838908223794753
2009-08-05,29.4,-0.42011192060938995,-1.5542196917501592
2009-08-06,25.0,-4.781562388008457,-0.42011192060938995
2009-08-07,26.1,-3.638569488533161,-4.781562388008457
2009-08-08,25.6,-4.091135151595836,-3.638569488533161
2009-08-09,26.1,-3.5392648535816384,-4.091135151595836
2009-08-10,32.8,3.2170323771694243,-3.5392648535816384
2009-08-11,30.6,1.0777439625445702,3.2170323771694243
2009-08-12,26.1,-3.357146216014275,1.0777439625445702
2009-08-13,22.2,-7.1876578010746215,-3.357146216014275
2009-08-14,30.0,0.6861860642750273,-7.1876578010746215
2009-08-15,31.1,1.8643587668926358,0.6861860642750273
2009-08-16,32.8,3.6468302609373175,1.8643587668926358
2009-08-17,33.3,4.233567112001779,3.6468302609373175
2009-08-18,32.2,3.2245325478957803,4.233567112001779
2009-08-19,32.2,3.31968651593661,3.2245325478957803
2009-08-20,31.7,2.9189857465864044,3.31968651593661
2009-08-21,31.7,3.0223838232593607,2.9189857465864044
2009-08-22,27.2,-1.3701687418932238,3.0223838232593607
2009-08-23,28.9,0.4412755735724403,-1.3701687418932238
2009-08-24,27.8,-0.5433386105035254,0.4412755735724403
2009-08-25,28.3,0.07593051553153884,-0.5433386105035254
2009-08-26,29.4,1.2990220486225503,0.07593051553153884
2009-08-27,25.6,-2.374127524712133,1.2990220486225503
2009-08-28,22.2,-5.643584221571675,-2.374127524712133
2009-08-29,22.2,-5.509416451620403,-5.643584221571675
2009-08-30,27.2,-0.37169490208755107,-5.509416451620403
2009-08-31,22.2,-5.2304924191235,-0.37169490208755107
2009-09-01,23.3,-3.985883885826034,-5.2304924191235
2009-09-02,25.0,-2.137946097257654,-3.985883885826034
2009-09-03,25.6,-1.3867576327822029,-2.137946097257654
2009-09-04,28.3,1.4676012739449398,-1.3867576327822029
2009-09-05,28.9,2.225048866993788,1.4676012739449398
2009-09-06,23.9,-2.6144979981599334,2.225048866993788
2009-09-07,23.3,-3.051123719638099,-2.6144979981599334
2009-09-08,23.3,-2.884913813196345,-3.051123719638099
2009-09-09,24.4,-1.615954775644017,-2.884913813196345
2009-09-10,20.0,-5.84433394799899,-1.615954775644017
2009-09-11,18.9,-6.770139378728416,-5.84433394799899
2009-09-12,19.4,-6.093459687424502,-6.770139378728416
2009-09-13,26.1,0.7856160707374684,-6.093459687424502
2009-09-14,24.4,-0.7330014605848909,0.7856160707374684
2009-09-15,25.6,0.6505981940495289,-0.7330014605848909
2009-09-16,21.1,-3.663674526983961,0.6505981940495289
2009-09-17,17.2,-7.375909093353478,-3.663674526983961
2009-09-18,23.3,-1.0861947561977345,-7.375909093353478
2009-09-19,21.1,-3.0946204243168083,-1.0861947561977345
2009-09-20,22.8,-1.2012745434312926,-3.0946204243168083
2009-09-21,23.9,0.09375502119436163,-1.2012745434312926
2009-09-22,22.8,-0.8096189015211408,0.09375502119436163
2009-09-23,26.7,3.288517321327017,-0.8096189015211408
2009-09-24,27.8,4.588078232245778,3.288517321327017
2009-09-25,20.6,-2.411020615476943,4.588078232245778
2009-09-26,19.4,-3.40886256126792,-2.411020615476943
2009-09-27,20.0,-2.6055297456625226,-3.40886256126792
2009-09-28,22.2,-0.20110302380589928,-2.6055297456625226
2009-09-29,18.9,-3.2956618842562158,-0.20110302380589928
2009-09-30,15.6,-6.389284373268795,-3.2956618842562158
2009-10-01,12.8,-8.98204702472464,-6.389284373268795
2009-10-02,17.8,-3.77402479585027,-8.98204702472464
2009-10-03,21.1,-0.2652910088593359,-3.77402479585027
2009-10-04,23.3,2.144082701370465,-0.2652910088593359
2009-10-05,19.4,-1.5459735665108774,2.144082701370465
2009-10-06,18.9,-1.835527940344111,-1.5459735665108774
2009-10-07,20.6,0.07535325924963843,-1.835527940344111
2009-10-08,17.2,-3.1133944537350082,0.07535325924963843
2009-10-09,20.6,0.49816629036879334,-3.1133944537350082
2009-10-10,18.9,-0.9900252683902515,0.49816629036879334
2009-10-11,17.8,-1.8780280112079843,-0.9900252683902515
2009-10-12,11.7,-7.765898938458733,-1.8780280112079843
2009-10-13,17.8,-1.4536931738900947,-7.765898938458733
2009-10-14,11.7,-7.341463975014712,-1.4536931738900947
2009-10-15,8.3,-10.52926274961683,-7.341463975014712
2009-10-16,7.8,-10.817139078275329,-10.52926274961683
2009-10-17,8.9,-9.505140742786784,-10.817139078275329
2009-10-18,7.2,-10.993313760356354,-9.505140742786784
2009-10-19,12.8,-5.181702423407689,-10.993313760356354
2009-10-20,18.3,0.5296506551528566,-5.181702423407689
2009-10-21,20.0,2.4407044913976463,0.5296506551528566
2009-10-22,23.3,5.95141967475935,2.4407044913976463
2009-10-23,17.8,0.6617583075422395,5.95141967475935
2009-10-24,18.3,1.3716839397855125,0.6617583075422395
2009-10-25,16.7,-0.0188385002850886,1.3716839397855125
2009-10-26,15.6,-0.909842779969436,-0.0188385002850886
2009-10-27,12.8,-3.5013614397086315,-0.909842779969436
2009-10-28,13.9,-2.1934258743332453,-3.5013614397086315
2009-10-29,13.9,-1.9860664176630216,-2.1934258743332453
2009-10-30,15.0,-0.6793124301671476,-1.9860664176630216
2009-10-31,21.7,6.226807610614037,-0.6793124301671476
2009-11-01,14.4,-0.867733982806973,6.226807610614037
2009-11-02,12.8,-2.2629642028810064,-0.867733982806973
2009-11-03,15.6,0.7410905561414758,-2.2629642028810064
2009-11-04,11.1,-3.5555956001206077,0.7410905561414758
2009-11-05,11.7,-2.753048165675345,-3.5555956001206077
2009-11-06,10.0,-4.251292334486399,-2.753048165675345
2009-11-07,11.7,-2.350353101298534,-4.251292334486399
2009-11-08,20.6,6.749744637376589,-2.350353101298534
2009-11-09,19.4,5.74897598245192,6.749744637376589
2009-11-10,18.3,4.847315931970767,5.74897598245192
2009-11-11,13.9,0.644739281662206,4.847315931970767
2009-11-12,10.0,-3.0587794733201115,0.644739281662206
2009-11-13,12.8,-0.06326623514588547,-3.0587794733201115
2009-11-14,13.9,1.231252601783357,-0.06326623514588547
2009-11-15,18.9,6.4247500580861665,1.231252601783357
2009-11-16,15.0,2.7171984791286423,6.4247500580861665
2009-11-17,12.8,0.7085694475356288,2.7171984791286423
2009-11-18,11.7,-0.20116630121381718,0.7085694475356288
2009-11-19,15.0,3.2879610401855537,-0.20116630121381718
2009-11-20,16.1,4.57592027349607,3.2879610401855537
2009-11-21,13.9,2.562679121499782,4.57592027349607
2009-11-22,12.8,1.6482041587543943,2.562679121499782
2009-11-23,10.0,-0.967539253207633,1.6482041587543943
2009-11-24,14.4,3.615412974001025,-0.967539253207633
2009-11-25,10.6,-0.002976399591801737,3.615412974001025
2009-11-26,13.9,3.4772540075841434,-0.002976399591801737
2009-11-27,10.0,-0.24393584614317376,3.4772540075841434
2009-11-28,10.0,-0.06658746497824808,-0.24393584614317376
2009-11-29,15.0,5.109256150713373,-0.06658746497824808
2009-11-30,13.9,4.183550476588348,5.109256150713373
2009-12-01,8.3,-1.243750557545134,4.183550476588348
2009-12-02,13.3,3.927305416465938,-1.243750557545134
2009-12-03,18.9,9.696669195476844,3.927305416465938
2009-12-04,11.1,2.0642900016503862,9.696669195476844
2009-12-05,7.2,-1.6698845146249814,2.0642900016503862
2009-12-06,3.3,-5.4059082654558095,-1.6698845146249814
2009-12-07,3.9,-4.64383670977376,-5.4059082654558095
2009-12-08,6.7,-1.6837268312630735,-4.64383670977376
2009-12-09,11.7,3.474362890107841,-1.6837268312630735
2009-12-10,7.8,-0.26962748707370476,3.474362890107841
2009-12-11,-1.7,-9.615759324496123,-0.26962748707370476
2009-12-12,2.8,-4.964095356687323,-9.615759324496123
2009-12-13,11.1,3.485300362610669,-4.964095356687323
2009-12-14,7.8,0.3323625201595455,3.485300362610669
2009-12-15,11.1,3.777024608921133,0.3323625201595455
2009-12-16,5.6,-1.580781000399102,3.777024608921133
2009-12-17,-0.6,-7.6411229821093825,-1.580781000399102
2009-12-18,-1.1,-8.004070972754835,-7.6411229821093825
2009-12-19,-1.1,-7.869695482987192,-8.004070972754835
2009-12-20,1.1,-5.538067804277828,-7.869695482987192
2009-12-21,2.2,-4.3092599106856975,-5.538067804277828
2009-12-22,2.2,-4.183344355906629,-4.3092599106856975
2009-12-23,-1.1,-7.36039416584452,-4.183344355906629
2009-12-24,3.9,-2.2404827269580543,-7.36039416584452
2009-12-25,3.3,-2.723683670649989,-2.2404827269580543
2009-12-26,12.2,6.28992924602264,-2.723683670649989
2009-12-27,12.8,7.000282263027027,6.28992924602264
2009-12-28,6.1,0.40730174312127154,7.000282263027027
2009-12-29,-0.6,-6.189085699601347,0.40730174312127154
2009-12-30,0.0,-5.488953068709965,-6.189085699601347
2009-12-31,1.7,-3.6923728523031496,-5.488953068709965
2010-01-01,4.4,-0.8767525319556695,-3.6923728523031496
2010-01-02,1.1,-4.088426693036636,-0.8767525319556695
2010-01-03,-5.6,-10.70388365492048,-4.088426693036636
2010-01-04,-1.1,-6.123192194449961,-10.70388365492048
2010-01-05,-1.1,-6.046419852620312,-6.123192194449961
2010-01-06,1.1,-3.7736327959344167,-6.046419852620312
2010-01-07,2.8,-2.0048956781643534,-3.7736327959344167
2010-01-08,0.6,-4.140271502879783,-2.0048956781643534
2010-01-09,-1.1,-5.77982148710308,-4.140271502879783
2010-01-10,-2.2,-6.823604926449855,-5.77982148710308
2010-01-11,-0.6,-5.171679062111095,-6.823604926449855
2010-01-12,1.7,-2.8240989500299953,-5.171679062111095
2010-01-13,1.7,-2.780917332622205,-2.8240989500299953
2010-01-14,5.6,1.1578154866169017,-2.780917332622205
2010-01-15,10.0,5.592051765280337,1.1578154866169017
2010-01-16,9.4,5.021746440662561,5.592051765280337
2010-01-17,7.8,3.44685724449477,5.021746440662561
2010-01-18,10.0,5.667344813488587,3.44685724449477
2010-01-19,8.9,4.583172795383841,5.667344813488587
2010-01-20,5.0,0.694307950206638,4.583172795383841
2010-01-21,5.0,0.7007202464551137,0.694307950206638
2010-01-22,6.7,2.4023829519422355,0.7007202464551137
2010-01-23,4.4,0.09927271903791102,2.4023829519422355
2010-01-24,10.0,5.6913696640658635,0.09927271903791102
2010-01-25,13.9,9.578657440625129,5.6913696640658635
2010-01-26,9.4,5.061123306620548,9.578657440625129
2010-01-27,3.9,-0.46124181519779794,5.061123306620548
2010-01-28,5.6,1.21155671662944,-0.46124181519779794
2010-01-29,-5.0,-9.420482690708281,1.21155671662944
2010-01-30,-6.7,-11.157357824264649,-9.420482690708281
2010-01-31,-1.1,-5.599062632437505,-11.157357824264649
2010-02-01,1.7,-2.84558719931342,-5.599062632437505
2010-02-02,0.6,-3.996917726353749,-2.84558719931342
2010-02-03,3.9,-0.753036521501603,-3.996917726353749
2010-02-04,2.8,-1.9139219957707168,-0.753036521501603
2010-02-05,2.2,-2.5795486673583383,-1.9139219957707168
2010-02-06,0.6,-4.24988717330538,-2.5795486673583383
2010-02-07,1.1,-3.8249042887080615,-4.24988717330538
2010-02-08,2.8,-2.204562953466242,-3.8249042887080615
2010-02-09,5.6,0.5111776934654806,-2.204562953466242
2010-02-10,1.1,-4.077637727623323,0.5111776934654806
2010-02-11,2.8,-2.4709608862781653,-4.077637727623323
2010-02-12,2.8,-2.5687397982466544,-2.4709608862781653
2010-02-13,0.0,-5.470918889024249,-2.5687397982466544
2010-02-14,3.9,-1.677439064451502,-5.470918889024249
2010-02-15,4.4,-1.2882377882175815,-1.677439064451502
2010-02-16,0.6,-5.2032491661072315,-1.2882377882175815
2010-02-17,1.7,-4.222404036811134,-5.2032491661072315
2010-02-18,4.4,-1.6456300691028654,-4.222404036811134
2010-02-19,6.1,-0.07285186516930775,-1.6456300691028654
2010-02-20,6.7,0.39600893013430216,-0.07285186516930775
2010-02-21,7.8,1.3610335143487768,0.39600893013430216
2010-02-22,7.2,0.6223058070533645,1.3610335143487768
2010-02-23,3.3,-3.4200876756412457,0.6223058070533645
2010-02-24,5.6,-1.266057951463595,-3.4200876756412457
2010-02-25,3.3,-3.71551370691758,-1.266057951463595
2010-02-26,0.6,-6.568361436473874,-3.71551370691758
2010-02-27,3.3,-4.024505585695827,-6.568361436473874
2010-02-28,4.4,-3.0838486979685813,-4.024505585695827
2010-03-01,8.9,1.253708435508929,-3.0838486979685813
2010-03-02,8.3,0.4882666228180259,1.253708435508929
2010-03-03,5.0,-2.9800718841432907,0.4882666228180259
2010-03-04,8.3,0.14879645268148423,-2.9800718841432907
2010-03-05,9.4,1.0749762980233886,0.14879645268148423
2010-03-06,12.2,3.6985732823515445,1.0749762980233886
2010-03-07,13.9,5.2196938398615735,3.6985732823515445
2010-03-08,16.1,7.238445045768927,5.2196938398615735
2010-03-09,16.1,7.054934453288979,7.238445045768927
2010-03-10,13.9,4.6692699306867524,7.054934453288979
2010-03-11,11.7,2.281559498778819,4.6692699306867524
2010-03-12,6.1,-3.5080888307311255,2.281559498778819
2010-03-13,7.8,-1.9995672157034514,-3.5080888307311255
2010-03-14,10.0,0.0072318575755883074,-1.9995672157034514
2010-03-15,7.8,-2.387584582506096,0.0072318575755883074
2010-03-16,17.2,6.816089852542609,-2.387584582506096
2010-03-17,18.9,8.31836075943544,6.816089852542609
2010-03-18,20.6,9.819332794273006,8.31836075943544
2010-03-19,22.2,11.219109527098436,9.819332794273006
2010-03-20,23.3,12.11779330018237,11.219109527098436
2010-03-21,17.8,6.415485090365639,12.11779330018237
2010-03-22,13.9,2.3122843757775158,6.415485090365639
2010-03-23,11.7,-0.09171099276375472,2.3122843757775158
2010-03-24,15.6,3.6035950846264466,-0.09171099276375472
2010-03-25,16.7,4.498296838535218,3.6035950846264466
2010-03-26,11.1,-1.3075134825847812,4.498296838535218
2010-03-27,6.7,-5.913745719471167,-1.3075134825847812
2010-03-28,9.4,-3.420311903087402,-5.913745719471167
2010-03-29,11.7,-1.3271263494144918,-3.420311903087402
2010-03-30,10.0,-3.23410574779105,-1.3271263494144918
2010-03-31,13.9,0.45883075738915124,-3.23410574779105
2010-04-01,21.1,7.451761491796082,0.45883075738915124
2010-04-02,20.0,6.1447621832551995,7.451761491796082
2010-04-03,19.4,5.3379059009504,6.1447621832551995
2010-04-04,24.4,10.131263001858272,5.3379059009504
2010-04-05,23.9,9.424901084515136,10.131263001858272
2010-04-06,25.6,10.918884950199502,9.424901084515136
2010-04-07,33.3,18.41327657159339,10.918884950199502
2010-04-08,26.7,11.608135068966979,18.41327657159339
2010-04-09,20.0,4.703516693911228,11.608135068966979
2010-04-10,16.7,1.1994748206242907,4.703516693911228
2010-04-11,24.4,8.696059944737637,1.1994748206242907
2010-04-12,19.4,3.493319689648649,8.696059944737637
2010-04-13,13.3,-2.808701179692818,3.493319689648649
2010-04-14,19.4,3.090039264384359,-2.808701179692818
2010-04-15,22.8,6.289580140732944,3.090039264384359
2010-04-16,13.9,-2.810042204970012,6.289580140732944
2010-04-17,12.2,-4.708794157526032,-2.810042204970012
2010-04-18,13.9,-3.2066447826094215,-4.708794157526032
2010-04-19,17.2,-0.10356577041628512,-3.2066447826094215
2010-04-20,21.1,3.6004686272508337,-0.10356577041628512
2010-04-21,20.6,2.905481666265164,3.6004686272508337
2010-04-22,22.2,4.311494185611004,2.905481666265164
2010-04-23,20.0,1.9185246887426288,4.311494185611004
2010-04-24,20.0,1.726589430622191,1.9185246887426288
2010-04-25,11.1,-7.364297489822279,1.726589430622191
2010-04-26,11.7,-6.954124032091588,-7.364297489822279
2010-04-27,14.4,-4.442880111648618,-6.954124032091588
2010-04-28,13.3,-5.73055749288806,-4.442880111648618
2010-04-29,20.6,1.3828503221476751,-5.73055749288806
2010-04-30,25.6,6.197348208986156,1.3828503221476751
2010-05-01,29.4,9.812939539546225,6.197348208986156
2010-05-02,31.1,11.329626304223577,9.812939539546225
2010-05-03,26.7,6.747409236893702,11.329626304223577
2010-05-04,27.2,7.066287942477672,6.747409236893702
2010-05-05,26.7,6.386261026710287,7.066287942477672
2010-05-06,25.6,5.107326227744565,6.386261026710287
2010-05-07,22.8,2.1294805492224427,5.107326227744565
2010-05-08,24.4,3.5527203944380226,2.1294805492224427
2010-05-09,11.1,-9.922958298782637,3.5527203944380226
2010-05-10,16.1,-5.097559922862612,-9.922958298782637
2010-05-11,13.3,-8.07108906529388,-5.097559922862612
2010-05-12,8.9,-12.643550373873081,-8.07108906529388
2010-05-13,19.4,-2.314948422728925,-12.643550373873081
2010-05-14,26.7,4.814712420485474,-2.314948422728925
2010-05-15,22.8,0.7454281258658426,4.814712420485474
2010-05-16,22.2,-0.02280486936979287,0.7454281258658426
2010-05-17,23.3,0.910010466233004,-0.02280486936979287
2010-05-18,16.7,-5.856128117133753,0.910010466233004
2010-05-19,17.8,-4.9212220289981055,-5.856128117133753
2010-05-20,26.1,3.214728279637356,-4.9212220289981055
2010-05-21,29.4,6.351723430915413,3.214728279637356
2010-05-22,23.3,0.08976523079968857,6.351723430915413
2010-05-23,21.7,-1.6711432245025897,0.08976523079968857
2010-05-24,22.8,-0.7309974466668976,-1.6711432245025897
2010-05-25,27.8,4.11020854178885,-0.7309974466668976
2010-05-26,33.3,9.452482299440039,4.11020854178885
2010-05-27,28.3,4.295833052529158,9.452482299440039
2010-05-28,21.1,-3.059728224065271,4.295833052529158
2010-05-29,25.0,0.6858112683075248,-3.059728224065271
2010-05-30,28.9,4.432466221161828,0.6858112683075248
2010-05-31,30.0,5.380253281725668,4.432466221161828
2010-06-01,29.4,4.629191109370836,5.380253281725668
2010-06-02,30.6,5.679300425460415,4.629191109370836
2010-06-03,30.6,5.530604056469301,5.679300425460415
2010-06-04,31.1,5.883126970251112,5.530604056469301
2010-06-05,31.1,5.736896305343102,5.883126970251112
2010-06-06,31.7,6.19194139321926,5.736896305343102
2010-06-07,23.9,-1.7517062265794863,6.19194139321926
2010-06-08,23.9,-1.894012798489996,-1.7517062265794863
2010-06-09,20.0,-5.93494235017975,-1.894012798489996
2010-06-10,23.3,-2.7744566990216804,-5.93494235017975
2010-06-11,21.7,-4.5125154657857,-2.7744566990216804
2010-06-12,26.1,-0.24907609552271737,-4.5125154657857
2010-06-13,25.6,-0.8840938855976574,-0.24907609552271737
2010-06-14,26.1,-0.5175220208091069,-0.8840938855976574
2010-06-15,27.2,0.4506883844853107,-0.5175220208091069
2010-06-16,23.9,-2.979411762662423,0.4506883844853107
2010-06-17,23.3,-3.7077695896102725,-2.979411762662423
2010-06-18,30.0,2.8656696794017797,-3.7077695896102725
2010-06-19,27.2,-0.05903734571953834,2.8656696794017797
2010-06-20,31.7,4.318167703779324,-0.05903734571953834
2010-06-21,30.6,3.097344874057022,4.318167703779324
2010-06-22,30.6,2.978555801297336,3.097344874057022
2010-06-23,31.7,3.9618636186096445,2.978555801297336
2010-06-24,33.3,5.447332857443804,3.9618636186096445
2010-06-25,30.6,2.635029343767741,5.447332857443804
2010-06-26,31.7,3.6250200892698707,2.635029343767741
2010-06-27,32.8,4.617373177861367,3.6250200892698707
2010-06-28,33.9,5.612157647765731,4.617373177861367
2010-06-29,32.8,4.409443369494593,5.612157647765731
2010-06-30,26.1,-2.390699079980564,4.409443369494593
2010-07-01,25.0,-3.588198546541193,-2.390699079980564
2010-07-02,27.8,-0.8829834313901799,-3.588198546541193
2010-07-03,31.7,2.9250181736606073,-0.8829834313901799
2010-07-04,35.6,6.735878348428123,2.9250181736606073
2010-07-05,37.2,8.249669204471719,6.735878348428123
2010-07-06,39.4,10.366462743438575,8.249669204471719
2010-07-07,37.8,8.686330714001606,10.366462743438575
2010-07-08,31.7,2.5093444677537953,8.686330714001606
2010-07-09,32.2,2.935574814425884,2.5093444677537953
2010-07-10,28.3,-1.0349081232043282,2.935574814425884
2010-07-11,34.4,4.997964945658012,-1.0349081232043282
2010-07-12,34.4,4.934262335224197,4.997964945658012
2010-07-13,28.3,-1.22594876068176,4.934262335224197
2010-07-14,26.1,-3.4826024112647467,-1.22594876068176
2010-07-15,30.6,0.9643659101238988,-3.4826024112647467
2010-07-16,33.9,4.215019186750908,0.9643659101238988
2010-07-17,34.4,4.669418721500257,4.215019186750908
2010-07-18,34.4,4.627624002453921,4.669418721500257
2010-07-19,33.3,3.489692571393981,4.627624002453921
2010-07-20,31.7,1.8556798955580973,3.489692571393981
2010-07-21,33.9,4.025639242971788,1.8556798955580973
2010-07-22,32.2,2.2996215616712163,4.025639242971788
2010-07-23,30.6,0.6776753631201125,2.2996215616712163
2010-07-24,36.1,6.159846610113171,0.6776753631201125
2010-07-25,33.9,3.946178609446335,6.159846610113171
2010-07-26,30.6,0.6367119096219831,3.946178609446335
2010-07-27,32.8,2.8314842038434556,0.6367119096219831
2010-07-28,31.7,1.7305302385397177,2.8314842038434556
2010-07-29,31.7,1.73388172764599,1.7305302385397177
2010-07-30,29.4,-0.5584327271485776,1.73388172764599
2010-07-31,29.4,-0.5463877099910732,-0.5584327271485776
2010-08-01,26.7,-3.229961058113819,-0.5463877099910732
2010-08-02,29.4,-0.5091339225798528,-3.229961058113819
2010-08-03,30.0,0.11610917762052608,-0.5091339225798528
2010-08-04,32.8,2.9457803082498373,0.11610917762052608
2010-08-05,35.0,5.1798880793906115,2.9457803082498373
2010-08-06,32.2,2.4184376119915463,5.1798880793906115
2010-08-07,30.6,0.861430511466839,2.4184376119915463
2010-08-08,31.7,2.008864848404162,0.861430511466839
2010-08-09,34.4,4.760735146418359,2.008864848404162
2010-08-10,33.3,3.7170323771694243,4.760735146418359
2010-08-11,33.9,4.377743962544567,3.7170323771694243
2010-08-12,24.4,-5.057146216014278,4.377743962544567
2010-08-13,27.8,-1.58765780107462,-5.057146216014278
2010-08-14,27.8,-1.513813935724972,-1.58765780107462
2010-08-15,25.0,-4.235641233107366,-1.513813935724972
2010-08-16,30.0,0.8468302609373204,-4.235641233107366
2010-08-17,32.8,3.7335671120017793,0.8468302609373204
2010-08-18,30.0,1.0245325478957774,3.7335671120017793
2010-08-19,32.8,3.919686515936604,1.0245325478957774
2010-08-20,32.2,3.418985746586408,3.919686515936604
2010-08-21,29.4,0.72238382325936,3.418985746586408
2010-08-22,26.7,-1.8701687418932238,0.72238382325936
2010-08-23,21.1,-7.358724426427557,-1.8701687418932238
2010-08-24,21.1,-7.243338610503525,-7.358724426427557
2010-08-25,20.6,-7.6240694844684604,-7.243338610503525
2010-08-26,27.8,-0.30097795137744754,-7.6240694844684604
2010-08-27,26.1,-1.874127524712133,-0.30097795137744754
2010-08-28,28.3,0.45641577842832604,-1.874127524712133
2010-08-29,34.4,6.690583548379596,0.45641577842832604
2010-08-30,33.3,5.728305097912447,6.690583548379596
2010-08-31,35.6,8.169507580876502,5.728305097912447
2010-09-01,35.6,8.314116114173967,8.169507580876502
2010-09-02,34.4,7.262053902742345,8.314116114173967
2010-09-03,29.4,2.4132423672177943,7.262053902742345
2010-09-04,27.2,0.36760127394493836,2.4132423672177943
2010-09-05,25.6,-1.0749511330062091,0.36760127394493836
2010-09-06,26.7,0.18550200184006727,-1.0749511330062091
2010-09-07,31.7,5.3488762803619,0.18550200184006727
2010-09-08,32.2,6.015086186803657,5.3488762803619
2010-09-09,21.1,-4.915954775644014,6.015086186803657
2010-09-10,23.3,-2.5443339479989895,-4.915954775644014
2010-09-11,26.1,0.42986062127158675,-2.5443339479989895
2010-09-12,19.4,-6.093459687424502,0.42986062127158675
2010-09-13,25.0,-0.314383929262533,-6.093459687424502
2010-09-14,24.4,-0.7330014605848909,-0.314383929262533
2010-09-15,22.2,-2.7494018059504732,-0.7330014605848909
2010-09-16,22.2,-2.563674526983963,-2.7494018059504732
2010-09-17,21.7,-2.875909093353478,-2.563674526983963
2010-09-18,21.1,-3.286194756197734,-2.875909093353478
2010-09-19,27.2,3.0053795756831896,-3.286194756197734
2010-09-20,23.3,-0.7012745434312926,3.0053795756831896
2010-09-21,23.3,-0.5062449788056362,-0.7012745434312926
2010-09-22,30.6,6.99038109847886,-0.5062449788056362
2010-09-23,27.2,3.788517321327017,6.99038109847886
2010-09-24,29.4,6.1880782322457755,3.788517321327017
2010-09-25,31.7,8.688979384523055,6.1880782322457755
2010-09-26,22.2,-0.6088625612679195,8.688979384523055
2010-09-27,22.2,-0.4055297456625233,-0.6088625612679195
2010-09-28,22.8,0.39889697619410214,-0.4055297456625233
2010-09-29,25.6,3.404338115743787,0.39889697619410214
2010-09-30,23.9,1.9107156267312035,3.404338115743787
2010-10-01,23.3,1.5179529752753602,1.9107156267312035
2010-10-02,18.9,-2.674024795850272,1.5179529752753602
2010-10-03,17.8,-3.5652910088593366,-2.674024795850272
2010-10-04,12.8,-8.355917298629535,-3.5652910088593366
2010-10-05,16.1,-4.8459735665108745,-8.355917298629535
2010-10-06,17.8,-2.935527940344109,-4.8459735665108745
2010-10-07,21.7,1.1753532592496363,-2.935527940344109
2010-10-08,22.8,2.486605546264993,1.1753532592496363
2010-10-09,22.2,2.098166290368791,2.486605546264993
2010-10-10,20.6,0.7099747316097513,2.098166290368791
2010-10-11,23.9,4.2219719887920135,0.7099747316097513
2010-10-12,20.6,1.1341010615412692,4.2219719887920135
2010-10-13,17.8,-1.4536931738900947,1.1341010615412692
2010-10-14,17.2,-1.8414639750147117,-1.4536931738900947
2010-10-15,13.9,-4.92926274961683,-1.8414639750147117
2010-10-16,14.4,-4.217139078275329,-4.92926274961683
2010-10-17,20.6,2.194859257213217,-4.217139078275329
2010-10-18,15.6,-2.593313760356354,2.194859257213217
2010-10-19,15.0,-2.9817024234076897,-2.593313760356354
2010-10-20,15.0,-2.770349344847144,-2.9817024234076897
2010-10-21,16.7,-0.8592955086023544,-2.770349344847144
2010-10-22,11.7,-5.648580325240651,-0.8592955086023544
2010-10-23,17.8,0.6617583075422395,-5.648580325240651
2010-10-24,20.0,3.071683939785512,0.6617583075422395
2010-10-25,23.3,6.581161499714913,3.071683939785512
2010-10-26,22.2,5.690157220030564,6.581161499714913
2010-10-27,23.9,7.598638560291366,5.690157220030564
2010-10-28,23.3,7.206574125666755,7.598638560291366
2010-10-29,13.9,-1.9860664176630216,7.206574125666755
2010-10-30,13.9,-1.7793124301671472,-1.9860664176630216
2010-10-31,14.4,-1.0731923893859623,-1.7793124301671472
2010-11-01,9.4,-5.867733982806973,-1.0731923893859623
2010-11-02,10.0,-5.062964202881007,-5.867733982806973
2010-11-03,12.2,-2.6589094438585246,-5.062964202881007
2010-11-04,10.6,-4.055595600120608,-2.6589094438585246
2010-11-05,11.1,-3.353048165675345,-4.055595600120608
2010-11-06,10.6,-3.6512923344863992,-3.353048165675345
2010-11-07,10.6,-3.450353101298534,-3.6512923344863992
2010-11-08,7.2,-6.650255362623413,-3.450353101298534
2010-11-09,12.2,-1.4510240175480789,-6.650255362623413
2010-11-10,13.3,-0.15268406802923273,-1.4510240175480789
2010-11-11,13.3,0.04473928166220631,-0.15268406802923273
2010-11-12,16.7,3.641220526679888,0.04473928166220631
2010-11-13,17.8,4.9367337648541145,3.641220526679888
2010-11-14,16.1,3.431252601783358,4.9367337648541145
2010-11-15,13.9,1.4247500580861683,3.431252601783358
2010-11-16,15.0,2.7171984791286423,1.4247500580861683
2010-11-17,15.6,3.5085694475356277,2.7171984791286423
2010-11-18,12.8,0.8988336987861842,3.5085694475356277
2010-11-19,8.9,-2.812038959814446,0.8988336987861842
2010-11-20,12.8,1.2759202734960695,-2.812038959814446
2010-11-21,8.9,-2.437320878500218,1.2759202734960695
2010-11-22,18.3,7.148204158754394,-2.437320878500218
2010-11-23,16.1,5.132460746792368,7.148204158754394
2010-11-24,10.0,-0.7845870259989756,5.132460746792368
2010-11-25,7.8,-2.8029763995918016,-0.7845870259989756
2010-11-26,11.7,1.2772540075841423,-2.8029763995918016
2010-11-27,5.6,-4.643935846143174,1.2772540075841423
2010-11-28,8.3,-1.7665874649782474,-4.643935846143174
2010-11-29,8.9,-0.990743849286627,-1.7665874649782474
2010-11-30,13.9,4.183550476588348,-0.990743849286627
2010-12-01,15.6,6.056249442454865,4.183550476588348
2010-12-02,5.6,-3.7726945835340633,6.056249442454865
2010-12-03,4.4,-4.803330804523155,-3.7726945835340633
2010-12-04,4.4,-4.635709998349613,-4.803330804523155
2010-12-05,1.7,-7.169884514624981,-4.635709998349613
2010-12-06,1.7,-7.005908265455809,-7.169884514624981
2010-12-07,2.2,-6.34383670977376,-7.005908265455809
2010-12-08,1.1,-7.283726831263074,-6.34383670977376
2010-12-09,-1.1,-9.325637109892158,-7.283726831263074
2010-12-10,3.3,-4.769627487073705,-9.325637109892158
2010-12-11,7.8,-0.11575932449612303,-4.769627487073705
2010-12-12,13.3,5.535904643312678,-0.11575932449612303
2010-12-13,9.4,1.7853003626106698,5.535904643312678
2010-12-14,-5.0,-12.467637479840455,1.7853003626106698
2010-12-15,-2.8,-10.122975391078867,-12.467637479840455
2010-12-16,-1.1,-8.280781000399102,-10.122975391078867
2010-12-17,2.2,-4.841122982109383,-8.280781000399102
2010-12-18,2.2,-4.7040709727548355,-4.841122982109383
2010-12-19,2.8,-3.9696954829871913,-4.7040709727548355
2010-12-20,2.8,-3.838067804277829,-3.9696954829871913
2010-12-21,3.3,-3.209259910685698,-3.838067804277829
2010-12-22,3.3,-3.083344355906629,-3.209259910685698
2010-12-23,1.7,-4.560394165844519,-3.083344355906629
2010-12-24,4.4,-1.7404827269580538,-4.560394165844519
2010-12-25,0.0,-6.023683670649989,-1.7404827269580538
2010-12-26,-1.1,-7.0100707539773595,-6.023683670649989
2010-12-27,-2.2,-7.999717736972974,-7.0100707539773595
2010-12-28,3.3,-2.3926982568787283,-7.999717736972974
2010-12-29,2.8,-2.7890856996013476,-2.3926982568787283
2010-12-30,4.4,-1.0889530687099649,-2.7890856996013476
2010-12-31,7.2,1.8076271476968504,-1.0889530687099649
2011-01-01,11.7,6.4232474680443294,1.8076271476968504
2011-01-02,11.1,5.911573306963363,6.4232474680443294
2011-01-03,2.2,-2.90388365492048,5.911573306963363
2011-01-04,4.4,-0.6231921944499614,-2.90388365492048
2011-01-05,3.9,-1.0464198526203128,-0.6231921944499614
2011-01-06,0.6,-4.273632795934417,-1.0464198526203128
2011-01-07,0.6,-4.204895678164354,-4.273632795934417
2011-01-08,-0.6,-5.340271502879783,-4.204895678164354
2011-01-09,0.0,-4.679821487103079,-5.340271502879783
2011-01-10,1.7,-2.9236049264498547,-4.679821487103079
2011-01-11,-0.6,-5.171679062111095,-2.9236049264498547
2011-01-12,-0.6,-5.124098950029995,-5.171679062111095
2011-01-13,-1.1,-5.580917332622205,-5.124098950029995
2011-01-14,-1.1,-5.5421845133830985,-5.580917332622205
2011-01-15,3.3,-1.1079482347196628,-5.5421845133830985
2011-01-16,2.8,-1.5782535593374396,-1.1079482347196628
2011-01-17,-2.8,-7.15314275550523,-1.5782535593374396
2011-01-18,5.0,0.6673448134885867,-7.15314275550523
2011-01-19,5.0,0.6831727953838405,0.6673448134885867
2011-01-20,1.7,-2.6056920497933618,0.6831727953838405
2011-01-21,0.0,-4.299279753544886,-2.6056920497933618
2011-01-22,-4.4,-8.697617048057765,-4.299279753544886
2011-01-23,-4.4,-8.70072728096209,-8.697617048057765
2011-01-24,-4.4,-8.708630335934137,-8.70072728096209
2011-01-25,2.8,-1.5213425593748724,-8.708630335934137
2011-01-26,1.7,-2.6388766933794523,-1.5213425593748724
2011-01-27,2.2,-2.1612418151977977,-2.6388766933794523
2011-01-28,1.1,-3.2884432833705595,-2.1612418151977977
2011-01-29,2.2,-2.2204826907082813,-3.2884432833705595
2011-01-30,3.9,-0.5573578242646486,-2.2204826907082813
2011-01-31,-0.6,-5.099062632437504,-0.5573578242646486
2011-02-01,-1.1,-5.64558719931342,-5.099062632437504
2011-02-02,3.3,-1.2969177263537492,-5.64558719931342
2011-02-03,1.1,-3.553036521501603,-1.2969177263537492
2011-02-04,1.1,-3.6139219957707165,-3.553036521501603
2011-02-05,6.1,1.3204513326416611,-3.6139219957707165
2011-02-06,7.2,2.3501128266946205,1.3204513326416611
2011-02-07,7.2,2.2750957112919385,2.3501128266946205
2011-02-08,5.0,-0.004562953466241915,2.2750957112919385
2011-02-09,-1.7,-6.788822306534519,-0.004562953466241915
2011-02-10,-1.7,-6.877637727623323,-6.788822306534519
2011-02-11,2.8,-2.4709608862781653,-6.877637727623323
2011-02-12,4.4,-0.9687397982466539,-2.4709608862781653
2011-02-13,7.8,2.3290811109757508,-0.9687397982466539
2011-02-14,14.4,8.822560935548498,2.3290811109757508
2011-02-15,2.8,-2.888237788217582,8.822560935548498
2011-02-16,8.9,3.096750833892769,-2.888237788217582
2011-02-17,17.2,11.277595963188865,3.096750833892769
2011-02-18,19.4,13.354369930897132,11.277595963188865
2011-02-19,12.2,6.027148134830692,13.354369930897132
2011-02-20,4.4,-1.9039910698656977,6.027148134830692
2011-02-21,2.8,-3.638966485651223,-1.9039910698656977
2011-02-22,2.2,-4.3776941929466355,-3.638966485651223
2011-02-23,4.4,-2.320087675641245,-4.3776941929466355
2011-02-24,6.7,-0.16605795146359448,-2.320087675641245
2011-02-25,13.9,6.88448629308242,-0.16605795146359448
2011-02-26,6.1,-1.0683614364738743,6.88448629308242
2011-02-27,10.0,2.675494414304173,-1.0683614364738743
2011-02-28,15.6,8.116151302031419,2.675494414304173
2011-03-01,7.8,0.15370843550892843,8.116151302031419
2011-03-02,11.7,3.8882666228180245,0.15370843550892843
2011-03-03,0.6,-7.380071884143291,3.8882666228180245
2011-03-04,5.0,-3.1512035473185165,-7.380071884143291
2011-03-05,16.1,7.77497629802339,-3.1512035473185165
2011-03-06,12.2,3.6985732823515445,7.77497629802339
2011-03-07,11.7,3.0196938398615725,3.6985732823515445
2011-03-08,8.9,0.03844504576892582,3.0196938398615725
2011-03-09,7.2,-1.8450655467110222,0.03844504576892582
2011-03-10,11.7,2.4692699306867514,-1.8450655467110222
2011-03-11,12.8,3.3815594987788202,2.4692699306867514
2011-03-12,13.3,3.6919111692688755,3.3815594987788202
2011-03-13,11.7,1.900432784296548,3.6919111692688755
2011-03-14,7.2,-2.7927681424244115,1.900432784296548
2011-03-15,8.3,-1.8875845825060953,-2.7927681424244115
2011-03-16,13.9,3.51608985254261,-1.8875845825060953
2011-03-17,18.3,7.718360759435441,3.51608985254261
2011-03-18,25.0,14.219332794273004,7.718360759435441
2011-03-19,15.0,4.019109527098436,14.219332794273004
2011-03-20,10.6,-0.5822066998176307,4.019109527098436
2011-03-21,7.2,-4.184514909634362,-0.5822066998176307
2011-03-22,10.0,-1.5877156242224846,-4.184514909634362
2011-03-23,4.4,-7.391710992763754,-1.5877156242224846
2011-03-24,6.7,-5.296404915373553,-7.391710992763754
2011-03-25,5.6,-6.601703161464782,-5.296404915373553
2011-03-26,4.4,-8.00751348258478,-6.601703161464782
2011-03-27,7.2,-5.413745719471167,-8.00751348258478
2011-03-28,7.2,-5.620311903087402,-5.413745719471167
2011-03-29,9.4,-3.6271263494144907,-5.620311903087402
2011-03-30,11.7,-1.5341057477910507,-3.6271263494144907
2011-03-31,6.1,-7.3411692426108495,-1.5341057477910507
2011-04-01,6.7,-6.948238508203919,-7.3411692426108495
2011-04-02,12.8,-1.0552378167447998,-6.948238508203919
2011-04-03,14.4,0.3379059009504015,-1.0552378167447998
2011-04-04,17.2,2.931263001858273,0.3379059009504015
2011-04-05,19.4,4.924901084515136,2.931263001858273
2011-04-06,12.8,-1.8811150498004992,4.924901084515136
2011-04-07,11.1,-3.7867234284066082,-1.8811150498004992
2011-04-08,9.4,-5.69186493103302,-3.7867234284066082
2011-04-09,14.4,-0.896483306088772,-5.69186493103302
2011-04-10,13.3,-2.200525179375708,-0.896483306088772
2011-04-11,27.2,11.496059944737638,-2.200525179375708
2011-04-12,22.2,6.29331968964865,11.496059944737638
2011-04-13,10.0,-6.108701179692819,6.29331968964865
2011-04-14,20.6,4.290039264384362,-6.108701179692819
2011-04-15,13.3,-3.2104198592670556,4.290039264384362
2011-04-16,12.8,-3.9100422049700114,-3.2104198592670556
2011-04-17,16.1,-0.8087941575260302,-3.9100422049700114
2011-04-18,17.2,0.0933552173905774,-0.8087941575260302
2011-04-19,11.7,-5.603565770416285,0.0933552173905774
2011-04-20,18.3,0.800468627250833,-5.603565770416285
2011-04-21,17.2,-0.4945183337348382,0.800468627250833
2011-04-22,10.6,-7.288505814388996,-0.4945183337348382
2011-04-23,16.1,-1.9814753112573698,-7.288505814388996
2011-04-24,26.7,8.42658943062219,-1.9814753112573698
2011-04-25,23.9,5.43570251017772,8.42658943062219
2011-04-26,28.3,9.645875967908413,5.43570251017772
2011-04-27,23.9,5.05711988835138,9.645875967908413
2011-04-28,22.2,3.1694425071119383,5.05711988835138
2011-04-29,20.6,1.3828503221476751,3.1694425071119383
2011-04-30,19.4,-0.002651791013846605,1.3828503221476751
2011-05-01,20.6,1.0129395395462275,-0.002651791013846605
2011-05-02,17.2,-2.570373695776425,1.0129395395462275
2011-05-03,23.9,3.9474092368937015,-2.570373695776425
2011-05-04,17.8,-2.3337120575223267,3.9474092368937015
2011-05-05,18.3,-2.013738973289712,-2.3337120575223267
2011-05-06,22.2,1.7073262277445629,-2.013738973289712
2011-05-07,22.2,1.5294805492224413,1.7073262277445629
2011-05-08,23.3,2.4527203944380247,1.5294805492224413
2011-05-09,21.7,0.6770417012173624,2.4527203944380247
2011-05-10,23.9,2.7024400771373855,0.6770417012173624
2011-05-11,21.7,0.3289109347061192,2.7024400771373855
2011-05-12,23.3,1.7564496261269191,0.3289109347061192
2011-05-13,19.4,-2.314948422728925,1.7564496261269191
2011-05-14,17.8,-4.0852875795145245,-2.314948422728925
2011-05-15,20.6,-1.4545718741341567,-4.0852875795145245
2011-05-16,16.7,-5.522804869369793,-1.4545718741341567
2011-05-17,15.6,-6.789989533766997,-5.522804869369793
2011-05-18,19.4,-3.156128117133754,-6.789989533766997
2011-05-19,23.9,1.1787779710018924,-3.156128117133754
2011-05-20,17.8,-5.085271720362645,1.1787779710018924
2011-05-21,25.6,2.551723430915416,-5.085271720362645
2011-05-22,14.4,-8.810234769200312,2.551723430915416
2011-05-23,19.4,-3.9711432245025904,-8.810234769200312
2011-05-24,27.2,3.669002553333101,-3.9711432245025904
2011-05-25,28.9,5.210208541788848,3.669002553333101
2011-05-26,25.6,1.752482299440043,5.210208541788848
2011-05-27,28.3,4.295833052529158,1.752482299440043
2011-05-28,28.9,4.740271775934726,4.295833052529158
2011-05-29,27.8,3.4858112683075255,4.740271775934726
2011-05-30,30.0,5.53246622116183,3.4858112683075255
2011-05-31,31.7,7.080253281725668,5.53246622116183
2011-06-01,32.2,7.429191109370841,7.080253281725668
2011-06-02,26.7,1.7793004254604128,7.429191109370841
2011-06-03,24.4,-0.6693959435307022,1.7793004254604128
2011-06-04,23.9,-1.3168730297488906,-0.6693959435307022
2011-06-05,21.1,-4.263103694656898,-1.3168730297488906
2011-06-06,27.2,1.6919413932192597,-4.263103694656898
2011-06-07,30.6,4.948293773420517,1.6919413932192597
2011-06-08,34.4,8.605987201510004,4.948293773420517
2011-06-09,35.0,9.06505764982025,8.605987201510004
2011-06-10,30.6,4.52554330097832,9.06505764982025
2011-06-11,22.2,-4.0125154657857,4.52554330097832
2011-06-12,23.3,-3.049076095522718,-4.0125154657857
2011-06-13,22.8,-3.684093885597658,-3.049076095522718
2011-06-14,22.2,-4.417522020809109,-3.684093885597658
2011-06-15,28.3,1.550688384485312,-4.417522020809109
2011-06-16,28.9,2.020588237337577,1.550688384485312
2011-06-17,24.4,-2.6077695896102746,2.020588237337577
2011-06-18,28.3,1.1656696794017805,-2.6077695896102746
2011-06-19,28.3,1.040962654280463,1.1656696794017805
2011-06-20,27.2,-0.18183229622067643,1.040962654280463
2011-06-21,27.8,0.29734487405702126,-0.18183229622067643
2011-06-22,26.7,-0.921444198702666,0.29734487405702126
2011-06-23,21.7,-6.0381363813903555,-0.921444198702666
2011-06-24,21.1,-6.7526671425561915,-6.0381363813903555
2011-06-25,26.7,-1.2649706562322613,-6.7526671425561915
2011-06-26,26.1,-1.9749799107301271,-1.2649706562322613
2011-06-27,27.8,-0.3826268221386293,-1.9749799107301271
2011-06-28,28.3,0.012157647765732804,-0.3826268221386293
2011-06-29,27.8,-0.5905566305054037,0.012157647765732804
2011-06-30,27.8,-0.6906990799805648,-0.5905566305054037
2011-07-01,28.3,-0.28819854654119226,-0.6906990799805648
2011-07-02,30.0,1.3170165686098194,-0.28819854654119226
2011-07-03,23.3,-5.474981826339391,1.3170165686098194
2011-07-04,30.0,1.1358783484281219,-5.474981826339391
2011-07-05,30.6,1.6496692044717172,1.1358783484281219
2011-07-06,31.7,2.6664627434385757,1.6496692044717172
2011-07-07,33.3,4.186330714001606,2.6664627434385757
2011-07-08,29.4,0.20934446775379456,4.186330714001606
2011-07-09,31.1,1.8355748144258826,0.20934446775379456
2011-07-10,30.0,0.665091876795671,1.8355748144258826
2011-07-11,32.8,3.3979649456580105,0.665091876795671
2011-07-12,33.9,4.434262335224197,3.3979649456580105
2011-07-13,30.0,0.4740512393182392,4.434262335224197
2011-07-14,28.9,-0.6826024112647495,0.4740512393182392
2011-07-15,30.6,0.9643659101238988,-0.6826024112647495
2011-07-16,32.2,2.515019186750912,0.9643659101238988
2011-07-17,32.8,3.0694187215002557,2.515019186750912
2011-07-18,35.0,5.227624002453922,3.0694187215002557
2011-07-19,34.4,4.589692571393982,5.227624002453922
2011-07-20,31.7,1.8556798955580973,4.589692571393982
2011-07-21,36.1,6.225639242971791,1.8556798955580973
2011-07-22,40.0,10.099621561671213,6.225639242971791
2011-07-23,37.8,7.877675363120108,10.099621561671213
2011-07-24,32.8,2.8598466101131663,7.877675363120108
2011-07-25,26.7,-3.2538213905536644,2.8598466101131663
2011-07-26,32.2,2.2367119096219845,-3.2538213905536644
2011-07-27,28.9,-1.068515796156543,2.2367119096219845
2011-07-28,30.6,0.6305302385397198,-1.068515796156543
2011-07-29,28.9,-1.0661182723540108,0.6305302385397198
2011-07-30,32.8,2.841567272851421,-1.0661182723540108
2011-07-31,32.8,2.8536122900089254,2.841567272851421
2011-08-01,34.4,4.47003894188618,2.8536122900089254
2011-08-02,32.8,2.890866077420146,4.47003894188618
2011-08-03,31.1,1.2161091776205275,2.890866077420146
2011-08-04,28.9,-0.9542196917501613,1.2161091776205275
2011-08-05,30.0,0.17988807939061147,-0.9542196917501613
2011-08-06,29.4,-0.381562388008458,0.17988807939061147
2011-08-07,31.7,1.961430511466837,-0.381562388008458
2011-08-08,32.2,2.5088648484041656,1.961430511466837
2011-08-09,28.3,-1.3392648535816392,2.5088648484041656
2011-08-10,30.0,0.4170323771694271,-1.3392648535816392
2011-08-11,27.8,-1.7222560374554305,0.4170323771694271
2011-08-12,28.9,-0.5571462160142779,-1.7222560374554305
2011-08-13,29.4,0.0123421989253778,-0.5571462160142779
2011-08-14,22.2,-7.1138139357249734,0.0123421989253778
2011-08-15,25.0,-4.235641233107366,-7.1138139357249734
2011-08-16,25.6,-3.553169739062678,-4.235641233107366
2011-08-17,30.0,0.9335671120017821,-3.553169739062678
2011-08-18,28.3,-0.6754674521042219,0.9335671120017821
2011-08-19,28.9,0.01968651593660553,-0.6754674521042219
2011-08-20,29.4,0.6189857465864037,0.01968651593660553
2011-08-21,28.9,0.22238382325936001,0.6189857465864037
2011-08-22,25.0,-3.570168741893223,0.22238382325936001
2011-08-23,26.1,-2.358724426427557,-3.570168741893223
2011-08-24,26.7,-1.6433386105035268,-2.358724426427557
2011-08-25,25.6,-2.6240694844684604,-1.6433386105035268
2011-08-26,28.3,0.19902204862255246,-2.6240694844684604
2011-08-27,25.6,-2.374127524712133,0.19902204862255246
2011-08-28,23.9,-3.943584221571676,-2.374127524712133
2011-08-29,25.0,-2.7094164516204025,-3.943584221571676
2011-08-30,27.8,0.22830509791245035,-2.7094164516204025
2011-08-31,29.4,1.969507580876499,0.22830509791245035
2011-09-01,28.3,1.0141161141739659,1.969507580876499
2011-09-02,25.6,-1.5379460972576524,1.0141161141739659
2011-09-03,28.3,1.3132423672177964,-1.5379460972576524
2011-09-04,30.0,3.167601273944939,1.3132423672177964
2011-09-05,27.2,0.5250488669937887,3.167601273944939
2011-09-06,23.9,-2.6144979981599334,0.5250488669937887
2011-09-07,20.0,-6.3511237196381,-2.6144979981599334
2011-09-08,26.1,-0.08491381319634428,-6.3511237196381
2011-09-09,28.9,2.884045224355983,-0.08491381319634428
2011-09-10,26.7,0.8556660520010091,2.884045224355983
2011-09-11,21.7,-3.9701393787284154,0.8556660520010091
2011-09-12,26.7,1.2065403125754983,-3.9701393787284154
2011-09-13,27.8,2.4856160707374677,1.2065403125754983
2011-09-14,29.4,4.266998539415109,2.4856160707374677
2011-09-15,24.4,-0.5494018059504739,4.266998539415109
2011-09-16,18.3,-6.4636745269839615,-0.5494018059504739
2011-09-17,18.3,-6.2759090933534765,-6.4636745269839615
2011-09-18,20.0,-4.386194756197735,-6.2759090933534765
2011-09-19,20.0,-4.19462042431681,-4.386194756197735
2011-09-20,20.0,-4.001274543431293,-4.19462042431681
2011-09-21,22.8,-1.0062449788056362,-4.001274543431293
2011-09-22,26.7,3.090381098478858,-1.0062449788056362
2011-09-23,22.8,-0.6114826786729815,3.090381098478858
2011-09-24,24.4,1.1880782322457755,-0.6114826786729815
2011-09-25,26.7,3.688979384523055,1.1880782322457755
2011-09-26,26.7,3.8911374387320805,3.688979384523055
2011-09-27,25.0,2.3944702543374774,3.8911374387320805
2011-09-28,23.3,0.8988969761941021,2.3944702543374774
2011-09-29,22.8,0.6043381157437864,0.8988969761941021
2011-09-30,24.4,2.4107156267312035,0.6043381157437864
2011-10-01,19.4,-2.382047024724642,2.4107156267312035
2011-10-02,17.8,-3.77402479585027,-2.382047024724642
2011-10-03,14.4,-6.965291008859337,-3.77402479585027
2011-10-04,17.2,-3.9559172986295366,-6.965291008859337
2011-10-05,21.7,0.7540264334891233,-3.9559172986295366
2011-10-06,19.4,-1.335527940344111,0.7540264334891233
2011-10-07,18.9,-1.6246467407503644,-1.335527940344111
2011-10-08,25.0,4.6866055462649925,-1.6246467407503644
2011-10-09,28.9,8.79816629036879,4.6866055462649925
2011-10-10,27.2,7.309974731609749,8.79816629036879
2011-10-11,22.8,3.1219719887920157,7.309974731609749
2011-10-12,17.2,-2.265898938458733,3.1219719887920157
2011-10-13,18.9,-0.3536931738900968,-2.265898938458733
2011-10-14,21.1,2.0585360249852904,-0.3536931738900968
2011-10-15,18.3,-0.5292627496168301,2.0585360249852904
2011-10-16,18.9,0.28286092172466937,-0.5292627496168301
2011-10-17,18.3,-0.10514074278678365,0.28286092172466937
2011-10-18,20.0,1.8066862396436463,-0.10514074278678365
2011-10-19,16.7,-1.2817024234076904,1.8066862396436463
2011-10-20,19.4,1.6296506551528545,-1.2817024234076904
2011-10-21,13.3,-4.259295508602353,1.6296506551528545
2011-10-22,15.6,-1.7485803252406509,-4.259295508602353
2011-10-23,15.0,-2.138241692457761,-1.7485803252406509
2011-10-24,16.1,-0.8283160602144868,-2.138241692457761
2011-10-25,16.7,-0.0188385002850886,-0.8283160602144868
2011-10-26,16.7,0.19015722003056368,-0.0188385002850886
2011-10-27,16.1,-0.20136143970863074,0.19015722003056368
2011-10-28,9.4,-6.693425874333245,-0.20136143970863074
2011-10-29,7.2,-8.686066417663021,-6.693425874333245
2011-10-30,7.8,-7.879312430167148,-8.686066417663021
2011-10-31,11.7,-3.7731923893859634,-7.879312430167148
2011-11-01,12.8,-2.4677339828069726,-3.7731923893859634
2011-11-02,13.9,-1.1629642028810068,-2.4677339828069726
2011-11-03,15.0,0.14109055614147614,-1.1629642028810068
2011-11-04,11.7,-2.955595600120608,0.14109055614147614
2011-11-05,9.4,-5.053048165675344,-2.955595600120608
2011-11-06,12.2,-2.0512923344863996,-5.053048165675344
2011-11-07,16.7,2.649646898701466,-2.0512923344863996
2011-11-08,20.0,6.149744637376587,2.649646898701466
2011-11-09,18.3,4.648975982451923,6.149744637376587
2011-11-10,19.4,5.947315931970765,4.648975982451923
2011-11-11,8.9,-4.355260718337794,5.947315931970765
2011-11-12,13.9,0.8412205266798889,-4.355260718337794
2011-11-13,16.1,3.2367337648541152,0.8412205266798889
2011-11-14,20.6,7.931252601783358,3.2367337648541152
2011-11-15,18.3,5.824750058086169,7.931252601783358
2011-11-16,15.0,2.7171984791286423,5.824750058086169
2011-11-17,11.7,-0.39143055246437264,2.7171984791286423
2011-11-18,7.8,-4.101166301213817,-0.39143055246437264
2011-11-19,10.6,-1.1120389598144467,-4.101166301213817
2011-11-20,18.3,6.7759202734960695,-1.1120389598144467
2011-11-21,15.0,3.6626791214997816,6.7759202734960695
2011-11-22,10.0,-1.1517958412456064,3.6626791214997816
2011-11-23,11.7,0.7324607467923663,-1.1517958412456064
2011-11-24,12.2,1.4154129740010237,0.7324607467923663
2011-11-25,16.1,5.4970236004082,1.4154129740010237
2011-11-26,18.3,7.877254007584144,5.4970236004082
2011-11-27,17.2,6.9560641538568255,7.877254007584144
2011-11-28,21.1,11.033412535021753,6.9560641538568255
2011-11-29,18.9,9.009256150713371,11.033412535021753
2011-11-30,11.1,1.383550476588347,9.009256150713371
2011-12-01,10.0,0.4562494424548653,1.383550476588347
2011-12-02,11.1,1.7273054164659367,0.4562494424548653
2011-12-03,8.3,-0.9033308045231543,1.7273054164659367
2011-12-04,12.8,3.7642900016503873,-0.9033308045231543
2011-12-05,15.0,6.130115485375018,3.7642900016503873
2011-12-06,16.7,7.99409173454419,6.130115485375018
2011-12-07,16.7,8.156163290226239,7.99409173454419
2011-12-08,7.2,-1.1837268312630735,8.156163290226239
2011-12-09,11.1,2.8743628901078413,-1.1837268312630735
2011-12-10,7.8,-0.26962748707370476,2.8743628901078413
2011-12-11,3.9,-4.015759324496123,-0.26962748707370476
2011-12-12,6.7,-1.0640953566873224,-4.015759324496123
2011-12-13,8.3,0.6853003626106702,-1.0640953566873224
2011-12-14,10.0,2.5323625201595457,0.6853003626106702
2011-12-15,15.0,7.677024608921133,2.5323625201595457
2011-12-16,15.0,7.819218999600898,7.677024608921133
2011-12-17,5.6,-1.4411229821093832,7.819218999600898
2011-12-18,-0.6,-7.504070972754835,-1.4411229821093832
2011-12-19,8.3,1.5303045170128096,-7.504070972754835
2011-12-20,8.9,2.2619321957221716,1.5303045170128096
2011-12-21,16.7,10.190740089314302,2.2619321957221716
2011-12-22,14.4,8.016655644093373,10.190740089314302
2011-12-23,9.4,3.139605834155481,8.016655644093373
2011-12-24,2.2,-3.940482726958054,3.139605834155481
2011-12-25,7.8,1.7763163293500108,-3.940482726958054
2011-12-26,7.2,1.2899292460226413,1.7763163293500108
2011-12-27,13.9,8.100282263027026,1.2899292460226413
2011-12-28,10.0,4.307301743121272,8.100282263027026
2011-12-29,3.3,-2.2890856996013476,4.307301743121272
2011-12-30,10.6,5.111046931290034,-2.2890856996013476
2011-12-31,12.2,6.8076271476968495,5.111046931290034
2012-01-01,11.1,5.82324746804433,6.8076271476968495
2012-01-02,10.0,4.811573306963363,5.82324746804433
2012-01-03,0.6,-4.503883654920481,4.811573306963363
2012-01-04,-2.8,-7.823192194449962,-4.503883654920481
2012-01-05,4.4,-0.5464198526203123,-7.823192194449962
2012-01-06,11.7,6.8263672040655825,-0.5464198526203123
2012-01-07,16.7,11.895104321835646,6.8263672040655825
2012-01-08,7.8,3.0597284971202168,11.895104321835646
2012-01-09,5.0,0.3201785128969208,3.0597284971202168
2012-01-10,8.3,3.676395073550146,0.3201785128969208
2012-01-11,8.9,4.328320937888905,3.676395073550146
2012-01-12,7.2,2.6759010499700047,4.328320937888905
2012-01-13,10.0,5.519082667377795,2.6759010499700047
2012-01-14,0.0,-4.442184513383098,5.519082667377795
2012-01-15,-2.8,-7.207948234719662,-4.442184513383098
2012-01-16,2.8,-1.5782535593374396,-7.207948234719662
2012-01-17,11.7,7.346857244494769,-1.5782535593374396
2012-01-18,12.2,7.867344813488586,7.346857244494769
2012-01-19,2.8,-1.5168272046161597,7.867344813488586
2012-01-20,2.2,-2.1056920497933618,-1.5168272046161597
2012-01-21,-1.7,-5.9992797535448865,-2.1056920497933618
2012-01-22,1.1,-3.1976170480577646,-5.9992797535448865
2012-01-23,11.7,7.39927271903791,-3.1976170480577646
2012-01-24,11.7,7.391369664065863,7.39927271903791
2012-01-25,6.7,2.378657440625128,7.391369664065863
2012-01-26,4.4,0.06112330662054788,2.378657440625128
2012-01-27,15.0,10.638758184802203,0.06112330662054788
2012-01-28,7.8,3.4115567166294403,10.638758184802203
2012-01-29,6.7,2.2795173092917187,3.4115567166294403
2012-01-30,4.4,-0.057357824264648194,2.2795173092917187
2012-01-31,15.0,10.500937367562496,-0.057357824264648194
2012-02-01,16.7,12.154412800686579,10.500937367562496
2012-02-02,10.0,5.403082273646251,12.154412800686579
2012-02-03,6.7,2.046963478498397,5.403082273646251
2012-02-04,7.8,3.0860780042292832,2.046963478498397
2012-02-05,4.4,-0.37954866735833814,3.0860780042292832
2012-02-06,10.6,5.75011282669462,-0.37954866735833814
2012-02-07,9.4,4.475095711291939,5.75011282669462
2012-02-08,3.3,-1.704562953466242,4.475095711291939
2012-02-09,7.8,2.7111776934654808,-1.704562953466242
2012-02-10,7.2,2.022362272376677,2.7111776934654808
2012-02-11,3.3,-1.9709608862781653,2.022362272376677
2012-02-12,0.0,-5.368739798246654,-1.9709608862781653
2012-02-13,6.7,1.2290811109757511,-5.368739798246654
2012-02-14,8.3,2.7225609355484988,1.2290811109757511
2012-02-15,7.8,2.111762211782418,2.7225609355484988
2012-02-16,6.7,0.896750833892769,2.111762211782418
2012-02-17,10.0,4.077595963188866,0.896750833892769
2012-02-18,8.9,2.8543699308971346,4.077595963188866
2012-02-19,6.7,0.5271481348306928,2.8543699308971346
2012-02-20,7.8,1.4960089301343018,0.5271481348306928
2012-02-21,7.8,1.3610335143487768,1.4960089301343018
2012-02-22,13.9,7.322305807053365,1.3610335143487768
2012-02-23,14.4,7.679912324358755,7.322305807053365
2012-02-24,7.8,0.9339420485364052,7.679912324358755
2012-02-25,7.2,0.18448629308242026,0.9339420485364052
2012-02-26,7.2,0.03163856352612626,0.18448629308242026
2012-02-27,15.0,7.675494414304173,0.03163856352612626
2012-02-28,10.0,2.5161513020314183,7.675494414304173
2012-02-29,5.6,-2.0462915644910717,2.5161513020314183
2012-03-01,5.0,-2.811733377181975,-2.0462915644910717
2012-03-02,5.6,-2.380071884143291,-2.811733377181975
2012-03-03,13.3,5.148796452681484,-2.380071884143291
2012-03-04,7.2,-1.1250237019766116,5.148796452681484
2012-03-05,6.7,-1.8014267176484546,-1.1250237019766116
2012-03-06,6.7,-1.9803061601384266,-1.8014267176484546
2012-03-07,16.7,7.838445045768925,-1.9803061601384266
2012-03-08,21.7,12.654934453288977,7.838445045768925
2012-03-09,17.8,8.569269930686753,12.654934453288977
2012-03-10,6.1,-3.318440501221181,8.569269930686753
2012-03-11,16.1,6.491911169268876,-3.318440501221181
2012-03-12,21.7,11.900432784296548,6.491911169268876
2012-03-13,23.3,13.307231857575589,11.900432784296548
2012-03-14,21.1,10.912415417493905,13.307231857575589
2012-03-15,11.1,0.7160898525426092,10.912415417493905
2012-03-16,10.6,0.018360759435440244,0.7160898525426092
2012-03-17,16.7,5.919332794273004,0.018360759435440244
2012-03-18,17.8,6.819109527098437,5.919332794273004
2012-03-19,23.3,12.11779330018237,6.819109527098437
2012-03-20,22.8,11.415485090365639,12.11779330018237
2012-03-21,19.4,7.812284375777514,11.415485090365639
2012-03-22,25.6,13.808289007236247,7.812284375777514
2012-03-23,24.4,12.403595084626446,13.808289007236247
2012-03-24,18.3,6.098296838535219,12.403595084626446
2012-03-25,11.1,-1.3075134825847812,6.098296838535219
2012-03-26,12.2,-0.41374571947116756,-1.3075134825847812
2012-03-27,10.6,-2.220311903087403,-0.41374571947116756
2012-03-28,19.4,6.3728736505855075,-2.220311903087403
2012-03-29,16.1,2.8658942522089514,6.3728736505855075
2012-03-30,13.9,0.45883075738915124,2.8658942522089514
2012-03-31,6.1,-7.548238508203919,0.45883075738915124
2012-04-01,11.1,-2.755237816744801,-7.548238508203919
2012-04-02,13.9,-0.16209409904959848,-2.755237816744801
2012-04-03,17.8,3.5312630018582745,-0.16209409904959848
2012-04-04,20.0,5.524901084515138,3.5312630018582745
2012-04-05,14.4,-0.2811150498004995,5.524901084515138
2012-04-06,15.0,0.1132765715933921,-0.2811150498004995
2012-04-07,16.1,1.0081350689669808,0.1132765715933921
2012-04-08,19.4,4.103516693911226,1.0081350689669808
2012-04-09,17.8,2.299474820624292,4.103516693911226
2012-04-10,15.6,-0.1039400552623615,2.299474820624292
2012-04-11,11.7,-4.20668031035135,-0.1039400552623615
2012-04-12,16.1,-0.008701179692817362,-4.20668031035135
2012-04-13,18.3,1.990039264384361,-0.008701179692817362
2012-04-14,22.2,5.689580140732943,1.990039264384361
2012-04-15,25.0,8.289957795029988,5.689580140732943
2012-04-16,31.1,14.19120584247397,8.289957795029988
2012-04-17,25.6,8.49335521739058,14.19120584247397
2012-04-18,16.7,-0.6035657704162851,8.49335521739058
2012-04-19,21.1,3.6004686272508337,-0.6035657704162851
2012-04-20,21.7,4.005481666265162,3.6004686272508337
2012-04-21,21.7,3.8114941856110036,4.005481666265162
2012-04-22,12.2,-5.881475311257372,3.8114941856110036
2012-04-23,12.2,-6.07341056937781,-5.881475311257372
2012-04-24,15.0,-3.464297489822279,-6.07341056937781
2012-04-25,16.7,-1.9541240320915882,-3.464297489822279
2012-04-26,16.1,-2.742880111648617,-1.9541240320915882
2012-04-27,13.3,-5.73055749288806,-2.742880111648617
2012-04-28,15.6,-3.6171496778523267,-5.73055749288806
2012-04-29,17.2,-2.202651791013846,-3.6171496778523267
2012-04-30,16.7,-2.8870604604537746,-2.202651791013846
2012-05-01,20.0,0.22962630422357577,-2.8870604604537746
2012-05-02,11.7,-8.252590763106298,0.22962630422357577
2012-05-03,14.4,-5.733712057522327,-8.252590763106298
2012-05-04,22.8,2.486261026710288,-5.733712057522327
2012-05-05,17.2,-3.292673772255437,2.486261026710288
2012-05-06,18.3,-2.3705194507775573,-3.292673772255437
2012-05-07,18.3,-2.5472796055619753,-2.3705194507775573
2012-05-08,18.9,-2.1229582987826383,-2.5472796055619753
2012-05-09,20.6,-0.5975599228626116,-2.1229582987826383
2012-05-10,17.8,-3.5710890652938794,-0.5975599228626116
2012-05-11,20.0,-1.5435503738730816,-3.5710890652938794
2012-05-12,25.6,3.885051577271078,-1.5435503738730816
2012-05-13,27.2,5.314712420485474,3.885051577271078
2012-05-14,21.1,-0.9545718741341567,5.314712420485474
2012-05-15,18.3,-3.9228048693697914,-0.9545718741341567
2012-05-16,25.6,3.2100104662330047,-3.9228048693697914
2012-05-17,22.2,-0.35612811713375336,3.2100104662330047
2012-05-18,22.2,-0.5212220289981069,-0.35612811713375336
2012-05-19,26.7,3.814728279637354,-0.5212220289981069
2012-05-20,25.6,2.551723430915416,3.814728279637354
2012-05-21,16.7,-6.510234769200313,2.551723430915416
2012-05-22,21.1,-2.2711432245025875,-6.510234769200313
2012-05-23,23.9,0.3690025533331003,-2.2711432245025875
2012-05-24,18.9,-4.789791458211152,0.3690025533331003
2012-05-25,23.9,0.052482299440040237,-4.789791458211152
2012-05-26,28.9,4.895833052529156,0.052482299440040237
2012-05-27,27.2,3.040271775934727,4.895833052529156
2012-05-28,31.7,7.385811268307524,3.040271775934727
2012-05-29,31.7,7.232466221161829,7.385811268307524
2012-05-30,24.4,-0.21974671827433312,7.232466221161829
2012-05-31,26.1,1.3291911093708393,-0.21974671827433312
2012-06-01,23.3,-1.6206995745395858,1.3291911093708393
2012-06-02,23.9,-1.1693959435307022,-1.6206995745395858
2012-06-03,24.4,-0.8168730297488906,-1.1693959435307022
2012-06-04,17.2,-8.1631036946569,-0.8168730297488906
2012-06-05,17.8,-7.708058606780739,-8.1631036946569
2012-06-06,22.2,-3.4517062265794856,-7.708058606780739
2012-06-07,25.6,-0.1940127984899931,-3.4517062265794856
2012-06-08,27.2,1.2650576498202497,-0.1940127984899931
2012-06-09,25.6,-0.47445669902167964,1.2650576498202497
2012-06-10,28.9,2.687484534214299,-0.47445669902167964
2012-06-11,25.0,-1.3490760955227188,2.687484534214299
2012-06-12,22.2,-4.28409388559766,-1.3490760955227188
2012-06-13,20.6,-6.017522020809107,-4.28409388559766
2012-06-14,25.0,-1.7493116155146886,-6.017522020809107
2012-06-15,26.7,-0.1794117626624221,-1.7493116155146886
2012-06-16,26.7,-0.3077695896102739,-0.1794117626624221
2012-06-17,22.8,-4.3343303205982195,-0.3077695896102739
2012-06-18,22.2,-5.059037345719538,-4.3343303205982195
2012-06-19,25.0,-2.3818322962206757,-5.059037345719538
2012-06-20,34.4,6.897344874057019,-2.3818322962206757
2012-06-21,34.4,6.778555801297333,6.897344874057019
2012-06-22,32.2,4.461863618609648,6.778555801297333
2012-06-23,28.9,1.0473328574438057,4.461863618609648
2012-06-24,28.9,0.9350293437677379,1.0473328574438057
2012-06-25,23.3,-4.774979910730128,0.9350293437677379
2012-06-26,22.2,-5.982626822138631,-4.774979910730128
2012-06-27,27.2,-1.0878423522342686,-5.982626822138631
2012-06-28,31.1,2.709443369494597,-1.0878423522342686
2012-06-29,33.9,5.409300920019433,2.709443369494597
2012-06-30,33.9,5.311801453458806,5.409300920019433
2012-07-01,34.4,5.717016568609818,5.311801453458806
2012-07-02,31.1,2.3250181736606095,5.717016568609818
2012-07-03,31.7,2.835878348428121,2.3250181736606095
2012-07-04,33.3,4.349669204471713,2.835878348428121
2012-07-05,35.0,5.966462743438576,4.349669204471713
2012-07-06,33.9,4.786330714001608,5.966462743438576
2012-07-07,36.1,6.909344467753797,4.786330714001608
2012-07-08,33.3,4.035574814425878,6.909344467753797
2012-07-09,30.0,0.665091876795671,4.035574814425878
2012-07-10,30.6,1.1979649456580148,0.665091876795671
2012-07-11,29.4,-0.06573766477580278,1.1979649456580148
2012-07-12,31.7,2.1740512393182385,-0.06573766477580278
2012-07-13,31.7,2.117397588735251,2.1740512393182385
2012-07-14,29.4,-0.235634089876104,2.117397588735251
2012-07-15,31.7,2.0150191867509086,-0.235634089876104
2012-07-16,32.8,3.0694187215002557,2.0150191867509086
2012-07-17,35.6,5.827624002453923,3.0694187215002557
2012-07-18,37.8,7.989692571393981,5.827624002453923
2012-07-19,24.4,-5.444320104441903,7.989692571393981
2012-07-20,22.2,-7.674360757028211,-5.444320104441903
2012-07-21,25.6,-4.300378438328785,-7.674360757028211
2012-07-22,28.3,-1.6223246368798883,-4.300378438328785
2012-07-23,30.0,0.05984661011316916,-1.6223246368798883
2012-07-24,32.8,2.8461786094463335,0.05984661011316916
2012-07-25,29.4,-0.5632880903780197,2.8461786094463335
2012-07-26,31.1,1.1314842038434598,-0.5632880903780197
2012-07-27,30.6,0.6305302385397198,1.1314842038434598
2012-07-28,27.2,-2.76611827235401,0.6305302385397198
2012-07-29,26.7,-3.258432727148577,-2.76611827235401
2012-07-30,27.2,-2.7463877099910725,-3.258432727148577
2012-07-31,26.7,-3.229961058113819,-2.7463877099910725
2012-08-01,25.6,-4.30913392257985,-3.229961058113819
2012-08-02,30.6,0.7161091776205275,-4.30913392257985
2012-08-03,31.7,1.8457803082498394,0.7161091776205275
2012-08-04,32.2,2.3798880793906143,1.8457803082498394
2012-08-05,32.8,3.0184376119915406,2.3798880793906143
2012-08-06,30.0,0.2614305114668376,3.0184376119915406
2012-08-07,28.3,-1.3911351515958366,0.2614305114668376
2012-08-08,30.0,0.36073514641836013,-1.3911351515958366
2012-08-09,31.1,1.5170323771694285,0.36073514641836013
2012-08-10,26.7,-2.822256037455432,1.5170323771694285
2012-08-11,30.6,1.142853783985725,-2.822256037455432
2012-08-12,30.6,1.2123421989253806,1.142853783985725
2012-08-13,30.0,0.6861860642750273,1.2123421989253806
2012-08-14,26.1,-3.135641233107364,0.6861860642750273
2012-08-15,27.8,-1.353169739062679,-3.135641233107364
2012-08-16,29.4,0.3335671120017807,-1.353169739062679
2012-08-17,31.1,2.124532547895779,0.3335671120017807
2012-08-18,26.1,-2.7803134840633916,2.124532547895779
2012-08-19,23.3,-5.481014253413594,-2.7803134840633916
2012-08-20,25.6,-3.077616176740637,-5.481014253413594
2012-08-21,27.8,-0.7701687418932224,-3.077616176740637
2012-08-22,27.8,-0.6587244264275576,-0.7701687418932224
2012-08-23,29.4,1.0566613894964725,-0.6587244264275576
2012-08-24,30.6,2.3759305155315396,1.0566613894964725
2012-08-25,30.0,1.8990220486225518,2.3759305155315396
2012-08-26,28.9,0.9258724752878642,1.8990220486225518
2012-08-27,27.2,-0.6435842215716754,0.9258724752878642
2012-08-28,30.6,2.890583548379599,-0.6435842215716754
2012-08-29,26.1,-1.471694902087549,2.890583548379599
2012-08-30,27.8,0.36950758087650115,-1.471694902087549
2012-08-31,32.8,5.514116114173962,0.36950758087650115
2012-09-01,32.8,5.662053902742343,5.514116114173962
2012-09-02,27.8,0.8132423672177964,5.662053902742343
2012-09-03,26.1,-0.7323987260550595,0.8132423672177964
2012-09-04,26.7,0.02504886699378872,-0.7323987260550595
2012-09-05,26.7,0.18550200184006727,0.02504886699378872
2012-09-06,26.7,0.34887628036189966,0.18550200184006727
2012-09-07,30.6,4.415086186803656,0.34887628036189966
2012-09-08,27.2,1.1840452243559838,4.415086186803656
2012-09-09,25.6,-0.24433394799898878,1.1840452243559838
2012-09-10,22.2,-3.4701393787284154,-0.24433394799898878
2012-09-11,22.8,-2.6934596874245003,-3.4701393787284154
2012-09-12,26.7,1.3856160707374663,-2.6934596874245003
2012-09-13,27.2,2.06699853941511,1.3856160707374663
2012-09-14,26.7,1.7505981940495268,2.06699853941511
2012-09-15,22.8,-1.9636745269839615,1.7505981940495268
2012-09-16,23.9,-0.6759090933534786,-1.9636745269839615
2012-09-17,25.6,1.2138052438022662,-0.6759090933534786
2012-09-18,23.9,-0.2946204243168111,1.2138052438022662
2012-09-19,21.1,-2.901274543431292,-0.2946204243168111
2012-09-20,20.6,-3.2062449788056355,-2.901274543431292
2012-09-21,23.9,0.29038109847885707,-3.2062449788056355
2012-09-22,24.4,0.9885173213270164,0.29038109847885707
2012-09-23,20.0,-3.211921767754223,0.9885173213270164
2012-09-24,19.4,-3.6110206154769457,-3.211921767754223
2012-09-25,22.2,-0.6088625612679195,-3.6110206154769457
2012-09-26,25.0,2.3944702543374774,-0.6088625612679195
2012-09-27,23.9,1.4988969761941,2.3944702543374774
2012-09-28,20.6,-1.595661884256213,1.4988969761941
2012-09-29,18.3,-3.6892843732687943,-1.595661884256213
2012-09-30,20.0,-1.7820470247246405,-3.6892843732687943
2012-10-01,21.1,-0.47402479585026924,-1.7820470247246405
2012-10-02,20.6,-0.7652910088593359,-0.47402479585026924
2012-10-03,22.8,1.6440827013704649,-0.7652910088593359
2012-10-04,23.3,2.3540264334891248,1.6440827013704649
2012-10-05,25.6,4.864472059655892,2.3540264334891248
2012-10-06,25.0,4.475353259249637,4.864472059655892
2012-10-07,12.2,-8.113394453735008,4.475353259249637
2012-10-08,12.8,-7.301833709631207,-8.113394453735008
2012-10-09,14.4,-5.49002526839025,-7.301833709631207
2012-10-10,18.9,-0.7780280112079865,-5.49002526839025
2012-10-11,15.0,-4.465898938458732,-0.7780280112079865
2012-10-12,13.3,-5.953693173890095,-4.465898938458732
2012-10-13,11.7,-7.341463975014712,-5.953693173890095
2012-10-14,21.1,2.2707372503831706,-7.341463975014712
2012-10-15,21.7,3.08286092172467,2.2707372503831706
2012-10-16,15.0,-3.4051407427867844,3.08286092172467
2012-10-17,16.1,-2.0933137603563523,-3.4051407427867844
2012-10-18,18.3,0.31829757659231106,-2.0933137603563523
2012-10-19,18.9,1.1296506551528545,0.31829757659231106
2012-10-20,20.6,3.0407044913976478,1.1296506551528545
2012-10-21,18.3,0.9514196747593502,3.0407044913976478
2012-10-22,18.9,1.7617583075422374,0.9514196747593502
2012-10-23,18.3,1.3716839397855125,1.7617583075422374
2012-10-24,15.0,-1.718838500285088,1.3716839397855125
2012-10-25,16.7,0.19015722003056368,-1.718838500285088
2012-10-26,18.3,1.9986385602913685,0.19015722003056368
2012-10-27,18.3,2.206574125666755,1.9986385602913685
2012-10-28,15.0,-0.886066417663022,2.206574125666755
2012-10-29,16.7,1.0206875698328517,-0.886066417663022
2012-10-30,12.2,-3.2731923893859634,1.0206875698328517
2012-10-31,10.0,-5.267733982806973,-3.2731923893859634
2012-11-01,10.6,-4.4629642028810075,-5.267733982806973
2012-11-02,11.7,-3.1589094438585246,-4.4629642028810075
2012-11-03,10.6,-4.055595600120608,-3.1589094438585246
2012-11-04,10.6,-3.853048165675345,-4.055595600120608
2012-11-05,7.2,-7.051292334486399,-3.853048165675345
2012-11-06,5.6,-8.450353101298534,-7.051292334486399
2012-11-07,5.0,-8.850255362623413,-8.450353101298534
2012-11-08,8.9,-4.751024017548078,-8.850255362623413
2012-11-09,11.7,-1.7526840680292342,-4.751024017548078
2012-11-10,12.8,-0.4552607183377937,-1.7526840680292342
2012-11-11,17.8,4.741220526679889,-0.4552607183377937
2012-11-12,18.9,6.036733764854112,4.741220526679889
2012-11-13,16.7,4.031252601783356,6.036733764854112
2012-11-14,8.3,-4.175249941913831,4.031252601783356
2012-11-15,7.2,-5.0828015208713575,-4.175249941913831
2012-11-16,7.8,-4.291430552464372,-5.0828015208713575
2012-11-17,10.6,-1.3011663012138168,-4.291430552464372
2012-11-18,9.4,-2.312038959814446,-1.3011663012138168
2012-11-19,8.3,-3.2240797265039305,-2.312038959814446
2012-11-20,10.6,-0.7373208785002188,-3.2240797265039305
2012-11-21,11.7,0.5482041587543929,-0.7373208785002188
2012-11-22,12.2,1.2324607467923663,0.5482041587543929
2012-11-23,13.3,2.515412974001025,1.2324607467923663
2012-11-24,10.0,-0.6029763995918014,2.515412974001025
2012-11-25,4.4,-6.022745992415857,-0.6029763995918014
2012-11-26,8.9,-1.3439358461431734,-6.022745992415857
2012-11-27,5.6,-4.466587464978248,-1.3439358461431734
2012-11-28,5.0,-4.890743849286627,-4.466587464978248
2012-11-29,6.1,-3.616449523411653,-4.890743849286627
2012-11-30,7.8,-1.7437505575451349,-3.616449523411653
2012-12-01,5.0,-4.372694583534063,-1.7437505575451349
2012-12-02,11.1,1.8966691954768446,-4.372694583534063
2012-12-03,15.6,6.564290001650386,1.8966691954768446
2012-12-04,16.7,7.830115485375018,6.564290001650386
2012-12-05,14.4,5.694091734544191,7.830115485375018
2012-12-06,4.4,-4.14383670977376,5.694091734544191
2012-12-07,7.8,-0.5837268312630739,-4.14383670977376
2012-12-08,10.0,1.7743628901078417,-0.5837268312630739
2012-12-09,10.0,1.9303725129262954,1.7743628901078417
2012-12-10,15.0,7.084240675503877,1.9303725129262954
2012-12-11,14.4,6.635904643312678,7.084240675503877
2012-12-12,6.1,-1.5146996373893309,6.635904643312678
2012-12-13,7.8,0.3323625201595455,-1.5146996373893309
2012-12-14,8.9,1.5770246089211337,0.3323625201595455
2012-12-15,8.3,1.119218999600899,1.5770246089211337
2012-12-16,8.3,1.258877017890618,1.119218999600899
2012-12-17,6.1,-0.8040709727548361,1.258877017890618
2012-12-18,12.2,5.430304517012808,-0.8040709727548361
2012-12-19,8.3,1.661932195722172,5.430304517012808
2012-12-20,8.3,1.790740089314303,1.661932195722172
2012-12-21,13.3,6.916655644093372,1.790740089314303
2012-12-22,3.3,-2.9603941658445194,6.916655644093372
2012-12-23,5.6,-0.5404827269580545,-2.9603941658445194
2012-12-24,4.4,-1.6236836706499886,-0.5404827269580545
2012-12-25,5.0,-0.9100707539773589,-1.6236836706499886
2012-12-26,3.9,-1.8997177369729736,-0.9100707539773589
2012-12-27,3.9,-1.7926982568787282,-1.8997177369729736
2012-12-28,2.8,-2.7890856996013476,-1.7926982568787282
2012-12-29,1.1,-4.388953068709965,-2.7890856996013476
2012-12-30,1.1,-4.292372852303149,-4.388953068709965
2012-12-31,3.3,-1.9994168880804999,-4.292372852303149
2013-01-01,4.4,-0.8767525319556695,-1.9994168880804999
2013-01-02,0.6,-4.588426693036637,-0.8767525319556695
2013-01-03,0.0,-5.10388365492048,-4.588426693036637
2013-01-04,2.8,-2.223192194449962,-5.10388365492048
2013-01-05,5.6,0.653580147379687,-2.223192194449962
2013-01-06,7.8,2.926367204065583,0.653580147379687
2013-01-07,7.2,2.395104321835647,2.926367204065583
2013-01-08,8.9,4.159728497120217,2.395104321835647
2013-01-09,9.4,4.720178512896921,4.159728497120217
2013-01-10,8.3,3.676395073550146,4.720178512896921
2013-01-11,7.8,3.2283209378889044,3.676395073550146
2013-01-12,8.3,3.775901049970005,3.2283209378889044
2013-01-13,10.0,5.519082667377795,3.775901049970005
2013-01-14,13.3,8.857815486616904,5.519082667377795
2013-01-15,3.3,-1.1079482347196628,8.857815486616904
2013-01-16,2.8,-1.5782535593374396,-1.1079482347196628
2013-01-17,6.1,1.7468572444947696,-1.5782535593374396
2013-01-18,1.7,-2.632655186511413,1.7468572444947696
2013-01-19,10.6,6.28317279538384,-2.632655186511413
2013-01-20,11.7,7.394307950206637,6.28317279538384
2013-01-21,0.0,-4.299279753544886,7.394307950206637
2013-01-22,-2.8,-7.0976170480577645,-4.299279753544886
2013-01-23,-6.7,-11.000727280962089,-7.0976170480577645
2013-01-24,-5.6,-9.908630335934136,-11.000727280962089
2013-01-25,-4.4,-8.721342559374872,-9.908630335934136
2013-01-26,-2.8,-7.138876693379452,-8.721342559374872
2013-01-27,1.1,-3.2612418151977978,-7.138876693379452
2013-01-28,2.2,-2.1884432833705594,-3.2612418151977978
2013-01-29,9.4,4.979517309291719,-2.1884432833705594
2013-01-30,15.0,10.542642175735352,4.979517309291719
2013-01-31,16.1,11.600937367562498,10.542642175735352
2013-02-01,-0.6,-5.14558719931342,11.600937367562498
2013-02-02,-1.7,-6.296917726353749,-5.14558719931342
2013-02-03,-1.1,-5.753036521501603,-6.296917726353749
2013-02-04,-1.1,-5.813921995770716,-5.753036521501603
2013-02-05,0.0,-4.7795486673583385,-5.813921995770716
2013-02-06,3.9,-0.9498871733053798,-4.7795486673583385
2013-02-07,0.0,-4.924904288708062,-0.9498871733053798
2013-02-08,1.1,-3.904562953466242,-4.924904288708062
2013-02-09,0.0,-5.088822306534519,-3.904562953466242
2013-02-10,2.2,-2.977637727623323,-5.088822306534519
2013-02-11,7.2,1.929039113721835,-2.977637727623323
2013-02-12,6.7,1.331260201753346,1.929039113721835
2013-02-13,6.7,1.2290811109757511,1.331260201753346
2013-02-14,7.8,2.222560935548498,1.2290811109757511
2013-02-15,12.8,7.111762211782419,2.222560935548498
2013-02-16,5.0,-0.8032491661072312,7.111762211782419
2013-02-17,0.0,-5.922404036811134,-0.8032491661072312
2013-02-18,1.7,-4.3456300691028655,-5.922404036811134
2013-02-19,9.4,3.227148134830693,-4.3456300691028655
2013-02-20,3.3,-3.003991069865698,3.227148134830693
2013-02-21,1.1,-5.338966485651223,-3.003991069865698
2013-02-22,3.3,-3.277694192946636,-5.338966485651223
2013-02-23,5.6,-1.120087675641246,-3.277694192946636
2013-02-24,8.3,1.433942048536406,-1.120087675641246
2013-02-25,7.2,0.18448629308242026,1.433942048536406
2013-02-26,6.7,-0.46836143647387374,0.18448629308242026
2013-02-27,8.3,0.9754944143041735,-0.46836143647387374
2013-02-28,10.6,3.116151302031418,0.9754944143041735
2013-03-01,7.2,-0.4462915644910712,3.116151302031418
2013-03-02,4.4,-3.4117333771819744,-0.4462915644910712
2013-03-03,4.4,-3.5800718841432904,-3.4117333771819744
2013-03-04,5.6,-2.551203547318517,-3.5800718841432904
2013-03-05,9.4,1.0749762980233886,-2.551203547318517
2013-03-06,5.6,-2.901426717648455,1.0749762980233886
2013-03-07,3.3,-5.380306160138427,-2.901426717648455
2013-03-08,5.6,-3.261554954231075,-5.380306160138427
2013-03-09,12.8,3.7549344532889783,-3.261554954231075
2013-03-10,10.0,0.7692699306867521,3.7549344532889783
2013-03-11,12.2,2.781559498778819,0.7692699306867521
2013-03-12,13.9,4.291911169268875,2.781559498778819
2013-03-13,11.1,1.3004327842965484,4.291911169268875
2013-03-14,5.0,-4.992768142424412,1.3004327842965484
2013-03-15,8.3,-1.8875845825060953,-4.992768142424412
2013-03-16,5.0,-5.3839101474573905,-1.8875845825060953
2013-03-17,3.3,-7.28163924056456,-5.3839101474573905
2013-03-18,1.7,-9.080667205726996,-7.28163924056456
2013-03-19,6.1,-4.880890472901564,-9.080667205726996
2013-03-20,7.2,-3.98220669981763,-4.880890472901564
2013-03-21,4.4,-6.9845149096343615,-3.98220669981763
2013-03-22,5.0,-6.587715624222485,-6.9845149096343615
2013-03-23,7.8,-3.991710992763754,-6.587715624222485
2013-03-24,8.3,-3.6964049153735523,-3.991710992763754
2013-03-25,4.4,-7.801703161464781,-3.6964049153735523
2013-03-26,11.7,-0.7075134825847815,-7.801703161464781
2013-03-27,11.7,-0.9137457194711676,-0.7075134825847815
2013-03-28,10.6,-2.220311903087403,-0.9137457194711676
2013-03-29,12.8,-0.2271263494144904,-2.220311903087403
2013-03-30,15.0,1.76589425220895,-0.2271263494144904
2013-03-31,12.2,-1.2411692426108498,1.76589425220895
2013-04-01,16.7,3.0517614917960803,-1.2411692426108498
2013-04-02,6.1,-7.755237816744801,3.0517614917960803
2013-04-03,7.8,-6.262094099049599,-7.755237816744801
2013-04-04,11.7,-2.568736998141727,-6.262094099049599
2013-04-05,17.8,3.3249010845151385,-2.568736998141727
2013-04-06,11.1,-3.5811150498005,3.3249010845151385
2013-04-07,12.8,-2.086723428406607,-3.5811150498005
2013-04-08,22.8,7.70813506896698,-2.086723428406607
2013-04-09,27.8,12.503516693911228,7.70813506896698
2013-04-10,23.3,7.799474820624292,12.503516693911228
2013-04-11,15.6,-0.1039400552623615,7.799474820624292
2013-04-12,8.3,-7.606680310351349,-0.1039400552623615
2013-04-13,14.4,-1.7087011796928184,-7.606680310351349
2013-04-14,13.9,-2.4099607356156394,-1.7087011796928184
2013-04-15,15.0,-1.5104198592670564,-2.4099607356156394
2013-04-16,17.2,0.48995779502998715,-1.5104198592670564
2013-04-17,21.7,4.791205842473968,0.48995779502998715
2013-04-18,15.0,-2.106644782609422,4.791205842473968
2013-04-19,21.7,4.396434229583715,-2.106644782609422
2013-04-20,15.6,-1.899531372749168,4.396434229583715
2013-04-21,12.8,-4.894518333734837,-1.899531372749168
2013-04-22,12.8,-5.088505814388995,-4.894518333734837
2013-04-23,11.7,-6.381475311257372,-5.088505814388995
2013-04-24,20.6,2.3265894306221924,-6.381475311257372
2013-04-25,18.9,0.43570251017771966,2.3265894306221924
2013-04-26,19.4,0.745875967908411,0.43570251017771966
2013-04-27,21.7,2.857119888351381,0.745875967908411
2013-04-28,20.6,1.5694425071119404,2.857119888351381
2013-04-29,13.9,-5.317149677852326,1.5694425071119404
2013-04-30,20.0,0.5973482089861548,-5.317149677852326
2013-05-01,20.6,1.0129395395462275,0.5973482089861548
2013-05-02,22.2,2.429626304223575,1.0129395395462275
2013-05-03,18.9,-1.0525907631062985,2.429626304223575
2013-05-04,20.6,0.466287942477674,-1.0525907631062985
2013-05-05,17.8,-2.513738973289712,0.466287942477674
2013-05-06,20.6,0.10732622774456502,-2.513738973289712
2013-05-07,23.3,2.6294805492224427,0.10732622774456502
2013-05-08,17.2,-3.6472796055619767,2.6294805492224427
2013-05-09,20.0,-1.0229582987826369,-3.6472796055619767
2013-05-10,26.1,4.902440077137388,-1.0229582987826369
2013-05-11,21.1,-0.27108906529387866,4.902440077137388
2013-05-12,21.1,-0.44355037387308016,-0.27108906529387866
2013-05-13,14.4,-7.314948422728923,-0.44355037387308016
2013-05-14,16.1,-5.785287579514524,-7.314948422728923
2013-05-15,20.6,-1.4545718741341567,-5.785287579514524
2013-05-16,26.1,3.8771951306302093,-1.4545718741341567
2013-05-17,22.2,-0.18998953376699745,3.8771951306302093
2013-05-18,18.3,-4.256128117133752,-0.18998953376699745
2013-05-19,15.0,-7.721222028998106,-4.256128117133752
2013-05-20,26.1,3.214728279637356,-7.721222028998106
2013-05-21,30.0,6.951723430915415,3.214728279637356
2013-05-22,25.6,2.3897652307996893,6.951723430915415
2013-05-23,26.7,3.3288567754974103,2.3897652307996893
2013-05-24,18.3,-5.230997446666898,3.3288567754974103
2013-05-25,12.2,-11.489791458211151,-5.230997446666898
2013-05-26,18.9,-4.94751770055996,-11.489791458211151
2013-05-27,22.8,-1.204166947470842,-4.94751770055996
2013-05-28,20.0,-4.159728224065272,-1.204166947470842
2013-05-29,27.8,3.4858112683075255,-4.159728224065272
2013-05-30,32.2,7.7324662211618325,3.4858112683075255
2013-05-31,32.2,7.580253281725671,7.7324662211618325
2013-06-01,32.2,7.429191109370841,7.580253281725671
2013-06-02,31.1,6.179300425460415,7.429191109370841
2013-06-03,25.6,0.5306040564693006,6.179300425460415
2013-06-04,23.9,-1.3168730297488906,0.5306040564693006
2013-06-05,23.3,-2.063103694656899,-1.3168730297488906
2013-06-06,21.1,-4.408058606780738,-2.063103694656899
2013-06-07,17.2,-8.451706226579486,-4.408058606780738
2013-06-08,25.0,-0.7940127984899945,-8.451706226579486
2013-06-09,26.7,0.7650576498202497,-0.7940127984899945
2013-06-10,21.1,-4.97445669902168,0.7650576498202497
2013-06-11,26.7,0.4874845342142997,-4.97445669902168
2013-06-12,24.4,-1.9490760955227202,0.4874845342142997
2013-06-13,20.6,-5.8840938855976574,-1.9490760955227202
2013-06-14,22.2,-4.417522020809109,-5.8840938855976574
2013-06-15,26.7,-0.04931161551468932,-4.417522020809109
2013-06-16,26.7,-0.1794117626624221,-0.04931161551468932
2013-06-17,28.9,1.8922304103897254,-0.1794117626624221
2013-06-18,28.9,1.7656696794017783,1.8922304103897254
2013-06-19,25.0,-2.2590373457195376,1.7656696794017783
2013-06-20,26.7,-0.6818322962206764,-2.2590373457195376
2013-06-21,27.8,0.29734487405702126,-0.6818322962206764
2013-06-22,28.9,1.2785558012973333,0.29734487405702126
2013-06-23,31.1,3.3618636186096467,1.2785558012973333
2013-06-24,33.3,5.447332857443804,3.3618636186096467
2013-06-25,32.8,4.8350293437677365,5.447332857443804
2013-06-26,29.4,1.32502008926987,4.8350293437677365
2013-06-27,30.0,1.81737317786137,1.32502008926987
2013-06-28,29.4,1.1121576477657307,1.81737317786137
2013-06-29,28.3,-0.09055663050540375,1.1121576477657307
2013-06-30,30.0,1.5093009200194345,-0.09055663050540375
2013-07-01,25.0,-3.588198546541193,1.5093009200194345
2013-07-02,27.8,-0.8829834313901799,-3.588198546541193
2013-07-03,28.3,-0.47498182633939123,-0.8829834313901799
2013-07-04,30.6,1.7358783484281233,-0.47498182633939123
2013-07-05,32.2,3.2496692044717186,1.7358783484281233
2013-07-06,33.3,4.266462743438574,3.2496692044717186
2013-07-07,33.3,4.186330714001606,4.266462743438574
2013-07-08,31.7,2.5093444677537953,4.186330714001606
2013-07-09,31.1,1.8355748144258826,2.5093444677537953
2013-07-10,29.4,0.06509187679566963,1.8355748144258826
2013-07-11,28.9,-0.502035054341988,0.06509187679566963
2013-07-12,25.0,-4.465737664775801,-0.502035054341988
2013-07-13,27.2,-2.3259487606817615,-4.465737664775801
2013-07-14,32.2,2.6173975887352547,-2.3259487606817615
2013-07-15,34.4,4.764365910123896,2.6173975887352547
2013-07-16,34.4,4.715019186750908,4.764365910123896
2013-07-17,36.1,6.36941872150026,4.715019186750908
2013-07-18,36.7,6.927624002453925,6.36941872150026
2013-07-19,35.6,5.789692571393985,6.927624002453925
2013-07-20,33.9,4.055679895558097,5.789692571393985
2013-07-21,31.7,1.8256392429717891,4.055679895558097
2013-07-22,30.0,0.0996215616712135,1.8256392429717891
2013-07-23,30.6,0.6776753631201125,0.0996215616712135
2013-07-24,28.3,-1.6401533898868301,0.6776753631201125
2013-07-25,20.0,-9.953821390553664,-1.6401533898868301
2013-07-26,28.3,-1.6632880903780176,-9.953821390553664
2013-07-27,27.8,-2.168515796156541,-1.6632880903780176
2013-07-28,25.6,-4.36946976146028,-2.168515796156541
2013-07-29,29.4,-0.5661182723540108,-4.36946976146028
2013-07-30,28.3,-1.6584327271485755,-0.5661182723540108
2013-07-31,28.3,-1.646387709991071,-1.6584327271485755
2013-08-01,24.4,-5.52996105811382,-1.646387709991071
2013-08-02,28.3,-1.6091339225798507,-5.52996105811382
2013-08-03,25.6,-4.2838908223794725,-1.6091339225798507
2013-08-04,26.7,-3.1542196917501606,-4.2838908223794725
2013-08-05,25.6,-4.220111920609387,-3.1542196917501606
2013-08-06,27.8,-1.9815623880084559,-4.220111920609387
2013-08-07,26.7,-3.038569488533163,-1.9815623880084559
2013-08-08,27.2,-2.491135151595838,-3.038569488533163
2013-08-09,29.4,-0.2392648535816413,-2.491135151595838
2013-08-10,28.3,-1.2829676228305722,-0.2392648535816413
2013-08-11,27.2,-2.322256037455432,-1.2829676228305722
2013-08-12,27.8,-1.6571462160142758,-2.322256037455432
2013-08-13,25.0,-4.387657801074621,-1.6571462160142758
2013-08-14,23.3,-6.013813935724972,-4.387657801074621
2013-08-15,25.6,-3.635641233107364,-6.013813935724972
2013-08-16,27.8,-1.353169739062679,-3.635641233107364
2013-08-17,28.9,-0.16643288799821931,-1.353169739062679
2013-08-18,24.4,-4.575467452104224,-0.16643288799821931
2013-08-19,26.1,-2.7803134840633916,-4.575467452104224
2013-08-20,31.1,2.3189857465864065,-2.7803134840633916
2013-08-21,32.2,3.5223838232593643,2.3189857465864065
2013-08-22,25.6,-2.9701687418932217,3.5223838232593643
2013-08-23,27.8,-0.6587244264275576,-2.9701687418932217
2013-08-24,26.7,-1.6433386105035268,-0.6587244264275576
2013-08-25,28.3,0.07593051553153884,-1.6433386105035268
2013-08-26,28.9,0.7990220486225503,0.07593051553153884
2013-08-27,30.6,2.625872475287867,0.7990220486225503
2013-08-28,30.0,2.1564157784283253,2.625872475287867
2013-08-29,26.7,-1.0094164516204032,2.1564157784283253
2013-08-30,29.4,1.8283050979124482,-1.0094164516204032
2013-08-31,30.0,2.5695075808765004,1.8283050979124482
2013-09-01,28.9,1.6141161141739637,2.5695075808765004
2013-09-02,27.8,0.6620539027423469,1.6141161141739637
2013-09-03,27.8,0.8132423672177964,0.6620539027423469
2013-09-04,27.8,0.9676012739449398,0.8132423672177964
2013-09-05,26.7,0.02504886699378872,0.9676012739449398
2013-09-06,22.2,-4.314497998159933,0.02504886699378872
2013-09-07,26.7,0.34887628036189966,-4.314497998159933
2013-09-08,28.3,2.115086186803655,0.34887628036189966
2013-09-09,22.8,-3.2159547756440148,2.115086186803655
2013-09-10,30.6,4.755666052001011,-3.2159547756440148
2013-09-11,35.6,9.929860621271587,4.755666052001011
2013-09-12,30.6,5.1065403125755005,9.929860621271587
2013-09-13,25.0,-0.314383929262533,5.1065403125755005
2013-09-14,19.4,-5.733001460584891,-0.314383929262533
2013-09-15,22.8,-2.149401805950472,-5.733001460584891
2013-09-16,22.8,-1.9636745269839615,-2.149401805950472
2013-09-17,18.3,-6.2759090933534765,-1.9636745269839615
2013-09-18,22.2,-2.186194756197736,-6.2759090933534765
2013-09-19,25.6,1.4053795756831917,-2.186194756197736
2013-09-20,26.1,2.098725456568708,1.4053795756831917
2013-09-21,25.0,1.193755021194363,2.098725456568708
2013-09-22,20.6,-3.00961890152114,1.193755021194363
2013-09-23,18.9,-4.511482678672984,-3.00961890152114
2013-09-24,22.8,-0.4119217677542224,-4.511482678672984
2013-09-25,22.8,-0.21102061547694362,-0.4119217677542224
2013-09-26,21.7,-1.1088625612679195,-0.21102061547694362
2013-09-27,20.6,-2.005529745662521,-1.1088625612679195
2013-09-28,22.8,0.39889697619410214,-2.005529745662521
2013-09-29,22.2,0.004338115743784954,0.39889697619410214
2013-09-30,23.9,1.9107156267312035,0.004338115743784954
2013-10-01,27.8,6.01795297527536,1.9107156267312035
2013-10-02,28.3,6.72597520414973,6.01795297527536
2013-10-03,25.6,4.234708991140664,6.72597520414973
2013-10-04,30.0,8.844082701370464,4.234708991140664
2013-10-05,24.4,3.4540264334891226,8.844082701370464
2013-10-06,21.1,0.3644720596558919,3.4540264334891226
2013-10-07,24.4,3.8753532592496356,0.3644720596558919
2013-10-08,19.4,-0.9133944537350089,3.8753532592496356
2013-10-09,16.7,-3.401833709631209,-0.9133944537350089
2013-10-10,18.3,-1.5900252683902494,-3.401833709631209
2013-10-11,20.0,0.32197198879201494,-1.5900252683902494
2013-10-12,22.2,2.734101061541267,0.32197198879201494
2013-10-13,18.3,-0.9536931738900947,2.734101061541267
2013-10-14,18.9,-0.14146397501471242,-0.9536931738900947
2013-10-15,22.2,3.3707372503831685,-0.14146397501471242
2013-10-16,19.4,0.7828609217246694,3.3707372503831685
2013-10-17,22.8,4.394859257213216,0.7828609217246694
2013-10-18,20.0,1.8066862396436463,4.394859257213216
2013-10-19,17.8,-0.18170242340768894,1.8066862396436463
2013-10-20,17.2,-0.5703493448471448,-0.18170242340768894
2013-10-21,18.9,1.340704491397645,-0.5703493448471448
2013-10-22,19.4,2.051419674759348,1.340704491397645
2013-10-23,12.8,-4.3382416924577605,2.051419674759348
2013-10-24,12.2,-4.728316060214489,-4.3382416924577605
2013-10-25,11.7,-5.018838500285089,-4.728316060214489
2013-10-26,12.8,-3.709842779969435,-5.018838500285089
2013-10-27,14.4,-1.9013614397086318,-3.709842779969435
2013-10-28,16.1,0.006574125666755748,-1.9013614397086318
2013-10-29,13.3,-2.5860664176630213,0.006574125666755748
2013-10-30,15.6,-0.07931243016714795,-2.5860664176630213
2013-10-31,18.9,3.426807610614036,-0.07931243016714795
2013-11-01,21.1,5.832266017193028,3.426807610614036
2013-11-02,20.0,4.937035797118993,5.832266017193028
2013-11-03,12.8,-2.058909443858523,4.937035797118993
2013-11-04,7.8,-6.8555956001206075,-2.058909443858523
2013-11-05,12.8,-1.6530481656753437,-6.8555956001206075
2013-11-06,16.1,1.8487076655136025,-1.6530481656753437
2013-11-07,17.8,3.7496468987014673,1.8487076655136025
2013-11-08,10.0,-3.850255362623413,3.7496468987014673
2013-11-09,10.0,-3.651024017548078,-3.850255362623413
2013-11-10,16.1,2.647315931970768,-3.651024017548078
2013-11-11,11.7,-1.5552607183377951,2.647315931970768
2013-11-12,11.1,-1.9587794733201118,-1.5552607183377951
2013-11-13,3.9,-8.963266235145886,-1.9587794733201118
2013-11-14,11.1,-1.5687473982166438,-8.963266235145886
2013-11-15,13.9,1.4247500580861683,-1.5687473982166438
2013-11-16,15.6,3.317198479128642,1.4247500580861683
2013-11-17,15.6,3.5085694475356277,3.317198479128642
2013-11-18,18.3,6.398833698786184,3.5085694475356277
2013-11-19,10.6,-1.1120389598144467,6.398833698786184
2013-11-20,6.7,-4.824079726503931,-1.1120389598144467
2013-11-21,11.1,-0.23732087850021877,-4.824079726503931
2013-11-22,13.9,2.748204158754394,-0.23732087850021877
2013-11-23,12.2,1.2324607467923663,2.748204158754394
2013-11-24,-1.0,-11.784587025998976,1.2324607467923663
2013-11-25,1.7,-8.902976399591802,-11.784587025998976
2013-11-26,8.3,-2.1227459924158563,-8.902976399591802
2013-11-27,16.7,6.4560641538568255,-2.1227459924158563
2013-11-28,1.7,-8.366587464978249,6.4560641538568255
2013-11-29,3.9,-5.990743849286627,-8.366587464978249
2013-11-30,3.9,-5.816449523411652,-5.990743849286627
2013-12-01,9.4,-0.14375055754513433,-5.816449523411652
2013-12-02,9.4,0.027305416465937427,-0.14375055754513433
2013-12-03,11.7,2.4966691954768443,0.027305416465937427
2013-12-04,11.1,2.0642900016503862,2.4966691954768443
2013-12-05,15.6,6.730115485375018,2.0642900016503862
2013-12-06,16.7,7.99409173454419,6.730115485375018
2013-12-07,5.0,-3.5438367097737604,7.99409173454419
2013-12-08,0.6,-7.783726831263074,-3.5438367097737604
2013-12-09,3.9,-4.325637109892158,-7.783726831263074
2013-12-10,2.8,-5.269627487073705,-4.325637109892158
2013-12-11,0.6,-7.315759324496123,-5.269627487073705
2013-12-12,-1.0,-8.764095356687323,-7.315759324496123
2013-12-13,1.7,-5.91469963738933,-8.764095356687323
2013-12-14,1.1,-6.367637479840454,-5.91469963738933
2013-12-15,4.4,-2.9229753910788663,-6.367637479840454
2013-12-16,0.6,-6.580781000399102,-2.9229753910788663
2013-12-17,0.0,-7.041122982109383,-6.580781000399102
2013-12-18,2.8,-4.104070972754836,-7.041122982109383
2013-12-19,8.3,1.5303045170128096,-4.104070972754836
2013-12-20,11.7,5.061932195722171,1.5303045170128096
2013-12-21,18.3,11.790740089314303,5.061932195722171
2013-12-22,21.7,15.31665564409337,11.790740089314303
2013-12-23,17.8,11.53960583415548,15.31665564409337
2013-12-24,5.6,-0.5404827269580545,11.53960583415548
2013-12-25,-0.5,-6.523683670649989,-0.5404827269580545
2013-12-26,2.2,-3.7100707539773587,-6.523683670649989
2013-12-27,4.4,-1.3997177369729732,-3.7100707539773587
2013-12-28,12.8,7.107301743121273,-1.3997177369729732
2013-12-29,8.9,3.310914300398653,7.107301743121273
2013-12-30,7.2,1.711046931290035,3.310914300398653
2013-12-31,0.0,-5.39237285230315,1.711046931290035
2014-01-01,0.6,-4.67675253195567,-5.39237285230315
2014-01-02,0.6,-4.588426693036637,-4.67675253195567
2014-01-03,-7.7,-12.80388365492048,-4.588426693036637
2014-01-04,-1.6,-6.623192194449961,-12.80388365492048
2014-01-05,4.4,-0.5464198526203123,-6.623192194449961
2014-01-06,12.8,7.926367204065584,-0.5464198526203123
2014-01-07,-7.1,-11.904895678164353,7.926367204065584
2014-01-08,-5.5,-10.240271502879782,-11.904895678164353
2014-01-09,0.0,-4.679821487103079,-10.240271502879782
2014-01-10,2.8,-1.823604926449855,-4.679821487103079
2014-01-11,14.4,9.828320937888904,-1.823604926449855
2014-01-12,12.2,7.675901049970004,9.828320937888904
2014-01-13,10.6,6.1190826673777945,7.675901049970004
2014-01-14,11.1,6.657815486616902,6.1190826673777945
2014-01-15,8.3,3.892051765280338,6.657815486616902
2014-01-16,5.6,1.2217464406625602,3.892051765280338
2014-01-17,6.7,2.34685724449477,1.2217464406625602
2014-01-18,5.0,0.6673448134885867,2.34685724449477
2014-01-19,3.3,-1.0168272046161597,0.6673448134885867
2014-01-20,7.8,3.494307950206638,-1.0168272046161597
2014-01-21,-0.5,-4.799279753544886,3.494307950206638
2014-01-22,-8.2,-12.497617048057764,-4.799279753544886
2014-01-23,-6.6,-10.900727280962089,-12.497617048057764
2014-01-24,-6.6,-10.908630335934136,-10.900727280962089
2014-01-25,-2.1,-6.421342559374873,-10.908630335934136
2014-01-26,1.1,-3.2388766933794524,-6.421342559374873
2014-01-27,6.7,2.3387581848022023,-3.2388766933794524
2014-01-28,-6.0,-10.38844328337056,2.3387581848022023
2014-01-29,-4.9,-9.320482690708282,-10.38844328337056
2014-01-30,-1.0,-5.4573578242646485,-9.320482690708282
2014-01-31,3.9,-0.5990626324375046,-5.4573578242646485
2014-02-01,7.2,2.65441280068658,-0.5990626324375046
2014-02-02,13.3,8.703082273646253,2.65441280068658
2014-02-03,6.1,1.4469634784983967,8.703082273646253
2014-02-04,1.7,-3.0139219957707164,1.4469634784983967
2014-02-05,1.1,-3.6795486673583384,-3.0139219957707164
2014-02-06,0.0,-4.84988717330538,-3.6795486673583384
2014-02-07,0.0,-4.924904288708062,-4.84988717330538
2014-02-08,-1.6,-6.6045629534662424,-4.924904288708062
2014-02-09,-0.5,-5.588822306534519,-6.6045629534662424
2014-02-10,-1.6,-6.777637727623324,-5.588822306534519
2014-02-11,-3.2,-8.470960886278165,-6.777637727623324
2014-02-12,-3.8,-9.168739798246655,-8.470960886278165
2014-02-13,2.2,-3.270918889024249,-9.168739798246655
2014-02-14,4.4,-1.1774390644515016,-3.270918889024249
2014-02-15,2.8,-2.888237788217582,-1.1774390644515016
2014-02-16,-1.0,-6.803249166107231,-2.888237788217582
2014-02-17,0.0,-5.922404036811134,-6.803249166107231
2014-02-18,3.9,-2.145630069102866,-5.922404036811134
2014-02-19,7.2,1.0271481348306928,-2.145630069102866
2014-02-20,10.6,4.296008930134302,1.0271481348306928
2014-02-21,9.4,2.9610335143487774,4.296008930134302
2014-02-22,12.2,5.622305807053364,2.9610335143487774
2014-02-23,12.2,5.479912324358754,5.622305807053364
2014-02-24,6.7,-0.16605795146359448,5.479912324358754
2014-02-25,0.6,-6.41551370691758,-0.16605795146359448
2014-02-26,-0.5,-7.668361436473874,-6.41551370691758
2014-02-27,1.1,-6.224505585695827,-7.668361436473874
2014-02-28,-4.3,-11.783848697968581,-6.224505585695827
2014-03-01,2.8,-4.846291564491072,-11.783848697968581
2014-03-02,4.4,-3.4117333771819744,-4.846291564491072
2014-03-03,0.0,-7.980071884143291,-3.4117333771819744
2014-03-04,-1.6,-9.751203547318516,-7.980071884143291
2014-03-05,3.9,-4.425023701976611,-9.751203547318516
2014-03-06,-0.5,-9.001426717648455,-4.425023701976611
2014-03-07,2.8,-5.880306160138427,-9.001426717648455
2014-03-08,13.9,5.038445045768926,-5.880306160138427
2014-03-09,6.7,-2.345065546711022,5.038445045768926
2014-03-10,10.6,1.3692699306867517,-2.345065546711022
2014-03-11,18.9,9.481559498778818,1.3692699306867517
2014-03-12,13.3,3.6919111692688755,9.481559498778818
2014-03-13,0.0,-9.799567215703451,3.6919111692688755
2014-03-14,7.8,-2.192768142424412,-9.799567215703451
2014-03-15,14.4,4.212415417493904,-2.192768142424412
2014-03-16,5.6,-4.783910147457391,4.212415417493904
2014-03-17,1.7,-8.88163924056456,-4.783910147457391
2014-03-18,6.1,-4.680667205726996,-8.88163924056456
2014-03-19,7.8,-3.180890472901564,-4.680667205726996
2014-03-20,12.2,1.017793300182369,-3.180890472901564
2014-03-21,10.6,-0.7845149096343622,1.017793300182369
2014-03-22,17.2,5.612284375777515,-0.7845149096343622
2014-03-23,5.6,-6.191710992763754,5.612284375777515
2014-03-24,1.7,-10.296404915373554,-6.191710992763754
2014-03-25,3.9,-8.301703161464781,-10.296404915373554
2014-03-26,2.2,-10.20751348258478,-8.301703161464781
2014-03-27,6.7,-5.913745719471167,-10.20751348258478
2014-03-28,16.7,3.879688096912597,-5.913745719471167
2014-03-29,15.0,1.972873650585509,3.879688096912597
2014-03-30,9.4,-3.8341057477910496,1.972873650585509
2014-03-31,13.3,-0.1411692426108484,-3.8341057477910496
2014-04-01,15.6,1.9517614917960806,-0.1411692426108484
2014-04-02,12.2,-1.6552378167448012,1.9517614917960806
2014-04-03,19.4,5.3379059009504,-1.6552378167448012
2014-04-04,8.3,-5.9687369981417255,5.3379059009504
2014-04-05,12.2,-2.275098915484863,-5.9687369981417255
2014-04-06,16.1,1.4188849501995016,-2.275098915484863
2014-04-07,11.7,-3.1867234284066086,1.4188849501995016
2014-04-08,17.8,2.70813506896698,-3.1867234284066086
2014-04-09,16.1,0.803516693911229,2.70813506896698
2014-04-10,14.4,-1.1005251793757083,0.803516693911229
2014-04-11,23.9,8.196059944737637,-1.1005251793757083
2014-04-12,22.8,6.893319689648651,8.196059944737637
2014-04-13,25.0,8.891298820307181,6.893319689648651
2014-04-14,23.9,7.590039264384359,8.891298820307181
2014-04-15,17.2,0.6895801407329429,7.590039264384359
2014-04-16,9.4,-7.310042204970012,0.6895801407329429
2014-04-17,8.9,-8.008794157526031,-7.310042204970012
2014-04-18,9.4,-7.7066447826094215,-8.008794157526031
2014-04-19,20.0,2.6964342295837156,-7.7066447826094215
2014-04-20,15.6,-1.899531372749168,2.6964342295837156
2014-04-21,19.4,1.705481666265161,-1.899531372749168
2014-04-22,21.7,3.8114941856110036,1.705481666265161
2014-04-23,16.1,-1.9814753112573698,3.8114941856110036
2014-04-24,16.7,-1.5734105693778098,-1.9814753112573698
2014-04-25,17.2,-1.2642974898222796,-1.5734105693778098
2014-04-26,19.4,0.745875967908411,-1.2642974898222796
2014-04-27,15.0,-3.8428801116486184,0.745875967908411
2014-04-28,19.4,0.3694425071119376,-3.8428801116486184
2014-04-29,11.1,-8.117149677852327,0.3694425071119376
2014-04-30,11.1,-8.302651791013846,-8.117149677852327
2014-05-01,25.6,6.0129395395462275,-8.302651791013846
2014-05-02,21.1,1.3296263042235772,6.0129395395462275
2014-05-03,21.7,1.7474092368937022,1.3296263042235772
2014-05-04,18.3,-1.8337120575223267,1.7474092368937022
2014-05-05,21.1,0.7862610267102887,-1.8337120575223267
2014-05-06,21.7,1.2073262277445629,0.7862610267102887
2014-05-07,20.6,-0.07051945077755661,1.2073262277445629
2014-05-08,15.0,-5.847279605561976,-0.07051945077755661
2014-05-09,17.2,-3.8229582987826376,-5.847279605561976
2014-05-10,28.3,7.102440077137388,-3.8229582987826376
2014-05-11,27.8,6.428910934706121,7.102440077137388
2014-05-12,29.4,7.856449626126917,6.428910934706121
2014-05-13,22.8,1.0850515772710772,7.856449626126917
2014-05-14,21.7,-0.1852875795145259,1.0850515772710772
2014-05-15,21.7,-0.3545718741341588,-0.1852875795145259
2014-05-16,20.0,-2.222804869369792,-0.3545718741341588
2014-05-17,21.1,-1.2899895337669953,-2.222804869369792
2014-05-18,19.4,-3.156128117133754,-1.2899895337669953
2014-05-19,22.2,-0.5212220289981069,-3.156128117133754
2014-05-20,25.6,2.714728279637356,-0.5212220289981069
2014-05-21,23.3,0.2517234309154155,2.714728279637356
2014-05-22,19.4,-3.8102347692003136,0.2517234309154155
2014-05-23,21.7,-1.6711432245025897,-3.8102347692003136
2014-05-24,21.1,-2.430997446666897,-1.6711432245025897
2014-05-25,26.7,3.010208541788849,-2.430997446666897
2014-05-26,30.0,6.152482299440042,3.010208541788849
2014-05-27,30.0,5.995833052529157,6.152482299440042
2014-05-28,17.8,-6.359728224065272,5.995833052529157
2014-05-29,18.9,-5.414188731692477,-6.359728224065272
2014-05-30,23.9,-0.5675337788381718,-5.414188731692477
2014-05-31,22.8,-1.819746718274331,-0.5675337788381718
2014-06-01,25.0,0.22919110937083786,-1.819746718274331
2014-06-02,26.7,1.7793004254604128,0.22919110937083786
2014-06-03,30.6,5.530604056469301,1.7793004254604128
2014-06-04,27.8,2.5831269702511115,5.530604056469301
2014-06-05,24.4,-0.9631036946569012,2.5831269702511115
2014-06-06,24.4,-1.108058606780741,-0.9631036946569012
2014-06-07,27.8,2.148293773420516,-1.108058606780741
2014-06-08,30.0,4.2059872015100055,2.148293773420516
2014-06-09,22.8,-3.134942350179749,4.2059872015100055
2014-06-10,25.0,-1.074456699021681,-3.134942350179749
2014-06-11,21.1,-5.112515465785698,-1.074456699021681
2014-06-12,22.8,-3.549076095522718,-5.112515465785698
2014-06-13,26.1,-0.38409388559765745,-3.549076095522718
2014-06-14,23.3,-3.3175220208091076,-0.38409388559765745
2014-06-15,26.7,-0.04931161551468932,-3.3175220208091076
2014-06-16,27.2,0.3205882373375779,-0.04931161551468932
2014-06-17,31.7,4.692230410389726,0.3205882373375779
2014-06-18,31.7,4.565669679401779,4.692230410389726
2014-06-19,25.0,-2.2590373457195376,4.565669679401779
2014-06-20,26.1,-1.2818322962206743,-2.2590373457195376
2014-06-21,25.6,-1.902655125942978,-1.2818322962206743
2014-06-22,26.1,-1.521444198702664,-1.902655125942978
2014-06-23,27.2,-0.5381363813903555,-1.521444198702664
2014-06-24,27.2,-0.6526671425561936,-0.5381363813903555
2014-06-25,29.4,1.435029343767738,-0.6526671425561936
2014-06-26,29.4,1.32502008926987,1.435029343767738
2014-06-27,28.3,0.11737317786137069,1.32502008926987
2014-06-28,30.6,2.3121576477657335,0.11737317786137069
2014-06-29,28.3,-0.09055663050540375,2.3121576477657335
2014-06-30,28.9,0.4093009200194331,-0.09055663050540375
2014-07-01,31.7,3.1118014534588063,0.4093009200194331
2014-07-02,32.8,4.117016568609817,3.1118014534588063
2014-07-03,30.6,1.8250181736606095,4.117016568609817
2014-07-04,23.3,-5.564121651571877,1.8250181736606095
2014-07-05,27.2,-1.750330795528285,-5.564121651571877
2014-07-06,28.9,-0.133537256561425,-1.750330795528285
2014-07-07,32.2,3.086330714001612,-0.133537256561425
2014-07-08,32.8,3.609344467753793,3.086330714001612
2014-07-09,31.1,1.8355748144258826,3.609344467753793
2014-07-10,28.3,-1.0349081232043282,1.8355748144258826
2014-07-11,30.0,0.5979649456580134,-1.0349081232043282
2014-07-12,29.4,-0.06573766477580278,0.5979649456580134
2014-07-13,28.3,-1.22594876068176,-0.06573766477580278
2014-07-14,28.9,-0.6826024112647495,-1.22594876068176
2014-07-15,30.0,0.3643659101238974,-0.6826024112647495
2014-07-16,27.2,-2.4849808132490914,0.3643659101238974
2014-07-17,27.2,-2.530581278499742,-2.4849808132490914
2014-07-18,27.2,-2.5723759975460787,-2.530581278499742
2014-07-19,24.4,-5.410307428606018,-2.5723759975460787
2014-07-20,26.7,-3.1443201044419027,-5.410307428606018
2014-07-21,29.4,-0.47436075702821157,-3.1443201044419027
2014-07-22,30.0,0.0996215616712135,-0.47436075702821157
2014-07-23,31.1,1.1776753631201125,0.0996215616712135
2014-07-24,26.7,-3.2401533898868315,1.1776753631201125
2014-07-25,27.8,-2.153821390553663,-3.2401533898868315
2014-07-26,27.2,-2.763288090378019,-2.153821390553663
2014-07-27,29.4,-0.568515796156543,-2.763288090378019
2014-07-28,27.8,-2.169469761460281,-0.568515796156543
2014-07-29,24.4,-5.566118272354011,-2.169469761460281
2014-07-30,26.7,-3.258432727148577,-5.566118272354011
2014-07-31,27.8,-2.146387709991071,-3.258432727148577
2014-08-01,28.9,-1.0299610581138197,-2.146387709991071
2014-08-02,23.3,-6.609133922579851,-1.0299610581138197
2014-08-03,24.4,-5.483890822379475,-6.609133922579851
2014-08-04,28.9,-0.9542196917501613,-5.483890822379475
2014-08-05,32.2,2.3798880793906143,-0.9542196917501613
2014-08-06,28.3,-1.4815623880084559,2.3798880793906143
2014-08-07,28.3,-1.4385694885331617,-1.4815623880084559
2014-08-08,28.3,-1.3911351515958366,-1.4385694885331617
2014-08-09,30.6,0.9607351464183616,-1.3911351515958366
2014-08-10,31.1,1.5170323771694285,0.9607351464183616
2014-08-11,30.6,1.0777439625445702,1.5170323771694285
2014-08-12,26.1,-3.357146216014275,1.0777439625445702
2014-08-13,27.8,-1.58765780107462,-3.357146216014275
2014-08-14,25.0,-4.313813935724973,-1.58765780107462
2014-08-15,22.8,-6.435641233107365,-4.313813935724973
2014-08-16,25.6,-3.553169739062678,-6.435641233107365
2014-08-17,27.8,-1.2664328879982172,-3.553169739062678
2014-08-18,27.2,-1.7754674521042233,-1.2664328879982172
2014-08-19,28.3,-0.5803134840633923,-1.7754674521042233
2014-08-20,28.9,0.1189857465864037,-0.5803134840633923
2014-08-21,28.3,-0.37761617674063785,0.1189857465864037
2014-08-22,26.1,-2.4701687418932217,-0.37761617674063785
2014-08-23,25.0,-3.4587244264275583,-2.4701687418932217
2014-08-24,26.7,-1.6433386105035268,-3.4587244264275583
2014-08-25,31.1,2.8759305155315396,-1.6433386105035268
2014-08-26,31.7,3.599022048622551,2.8759305155315396
2014-08-27,32.2,4.2258724752878685,3.599022048622551
2014-08-28,27.8,-0.043584221571673964,4.2258724752878685
2014-08-29,26.7,-1.0094164516204032,-0.043584221571673964
2014-08-30,26.7,-0.8716949020875511,-1.0094164516204032
2014-08-31,32.2,4.769507580876503,-0.8716949020875511
2014-09-01,31.1,3.8141161141739666,4.769507580876503
2014-09-02,33.3,6.162053902742343,3.8141161141739666
2014-09-03,30.0,3.0132423672177957,6.162053902742343
2014-09-04,30.6,3.7676012739449405,3.0132423672177957
2014-09-05,30.6,3.925048866993791,3.7676012739449405
2014-09-06,32.8,6.285502001840065,3.925048866993791
2014-09-07,27.2,0.8488762803618997,6.285502001840065
2014-09-08,23.9,-2.284913813196347,0.8488762803618997
2014-09-09,22.8,-3.2159547756440148,-2.284913813196347
2014-09-10,26.7,0.8556660520010091,-3.2159547756440148
2014-09-11,28.3,2.629860621271586,0.8556660520010091
2014-09-12,25.6,0.10654031257550045,2.629860621271586
2014-09-13,20.6,-4.714383929262532,0.10654031257550045
2014-09-14,21.7,-3.43300146058489,-4.714383929262532
2014-09-15,21.7,-3.2494018059504732,-3.43300146058489
2014-09-16,21.1,-3.663674526983961,-3.2494018059504732
2014-09-17,22.8,-1.7759090933534765,-3.663674526983961
2014-09-18,24.4,0.013805243802263334,-1.7759090933534765
2014-09-19,18.9,-5.294620424316811,0.013805243802263334
2014-09-20,23.9,-0.10127454343129472,-5.294620424316811
2014-09-21,23.9,0.09375502119436163,-0.10127454343129472
2014-09-22,21.7,-1.9096189015211422,0.09375502119436163
2014-09-23,21.7,-1.7114826786729829,-1.9096189015211422
2014-09-24,21.7,-1.5119217677542238,-1.7114826786729829
2014-09-25,17.8,-5.211020615476944,-1.5119217677542238
2014-09-26,25.0,2.191137438732081,-5.211020615476944
2014-09-27,28.3,5.694470254337478,2.191137438732081
2014-09-28,28.9,6.4988969761941,5.694470254337478
2014-09-29,26.1,3.904338115743787,6.4988969761941
2014-09-30,21.7,-0.28928437326879575,3.904338115743787
2014-10-01,18.3,-3.48204702472464,-0.28928437326879575
2014-10-02,21.1,-0.47402479585026924,-3.48204702472464
2014-10-03,21.7,0.334708991140662,-0.47402479585026924
2014-10-04,20.6,-0.5559172986295344,0.334708991140662
2014-10-05,16.1,-4.8459735665108745,-0.5559172986295344
2014-10-06,20.6,-0.1355279403441081,-4.8459735665108745
2014-10-07,21.7,1.1753532592496363,-0.1355279403441081
2014-10-08,22.8,2.486605546264993,1.1753532592496363
2014-10-09,20.0,-0.10183370963120808,2.486605546264993
2014-10-10,17.8,-2.0900252683902494,-0.10183370963120808
2014-10-11,15.6,-4.078028011207985,-2.0900252683902494
2014-10-12,17.2,-2.265898938458733,-4.078028011207985
2014-10-13,18.3,-0.9536931738900947,-2.265898938458733
2014-10-14,24.4,5.358536024985288,-0.9536931738900947
2014-10-15,25.0,6.170737250383169,5.358536024985288
2014-10-16,21.7,3.08286092172467,6.170737250383169
2014-10-17,21.7,3.294859257213215,3.08286092172467
2014-10-18,21.1,2.9066862396436477,3.294859257213215
2014-10-19,13.3,-4.681702423407689,2.9066862396436477
2014-10-20,15.6,-2.1703493448471445,-4.681702423407689
2014-10-21,19.4,1.840704491397645,-2.1703493448471445
2014-10-22,14.4,-2.94858032524065,1.840704491397645
2014-10-23,11.7,-5.438241692457762,-2.94858032524065
2014-10-24,17.2,0.2716839397855111,-5.438241692457762
2014-10-25,19.4,2.6811614997149107,0.2716839397855111
2014-10-26,17.2,0.6901572200305637,2.6811614997149107
2014-10-27,17.2,0.8986385602913671,0.6901572200305637
2014-10-28,22.2,6.106574125666754,0.8986385602913671
2014-10-29,22.2,6.313933582336977,6.106574125666754
2014-10-30,15.0,-0.6793124301671476,6.313933582336977
2014-10-31,12.8,-2.673192389385962,-0.6793124301671476
2014-11-01,8.3,-6.967733982806973,-2.673192389385962
2014-11-02,8.9,-6.162964202881007,-6.967733982806973
2014-11-03,16.1,1.2410905561414776,-6.162964202881007
2014-11-04,20.0,5.344404399879393,1.2410905561414776
2014-11-05,17.8,3.3469518343246563,5.344404399879393
2014-11-06,13.9,-0.3512923344863985,3.3469518343246563
2014-11-07,11.7,-2.350353101298534,-0.3512923344863985
2014-11-08,8.9,-4.9502553626234125,-2.350353101298534
2014-11-09,13.9,0.2489759824519222,-4.9502553626234125
2014-11-10,16.1,2.647315931970768,0.2489759824519222
2014-11-11,17.8,4.544739281662206,2.647315931970768
2014-11-12,18.3,5.241220526679889,4.544739281662206
2014-11-13,8.9,-3.963266235145886,5.241220526679889
2014-11-14,5.6,-7.068747398216644,-3.963266235145886
2014-11-15,5.6,-6.875249941913832,-7.068747398216644
2014-11-16,7.2,-5.0828015208713575,-6.875249941913832
2014-11-17,11.1,-0.9914305524643723,-5.0828015208713575
2014-11-18,7.2,-4.701166301213816,-0.9914305524643723
2014-11-19,2.2,-9.512038959814447,-4.701166301213816
2014-11-20,7.2,-4.324079726503931,-9.512038959814447
2014-11-21,2.8,-8.537320878500218,-4.324079726503931
2014-11-22,6.7,-4.451795841245606,-8.537320878500218
2014-11-23,13.9,2.9324607467923673,-4.451795841245606
2014-11-24,20.6,9.815412974001026,2.9324607467923673
2014-11-25,20.0,9.397023600408199,9.815412974001026
2014-11-26,10.6,0.17725400758414267,9.397023600408199
2014-11-27,3.3,-6.943935846143174,0.17725400758414267
2014-11-28,2.8,-7.266587464978248,-6.943935846143174
2014-11-29,7.2,-2.690743849286627,-7.266587464978248
2014-11-30,12.8,3.083550476588348,-2.690743849286627
2014-12-01,18.3,8.756249442454866,3.083550476588348
2014-12-02,6.1,-3.2726945835340633,8.756249442454866
2014-12-03,7.8,-1.4033308045231552,-3.2726945835340633
2014-12-04,7.2,-1.8357099983496132,-1.4033308045231552
2014-12-05,6.7,-2.1698845146249814,-1.8357099983496132
2014-12-06,10.0,1.2940917345441907,-2.1698845146249814
2014-12-07,5.6,-2.9438367097737608,1.2940917345441907
2014-12-08,2.8,-5.583726831263074,-2.9438367097737608
2014-12-09,5.6,-2.6256371098921587,-5.583726831263074
2014-12-10,4.4,-3.6696274870737042,-2.6256371098921587
2014-12-11,3.3,-4.615759324496123,-3.6696274870737042
2014-12-12,3.3,-4.464095356687323,-4.615759324496123
2014-12-13,6.7,-0.9146996373893304,-4.464095356687323
2014-12-14,7.8,0.3323625201595455,-0.9146996373893304
2014-12-15,8.9,1.5770246089211337,0.3323625201595455
2014-12-16,9.4,2.2192189996008986,1.5770246089211337
2014-12-17,12.2,5.1588770178906165,2.2192189996008986
2014-12-18,5.6,-1.304070972754836,5.1588770178906165
2014-12-19,3.3,-3.4696954829871913,-1.304070972754836
2014-12-20,0.6,-6.038067804277829,-3.4696954829871913
2014-12-21,2.2,-4.3092599106856975,-6.038067804277829
2014-12-22,6.7,0.31665564409337144,-4.3092599106856975
2014-12-23,7.8,1.5396058341554806,0.31665564409337144
2014-12-24,14.4,8.259517273041947,1.5396058341554806
2014-12-25,16.7,10.67631632935001,8.259517273041947
2014-12-26,10.0,4.089929246022641,10.67631632935001
2014-12-27,12.8,7.000282263027027,4.089929246022641
2014-12-28,12.2,6.507301743121271,7.000282263027027
2014-12-29,6.7,1.1109143003986528,6.507301743121271
2014-12-30,1.1,-4.388953068709965,1.1109143003986528
2014-12-31,0.0,-5.39237285230315,-4.388953068709965
2015-01-01,3.9,-1.37675253195567,-5.39237285230315
2015-01-02,5.6,0.4115733069633629,-1.37675253195567
2015-01-03,5.6,0.4961163450795194,0.4115733069633629
2015-01-04,13.3,8.276807805550039,0.4961163450795194
2015-01-05,9.4,4.453580147379688,8.276807805550039
2015-01-06,-5.5,-10.373632795934416,4.453580147379688
2015-01-07,-4.9,-9.704895678164354,-10.373632795934416
2015-01-08,-6.0,-10.740271502879782,-9.704895678164354
2015-01-09,0.6,-4.07982148710308,-10.740271502879782
2015-01-10,-4.9,-9.523604926449856,-4.07982148710308
2015-01-11,2.8,-1.7716790621110956,-9.523604926449856
2015-01-12,3.9,-0.6240989500299956,-1.7716790621110956
2015-01-13,2.2,-2.280917332622205,-0.6240989500299956
2015-01-14,0.0,-4.442184513383098,-2.280917332622205
2015-01-15,1.7,-2.7079482347196624,-4.442184513383098
2015-01-16,6.1,1.7217464406625602,-2.7079482347196624
2015-01-17,0.0,-4.35314275550523,1.7217464406625602
2015-01-18,5.6,1.2673448134885863,-4.35314275550523
2015-01-19,5.6,1.28317279538384,1.2673448134885863
2015-01-20,4.4,0.0943079502066384,1.28317279538384
2015-01-21,2.2,-2.099279753544886,0.0943079502066384
2015-01-22,4.4,0.10238295194223568,-2.099279753544886
2015-01-23,3.9,-0.4007272809620894,0.10238295194223568
2015-01-24,3.9,-0.40863033593413656,-0.4007272809620894
2015-01-25,5.6,1.2786574406251274,-0.40863033593413656
2015-01-26,-0.5,-4.8388766933794525,1.2786574406251274
2015-01-27,-1.0,-5.361241815197798,-4.8388766933794525
2015-01-28,1.1,-3.2884432833705595,-5.361241815197798
2015-01-29,2.2,-2.2204826907082813,-3.2884432833705595
2015-01-30,3.3,-1.1573578242646487,-2.2204826907082813
2015-01-31,-3.2,-7.699062632437505,-1.1573578242646487
2015-02-01,2.2,-2.34558719931342,-7.699062632437505
2015-02-02,1.1,-3.496917726353749,-2.34558719931342
2015-02-03,-3.2,-7.853036521501603,-3.496917726353749
2015-02-04,6.1,1.386078004229283,-7.853036521501603
2015-02-05,5.6,0.8204513326416611,1.386078004229283
2015-02-06,-2.7,-7.54988717330538,0.8204513326416611
2015-02-07,4.4,-0.5249042887080613,-7.54988717330538
2015-02-08,2.8,-2.204562953466242,-0.5249042887080613
2015-02-09,-1.6,-6.688822306534519,-2.204562953466242
2015-02-10,4.4,-0.7776377276233228,-6.688822306534519
2015-02-11,1.1,-4.170960886278165,-0.7776377276233228
2015-02-12,4.4,-0.9687397982466539,-4.170960886278165
2015-02-13,-6.0,-11.470918889024249,-0.9687397982466539
2015-02-14,0.0,-5.577439064451502,-11.470918889024249
2015-02-15,-3.8,-9.488237788217582,-5.577439064451502
2015-02-16,-6.0,-11.803249166107232,-9.488237788217582
2015-02-17,-2.7,-8.622404036811133,-11.803249166107232
2015-02-18,0.6,-5.445630069102866,-8.622404036811133
2015-02-19,-2.7,-8.872851865169308,-5.445630069102866
2015-02-20,-7.1,-13.403991069865697,-8.872851865169308
2015-02-21,0.0,-6.438966485651223,-13.403991069865697
2015-02-22,6.1,-0.47769419294663606,-6.438966485651223
2015-02-23,3.3,-3.4200876756412457,-0.47769419294663606
2015-02-24,-4.3,-11.166057951463594,-3.4200876756412457
2015-02-25,2.8,-4.21551370691758,-11.166057951463594
2015-02-26,0.0,-7.168361436473874,-4.21551370691758
2015-02-27,-1.0,-8.324505585695828,-7.168361436473874
2015-02-28,-1.6,-9.083848697968582,-8.324505585695828
2015-03-01,-0.5,-8.146291564491072,-9.083848697968582
2015-03-02,3.9,-3.911733377181975,-8.146291564491072
2015-03-03,2.8,-5.180071884143291,-3.911733377181975
2015-03-04,7.2,-0.9512035473185163,-5.180071884143291
2015-03-05,4.4,-3.9250237019766114,-0.9512035473185163
2015-03-06,-2.7,-11.201426717648456,-3.9250237019766114
2015-03-07,3.3,-5.380306160138427,-11.201426717648456
2015-03-08,9.4,0.5384450457689258,-5.380306160138427
2015-03-09,12.2,3.154934453288977,0.5384450457689258
2015-03-10,11.7,2.4692699306867514,3.154934453288977
2015-03-11,15.0,5.5815594987788195,2.4692699306867514
2015-03-12,8.3,-1.3080888307311245,5.5815594987788195
2015-03-13,6.1,-3.6995672157034516,-1.3080888307311245
2015-03-14,10.6,0.607231857575588,-3.6995672157034516
2015-03-15,6.7,-3.487584582506096,0.607231857575588
2015-03-16,11.1,0.7160898525426092,-3.487584582506096
2015-03-17,13.9,3.318360759435441,0.7160898525426092
2015-03-18,3.9,-6.880667205726995,3.318360759435441
2015-03-19,6.1,-4.880890472901564,-6.880667205726995
2015-03-20,3.3,-7.882206699817631,-4.880890472901564
2015-03-21,8.3,-3.084514909634361,-7.882206699817631
2015-03-22,6.1,-5.487715624222485,-3.084514909634361
2015-03-23,3.3,-8.491710992763753,-5.487715624222485
2015-03-24,7.2,-4.796404915373553,-8.491710992763753
2015-03-25,9.4,-2.801703161464781,-4.796404915373553
2015-03-26,16.7,4.2924865174152185,-2.801703161464781
2015-03-27,7.8,-4.813745719471167,4.2924865174152185
2015-03-28,4.4,-8.420311903087402,-4.813745719471167
2015-03-29,7.8,-5.227126349414491,-8.420311903087402
2015-03-30,12.2,-1.0341057477910507,-5.227126349414491
2015-03-31,8.3,-5.141169242610848,-1.0341057477910507
2015-04-01,10.6,-3.0482385082039194,-5.141169242610848
2015-04-02,19.4,5.544762183255198,-3.0482385082039194
2015-04-03,17.8,3.737905900950402,5.544762183255198
2015-04-04,15.6,1.3312630018582734,3.737905900950402
2015-04-05,16.1,1.6249010845151393,1.3312630018582734
2015-04-06,17.2,2.5188849501994994,1.6249010845151393
2015-04-07,16.7,1.8132765715933914,2.5188849501994994
2015-04-08,7.2,-7.8918649310330204,1.8132765715933914
2015-04-09,6.1,-9.196483306088773,-7.8918649310330204
2015-04-10,13.3,-2.200525179375708,-9.196483306088773
2015-04-11,13.9,-1.8039400552623608,-2.200525179375708
2015-04-12,18.9,2.993319689648649,-1.8039400552623608
2015-04-13,20.0,3.891298820307181,2.993319689648649
2015-04-14,18.3,1.990039264384361,3.891298820307181
2015-04-15,22.2,5.689580140732943,1.990039264384361
2015-04-16,17.8,1.0899577950299886,5.689580140732943
2015-04-17,21.7,4.791205842473968,1.0899577950299886
2015-04-18,26.7,9.593355217390577,4.791205842473968
2015-04-19,17.8,0.4964342295837163,9.593355217390577
2015-04-20,13.9,-3.5995313727491673,0.4964342295837163
2015-04-21,18.3,0.6054816662651632,-3.5995313727491673
2015-04-22,20.6,2.7114941856110057,0.6054816662651632
2015-04-23,11.1,-6.9814753112573715,2.7114941856110057
2015-04-24,11.1,-7.173410569377809,-6.9814753112573715
2015-04-25,16.7,-1.7642974898222796,-7.173410569377809
2015-04-26,17.8,-0.8541240320915868,-1.7642974898222796
2015-04-27,16.7,-2.142880111648619,-0.8541240320915868
2015-04-28,21.7,2.6694425071119383,-2.142880111648619
2015-04-29,25.6,6.382850322147675,2.6694425071119383
2015-04-30,19.4,-0.002651791013846605,6.382850322147675
2015-05-01,17.2,-2.3870604604537746,-0.002651791013846605
2015-05-02,23.3,3.5296263042235765,-2.3870604604537746
2015-05-03,26.7,6.747409236893702,3.5296263042235765
2015-05-04,29.4,9.266287942477671,6.747409236893702
2015-05-05,29.4,9.086261026710286,9.266287942477671
2015-05-06,22.8,2.3073262277445643,9.086261026710286
2015-05-07,26.7,6.029480549222441,2.3073262277445643
2015-05-08,27.8,6.952720394438025,6.029480549222441
2015-05-09,21.1,0.07704170121736453,6.952720394438025
2015-05-10,28.3,7.102440077137388,0.07704170121736453
2015-05-11,28.9,7.5289109347061185,7.102440077137388
2015-05-12,30.0,8.456449626126918,7.5289109347061185
2015-05-13,21.1,-0.6149484227289221,8.456449626126918
2015-05-14,22.8,0.9147124204854755,-0.6149484227289221
2015-05-15,23.9,1.8454281258658405,0.9147124204854755
2015-05-16,23.9,1.6771951306302064,1.8454281258658405
2015-05-17,28.3,5.910010466233004,1.6771951306302064
2015-05-18,23.9,1.343871882866246,5.910010466233004
2015-05-19,26.7,3.978777971001893,1.343871882866246
2015-05-20,19.4,-3.485271720362647,3.978777971001893
2015-05-21,16.7,-6.348276569084586,-3.485271720362647
2015-05-22,23.3,0.08976523079968857,-6.348276569084586
2015-05-23,21.1,-2.2711432245025875,0.08976523079968857
2015-05-24,27.2,3.669002553333101,-2.2711432245025875
2015-05-25,29.4,5.710208541788848,3.669002553333101
2015-05-26,31.1,7.252482299440043,5.710208541788848
2015-05-27,29.4,5.395833052529156,7.252482299440043
2015-05-28,29.4,5.240271775934726,5.395833052529156
2015-05-29,29.4,5.085811268307523,5.240271775934726
2015-05-30,29.4,4.932466221161828,5.085811268307523
2015-05-31,30.6,5.98025328172567,4.932466221161828
2015-06-01,14.4,-10.370808890629162,5.98025328172567
2015-06-02,12.8,-12.120699574539586,-10.370808890629162
2015-06-03,21.1,-3.9693959435306994,-12.120699574539586
2015-06-04,18.3,-6.9168730297488885,-3.9693959435306994
2015-06-05,21.1,-4.263103694656898,-6.9168730297488885
2015-06-06,24.4,-1.108058606780741,-4.263103694656898
2015-06-07,23.3,-2.351706226579484,-1.108058606780741
2015-06-08,26.1,0.3059872015100069,-2.351706226579484
2015-06-09,28.3,2.365057649820251,0.3059872015100069
2015-06-10,27.8,1.7255433009783196,2.365057649820251
2015-06-11,31.7,5.4874845342143,1.7255433009783196
2015-06-12,31.1,4.750923904477283,5.4874845342143
2015-06-13,30.0,3.515906114402341,4.750923904477283
2015-06-14,31.1,4.482477979190893,3.515906114402341
2015-06-15,28.3,1.550688384485312,4.482477979190893
2015-06-16,26.1,-0.77941176266242,1.550688384485312
2015-06-17,27.8,0.7922304103897275,-0.77941176266242
2015-06-18,21.7,-5.434330320598221,0.7922304103897275
2015-06-19,30.6,3.340962654280464,-5.434330320598221
2015-06-20,23.9,-3.481832296220677,3.340962654280464
2015-06-21,31.1,3.597344874057022,-3.481832296220677
2015-06-22,30.6,2.978555801297336,3.597344874057022
2015-06-23,32.2,4.461863618609648,2.978555801297336
2015-06-24,28.9,1.0473328574438057,4.461863618609648
2015-06-25,28.3,0.3350293437677401,1.0473328574438057
2015-06-26,27.2,-0.8749799107301293,0.3350293437677401
2015-06-27,21.7,-6.482626822138631,-0.8749799107301293
2015-06-28,22.8,-5.487842352234267,-6.482626822138631
2015-06-29,24.4,-3.990556630505406,-5.487842352234267
2015-06-30,27.8,-0.6906990799805648,-3.990556630505406
2015-07-01,27.8,-0.7881985465411923,-0.6906990799805648
2015-07-02,26.7,-1.9829834313901813,-0.7881985465411923
2015-07-03,27.8,-0.9749818263393912,-1.9829834313901813
2015-07-04,23.9,-4.96412165157188,-0.9749818263393912
2015-07-05,28.3,-0.6503307955282835,-4.96412165157188
2015-07-06,28.3,-0.7335372565614229,-0.6503307955282835
2015-07-07,31.1,1.9863307140016104,-0.7335372565614229
2015-07-08,31.1,1.9093444677537974,1.9863307140016104
2015-07-09,26.1,-3.1644251855741174,1.9093444677537974
2015-07-10,28.9,-0.43490812320433037,-3.1644251855741174
2015-07-11,31.1,1.6979649456580148,-0.43490812320433037
2015-07-12,31.7,2.234262335224198,1.6979649456580148
2015-07-13,31.1,1.5740512393182406,2.234262335224198
2015-07-14,27.8,-1.7826024112647474,1.5740512393182406
2015-07-15,27.2,-2.4356340898761033,-1.7826024112647474
2015-07-16,26.7,-2.9849808132490914,-2.4356340898761033
2015-07-17,27.2,-2.530581278499742,-2.9849808132490914
2015-07-18,29.4,-0.3723759975460794,-2.530581278499742
2015-07-19,33.9,4.089692571393982,-0.3723759975460794
2015-07-20,34.4,4.555679895558097,4.089692571393982
2015-07-21,31.7,1.8256392429717891,4.555679895558097
2015-07-22,29.4,-0.5003784383287879,1.8256392429717891
2015-07-23,30.0,0.07767536312011103,-0.5003784383287879
2015-07-24,30.6,0.6598466101131706,0.07767536312011103
2015-07-25,31.1,1.1461786094463378,0.6598466101131706
2015-07-26,32.2,2.2367119096219845,1.1461786094463378
2015-07-27,30.0,0.0314842038434584,2.2367119096219845
2015-07-28,35.0,5.030530238539718,0.0314842038434584
2015-07-29,35.6,5.633881727645992,5.030530238539718
2015-07-30,30.6,0.6415672728514252,5.633881727645992
2015-07-31,31.7,1.7536122900089275,0.6415672728514252
2015-08-01,31.7,1.770038941886181,1.7536122900089275
2015-08-02,31.7,1.790866077420148,1.770038941886181
2015-08-03,32.2,2.316109177620529,1.790866077420148
2015-08-04,31.7,1.8457803082498394,2.316109177620529
2015-08-05,30.6,0.7798880793906129,1.8457803082498394
2015-08-06,28.3,-1.4815623880084559,0.7798880793906129
2015-08-07,28.9,-0.8385694885331638,-1.4815623880084559
2015-08-08,27.8,-1.8911351515958366,-0.8385694885331638
2015-08-09,29.4,-0.2392648535816413,-1.8911351515958366
2015-08-10,28.9,-0.6829676228305743,-0.2392648535816413
2015-08-11,27.2,-2.322256037455432,-0.6829676228305743
2015-08-12,29.4,-0.05714621601427794,-2.322256037455432
2015-08-13,28.3,-1.08765780107462,-0.05714621601427794
2015-08-14,31.1,1.7861860642750287,-1.08765780107462
2015-08-15,33.3,4.0643587668926315,1.7861860642750287
2015-08-16,33.9,4.746830260937319,4.0643587668926315
2015-08-17,35.0,5.933567112001782,4.746830260937319
2015-08-18,32.2,3.2245325478957803,5.933567112001782
2015-08-19,30.6,1.7196865159366084,3.2245325478957803
2015-08-20,30.0,1.2189857465864051,1.7196865159366084
2015-08-21,30.6,1.9223838232593629,1.2189857465864051
2015-08-22,30.0,1.429831258106777,1.9223838232593629
2015-08-23,29.4,0.9412755735724403,1.429831258106777
2015-08-24,30.6,2.2566613894964753,0.9412755735724403
2015-08-25,32.2,3.975930515531541,2.2566613894964753
2015-08-26,29.4,1.2990220486225503,3.975930515531541
2015-08-27,27.8,-0.17412752471213366,1.2990220486225503
2015-08-28,27.8,-0.043584221571673964,-0.17412752471213366
2015-08-29,30.6,2.890583548379599,-0.043584221571673964
2015-08-30,32.2,4.6283050979124525,2.890583548379599
2015-08-31,32.8,5.369507580876498,4.6283050979124525
2015-09-01,32.2,4.914116114173968,5.369507580876498
2015-09-02,32.8,5.662053902742343,4.914116114173968
2015-09-03,33.9,6.913242367217794,5.662053902742343
2015-09-04,29.4,2.5676012739449376,6.913242367217794
2015-09-05,28.3,1.6250488669937901,2.5676012739449376
2015-09-06,30.6,4.085502001840069,1.6250488669937901
2015-09-07,33.3,6.9488762803618975,4.085502001840069
2015-09-08,36.1,9.915086186803656,6.9488762803618975
2015-09-09,32.2,6.184045224355987,9.915086186803656
2015-09-10,26.1,0.2556660520010112,6.184045224355987
2015-09-11,27.2,1.5298606212715846,0.2556660520010112
2015-09-12,26.1,0.6065403125755005,1.5298606212715846
2015-09-13,26.7,1.3856160707374663,0.6065403125755005
2015-09-14,25.0,-0.13300146058488949,1.3856160707374663
2015-09-15,28.9,3.950598194049526,-0.13300146058488949
2015-09-16,31.1,6.336325473016039,3.950598194049526
2015-09-17,31.7,7.124090906646522,6.336325473016039
2015-09-18,30.6,6.213805243802266,7.124090906646522
2015-09-19,28.3,4.105379575683191,6.213805243802266
2015-09-20,26.1,2.098725456568708,4.105379575683191
2015-09-21,22.8,-1.0062449788056362,2.098725456568708
2015-09-22,21.7,-1.9096189015211422,-1.0062449788056362
2015-09-23,26.7,3.288517321327017,-1.9096189015211422
2015-09-24,27.8,4.588078232245778,3.288517321327017
2015-09-25,24.4,1.3889793845230543,4.588078232245778
2015-09-26,22.2,-0.6088625612679195,1.3889793845230543
2015-09-27,21.7,-0.9055297456625233,-0.6088625612679195
2015-09-28,25.6,3.198896976194103,-0.9055297456625233
2015-09-29,28.3,6.104338115743786,3.198896976194103
2015-09-30,26.1,4.110715626731206,6.104338115743786
2015-10-01,17.8,-3.98204702472464,4.110715626731206
2015-10-02,13.9,-7.67402479585027,-3.98204702472464
2015-10-03,12.8,-8.565291008859337,-7.67402479585027
2015-10-04,17.2,-3.9559172986295366,-8.565291008859337
2015-10-05,19.4,-1.5459735665108774,-3.9559172986295366
2015-10-06,22.8,2.064472059655891,-1.5459735665108774
2015-10-07,22.8,2.2753532592496377,2.064472059655891
2015-10-08,22.2,1.8866055462649918,2.2753532592496377
2015-10-09,25.6,5.498166290368793,1.8866055462649918
2015-10-10,18.3,-1.5900252683902494,5.498166290368793
2015-10-11,20.6,0.9219719887920164,-1.5900252683902494
2015-10-12,25.0,5.534101061541268,0.9219719887920164
2015-10-13,22.2,2.946306826109904,5.534101061541268
2015-10-14,20.6,1.5585360249852904,2.946306826109904
2015-10-15,17.8,-1.02926274961683,1.5585360249852904
2015-10-16,17.8,-0.8171390782753285,-1.02926274961683
2015-10-17,13.3,-5.105140742786784,-0.8171390782753285
2015-10-18,10.0,-8.193313760356354,-5.105140742786784
2015-10-19,11.7,-6.28170242340769,-8.193313760356354
2015-10-20,21.1,3.3296506551528573,-6.28170242340769
2015-10-21,24.4,6.840704491397645,3.3296506551528573
2015-10-22,23.9,6.551419674759348,6.840704491397645
2015-10-23,18.3,1.1617583075422395,6.551419674759348
2015-10-24,13.9,-3.028316060214488,1.1617583075422395
2015-10-25,20.0,3.281161499714912,-3.028316060214488
2015-10-26,14.4,-2.1098427799694353,3.281161499714912
2015-10-27,15.0,-1.3013614397086322,-2.1098427799694353
2015-10-28,20.6,4.506574125666756,-1.3013614397086322
2015-10-29,22.8,6.913933582336979,4.506574125666756
2015-10-30,16.1,0.4206875698328538,6.913933582336979
2015-10-31,13.3,-2.173192389385962,0.4206875698328538
2015-11-01,18.3,3.0322660171930274,-2.173192389385962
2015-11-02,17.2,2.137035797118992,3.0322660171930274
2015-11-03,22.2,7.341090556141475,2.137035797118992
2015-11-04,21.1,6.444404399879394,7.341090556141475
2015-11-05,21.7,7.246951834324655,6.444404399879394
2015-11-06,23.3,9.048707665513602,7.246951834324655
2015-11-07,22.2,8.149646898701466,9.048707665513602
2015-11-08,13.3,-0.5502553626234121,8.149646898701466
2015-11-09,15.0,1.3489759824519219,-0.5502553626234121
2015-11-10,13.9,0.4473159319707669,1.3489759824519219
2015-11-11,14.4,1.144739281662206,0.4473159319707669
2015-11-12,16.1,3.04122052667989,1.144739281662206
2015-11-13,14.4,1.5367337648541142,3.04122052667989
2015-11-14,9.4,-3.268747398216643,1.5367337648541142
2015-11-15,14.4,1.9247500580861683,-3.268747398216643
2015-11-16,19.4,7.117198479128641,1.9247500580861683
2015-11-17,11.1,-0.9914305524643723,7.117198479128641
2015-11-18,14.4,2.498833698786184,-0.9914305524643723
2015-11-19,17.8,6.087961040185554,2.498833698786184
2015-11-20,17.8,6.2759202734960695,6.087961040185554
2015-11-21,11.7,0.3626791214997809,6.2759202734960695
2015-11-22,12.8,1.6482041587543943,0.3626791214997809
2015-11-23,6.7,-4.267539253207633,1.6482041587543943
2015-11-24,7.8,-2.9845870259989757,-4.267539253207633
2015-11-25,10.0,-0.6029763995918014,-2.9845870259989757
2015-11-26,15.6,5.177254007584143,-0.6029763995918014
2015-11-27,17.8,7.556064153856827,5.177254007584143
2015-11-28,17.8,7.733412535021753,7.556064153856827
2015-11-29,9.4,-0.49074384928662695,7.733412535021753
2015-11-30,8.3,-1.4164495234116519,-0.49074384928662695
2015-12-01,10.6,1.056249442454865,-1.4164495234116519
2015-12-02,13.9,4.527305416465937,1.056249442454865
2015-12-03,12.8,3.5966691954768457,4.527305416465937
2015-12-04,10.6,1.5642900016503862,3.5966691954768457
2015-12-05,10.6,1.730115485375018,1.5642900016503862
2015-12-06,11.7,2.99409173454419,1.730115485375018
2015-12-07,12.2,3.656163290226239,2.99409173454419
2015-12-08,9.4,1.0162731687369266,3.656163290226239
2015-12-09,12.8,4.574362890107842,1.0162731687369266
2015-12-10,15.6,7.530372512926295,4.574362890107842
2015-12-11,16.1,8.18424067550388,7.530372512926295
2015-12-12,18.9,11.135904643312676,8.18424067550388
2015-12-13,19.4,11.785300362610668,11.135904643312676
2015-12-14,19.4,11.932362520159543,11.785300362610668
2015-12-15,20.0,12.677024608921133,11.932362520159543
2015-12-16,11.7,4.519218999600898,12.677024608921133
2015-12-17,15.0,7.958877017890617,4.519218999600898
2015-12-18,13.9,6.995929027245165,7.958877017890617
2015-12-19,4.4,-2.369695482987191,6.995929027245165
2015-12-20,6.1,-0.5380678042778291,-2.369695482987191
2015-12-21,13.3,6.790740089314303,-0.5380678042778291
2015-12-22,16.7,10.31665564409337,6.790740089314303
2015-12-23,17.8,11.53960583415548,10.31665564409337
2015-12-24,22.2,16.059517273041944,11.53960583415548
2015-12-25,18.9,12.87631632935001,16.059517273041944
2015-12-26,15.0,9.089929246022642,12.87631632935001
2015-12-27,16.1,10.300282263027029,9.089929246022642
2015-12-28,7.8,2.1073017431212717,10.300282263027029
2015-12-29,7.8,2.2109143003986524,2.1073017431212717
2015-12-30,8.9,3.411046931290035,2.2109143003986524
2015-12-31,8.9,3.5076271476968506,3.411046931290035
2016-01-01,5.6,0.3232474680443298,3.5076271476968506
2016-01-02,4.4,-0.7884266930366364,0.3232474680443298
2016-01-03,7.2,2.09611634507952,-0.7884266930366364
2016-01-04,2.2,-2.8231921944499616,2.09611634507952
2016-01-05,-1.6,-6.546419852620312,-2.8231921944499616
2016-01-06,5.0,0.12636720406558322,-6.546419852620312
2016-01-07,7.8,2.9951043218356466,0.12636720406558322
2016-01-08,7.8,3.0597284971202168,2.9951043218356466
2016-01-09,8.3,3.6201785128969215,3.0597284971202168
2016-01-10,15.0,10.376395073550146,3.6201785128969215
2016-01-11,4.4,-0.17167906211109507,10.376395073550146
2016-01-12,6.7,2.1759010499700047,-0.17167906211109507
2016-01-13,-1.0,-5.480917332622205,2.1759010499700047
2016-01-14,3.3,-1.1421845133830981,-5.480917332622205
2016-01-15,10.6,6.192051765280337,-1.1421845133830981
2016-01-16,11.1,6.72174644066256,6.192051765280337
2016-01-17,5.6,1.2468572444947696,6.72174644066256
2016-01-18,-0.5,-4.832655186511413,1.2468572444947696
2016-01-19,-2.1,-6.41682720461616,-4.832655186511413
2016-01-20,2.8,-1.5056920497933621,-6.41682720461616
2016-01-21,2.2,-2.099279753544886,-1.5056920497933621
2016-01-22,-1.0,-5.297617048057765,-2.099279753544886
2016-01-23,-2.7,-7.0007272809620895,-5.297617048057765
2016-01-24,1.7,-2.6086303359341363,-7.0007272809620895
2016-01-25,3.9,-0.4213425593748723,-2.6086303359341363
2016-01-26,8.9,4.561123306620548,-0.4213425593748723
2016-01-27,8.3,3.938758184802203,4.561123306620548
2016-01-28,5.6,1.21155671662944,3.938758184802203
2016-01-29,5.0,0.5795173092917185,1.21155671662944
2016-01-30,3.9,-0.5573578242646486,0.5795173092917185
2016-01-31,13.3,8.800937367562497,-0.5573578242646486
2016-02-01,15.0,10.45441280068658,8.800937367562497
2016-02-02,10.0,5.403082273646251,10.45441280068658
2016-02-03,15.0,10.346963478498397,5.403082273646251
2016-02-04,15.0,10.286078004229283,10.346963478498397
2016-02-05,6.7,1.9204513326416617,10.286078004229283
2016-02-06,4.4,-0.4498871733053793,1.9204513326416617
2016-02-07,8.3,3.375095711291939,-0.4498871733053793
2016-02-08,3.9,-1.104562953466242,3.375095711291939
2016-02-09,2.2,-2.888822306534519,-1.104562953466242
2016-02-10,3.9,-1.2776377276233233,-2.888822306534519
2016-02-11,-0.5,-5.770960886278165,-1.2776377276233233
2016-02-12,-2.7,-8.068739798246654,-5.770960886278165
2016-02-13,-5.5,-10.970918889024249,-8.068739798246654
2016-02-14,-9.3,-14.877439064451503,-10.970918889024249
2016-02-15,1.7,-3.9882377882175817,-14.877439064451503
2016-02-16,12.2,6.396750833892768,-3.9882377882175817
2016-02-17,3.9,-2.022404036811134,6.396750833892768
2016-02-18,2.2,-3.8456300691028655,-2.022404036811134
2016-02-19,3.9,-2.2728518651693075,-3.8456300691028655
2016-02-20,16.1,9.796008930134303,-2.2728518651693075
2016-02-21,12.8,6.361033514348778,9.796008930134303
2016-02-22,11.1,4.522305807053364,6.361033514348778
2016-02-23,4.4,-2.320087675641245,4.522305807053364
2016-02-24,15.6,8.733942048536406,-2.320087675641245
2016-02-25,16.1,9.08448629308242,8.733942048536406
2016-02-26,3.9,-3.268361436473874,9.08448629308242
2016-02-27,5.0,-2.324505585695827,-3.268361436473874
2016-02-28,15.6,8.116151302031419,-2.324505585695827
2016-02-29,16.1,8.45370843550893,8.116151302031419
2016-03-01,11.1,3.288266622818025,8.45370843550893
2016-03-02,12.8,4.81992811585671,3.288266622818025
2016-03-03,2.2,-5.951203547318516,4.81992811585671
2016-03-04,3.9,-4.425023701976611,-5.951203547318516
2016-03-05,5.0,-3.501426717648455,-4.425023701976611
2016-03-06,6.7,-1.9803061601384266,-3.501426717648455
2016-03-07,15.6,6.738445045768925,-1.9803061601384266
2016-03-08,19.4,10.354934453288976,6.738445045768925
2016-03-09,25.0,15.769269930686752,10.354934453288976
2016-03-10,26.1,16.68155949877882,15.769269930686752
2016-03-11,20.0,10.391911169268875,16.68155949877882
2016-03-12,15.0,5.200432784296549,10.391911169268875
2016-03-13,16.7,6.707231857575588,5.200432784296549
2016-03-14,10.6,0.41241541749390365,6.707231857575588
2016-03-15,13.9,3.51608985254261,0.41241541749390365
2016-03-16,18.3,7.718360759435441,3.51608985254261
2016-03-17,17.2,6.419332794273004,7.718360759435441
2016-03-18,13.9,2.9191095270984366,6.419332794273004
2016-03-19,7.8,-3.3822066998176306,2.9191095270984366
2016-03-20,6.1,-5.284514909634362,-3.3822066998176306
2016-03-21,10.0,-1.5877156242224846,-5.284514909634362
2016-03-22,13.3,1.5082890072362467,-1.5877156242224846
2016-03-23,21.7,9.703595084626446,1.5082890072362467
2016-03-24,12.8,0.5982968385352194,9.703595084626446
2016-03-25,22.2,9.792486517415218,0.5982968385352194
2016-03-26,12.8,0.18625428052883386,9.792486517415218
2016-03-27,12.8,-0.020311903087401717,0.18625428052883386
2016-03-28,16.7,3.672873650585508,-0.020311903087401717
2016-03-29,11.7,-1.5341057477910507,3.672873650585508
2016-03-30,13.3,-0.1411692426108484,-1.5341057477910507
2016-03-31,22.8,9.151761491796082,-0.1411692426108484
2016-04-01,26.1,12.244762183255201,9.151761491796082
2016-04-02,16.1,2.0379059009504026,12.244762183255201
2016-04-03,10.0,-4.268736998141726,2.0379059009504026
2016-04-04,7.2,-7.275098915484862,-4.268736998141726
2016-04-05,6.1,-8.5811150498005,-7.275098915484862
2016-04-06,8.9,-5.9867234284066075,-8.5811150498005
2016-04-07,14.4,-0.6918649310330203,-5.9867234284066075
2016-04-08,10.0,-5.296483306088772,-0.6918649310330203
2016-04-09,6.1,-9.400525179375709,-5.296483306088772
2016-04-10,10.0,-5.703940055262361,-9.400525179375709
2016-04-11,18.3,2.393319689648651,-5.703940055262361
2016-04-12,15.0,-1.1087011796928188,2.393319689648651
2016-04-13,14.4,-1.9099607356156394,-1.1087011796928188
2016-04-14,16.7,0.18958014073294294,-1.9099607356156394
2016-04-15,18.3,1.5899577950299886,0.18958014073294294
2016-04-16,20.0,3.0912058424739683,1.5899577950299886
2016-04-17,23.9,6.793355217390577,3.0912058424739683
2016-04-18,27.8,10.496434229583716,6.793355217390577
2016-04-19,22.8,5.300468627250833,10.496434229583716
2016-04-20,20.6,2.905481666265164,5.300468627250833
2016-04-21,22.8,4.911494185611005,2.905481666265164
2016-04-22,26.1,8.01852468874263,4.911494185611005
2016-04-23,21.7,3.4265894306221902,8.01852468874263
2016-04-24,20.0,1.535702510177721,3.4265894306221902
2016-04-25,20.6,1.9458759679084139,1.535702510177721
2016-04-26,15.6,-3.242880111648619,1.9458759679084139
2016-04-27,16.7,-2.3305574928880617,-3.242880111648619
2016-04-28,15.0,-4.217149677852326,-2.3305574928880617
2016-04-29,14.4,-5.002651791013845,-4.217149677852326
2016-04-30,18.3,-1.2870604604537732,-5.002651791013845
2016-05-01,10.6,-9.170373695776425,-1.2870604604537732
2016-05-02,15.6,-4.3525907631062974,-9.170373695776425
2016-05-03,13.3,-6.833712057522327,-4.3525907631062974
2016-05-04,11.1,-9.213738973289713,-6.833712057522327
2016-05-05,13.9,-6.592673772255436,-9.213738973289713
2016-05-06,12.2,-8.470519450777559,-6.592673772255436
2016-05-07,15.6,-5.247279605561976,-8.470519450777559
2016-05-08,18.9,-2.1229582987826383,-5.247279605561976
2016-05-09,22.2,1.0024400771373863,-2.1229582987826383
2016-05-10,17.2,-4.171089065293881,1.0024400771373863
2016-05-11,24.4,2.856449626126917,-4.171089065293881
2016-05-12,26.7,4.985051577271076,2.856449626126917
2016-05-13,18.3,-3.5852875795145245,4.985051577271076
2016-05-14,22.8,0.7454281258658426,-3.5852875795145245
2016-05-15,15.0,-7.222804869369792,0.7454281258658426
2016-05-16,18.9,-3.489989533766998,-7.222804869369792
2016-05-17,17.8,-4.756128117133752,-3.489989533766998
2016-05-18,20.0,-2.721222028998106,-4.756128117133752
2016-05-19,22.8,-0.08527172036264474,-2.721222028998106
2016-05-20,24.4,1.3517234309154134,-0.08527172036264474
2016-05-21,18.9,-4.310234769200314,1.3517234309154134
2016-05-22,21.1,-2.2711432245025875,-4.310234769200314
2016-05-23,25.6,2.069002553333103,-2.2711432245025875
2016-05-24,22.8,-0.8897914582111497,2.069002553333103
2016-05-25,31.1,7.252482299440043,-0.8897914582111497
2016-05-26,32.2,8.19583305252916,7.252482299440043
2016-05-27,30.6,6.440271775934729,8.19583305252916
2016-05-28,33.3,8.985811268307522,6.440271775934729
2016-05-29,30.6,6.132466221161831,8.985811268307522
2016-05-30,27.8,3.180253281725669,6.132466221161831
2016-05-31,29.4,4.629191109370836,3.180253281725669
2016-06-01,28.3,3.379300425460414,4.629191109370836
2016-06-02,25.6,0.5306040564693006,3.379300425460414
2016-06-03,21.1,-4.116873029748888,0.5306040564693006
2016-06-04,28.3,2.936896305343101,-4.116873029748888
2016-06-05,21.7,-3.8080586067807403,2.936896305343101
2016-06-06,28.3,2.648293773420516,-3.8080586067807403
2016-06-07,29.4,3.605987201510004,2.648293773420516
2016-06-08,19.4,-6.534942350179751,3.605987201510004
2016-06-09,21.7,-4.374456699021682,-6.534942350179751
2016-06-10,25.0,-1.2125154657856996,-4.374456699021682
2016-06-11,31.1,4.750923904477283,-1.2125154657856996
2016-06-12,28.3,1.8159061144023418,4.750923904477283
2016-06-13,23.3,-3.3175220208091076,1.8159061144023418
2016-06-14,26.1,-0.6493116155146872,-3.3175220208091076
2016-06-15,29.4,2.520588237337577,-0.6493116155146872
2016-06-16,23.3,-3.7077695896102725,2.520588237337577
2016-06-17,25.6,-1.5343303205982188,-3.7077695896102725
2016-06-18,30.6,3.340962654280464,-1.5343303205982188
2016-06-19,31.1,3.7181677037793257,3.340962654280464
2016-06-20,28.9,1.3973448740570191,3.7181677037793257
2016-06-21,30.6,2.978555801297336,1.3973448740570191
2016-06-22,30.0,2.2618636186096452,2.978555801297336
2016-06-23,28.3,0.4473328574438078,2.2618636186096452
2016-06-24,28.9,0.9350293437677379,0.4473328574438078
2016-06-25,30.0,1.9250200892698714,0.9350293437677379
2016-06-26,30.6,2.4173731778613714,1.9250200892698714
2016-06-27,28.3,0.012157647765732804,2.4173731778613714
2016-06-28,24.4,-3.990556630505406,0.012157647765732804
2016-06-29,28.3,-0.1906990799805648,-3.990556630505406
2016-06-30,29.4,0.8118014534588056,-0.1906990799805648
2016-07-01,26.1,-2.582983431390179,0.8118014534588056
2016-07-02,24.4,-4.374981826339393,-2.582983431390179
2016-07-03,25.6,-3.2641216515718767,-4.374981826339393
2016-07-04,28.9,-0.05033079552828568,-3.2641216515718767
2016-07-05,30.0,0.9664627434385764,-0.05033079552828568
2016-07-06,32.8,3.686330714001606,0.9664627434385764
2016-07-07,31.7,2.5093444677537953,3.686330714001606
2016-07-08,30.0,0.7355748144258811,2.5093444677537953
2016-07-09,22.2,-7.13490812320433,0.7355748144258811
2016-07-10,26.7,-2.7020350543419873,-7.13490812320433
2016-07-11,27.2,-2.265737664775802,-2.7020350543419873
2016-07-12,27.8,-1.72594876068176,-2.265737664775802
2016-07-13,29.4,-0.18260241126474952,-1.72594876068176
2016-07-14,31.1,1.4643659101238988,-0.18260241126474952
2016-07-15,31.1,1.4150191867509108,1.4643659101238988
2016-07-16,32.2,2.4694187215002614,1.4150191867509108
2016-07-17,31.7,1.9276240024539213,2.4694187215002614
2016-07-18,33.9,4.089692571393982,1.9276240024539213
2016-07-19,28.3,-1.5443201044419013,4.089692571393982
2016-07-20,29.4,-0.47436075702821157,-1.5443201044419013
2016-07-21,32.2,2.2996215616712163,-0.47436075702821157
2016-07-22,34.4,4.47767536312011,2.2996215616712163
2016-07-23,35.6,5.659846610113171,4.47767536312011
2016-07-24,34.4,4.446178609446335,5.659846610113171
2016-07-25,33.9,3.9367119096219803,4.446178609446335
2016-07-26,31.7,1.7314842038434577,3.9367119096219803
2016-07-27,32.8,2.8305302385397155,1.7314842038434577
2016-07-28,35.0,5.033881727645991,2.8305302385397155
2016-07-29,29.4,-0.5584327271485776,5.033881727645991
2016-07-30,28.9,-1.0463877099910732,-0.5584327271485776
2016-07-31,25.6,-4.329961058113817,-1.0463877099910732
2016-08-01,26.7,-3.209133922579852,-4.329961058113817
2016-08-02,26.1,-3.7838908223794725,-3.209133922579852
2016-08-03,26.7,-3.1542196917501606,-3.7838908223794725
2016-08-04,27.2,-2.6201119206093892,-3.1542196917501606
2016-08-05,28.3,-1.4815623880084559,-2.6201119206093892
2016-08-06,30.6,0.861430511466839,-1.4815623880084559
2016-08-07,30.0,0.30886484840416273,0.861430511466839
2016-08-08,30.0,0.36073514641836013,0.30886484840416273
2016-08-09,30.6,1.0170323771694285,0.36073514641836013
2016-08-10,30.0,0.47774396254456875,1.0170323771694285
2016-08-11,32.8,3.3428537839857206,0.47774396254456875
2016-08-12,33.9,4.512342198925378,3.3428537839857206
2016-08-13,35.6,6.286186064275029,4.512342198925378
2016-08-14,34.4,5.164358766892633,6.286186064275029
2016-08-15,33.3,4.1468302609373175,5.164358766892633
2016-08-16,30.6,1.5335671120017835,4.1468302609373175
2016-08-17,29.4,0.424532547895776,1.5335671120017835
2016-08-18,29.4,0.5196865159366055,0.424532547895776
2016-08-19,31.1,2.3189857465864065,0.5196865159366055
2016-08-20,28.3,-0.37761617674063785,2.3189857465864065
2016-08-21,30.0,1.429831258106777,-0.37761617674063785
2016-08-22,26.1,-2.358724426427557,1.429831258106777
2016-08-23,27.8,-0.5433386105035254,-2.358724426427557
2016-08-24,31.1,2.8759305155315396,-0.5433386105035254
2016-08-25,30.0,1.8990220486225518,2.8759305155315396
2016-08-26,32.2,4.2258724752878685,1.8990220486225518
2016-08-27,31.7,3.8564157784283246,4.2258724752878685
2016-08-28,31.7,3.990583548379597,3.8564157784283246
2016-08-29,32.8,5.228305097912447,3.990583548379597
2016-08-30,30.0,2.5695075808765004,5.228305097912447
2016-08-31,31.7,4.414116114173964,2.5695075808765004
2016-09-01,26.1,-1.0379460972576524,4.414116114173964
2016-09-02,27.2,0.213242367217795,-1.0379460972576524
2016-09-03,23.9,-2.9323987260550624,0.213242367217795
2016-09-04,26.7,0.02504886699378872,-2.9323987260550624
2016-09-05,28.9,2.3855020018400666,0.02504886699378872
2016-09-06,26.7,0.34887628036189966,2.3855020018400666
2016-09-07,29.4,3.215086186803653,0.34887628036189966
2016-09-08,31.7,5.684045224355984,3.215086186803653
2016-09-09,32.8,6.955666052001007,5.684045224355984
2016-09-10,32.2,6.529860621271588,6.955666052001007
2016-09-11,28.3,2.8065403125754997,6.529860621271588
2016-09-12,25.6,0.2856160707374684,2.8065403125754997
2016-09-13,28.3,3.1669985394151112,0.2856160707374684
2016-09-14,32.8,7.850598194049525,3.1669985394151112
2016-09-15,23.3,-1.4636745269839615,7.850598194049525
2016-09-16,22.8,-1.7759090933534765,-1.4636745269839615
2016-09-17,25.0,0.6138052438022648,-1.7759090933534765
2016-09-18,27.8,3.605379575683191,0.6138052438022648
2016-09-19,24.4,0.3987254565687053,3.605379575683191
2016-09-20,27.8,3.9937550211943638,0.3987254565687053
2016-09-21,28.9,5.290381098478857,3.9937550211943638
2016-09-22,30.0,6.588517321327018,5.290381098478857
2016-09-23,30.6,7.388078232245778,6.588517321327018
2016-09-24,21.7,-1.311020615476945,7.388078232245778
2016-09-25,21.1,-1.7088625612679174,-1.311020615476945
2016-09-26,23.3,0.6944702543374781,-1.7088625612679174
2016-09-27,23.3,0.8988969761941021,0.6944702543374781
2016-09-28,20.6,-1.595661884256213,0.8988969761941021
2016-09-29,17.8,-4.189284373268794,-1.595661884256213
2016-09-30,15.0,-6.7820470247246405,-4.189284373268794
2016-10-01,16.7,-4.874024795850271,-6.7820470247246405
2016-10-02,17.2,-4.165291008859338,-4.874024795850271
2016-10-03,22.2,1.0440827013704634,-4.165291008859338
2016-10-04,20.6,-0.3459735665108745,1.0440827013704634
2016-10-05,19.4,-1.335527940344111,-0.3459735665108745
2016-10-06,22.8,2.2753532592496377,-1.335527940344111
2016-10-07,23.9,3.586605546264991,2.2753532592496377
2016-10-08,20.0,-0.10183370963120808,3.586605546264991
2016-10-09,18.3,-1.5900252683902494,-0.10183370963120808
2016-10-10,17.8,-1.8780280112079843,-1.5900252683902494
2016-10-11,17.2,-2.265898938458733,-1.8780280112079843
2016-10-12,18.9,-0.3536931738900968,-2.265898938458733
2016-10-13,19.4,0.3585360249852876,-0.3536931738900968
2016-10-14,16.7,-2.1292627496168315,0.3585360249852876
2016-10-15,18.3,-0.3171390782753285,-2.1292627496168315
2016-10-16,20.6,2.194859257213217,-0.3171390782753285
2016-10-17,27.2,9.006686239643646,2.194859257213217
2016-10-18,27.2,9.21829757659231,9.006686239643646
2016-10-19,29.4,11.629650655152854,9.21829757659231
2016-10-20,21.1,3.5407044913976478,11.629650655152854
2016-10-21,20.6,3.251419674759351,3.5407044913976478
2016-10-22,13.9,-3.238241692457761,3.251419674759351
2016-10-23,16.1,-0.8283160602144868,-3.238241692457761
2016-10-24,16.7,-0.0188385002850886,-0.8283160602144868
2016-10-25,11.1,-5.409842779969436,-0.0188385002850886
2016-10-26,10.6,-5.7013614397086325,-5.409842779969436
2016-10-27,12.8,-3.293425874333245,-5.7013614397086325
2016-10-28,10.6,-5.286066417663022,-3.293425874333245
2016-10-29,17.8,2.120687569832853,-5.286066417663022
2016-10-30,24.4,8.926807610614036,2.120687569832853
2016-10-31,12.2,-3.067733982806974,8.926807610614036
2016-11-01,14.4,-0.6629642028810068,-3.067733982806974
2016-11-02,21.1,6.241090556141478,-0.6629642028810068
2016-11-03,22.2,7.544404399879392,6.241090556141478
2016-11-04,16.1,1.646951834324657,7.544404399879392
2016-11-05,16.7,2.4487076655136004,1.646951834324657
2016-11-06,15.0,0.9496468987014666,2.4487076655136004
2016-11-07,11.7,-2.1502553626234135,0.9496468987014666
2016-11-08,18.9,5.24897598245192,-2.1502553626234135
2016-11-09,15.0,1.5473159319707666,5.24897598245192
2016-11-10,13.3,0.04473928166220631,1.5473159319707666
2016-11-11,17.2,4.141220526679888,0.04473928166220631
2016-11-12,10.0,-2.863266235145886,4.141220526679888
2016-11-13,16.1,3.431252601783358,-2.863266235145886
2016-11-14,16.7,4.224750058086167,3.431252601783358
2016-11-15,13.3,1.017198479128643,4.224750058086167
2016-11-16,16.1,4.0085694475356295,1.017198479128643
2016-11-17,16.1,4.198833698786185,4.0085694475356295
2016-11-18,17.8,6.087961040185554,4.198833698786185
2016-11-19,17.2,5.675920273496068,6.087961040185554
2016-11-20,5.6,-5.737320878500219,5.675920273496068
2016-11-21,5.0,-6.151795841245606,-5.737320878500219
2016-11-22,5.0,-5.967539253207633,-6.151795841245606
2016-11-23,7.2,-3.5845870259989754,-5.967539253207633
2016-11-24,8.9,-1.702976399591801,-3.5845870259989754
2016-11-25,12.2,1.7772540075841423,-1.702976399591801
2016-11-26,10.0,-0.24393584614317376,1.7772540075841423
2016-11-27,10.0,-0.06658746497824808,-0.24393584614317376
2016-11-28,11.1,1.2092561507133723,-0.06658746497824808
2016-11-29,15.6,5.883550476588347,1.2092561507133723
2016-11-30,14.4,4.856249442454866,5.883550476588347
2016-12-01,12.2,2.8273054164659364,4.856249442454866
2016-12-02,10.6,1.3966691954768446,2.8273054164659364
2016-12-03,8.3,-0.7357099983496127,1.3966691954768446
2016-12-04,8.3,-0.5698845146249809,-0.7357099983496127
2016-12-05,9.4,0.694091734544191,-0.5698845146249809
2016-12-06,7.8,-0.7438367097737606,0.694091734544191
2016-12-07,7.8,-0.5837268312630739,-0.7438367097737606
2016-12-08,7.2,-1.0256371098921582,-0.5837268312630739
2016-12-09,3.9,-4.169627487073704,-1.0256371098921582
2016-12-10,1.7,-6.215759324496123,-4.169627487073704
2016-12-11,1.7,-6.064095356687322,-6.215759324496123
2016-12-12,7.8,0.1853003626106693,-6.064095356687322
2016-12-13,6.1,-1.3676374798404547,0.1853003626106693
2016-12-14,5.6,-1.722975391078867,-1.3676374798404547
2016-12-15,1.1,-6.080781000399101,-1.722975391078867
2016-12-16,-2.7,-9.741122982109383,-6.080781000399101
2016-12-17,3.9,-3.004070972754836,-9.741122982109383
2016-12-18,14.4,7.630304517012809,-3.004070972754836
2016-12-19,-0.5,-7.138067804277829,7.630304517012809
2016-12-20,0.6,-5.909259910685698,-7.138067804277829
2016-12-21,4.4,-1.9833443559066284,-5.909259910685698
2016-12-22,9.4,3.139605834155481,-1.9833443559066284
2016-12-23,8.3,2.1595172730419465,3.139605834155481
2016-12-24,8.3,2.2763163293500117,2.1595172730419465
2016-12-25,10.0,4.089929246022641,2.2763163293500117
2016-12-26,10.0,4.2002822630270265,4.089929246022641
2016-12-27,15.6,9.907301743121272,4.2002822630270265
2016-12-28,4.4,-1.189085699601347,9.907301743121272
2016-12-29,7.8,2.3110469312900346,-1.189085699601347
2016-12-30,4.4,-0.9923728523031494,2.3110469312900346
2016-12-31,6.7,1.4005831119195005,-0.9923728523031494
2017-01-01,8.9,3.6232474680443305,1.4005831119195005
2017-01-02,5.0,-0.18842669303663673,3.6232474680443305
2017-01-03,6.1,0.9961163450795194,-0.18842669303663673
2017-01-04,11.1,6.076807805550038,0.9961163450795194
2017-01-05,1.1,-3.8464198526203126,6.076807805550038
2017-01-06,0.6,-4.273632795934417,-3.8464198526203126
2017-01-07,-3.2,-8.004895678164353,-4.273632795934417
2017-01-08,-3.8,-8.540271502879783,-8.004895678164353
2017-01-09,-4.9,-9.579821487103079,-8.540271502879783
2017-01-10,7.8,3.176395073550145,-9.579821487103079
2017-01-11,11.1,6.528320937888904,3.176395073550145
2017-01-12,18.9,14.375901049970004,6.528320937888904
2017-01-13,16.7,12.219082667377794,14.375901049970004
2017-01-14,1.1,-3.342184513383098,12.219082667377794
2017-01-15,3.3,-1.1079482347196628,-3.342184513383098
2017-01-16,6.1,1.7217464406625602,-1.1079482347196628
2017-01-17,5.6,1.2468572444947696,1.7217464406625602
2017-01-18,5.0,0.6673448134885867,1.2468572444947696
2017-01-19,9.4,5.083172795383841,0.6673448134885867
2017-01-20,7.2,2.8943079502066382,5.083172795383841
2017-01-21,9.4,5.100720246455114,2.8943079502066382
2017-01-22,8.9,4.602382951942236,5.100720246455114
2017-01-23,6.7,2.399272719037911,4.602382951942236
2017-01-24,3.3,-1.0086303359341366,2.399272719037911
2017-01-25,10.6,6.278657440625127,-1.0086303359341366
2017-01-26,13.3,8.961123306620548,6.278657440625127
2017-01-27,6.1,1.7387581848022018,8.961123306620548
2017-01-28,3.9,-0.48844328337055964,1.7387581848022018
2017-01-29,6.1,1.6795173092917182,-0.48844328337055964
2017-01-30,2.8,-1.6573578242646487,1.6795173092917182
2017-01-31,1.1,-3.3990626324375044,-1.6573578242646487
2017-02-01,8.3,3.7544128006865805,-3.3990626324375044
2017-02-02,7.2,2.603082273646251,3.7544128006865805
2017-02-03,0.6,-4.053036521501603,2.603082273646251
2017-02-04,1.1,-3.6139219957707165,-4.053036521501603
2017-02-05,6.1,1.3204513326416611,-3.6139219957707165
2017-02-06,9.4,4.550112826694621,1.3204513326416611
2017-02-07,5.6,0.675095711291938,4.550112826694621
2017-02-08,16.7,11.695437046533758,0.675095711291938
2017-02-09,6.7,1.6111776934654811,11.695437046533758
2017-02-10,0.0,-5.177637727623323,1.6111776934654811
2017-02-11,8.9,3.629039113721835,-5.177637727623323
2017-02-12,4.4,-0.9687397982466539,3.629039113721835
2017-02-13,3.9,-1.5709188890242491,-0.9687397982466539
2017-02-14,5.0,-0.577439064451502,-1.5709188890242491
2017-02-15,8.3,2.611762211782419,-0.577439064451502
2017-02-16,1.7,-4.103249166107231,2.611762211782419
2017-02-17,5.0,-0.9224040368111339,-4.103249166107231
2017-02-18,17.2,11.154369930897133,-0.9224040368111339
2017-02-19,18.3,12.127148134830694,11.154369930897133
2017-02-20,12.8,6.496008930134303,12.127148134830694
2017-02-21,8.3,1.8610335143487777,6.496008930134303
2017-02-22,13.9,7.322305807053365,1.8610335143487777
2017-02-23,18.3,11.579912324358755,7.322305807053365
2017-02-24,21.1,14.233942048536406,11.579912324358755
2017-02-25,17.2,10.184486293082418,14.233942048536406
2017-02-26,6.7,-0.46836143647387374,10.184486293082418
2017-02-27,12.2,4.875494414304172,-0.46836143647387374
2017-02-28,15.0,7.516151302031418,4.875494414304172
2017-03-01,21.1,13.45370843550893,7.516151302031418
2017-03-02,17.8,9.988266622818026,13.45370843550893
2017-03-03,3.9,-4.08007188414329,9.988266622818026
2017-03-04,-1.0,-9.151203547318516,-4.08007188414329
2017-03-05,2.8,-5.525023701976612,-9.151203547318516
2017-03-06,7.2,-1.3014267176484546,-5.525023701976612
2017-03-07,13.3,4.619693839861574,-1.3014267176484546
2017-03-08,15.0,6.1384450457689255,4.619693839861574
2017-03-09,16.1,7.054934453288979,6.1384450457689255
2017-03-10,8.3,-0.9307300693132472,7.054934453288979
2017-03-11,-1.6,-11.01844050122118,-0.9307300693132472
2017-03-12,-1.6,-11.208088830731125,-11.01844050122118
2017-03-13,2.2,-7.599567215703451,-11.208088830731125
2017-03-14,0.0,-9.992768142424412,-7.599567215703451
2017-03-15,-3.2,-13.387584582506097,-9.992768142424412
2017-03-16,3.9,-6.48391014745739,-13.387584582506097
2017-03-17,8.3,-2.2816392405645587,-6.48391014745739
2017-03-18,3.9,-6.880667205726995,-2.2816392405645587
2017-03-19,8.3,-2.680890472901563,-6.880667205726995
2017-03-20,11.1,-0.08220669981763074,-2.680890472901563
2017-03-21,15.0,3.615485090365638,-0.08220669981763074
2017-03-22,10.0,-1.5877156242224846,3.615485090365638
2017-03-23,5.6,-6.191710992763754,-1.5877156242224846
2017-03-24,13.9,1.9035950846264473,-6.191710992763754
2017-03-25,16.7,4.498296838535218,1.9035950846264473
2017-03-26,5.6,-6.807513482584781,4.498296838535218
2017-03-27,11.7,-0.9137457194711676,-6.807513482584781
2017-03-28,7.8,-5.020311903087403,-0.9137457194711676
2017-03-29,15.6,2.5728736505855085,-5.020311903087403
2017-03-30,11.1,-2.1341057477910503,2.5728736505855085
2017-03-31,6.1,-7.3411692426108495,-2.1341057477910503
2017-04-01,8.9,-4.748238508203919,-7.3411692426108495
2017-04-02,17.2,3.344762183255199,-4.748238508203919
2017-04-03,17.2,3.1379059009504005,3.344762183255199
2017-04-04,10.6,-3.6687369981417266,3.1379059009504005
2017-04-05,18.3,3.8249010845151385,-3.6687369981417266
2017-04-06,11.7,-2.9811150498005006,3.8249010845151385
2017-04-07,10.6,-4.286723428406608,-2.9811150498005006
2017-04-08,13.9,-1.1918649310330203,-4.286723428406608
2017-04-09,19.4,4.103516693911226,-1.1918649310330203
2017-04-10,23.3,7.799474820624292,4.103516693911226
2017-04-11,26.7,10.996059944737638,7.799474820624292
2017-04-12,24.4,8.493319689648649,10.996059944737638
2017-04-13,18.3,2.191298820307182,8.493319689648649
2017-04-14,18.9,2.590039264384359,2.191298820307182
2017-04-15,18.3,1.7895801407329444,2.590039264384359
2017-04-16,30.6,13.88995779502999,1.7895801407329444
2017-04-17,23.3,6.391205842473969,13.88995779502999
2017-04-18,18.3,1.1933552173905788,6.391205842473969
2017-04-19,12.2,-5.103565770416285,1.1933552173905788
2017-04-20,18.9,1.4004686272508309,-5.103565770416285
2017-04-21,11.7,-5.994518333734838,1.4004686272508309
2017-04-22,13.9,-3.9885058143889953,-5.994518333734838
2017-04-23,18.9,0.8185246887426274,-3.9885058143889953
2017-04-24,15.6,-2.6734105693778094,0.8185246887426274
2017-04-25,12.2,-6.26429748982228,-2.6734105693778094
2017-04-26,15.6,-3.054124032091588,-6.26429748982228
2017-04-27,21.1,2.257119888351383,-3.054124032091588
2017-04-28,29.4,10.369442507111938,2.257119888351383
2017-04-29,29.4,10.182850322147672,10.369442507111938
2017-04-30,19.4,-0.002651791013846605,10.182850322147672
2017-05-01,23.3,3.712939539546227,-0.002651791013846605
2017-05-02,23.9,4.129626304223574,3.712939539546227
2017-05-03,18.3,-1.6525907631062964,4.129626304223574
2017-05-04,17.8,-2.3337120575223267,-1.6525907631062964
2017-05-05,15.0,-5.313738973289713,-2.3337120575223267
2017-05-06,19.4,-1.0926737722554378,-5.313738973289713
2017-05-07,13.3,-7.370519450777557,-1.0926737722554378
2017-05-08,13.9,-6.947279605561976,-7.370519450777557
2017-05-09,17.2,-3.8229582987826376,-6.947279605561976
2017-05-10,17.2,-3.9975599228626137,-3.8229582987826376
2017-05-11,16.7,-4.671089065293881,-3.9975599228626137
2017-05-12,18.3,-3.243550373873081,-4.671089065293881
2017-05-13,11.7,-10.014948422728924,-3.243550373873081
2017-05-14,19.4,-2.4852875795145266,-10.014948422728924
2017-05-15,20.0,-2.054571874134158,-2.4852875795145266
2017-05-16,26.1,3.8771951306302093,-2.054571874134158
2017-05-17,32.2,9.810010466233006,3.8771951306302093
2017-05-18,33.3,10.743871882866245,9.810010466233006
2017-05-19,32.8,10.078777971001891,10.743871882866245
2017-05-20,18.3,-4.585271720362645,10.078777971001891
2017-05-21,20.6,-2.448276569084584,-4.585271720362645
2017-05-22,16.1,-7.110234769200311,-2.448276569084584
2017-05-23,20.6,-2.7711432245025875,-7.110234769200311
2017-05-24,20.6,-2.930997446666897,-2.7711432245025875
2017-05-25,15.0,-8.68979145821115,-2.930997446666897
2017-05-26,22.8,-1.0475177005599576,-8.68979145821115
2017-05-27,21.7,-2.3041669474708435,-1.0475177005599576
2017-05-28,21.7,-2.459728224065273,-2.3041669474708435
2017-05-29,16.1,-8.214188731692474,-2.459728224065273
2017-05-30,15.6,-8.86753377883817,-8.214188731692474
2017-05-31,23.9,-0.7197467182743331,-8.86753377883817
2017-06-01,26.1,1.3291911093708393,-0.7197467182743331
2017-06-02,24.4,-0.5206995745395879,1.3291911093708393
2017-06-03,22.8,-2.2693959435307,-0.5206995745395879
2017-06-04,21.1,-4.116873029748888,-2.2693959435307
2017-06-05,19.4,-5.963103694656901,-4.116873029748888
2017-06-06,14.4,-11.10805860678074,-5.963103694656901
2017-06-07,19.4,-6.251706226579486,-11.10805860678074
2017-06-08,20.6,-5.194012798489993,-6.251706226579486
2017-06-09,26.7,0.7650576498202497,-5.194012798489993
2017-06-10,29.4,3.3255433009783175,0.7650576498202497
2017-06-11,32.2,5.987484534214303,3.3255433009783175
2017-06-12,33.9,7.55092390447728,5.987484534214303
2017-06-13,34.4,7.91590611440234,7.55092390447728
2017-06-14,28.9,2.2824779791908902,7.91590611440234
2017-06-15,24.4,-2.34931161551469,2.2824779791908902
2017-06-16,20.0,-6.879411762662421,-2.34931161551469
2017-06-17,23.3,-3.7077695896102725,-6.879411762662421
2017-06-18,29.4,2.2656696794017783,-3.7077695896102725
2017-06-19,31.1,3.840962654280464,2.2656696794017783
2017-06-20,28.3,0.918167703779325,3.840962654280464
2017-06-21,28.3,0.7973448740570213,0.918167703779325
2017-06-22,28.3,0.6785558012973354,0.7973448740570213
2017-06-23,28.3,0.561863618609646,0.6785558012973354
2017-06-24,28.9,1.0473328574438057,0.561863618609646
2017-06-25,28.3,0.3350293437677401,1.0473328574438057
2017-06-26,26.1,-1.9749799107301271,0.3350293437677401
2017-06-27,25.0,-3.18262682213863,-1.9749799107301271
2017-06-28,25.6,-2.6878423522342665,-3.18262682213863
2017-06-29,27.8,-0.5905566305054037,-2.6878423522342665
2017-06-30,31.1,2.609300920019436,-0.5905566305054037
2017-07-01,29.4,0.8118014534588056,2.609300920019436
2017-07-02,30.6,1.9170165686098208,0.8118014534588056
2017-07-03,31.1,2.3250181736606095,1.9170165686098208
2017-07-04,29.4,0.5358783484281204,2.3250181736606095
2017-07-05,29.4,0.4496692044717143,0.5358783484281204
2017-07-06,25.0,-4.033537256561424,0.4496692044717143
2017-07-07,26.7,-2.4136692859983917,-4.033537256561424
2017-07-08,28.9,-0.29065553224620544,-2.4136692859983917
2017-07-09,27.2,-2.0644251855741196,-0.29065553224620544
2017-07-10,28.9,-0.43490812320433037,-2.0644251855741196
2017-07-11,29.4,-0.0020350543419880296,-0.43490812320433037
2017-07-12,31.1,1.6342623352242,-0.0020350543419880296
2017-07-13,32.2,2.674051239318242,1.6342623352242
2017-07-14,22.8,-6.782602411264747,2.674051239318242
2017-07-15,28.9,-0.735634089876104,-6.782602411264747
2017-07-16,30.6,0.9150191867509108,-0.735634089876104
2017-07-17,29.4,-0.33058127849974284,0.9150191867509108
2017-07-18,31.1,1.3276240024539234,-0.33058127849974284
2017-07-19,33.3,3.489692571393981,1.3276240024539234
2017-07-20,34.4,4.555679895558097,3.489692571393981
2017-07-21,33.3,3.425639242971787,4.555679895558097
2017-07-22,33.3,3.3996215616712107,3.425639242971787
2017-07-23,26.1,-3.8223246368798875,3.3996215616712107
2017-07-24,22.8,-7.14015338988683,-3.8223246368798875
2017-07-25,21.7,-8.253821390553664,-7.14015338988683
2017-07-26,25.0,-4.963288090378018,-8.253821390553664
2017-07-27,25.6,-4.36851579615654,-4.963288090378018
2017-07-28,29.4,-0.569469761460283,-4.36851579615654
2017-07-29,25.0,-4.966118272354009,-0.569469761460283
2017-07-30,27.8,-2.1584327271485755,-4.966118272354009
2017-07-31,31.1,1.1536122900089296,-2.1584327271485755
2017-08-01,33.3,3.370038941886179,1.1536122900089296
2017-08-02,30.0,0.09086607742014863,3.370038941886179
2017-08-03,30.6,0.7161091776205275,0.09086607742014863
2017-08-04,28.9,-0.9542196917501613,0.7161091776205275
2017-08-05,25.6,-4.220111920609387,-0.9542196917501613
2017-08-06,24.4,-5.381562388008458,-4.220111920609387
2017-08-07,21.7,-8.038569488533163,-5.381562388008458
2017-08-08,25.6,-4.091135151595836,-8.038569488533163
2017-08-09,29.4,-0.2392648535816413,-4.091135151595836
2017-08-10,28.3,-1.2829676228305722,-0.2392648535816413
2017-08-11,27.8,-1.7222560374554305,-1.2829676228305722
2017-08-12,25.0,-4.4571462160142765,-1.7222560374554305
2017-08-13,28.3,-1.08765780107462,-4.4571462160142765
2017-08-14,26.7,-2.6138139357249734,-1.08765780107462
2017-08-15,23.3,-5.935641233107365,-2.6138139357249734
2017-08-16,30.6,1.4468302609373218,-5.935641233107365
2017-08-17,28.3,-0.7664328879982172,1.4468302609373218
2017-08-18,27.8,-1.1754674521042219,-0.7664328879982172
2017-08-19,30.0,1.119686515936607,-1.1754674521042219
2017-08-20,27.2,-1.5810142534135956,1.119686515936607
2017-08-21,30.6,1.9223838232593629,-1.5810142534135956
2017-08-22,31.7,3.129831258106776,1.9223838232593629
2017-08-23,27.2,-1.258724426427559,3.129831258106776
2017-08-24,26.7,-1.6433386105035268,-1.258724426427559
2017-08-25,25.6,-2.6240694844684604,-1.6433386105035268
2017-08-26,25.6,-2.500977951377447,-2.6240694844684604
2017-08-27,25.6,-2.374127524712133,-2.500977951377447
2017-08-28,24.4,-3.443584221571676,-2.374127524712133
2017-08-29,20.0,-7.7094164516204025,-3.443584221571676
2017-08-30,25.6,-1.971694902087549,-7.7094164516204025
2017-08-31,27.2,-0.23049241912350027,-1.971694902087549
2017-09-01,21.7,-5.585883885826036,-0.23049241912350027
2017-09-02,20.0,-7.137946097257654,-5.585883885826036
2017-09-03,20.6,-6.386757632782203,-7.137946097257654
2017-09-04,26.7,-0.13239872605506164,-6.386757632782203
2017-09-05,29.4,2.725048866993788,-0.13239872605506164
2017-09-06,22.2,-4.314497998159933,2.725048866993788
2017-09-07,21.7,-4.6511237196381,-4.314497998159933
2017-09-08,21.7,-4.484913813196346,-4.6511237196381
2017-09-09,21.1,-4.915954775644014,-4.484913813196346
2017-09-10,22.2,-3.644333947998991,-4.915954775644014
2017-09-11,24.4,-1.270139378728416,-3.644333947998991
2017-09-12,25.6,0.10654031257550045,-1.270139378728416
2017-09-13,28.3,2.9856160707374677,0.10654031257550045
2017-09-14,27.2,2.06699853941511,2.9856160707374677
2017-09-15,27.2,2.2505981940495268,2.06699853941511
2017-09-16,27.8,3.0363254730160385,2.2505981940495268
2017-09-17,27.2,2.624090906646522,3.0363254730160385
2017-09-18,22.8,-1.5861947561977345,2.624090906646522
2017-09-19,25.6,1.4053795756831917,-1.5861947561977345
2017-09-20,26.1,2.098725456568708,1.4053795756831917
2017-09-21,26.7,2.8937550211943623,2.098725456568708
2017-09-22,27.8,4.190381098478859,2.8937550211943623
2017-09-23,30.6,7.188517321327019,4.190381098478859
2017-09-24,32.8,9.588078232245774,7.188517321327019
2017-09-25,31.1,8.088979384523057,9.588078232245774
2017-09-26,28.9,6.09113743873208,8.088979384523057
2017-09-27,30.6,7.994470254337479,6.09113743873208
2017-09-28,26.1,3.698896976194103,7.994470254337479
2017-09-29,20.0,-2.1956618842562143,3.698896976194103
2017-09-30,18.9,-3.0892843732687965,-2.1956618842562143
2017-10-01,20.0,-1.7820470247246405,-3.0892843732687965
2017-10-02,22.8,1.22597520414973,-1.7820470247246405
2017-10-03,21.7,0.334708991140662,1.22597520414973
2017-10-04,23.9,2.7440827013704627,0.334708991140662
2017-10-05,28.3,7.354026433489125,2.7440827013704627
2017-10-06,27.8,7.064472059655891,7.354026433489125
2017-10-07,27.2,6.675353259249636,7.064472059655891
2017-10-08,25.0,4.6866055462649925,6.675353259249636
2017-10-09,25.0,4.898166290368792,4.6866055462649925
2017-10-10,27.2,7.309974731609749,4.898166290368792
2017-10-11,25.0,5.321971988792015,7.309974731609749
2017-10-12,17.8,-1.6658989384587315,5.321971988792015
2017-10-13,19.4,0.1463068261099032,-1.6658989384587315
2017-10-14,22.2,3.1585360249852883,0.1463068261099032
2017-10-15,23.3,4.47073725038317,3.1585360249852883
2017-10-16,20.6,1.9828609217246722,4.47073725038317
2017-10-17,14.4,-4.005140742786784,1.9828609217246722
2017-10-18,22.2,4.006686239643646,-4.005140742786784
2017-10-19,21.7,3.7182975765923096,4.006686239643646
2017-10-20,22.8,5.029650655152857,3.7182975765923096
2017-10-21,25.6,8.040704491397648,5.029650655152857
2017-10-22,24.4,7.051419674759348,8.040704491397648
2017-10-23,23.3,6.1617583075422395,7.051419674759348
2017-10-24,23.3,6.3716839397855125,6.1617583075422395
2017-10-25,19.4,2.6811614997149107,6.3716839397855125
2017-10-26,14.4,-2.1098427799694353,2.6811614997149107
2017-10-27,16.7,0.39863856029136713,-2.1098427799694353
2017-10-28,20.6,4.506574125666756,0.39863856029136713
2017-10-29,19.4,3.5139335823369766,4.506574125666756
2017-10-30,16.1,0.4206875698328538,3.5139335823369766
2017-10-31,13.9,-1.5731923893859623,0.4206875698328538
2017-11-01,15.0,-0.26773398280697336,-1.5731923893859623
2017-11-02,22.2,7.137035797118992,-0.26773398280697336
2017-11-03,23.3,8.441090556141477,7.137035797118992
2017-11-04,13.3,-1.3555956001206066,8.441090556141477
2017-11-05,16.1,1.646951834324657,-1.3555956001206066
2017-11-06,18.9,4.6487076655136,1.646951834324657
2017-11-07,9.4,-4.650353101298533,4.6487076655136
2017-11-08,9.4,-4.4502553626234125,-4.650353101298533
2017-11-09,12.8,-0.8510240175480774,-4.4502553626234125
2017-11-10,10.6,-2.852684068029234,-0.8510240175480774
2017-11-11,3.3,-9.955260718337794,-2.852684068029234
2017-11-12,7.8,-5.258779473320112,-9.955260718337794
2017-11-13,8.3,-4.5632662351458855,-5.258779473320112
2017-11-14,8.9,-3.768747398216643,-4.5632662351458855
2017-11-15,10.6,-1.8752499419138324,-3.768747398216643
2017-11-16,13.9,1.6171984791286427,-1.8752499419138324
2017-11-17,8.3,-3.791430552464371,1.6171984791286427
2017-11-18,13.3,1.3988336987861842,-3.791430552464371
2017-11-19,15.0,3.2879610401855537,1.3988336987861842
2017-11-20,8.3,-3.2240797265039305,3.2879610401855537
2017-11-21,14.4,3.062679121499782,-3.2240797265039305
2017-11-22,13.3,2.1482041587543943,3.062679121499782
2017-11-23,6.1,-4.867539253207633,2.1482041587543943
2017-11-24,10.0,-0.7845870259989756,-4.867539253207633
2017-11-25,13.9,3.297023600408199,-0.7845870259989756
2017-11-26,10.6,0.17725400758414267,3.297023600408199
2017-11-27,10.6,0.3560641538568259,0.17725400758414267
2017-11-28,12.2,2.133412535021751,0.3560641538568259
2017-11-29,17.2,7.309256150713372,2.133412535021751
2017-11-30,11.7,1.9835504765883467,7.309256150713372
2017-12-01,11.1,1.556249442454865,1.9835504765883467
2017-12-02,8.9,-0.4726945835340626,1.556249442454865
2017-12-03,8.9,-0.30333080452315464,-0.4726945835340626
2017-12-04,10.6,1.5642900016503862,-0.30333080452315464
2017-12-05,16.1,7.23011548537502,1.5642900016503862
2017-12-06,15.0,6.294091734544191,7.23011548537502
2017-12-07,6.7,-1.8438367097737602,6.294091734544191
2017-12-08,3.9,-4.483726831263073,-1.8438367097737602
2017-12-09,1.7,-6.525637109892158,-4.483726831263073
2017-12-10,3.9,-4.169627487073704,-6.525637109892158
2017-12-11,5.0,-2.915759324496123,-4.169627487073704
2017-12-12,10.0,2.2359046433126775,-2.915759324496123
2017-12-13,-0.5,-8.11469963738933,2.2359046433126775
2017-12-14,0.0,-7.467637479840454,-8.11469963738933
2017-12-15,-2.1,-9.422975391078866,-7.467637479840454
2017-12-16,3.9,-3.280781000399102,-9.422975391078866
2017-12-17,3.3,-3.741122982109383,-3.280781000399102
2017-12-18,8.3,1.395929027245165,-3.741122982109383
2017-12-19,12.8,6.03030451701281,1.395929027245165
2017-12-20,10.6,3.961932195722171,6.03030451701281
2017-12-21,3.9,-2.6092599106856977,3.961932195722171
2017-12-22,10.0,3.6166556440933713,-2.6092599106856977
2017-12-23,8.9,2.639605834155481,3.6166556440933713
2017-12-24,5.0,-1.1404827269580542,2.639605834155481
2017-12-25,3.3,-2.723683670649989,-1.1404827269580542
2017-12-26,-2.1,-8.01007075397736,-2.723683670649989
2017-12-27,-4.3,-10.099717736972973,-8.01007075397736
2017-12-28,-7.7,-13.392698256878727,-10.099717736972973
2017-12-29,-5.5,-11.089085699601348,-13.392698256878727
2017-12-30,-4.9,-10.388953068709966,-11.089085699601348
2017-12-31,-6.0,-11.39237285230315,-10.388953068709966
2018-01-01,-7.1,-12.37675253195567,-11.39237285230315
2018-01-02,-3.2,-8.388426693036637,-12.37675253195567
2018-01-03,-1.0,-6.10388365492048,-8.388426693036637
2018-01-04,-1.6,-6.623192194449961,-6.10388365492048
2018-01-05,-7.1,-12.046419852620312,-6.623192194449961
2018-01-06,-10.5,-15.373632795934416,-12.046419852620312
2018-01-07,-7.7,-12.504895678164353,-15.373632795934416
2018-01-08,-0.5,-5.240271502879783,-12.504895678164353
2018-01-09,6.7,2.020178512896921,-5.240271502879783
2018-01-10,6.1,1.4763950735501448,2.020178512896921
2018-01-11,11.7,7.128320937888904,1.4763950735501448
2018-01-12,16.1,11.575901049970007,7.128320937888904
2018-01-13,14.4,9.919082667377795,11.575901049970007
2018-01-14,-3.8,-8.242184513383098,9.919082667377795
2018-01-15,-1.0,-5.407948234719663,-8.242184513383098
2018-01-16,2.2,-2.1782535593374392,-5.407948234719663
2018-01-17,2.2,-2.15314275550523,-2.1782535593374392
2018-01-18,0.0,-4.332655186511413,-2.15314275550523
2018-01-19,5.0,0.6831727953838405,-4.332655186511413
2018-01-20,11.1,6.794307950206638,0.6831727953838405
2018-01-21,10.0,5.700720246455114,6.794307950206638
2018-01-22,9.4,5.102382951942236,5.700720246455114
2018-01-23,15.6,11.29927271903791,5.102382951942236
2018-01-24,6.7,2.3913696640658637,11.29927271903791
2018-01-25,1.1,-3.221342559374872,2.3913696640658637
2018-01-26,3.3,-1.0388766933794527,-3.221342559374872
2018-01-27,13.3,8.938758184802204,-1.0388766933794527
2018-01-28,12.8,8.411556716629441,8.938758184802204
2018-01-29,8.3,3.8795173092917192,8.411556716629441
2018-01-30,2.2,-2.2573578242646484,3.8795173092917192
2018-01-31,0.6,-3.8990626324375044,-2.2573578242646484
2018-02-01,7.2,2.65441280068658,-3.8990626324375044
2018-02-02,5.0,0.40308227364625093,2.65441280068658
2018-02-03,-0.5,-5.153036521501603,0.40308227364625093
2018-02-04,7.8,3.0860780042292832,-5.153036521501603
2018-02-05,4.4,-0.37954866735833814,3.0860780042292832
2018-02-06,2.8,-2.04988717330538,-0.37954866735833814
2018-02-07,7.2,2.2750957112919385,-2.04988717330538
2018-02-08,0.6,-4.404562953466242,2.2750957112919385
2018-02-09,3.9,-1.1888223065345191,-4.404562953466242
2018-02-10,10.0,4.822362272376677,-1.1888223065345191
2018-02-11,16.7,11.429039113721835,4.822362272376677
2018-02-12,16.7,11.331260201753345,11.429039113721835
2018-02-13,3.3,-2.1709188890242492,11.331260201753345
2018-02-14,11.7,6.122560935548497,-2.1709188890242492
2018-02-15,16.7,11.011762211782418,6.122560935548497
2018-02-16,14.4,8.59675083389277,11.011762211782418
2018-02-17,4.4,-1.5224040368111336,8.59675083389277
2018-02-18,6.7,0.6543699308971345,-1.5224040368111336
2018-02-19,9.4,3.227148134830693,0.6543699308971345
2018-02-20,19.4,13.0960089301343,3.227148134830693
2018-02-21,25.6,19.16103351434878,13.0960089301343
2018-02-22,15.0,8.422305807053364,19.16103351434878
2018-02-23,5.6,-1.120087675641246,8.422305807053364
2018-02-24,12.8,5.933942048536406,-1.120087675641246
2018-02-25,6.7,-0.31551370691757974,5.933942048536406
2018-02-26,11.1,3.9316385635261257,-0.31551370691757974
2018-02-27,13.3,5.9754944143041735,3.9316385635261257
2018-02-28,16.1,8.616151302031419,5.9754944143041735
2018-03-01,15.6,7.953708435508928,8.616151302031419
2018-03-02,6.7,-1.1117333771819746,7.953708435508928
2018-03-03,9.4,1.4199281158567096,-1.1117333771819746
2018-03-04,6.7,-1.4512035473185163,1.4199281158567096
2018-03-05,6.1,-2.225023701976612,-1.4512035473185163
2018-03-06,8.3,-0.2014267176484541,-2.225023701976612
2018-03-07,3.9,-4.7803061601384265,-0.2014267176484541
2018-03-08,3.9,-4.961554954231074,-4.7803061601384265
2018-03-09,5.6,-3.4450655467110227,-4.961554954231074
2018-03-10,4.4,-4.8307300693132476,-3.4450655467110227
2018-03-11,7.2,-2.2184405012211803,-4.8307300693132476
2018-03-12,6.1,-3.5080888307311255,-2.2184405012211803
2018-03-13,4.4,-5.399567215703451,-3.5080888307311255
2018-03-14,5.0,-4.992768142424412,-5.399567215703451
2018-03-15,8.9,-1.2875845825060956,-4.992768142424412
2018-03-16,4.4,-5.98391014745739,-1.2875845825060956
2018-03-17,8.9,-1.681639240564559,-5.98391014745739
2018-03-18,6.1,-4.680667205726996,-1.681639240564559
2018-03-19,8.3,-2.680890472901563,-4.680667205726996
2018-03-20,3.9,-7.28220669981763,-2.680890472901563
2018-03-21,3.9,-7.4845149096343615,-7.28220669981763
2018-03-22,10.0,-1.5877156242224846,-7.4845149096343615
2018-03-23,9.4,-2.3917109927637537,-1.5877156242224846
2018-03-24,10.6,-1.3964049153735534,-2.3917109927637537
2018-03-25,7.2,-5.001703161464781,-1.3964049153735534
2018-03-26,10.0,-2.407513482584781,-5.001703161464781
2018-03-27,8.3,-4.313745719471166,-2.407513482584781
2018-03-28,11.1,-1.7203119030874028,-4.313745719471166
2018-03-29,11.7,-1.3271263494144918,-1.7203119030874028
2018-03-30,16.7,3.4658942522089493,-1.3271263494144918
2018-03-31,14.4,0.9588307573891512,3.4658942522089493
2018-04-01,15.6,1.9517614917960806,0.9588307573891512
2018-04-02,6.1,-7.755237816744801,1.9517614917960806
2018-04-03,6.1,-7.962094099049599,-7.755237816744801
2018-04-04,13.3,-0.9687369981417255,-7.962094099049599
2018-04-05,7.2,-7.275098915484862,-0.9687369981417255
2018-04-06,16.7,2.0188849501994994,-7.275098915484862
2018-04-07,9.4,-5.4867234284066075,2.0188849501994994
2018-04-08,7.8,-7.291864931033021,-5.4867234284066075
2018-04-09,9.4,-5.896483306088772,-7.291864931033021
2018-04-10,10.6,-4.900525179375709,-5.896483306088772
2018-04-11,10.6,-5.1039400552623615,-4.900525179375709
2018-04-12,17.2,1.2933196896486496,-5.1039400552623615
2018-04-13,27.8,11.691298820307182,1.2933196896486496
2018-04-14,25.0,8.69003926438436,11.691298820307182
2018-04-15,6.7,-9.810419859267057,8.69003926438436
2018-04-16,15.6,-1.1100422049700125,-9.810419859267057
2018-04-17,8.3,-8.608794157526031,-1.1100422049700125
2018-04-18,12.8,-4.306644782609421,-8.608794157526031
2018-04-19,9.4,-7.903565770416284,-4.306644782609421
2018-04-20,10.0,-7.499531372749168,-7.903565770416284
2018-04-21,17.2,-0.4945183337348382,-7.499531372749168
2018-04-22,19.4,1.511494185611003,-0.4945183337348382
2018-04-23,20.0,1.9185246887426288,1.511494185611003
2018-04-24,18.9,0.6265894306221895,1.9185246887426288
2018-04-25,15.6,-2.8642974898222793,0.6265894306221895
2018-04-26,21.1,2.445875967908414,-2.8642974898222793
2018-04-27,15.0,-3.8428801116486184,2.445875967908414
2018-04-28,20.0,0.969442507111939,-3.8428801116486184
2018-04-29,15.0,-4.217149677852326,0.969442507111939
2018-04-30,10.6,-8.802651791013846,-4.217149677852326
2018-05-01,26.7,7.112939539546225,-8.802651791013846
2018-05-02,32.2,12.429626304223579,7.112939539546225
2018-05-03,33.3,13.3474092368937,12.429626304223579
2018-05-04,28.9,8.766287942477671,13.3474092368937
2018-05-05,24.4,4.086261026710286,8.766287942477671
2018-05-06,18.9,-1.5926737722554378,4.086261026710286
2018-05-07,25.0,4.329480549222442,-1.5926737722554378
2018-05-08,23.3,2.4527203944380247,4.329480549222442
2018-05-09,25.0,3.977041701217363,2.4527203944380247
2018-05-10,18.9,-2.2975599228626145,3.977041701217363
2018-05-11,22.8,1.4289109347061206,-2.2975599228626145
2018-05-12,17.2,-4.343550373873082,1.4289109347061206
2018-05-13,12.2,-9.514948422728924,-4.343550373873082
2018-05-14,21.7,-0.1852875795145259,-9.514948422728924
2018-05-15,31.1,9.045428125865843,-0.1852875795145259
2018-05-16,17.8,-4.4228048693697914,9.045428125865843
2018-05-17,21.7,-0.6899895337669975,-4.4228048693697914
2018-05-18,19.4,-3.156128117133754,-0.6899895337669975
2018-05-19,13.3,-9.421222028998105,-3.156128117133754
2018-05-20,27.2,4.314728279637354,-9.421222028998105
2018-05-21,26.1,3.051723430915416,4.314728279637354
2018-05-22,20.0,-3.210234769200312,3.051723430915416
2018-05-23,27.2,3.8288567754974103,-3.210234769200312
2018-05-24,28.3,4.769002553333102,3.8288567754974103
2018-05-25,30.0,6.31020854178885,4.769002553333102
2018-05-26,31.7,7.852482299440041,6.31020854178885
2018-05-27,26.7,2.6958330525291565,7.852482299440041
2018-05-28,20.6,-3.559728224065271,2.6958330525291565
2018-05-29,31.7,7.385811268307524,-3.559728224065271
2018-05-30,25.6,1.132466221161831,7.385811268307524
2018-05-31,20.0,-4.619746718274332,1.132466221161831
2018-06-01,27.2,2.429191109370837,-4.619746718274332
2018-06-02,30.6,5.679300425460415,2.429191109370837
2018-06-03,18.9,-6.169395943530702,5.679300425460415
2018-06-04,21.7,-3.51687302974889,-6.169395943530702
2018-06-05,23.9,-1.4631036946569012,-3.51687302974889
2018-06-06,21.7,-3.8080586067807403,-1.4631036946569012
2018-06-07,21.7,-3.9517062265794856,-3.8080586067807403
2018-06-08,27.8,2.005987201510006,-3.9517062265794856
2018-06-09,28.3,2.365057649820251,2.005987201510006
2018-06-10,22.8,-3.2744566990216804,2.365057649820251
2018-06-11,22.8,-3.412515465785699,-3.2744566990216804
2018-06-12,23.9,-2.44907609552272,-3.412515465785699
2018-06-13,25.6,-0.8840938855976574,-2.44907609552272
2018-06-14,28.9,2.2824779791908902,-0.8840938855976574
2018-06-15,24.4,-2.34931161551469,2.2824779791908902
2018-06-16,29.4,2.520588237337577,-2.34931161551469
2018-06-17,32.8,5.792230410389724,2.520588237337577
2018-06-18,32.8,5.665669679401777,5.792230410389724
2018-06-19,31.1,3.840962654280464,5.665669679401777
2018-06-20,28.3,0.918167703779325,3.840962654280464
2018-06-21,28.3,0.7973448740570213,0.918167703779325
2018-06-22,23.9,-3.7214441987026667,0.7973448740570213
2018-06-23,18.9,-8.838136381390356,-3.7214441987026667
2018-06-24,28.9,1.0473328574438057,-8.838136381390356
2018-06-25,27.2,-0.7649706562322613,1.0473328574438057
2018-06-26,25.6,-2.474979910730127,-0.7649706562322613
2018-06-27,22.8,-5.382626822138629,-2.474979910730127
2018-06-28,28.3,0.012157647765732804,-5.382626822138629
2018-06-29,31.7,3.309443369494595,0.012157647765732804
2018-06-30,33.9,5.409300920019433,3.309443369494595
2018-07-01,35.6,7.0118014534588085,5.409300920019433
2018-07-02,35.0,6.317016568609819,7.0118014534588085
2018-07-03,33.3,4.525018173660605,6.317016568609819
2018-07-04,30.0,1.1358783484281219,4.525018173660605
2018-07-05,32.2,3.2496692044717186,1.1358783484281219
2018-07-06,26.7,-2.3335372565614243,3.2496692044717186
2018-07-07,25.6,-3.5136692859983896,-2.3335372565614243
2018-07-08,28.9,-0.29065553224620544,-3.5136692859983896
2018-07-09,30.6,1.3355748144258826,-0.29065553224620544
2018-07-10,33.9,4.56509187679567,1.3355748144258826
2018-07-11,31.1,1.6979649456580148,4.56509187679567
2018-07-12,28.9,-0.5657376647758028,1.6979649456580148
2018-07-13,28.9,-0.6259487606817622,-0.5657376647758028
2018-07-14,31.1,1.5173975887352533,-0.6259487606817622
2018-07-15,28.3,-1.3356340898761019,1.5173975887352533
2018-07-16,32.2,2.515019186750912,-1.3356340898761019
2018-07-17,31.1,1.36941872150026,2.515019186750912
2018-07-18,29.4,-0.3723759975460794,1.36941872150026
2018-07-19,28.3,-1.5103074286060156,-0.3723759975460794
2018-07-20,27.8,-2.0443201044419013,-1.5103074286060156
2018-07-21,26.1,-3.7743607570282087,-2.0443201044419013
2018-07-22,26.1,-3.800378438328785,-3.7743607570282087
2018-07-23,26.7,-3.2223246368798897,-3.800378438328785
2018-07-24,27.8,-2.14015338988683,-3.2223246368798897
2018-07-25,25.0,-4.953821390553664,-2.14015338988683
2018-07-26,29.4,-0.5632880903780197,-4.953821390553664
2018-07-27,30.0,0.0314842038434584,-0.5632880903780197
2018-07-28,29.4,-0.569469761460283,0.0314842038434584
2018-07-29,27.8,-2.1661182723540087,-0.569469761460283
2018-07-30,25.6,-4.358432727148575,-2.1661182723540087
2018-07-31,27.8,-2.146387709991071,-4.358432727148575
2018-08-01,28.9,-1.0299610581138197,-2.146387709991071
2018-08-02,30.0,0.09086607742014863,-1.0299610581138197
2018-08-03,29.4,-0.48389082237947534,0.09086607742014863
2018-08-04,28.9,-0.9542196917501613,-0.48389082237947534
2018-08-05,32.8,2.9798880793906086,-0.9542196917501613
2018-08-06,33.3,3.5184376119915406,2.9798880793906086
2018-08-07,32.2,2.4614305114668404,3.5184376119915406
2018-08-08,32.2,2.5088648484041656,2.4614305114668404
2018-08-09,30.0,0.36073514641836013,2.5088648484041656
2018-08-10,30.0,0.4170323771694271,0.36073514641836013
2018-08-11,26.7,-2.822256037455432,0.4170323771694271
2018-08-12,28.9,-0.5571462160142779,-2.822256037455432
2018-08-13,23.9,-5.487657801074622,-0.5571462160142779
2018-08-14,27.8,-1.513813935724972,-5.487657801074622
2018-08-15,30.0,0.7643587668926344,-1.513813935724972
2018-08-16,31.1,1.9468302609373218,0.7643587668926344
2018-08-17,30.6,1.5335671120017835,1.9468302609373218
2018-08-18,29.4,0.424532547895776,1.5335671120017835
2018-08-19,22.2,-6.680313484063394,0.424532547895776
2018-08-20,23.3,-5.481014253413594,-6.680313484063394
2018-08-21,26.1,-2.577616176740637,-5.481014253413594
2018-08-22,27.8,-0.7701687418932224,-2.577616176740637
2018-08-23,25.0,-3.4587244264275583,-0.7701687418932224
2018-08-24,27.8,-0.5433386105035254,-3.4587244264275583
2018-08-25,26.7,-1.5240694844684626,-0.5433386105035254
2018-08-26,28.3,0.19902204862255246,-1.5240694844684626
2018-08-27,31.1,3.125872475287867,0.19902204862255246
2018-08-28,34.4,6.556415778428324,3.125872475287867
2018-08-29,33.3,5.590583548379595,6.556415778428324
2018-08-30,32.2,4.6283050979124525,5.590583548379595
2018-08-31,25.6,-1.8304924191234981,4.6283050979124525
2018-09-01,25.6,-1.6858838858260334,-1.8304924191234981
2018-09-02,27.2,0.06205390274234546,-1.6858838858260334
2018-09-03,32.2,5.2132423672177985,0.06205390274234546
2018-09-04,33.3,6.467601273944936,5.2132423672177985
2018-09-05,31.7,5.025048866993789,6.467601273944936
2018-09-06,33.9,7.3855020018400666,5.025048866993789
2018-09-07,23.9,-2.451123719638101,7.3855020018400666
2018-09-08,21.7,-4.484913813196346,-2.451123719638101
2018-09-09,16.7,-9.315954775644016,-4.484913813196346
2018-09-10,17.8,-8.04433394799899,-9.315954775644016
2018-09-11,23.3,-2.370139378728414,-8.04433394799899
2018-09-12,25.0,-0.49345968742450097,-2.370139378728414
2018-09-13,24.4,-0.9143839292625344,-0.49345968742450097
2018-09-14,23.9,-1.233001460584891,-0.9143839292625344
2018-09-15,26.7,1.7505981940495268,-1.233001460584891
2018-09-16,28.9,4.136325473016036,1.7505981940495268
2018-09-17,26.1,1.5240909066465242,4.136325473016036
2018-09-18,26.1,1.7138052438022662,1.5240909066465242
2018-09-19,27.2,3.0053795756831896,1.7138052438022662
2018-09-20,22.2,-1.801274543431294,3.0053795756831896
2018-09-21,22.2,-1.6062449788056377,-1.801274543431294
2018-09-22,23.3,-0.3096189015211408,-1.6062449788056377
2018-09-23,18.9,-4.511482678672984,-0.3096189015211408
2018-09-24,20.6,-2.6119217677542217,-4.511482678672984
2018-09-25,22.8,-0.21102061547694362,-2.6119217677542217
2018-09-26,27.8,4.991137438732082,-0.21102061547694362
2018-09-27,22.2,-0.4055297456625233,4.991137438732082
2018-09-28,18.3,-4.101103023805898,-0.4055297456625233
2018-09-29,22.2,0.004338115743784954,-4.101103023805898
2018-09-30,21.1,-0.8892843732687936,0.004338115743784954
2018-10-01,24.4,2.617952975275358,-0.8892843732687936
2018-10-02,25.0,3.4259752041497293,2.617952975275358
2018-10-03,23.3,1.9347089911406634,3.4259752041497293
2018-10-04,24.4,3.2440827013704627,1.9347089911406634
2018-10-05,21.7,0.7540264334891233,3.2440827013704627
2018-10-06,20.0,-0.7355279403441095,0.7540264334891233
2018-10-07,26.1,5.575353259249638,-0.7355279403441095
2018-10-08,23.3,2.986605546264993,5.575353259249638
2018-10-09,25.0,4.898166290368792,2.986605546264993
2018-10-10,26.7,6.809974731609749,4.898166290368792
2018-10-11,25.0,5.321971988792015,6.809974731609749
2018-10-12,20.0,0.5341010615412678,5.321971988792015
2018-10-13,12.8,-6.453693173890095,0.5341010615412678
2018-10-14,14.4,-4.641463975014711,-6.453693173890095
2018-10-15,20.0,1.1707372503831692,-4.641463975014711
2018-10-16,15.6,-3.0171390782753296,1.1707372503831692
2018-10-17,16.1,-2.305140742786783,-3.0171390782753296
2018-10-18,10.0,-8.193313760356354,-2.305140742786783
2018-10-19,15.6,-2.38170242340769,-8.193313760356354
2018-10-20,16.7,-1.0703493448471448,-2.38170242340769
2018-10-21,10.6,-6.959295508602354,-1.0703493448471448
2018-10-22,10.0,-7.3485803252406505,-6.959295508602354
2018-10-23,17.2,0.0617583075422381,-7.3485803252406505
2018-10-24,12.2,-4.728316060214489,0.0617583075422381
2018-10-25,10.6,-6.118838500285088,-4.728316060214489
2018-10-26,10.0,-6.509842779969436,-6.118838500285088
2018-10-27,10.6,-5.7013614397086325,-6.509842779969436
2018-10-28,11.1,-4.993425874333246,-5.7013614397086325
2018-10-29,13.3,-2.5860664176630213,-4.993425874333246
2018-10-30,12.8,-2.879312430167147,-2.5860664176630213
2018-10-31,17.8,2.326807610614038,-2.879312430167147
2018-11-01,21.1,5.832266017193028,2.326807610614038
2018-11-02,22.2,7.137035797118992,5.832266017193028
2018-11-03,18.3,3.441090556141477,7.137035797118992
2018-11-04,12.8,-1.8555956001206066,3.441090556141477
2018-11-05,11.7,-2.753048165675345,-1.8555956001206066
2018-11-06,15.0,0.7487076655136011,-2.753048165675345
2018-11-07,16.7,2.649646898701466,0.7487076655136011
2018-11-08,13.3,-0.5502553626234121,2.649646898701466
2018-11-09,11.1,-2.5510240175480785,-0.5502553626234121
2018-11-10,10.0,-3.4526840680292334,-2.5510240175480785
2018-11-11,7.8,-5.455260718337795,-3.4526840680292334
2018-11-12,9.4,-3.658779473320111,-5.455260718337795
2018-11-13,10.0,-2.863266235145886,-3.658779473320111
2018-11-14,6.1,-6.568747398216644,-2.863266235145886
2018-11-15,4.4,-8.075249941913832,-6.568747398216644
2018-11-16,7.2,-5.0828015208713575,-8.075249941913832
2018-11-17,8.3,-3.791430552464371,-5.0828015208713575
2018-11-18,6.7,-5.201166301213816,-3.791430552464371
2018-11-19,10.0,-1.7120389598144463,-5.201166301213816
2018-11-20,8.3,-3.2240797265039305,-1.7120389598144463
2018-11-21,6.7,-4.637320878500218,-3.2240797265039305
2018-11-22,-2.1,-13.251795841245606,-4.637320878500218
2018-11-23,0.0,-10.967539253207633,-13.251795841245606
2018-11-24,9.4,-1.3845870259989752,-10.967539253207633
2018-11-25,12.8,2.1970236004081993,-1.3845870259989752
2018-11-26,11.7,1.2772540075841423,2.1970236004081993
2018-11-27,7.2,-3.0439358461431736,1.2772540075841423
2018-11-28,5.6,-4.466587464978248,-3.0439358461431736
2018-11-29,7.8,-2.0907438492866275,-4.466587464978248
2018-11-30,6.1,-3.616449523411653,-2.0907438492866275
2018-12-01,7.8,-1.7437505575451349,-3.616449523411653
2018-12-02,13.3,3.927305416465938,-1.7437505575451349
2018-12-03,12.8,3.5966691954768457,3.927305416465938
2018-12-04,7.8,-1.2357099983496136,3.5966691954768457
2018-12-05,2.8,-6.069884514624982,-1.2357099983496136
2018-12-06,4.4,-4.305908265455809,-6.069884514624982
2018-12-07,3.9,-4.64383670977376,-4.305908265455809
2018-12-08,2.2,-6.1837268312630735,-4.64383670977376
2018-12-09,2.2,-6.025637109892158,-6.1837268312630735
2018-12-10,3.9,-4.169627487073704,-6.025637109892158
2018-12-11,5.0,-2.915759324496123,-4.169627487073704
2018-12-12,5.0,-2.7640953566873225,-2.915759324496123
2018-12-13,4.4,-3.21469963738933,-2.7640953566873225
2018-12-14,10.6,3.1323625201595453,-3.21469963738933
2018-12-15,11.1,3.777024608921133,3.1323625201595453
2018-12-16,7.8,0.6192189996008981,3.777024608921133
2018-12-17,7.8,0.758877017890617,0.6192189996008981
2018-12-18,4.4,-2.5040709727548354,0.758877017890617
2018-12-19,5.6,-1.1696954829871915,-2.5040709727548354
2018-12-20,8.3,1.661932195722172,-1.1696954829871915
2018-12-21,16.1,9.590740089314304,1.661932195722172
2018-12-22,12.2,5.8166556440933705,9.590740089314304
2018-12-23,6.1,-0.1603941658445196,5.8166556440933705
2018-12-24,6.1,-0.04048272695805455,-0.1603941658445196
2018-12-25,4.4,-1.6236836706499886,-0.04048272695805455
2018-12-26,6.1,0.18992924602264072,-1.6236836706499886
2018-12-27,6.7,0.9002822630270266,0.18992924602264072
2018-12-28,15.6,9.907301743121272,0.9002822630270266
2018-12-29,13.9,8.310914300398654,9.907301743121272
2018-12-30,4.4,-1.0889530687099649,8.310914300398654
2018-12-31,8.9,3.5076271476968506,-1.0889530687099649
2019-01-01,14.4,9.12324746804433,3.5076271476968506
2019-01-02,4.4,-0.7884266930366364,9.12324746804433
2019-01-03,6.7,1.59611634507952,-0.7884266930366364
2019-01-04,8.3,3.276807805550039,1.59611634507952
2019-01-05,8.3,3.353580147379688,3.276807805550039
2019-01-06,9.4,4.526367204065584,3.353580147379688
2019-01-07,1.1,-3.704895678164353,4.526367204065584
2019-01-08,7.2,2.459728497120217,-3.704895678164353
2019-01-09,7.2,2.520178512896921,2.459728497120217
2019-01-10,1.1,-3.523604926449855,2.520178512896921
2019-01-11,-1.0,-5.571679062111095,-3.523604926449855
2019-01-12,1.1,-3.4240989500299954,-5.571679062111095
2019-01-13,0.6,-3.880917332622205,-3.4240989500299954
2019-01-14,0.0,-4.442184513383098,-3.880917332622205
2019-01-15,2.2,-2.2079482347196624,-4.442184513383098
2019-01-16,3.9,-0.4782535593374395,-2.2079482347196624
2019-01-17,0.6,-3.75314275550523,-0.4782535593374395
2019-01-18,3.9,-0.43265518651141344,-3.75314275550523
2019-01-19,2.8,-1.5168272046161597,-0.43265518651141344
2019-01-20,5.6,1.2943079502066377,-1.5168272046161597
2019-01-21,-9.9,-14.199279753544886,1.2943079502066377
2019-01-22,-0.5,-4.797617048057765,-14.199279753544886
2019-01-23,11.1,6.79927271903791,-4.797617048057765
2019-01-24,15.0,10.691369664065864,6.79927271903791
2019-01-25,4.4,0.07865744062512814,10.691369664065864
2019-01-26,1.7,-2.6388766933794523,0.07865744062512814
2019-01-27,9.4,5.0387581848022025,-2.6388766933794523
2019-01-28,3.3,-1.0884432833705597,5.0387581848022025
2019-01-29,6.1,1.6795173092917182,-1.0884432833705597
2019-01-30,1.7,-2.7573578242646484,1.6795173092917182
2019-01-31,-8.8,-13.299062632437504,-2.7573578242646484
2019-02-01,-6.0,-10.54558719931342,-13.299062632437504
2019-02-02,1.1,-3.496917726353749,-10.54558719931342
2019-02-03,11.7,7.046963478498396,-3.496917726353749
2019-02-04,16.1,11.386078004229285,7.046963478498396
2019-02-05,18.3,13.520451332641663,11.386078004229285
2019-02-06,7.8,2.95011282669462,13.520451332641663
2019-02-07,6.7,1.7750957112919385,2.95011282669462
2019-02-08,12.8,7.795437046533759,1.7750957112919385
2019-02-09,0.0,-5.088822306534519,7.795437046533759
2019-02-10,1.7,-3.477637727623323,-5.088822306534519
2019-02-11,3.3,-1.9709608862781653,-3.477637727623323
2019-02-12,2.2,-3.168739798246654,-1.9709608862781653
2019-02-13,5.0,-0.47091888902424905,-3.168739798246654
2019-02-14,7.8,2.222560935548498,-0.47091888902424905
2019-02-15,15.0,9.311762211782419,2.222560935548498
2019-02-16,8.3,2.4967508338927695,9.311762211782419
2019-02-17,3.3,-2.622404036811134,2.4967508338927695
2019-02-18,5.6,-0.44563006910286607,-2.622404036811134
2019-02-19,2.2,-3.972851865169307,-0.44563006910286607
2019-02-20,0.6,-5.703991069865698,-3.972851865169307
2019-02-21,11.1,4.661033514348777,-5.703991069865698
2019-02-22,6.7,0.12230580705336447,4.661033514348777
2019-02-23,5.6,-1.120087675641246,0.12230580705336447
2019-02-24,8.3,1.433942048536406,-1.120087675641246
2019-02-25,6.1,-0.9155137069175803,1.433942048536406
2019-02-26,2.2,-4.968361436473874,-0.9155137069175803
2019-02-27,-0.5,-7.824505585695827,-4.968361436473874
2019-02-28,2.8,-4.683848697968582,-7.824505585695827
2019-03-01,1.7,-5.946291564491071,-4.683848697968582
2019-03-02,5.0,-2.811733377181975,-5.946291564491071
2019-03-03,5.6,-2.380071884143291,-2.811733377181975
2019-03-04,3.3,-4.851203547318517,-2.380071884143291
2019-03-05,0.0,-8.325023701976612,-4.851203547318517
2019-03-06,-3.2,-11.701426717648456,-8.325023701976612
2019-03-07,0.0,-8.680306160138427,-11.701426717648456
2019-03-08,3.9,-4.961554954231074,-8.680306160138427
2019-03-09,9.4,0.354934453288978,-4.961554954231074
2019-03-10,6.1,-3.1307300693132483,0.354934453288978
2019-03-11,11.7,2.281559498778819,-3.1307300693132483
2019-03-12,6.7,-2.908088830731125,2.281559498778819
2019-03-13,9.4,-0.3995672157034509,-2.908088830731125
2019-03-14,13.9,3.9072318575755887,-0.3995672157034509
2019-03-15,23.9,13.712415417493903,3.9072318575755887
2019-03-16,14.4,4.01608985254261,13.712415417493903
2019-03-17,7.2,-3.3816392405645592,4.01608985254261
2019-03-18,7.8,-2.980667205726996,-3.3816392405645592
2019-03-19,10.6,-0.3808904729015641,-2.980667205726996
2019-03-20,11.7,0.5177933001823689,-0.3808904729015641
2019-03-21,7.8,-3.584514909634362,0.5177933001823689
2019-03-22,9.4,-2.1877156242224842,-3.584514909634362
2019-03-23,8.9,-2.8917109927637537,-2.1877156242224842
2019-03-24,15.6,3.6035950846264466,-2.8917109927637537
2019-03-25,13.3,1.0982968385352194,3.6035950846264466
2019-03-26,9.4,-3.0075134825847805,1.0982968385352194
2019-03-27,8.3,-4.313745719471166,-3.0075134825847805
2019-03-28,11.7,-1.1203119030874031,-4.313745719471166
2019-03-29,15.0,1.972873650585509,-1.1203119030874031
2019-03-30,21.1,7.865894252208951,1.972873650585509
2019-03-31,18.3,4.858830757389152,7.865894252208951
2019-04-01,7.8,-5.848238508203919,4.858830757389152
2019-04-02,11.1,-2.755237816744801,-5.848238508203919
2019-04-03,19.4,5.3379059009504,-2.755237816744801
2019-04-04,15.6,1.3312630018582734,5.3379059009504
2019-04-05,7.2,-7.275098915484862,1.3312630018582734
2019-04-06,20.0,5.3188849501995,-7.275098915484862
2019-04-07,18.9,4.013276571593391,5.3188849501995
2019-04-08,26.1,11.00813506896698,4.013276571593391
2019-04-09,10.6,-4.696483306088773,11.00813506896698
2019-04-10,15.6,0.09947482062429103,-4.696483306088773
2019-04-11,12.8,-2.9039400552623604,0.09947482062429103
2019-04-12,20.0,4.09331968964865,-2.9039400552623604
2019-04-13,25.0,8.891298820307181,4.09331968964865
2019-04-14,22.8,6.490039264384361,8.891298820307181
2019-04-15,18.3,1.7895801407329444,6.490039264384361
2019-04-16,18.9,2.1899577950299864,1.7895801407329444
2019-04-17,17.2,0.29120584247396764,2.1899577950299864
2019-04-18,16.7,-0.4066447826094226,0.29120584247396764
2019-04-19,26.7,9.396434229583715,-0.4066447826094226
2019-04-20,17.8,0.300468627250833,9.396434229583715
2019-04-21,18.9,1.205481666265161,0.300468627250833
2019-04-22,17.8,-0.08850581438899496,1.205481666265161
2019-04-23,25.0,6.918524688742629,-0.08850581438899496
2019-04-24,20.6,2.3265894306221924,6.918524688742629
2019-04-25,18.9,0.43570251017771966,2.3265894306221924
2019-04-26,15.0,-3.6541240320915875,0.43570251017771966
2019-04-27,14.4,-4.442880111648618,-3.6541240320915875
2019-04-28,11.7,-7.330557492888062,-4.442880111648618
2019-04-29,15.6,-3.6171496778523267,-7.330557492888062
2019-04-30,15.6,-3.8026517910138455,-3.6171496778523267
2019-05-01,13.3,-6.287060460453773,-3.8026517910138455
2019-05-02,25.6,5.829626304223577,-6.287060460453773
2019-05-03,13.3,-6.652590763106296,5.829626304223577
2019-05-04,21.7,1.566287942477672,-6.652590763106296
2019-05-05,14.4,-5.913738973289712,1.566287942477672
2019-05-06,23.3,2.8073262277445643,-5.913738973289712
2019-05-07,21.1,0.4294805492224434,2.8073262277445643
2019-05-08,21.7,0.8527203944380233,0.4294805492224434
2019-05-09,16.1,-4.9229582987826355,0.8527203944380233
2019-05-10,22.8,1.6024400771373877,-4.9229582987826355
2019-05-11,20.6,-0.7710890652938787,1.6024400771373877
2019-05-12,15.0,-6.543550373873082,-0.7710890652938787
2019-05-13,8.9,-12.814948422728923,-6.543550373873082
2019-05-14,11.1,-10.785287579514526,-12.814948422728923
2019-05-15,20.6,-1.4545718741341567,-10.785287579514526
2019-05-16,22.8,0.5771951306302086,-1.4545718741341567
2019-05-17,24.4,2.010010466233002,0.5771951306302086
2019-05-18,23.9,1.343871882866246,2.010010466233002
2019-05-19,24.4,1.6787779710018924,1.343871882866246
2019-05-20,29.4,6.514728279637353,1.6787779710018924
2019-05-21,21.7,-1.348276569084586,6.514728279637353
2019-05-22,23.3,0.08976523079968857,-1.348276569084586
2019-05-23,22.2,-1.1711432245025897,0.08976523079968857
2019-05-24,22.8,-0.7309974466668976,-1.1711432245025897
2019-05-25,21.7,-1.989791458211151,-0.7309974466668976
2019-05-26,30.0,6.152482299440042,-1.989791458211151
2019-05-27,26.7,2.6958330525291565,6.152482299440042
2019-05-28,21.7,-2.459728224065273,2.6958330525291565
2019-05-29,21.1,-3.2141887316924738,-2.459728224065273
2019-05-30,21.1,-3.367533778838169,-3.2141887316924738
2019-05-31,26.7,2.0802532817256676,-3.367533778838169
2019-06-01,26.7,1.9291911093708372,2.0802532817256676
2019-06-02,27.2,2.279300425460413,1.9291911093708372
2019-06-03,21.1,-3.9693959435306994,2.279300425460413
2019-06-04,21.1,-4.116873029748888,-3.9693959435306994
2019-06-05,27.2,1.8368963053430996,-4.116873029748888
2019-06-06,28.3,2.791941393219261,1.8368963053430996
2019-06-07,27.2,1.5482937734205144,2.791941393219261
2019-06-08,27.2,1.4059872015100048,1.5482937734205144
2019-06-09,25.6,-0.33494235017974816,1.4059872015100048
2019-06-10,21.1,-4.97445669902168,-0.33494235017974816
2019-06-11,25.0,-1.2125154657856996,-4.97445669902168
2019-06-12,23.3,-3.049076095522718,-1.2125154657856996
2019-06-13,18.3,-8.184093885597658,-3.049076095522718
2019-06-14,22.8,-3.8175220208091076,-8.184093885597658
2019-06-15,27.2,0.4506883844853107,-3.8175220208091076
2019-06-16,26.7,-0.1794117626624221,0.4506883844853107
2019-06-17,24.4,-2.6077695896102746,-0.1794117626624221
2019-06-18,22.8,-4.3343303205982195,-2.6077695896102746
2019-06-19,21.7,-5.559037345719538,-4.3343303205982195
2019-06-20,25.6,-1.7818322962206743,-5.559037345719538
2019-06-21,25.0,-2.5026551259429795,-1.7818322962206743
2019-06-22,26.1,-1.521444198702664,-2.5026551259429795
2019-06-23,28.3,0.561863618609646,-1.521444198702664
2019-06-24,28.9,1.0473328574438057,0.561863618609646
2019-06-25,28.9,0.9350293437677379,1.0473328574438057
2019-06-26,30.6,2.525020089269873,0.9350293437677379
2019-06-27,31.7,3.5173731778613693,2.525020089269873
2019-06-28,31.7,3.4121576477657314,3.5173731778613693
2019-06-29,32.8,4.409443369494593,3.4121576477657314
2019-06-30,28.3,-0.1906990799805648,4.409443369494593
2019-07-01,29.4,0.8118014534588056,-0.1906990799805648
2019-07-02,29.4,0.717016568609818,0.8118014534588056
2019-07-03,30.6,1.8250181736606095,0.717016568609818
2019-07-04,32.2,3.3358783484281247,1.8250181736606095
2019-07-05,30.0,1.0496692044717157,3.3358783484281247
2019-07-06,32.2,3.1664627434385793,1.0496692044717157
2019-07-07,30.0,0.886330714001609,3.1664627434385793
2019-07-08,25.6,-3.5906555322462026,0.886330714001609
2019-07-09,30.6,1.3355748144258826,-3.5906555322462026
2019-07-10,31.1,1.7650918767956725,1.3355748144258826
2019-07-11,30.6,1.1979649456580148,1.7650918767956725
2019-07-12,30.6,1.1342623352242,1.1979649456580148
2019-07-13,29.4,-0.1259487606817622,1.1342623352242
2019-07-14,31.7,2.117397588735251,-0.1259487606817622
2019-07-15,29.4,-0.235634089876104,2.117397588735251
2019-07-16,32.8,3.1150191867509065,-0.235634089876104
2019-07-17,33.9,4.169418721500257,3.1150191867509065
2019-07-18,26.1,-3.6723759975460766,4.169418721500257
2019-07-19,32.8,2.989692571393981,-3.6723759975460766
2019-07-20,35.0,5.155679895558098,2.989692571393981
2019-07-21,35.0,5.12563924297179,5.155679895558098
2019-07-22,32.2,2.2996215616712163,5.12563924297179
2019-07-23,23.3,-6.622324636879888,2.2996215616712163
2019-07-24,28.3,-1.6401533898868301,-6.622324636879888
2019-07-25,28.9,-1.053821390553665,-1.6401533898868301
2019-07-26,31.1,1.136711909621983,-1.053821390553665
2019-07-27,29.4,-0.568515796156543,1.136711909621983
2019-07-28,31.1,1.1305302385397198,-0.568515796156543
2019-07-29,32.2,2.2338817276459935,1.1305302385397198
2019-07-30,33.3,3.341567272851421,2.2338817276459935
2019-07-31,30.6,0.6536122900089296,3.341567272851421
2019-08-01,30.6,0.6700389418861832,0.6536122900089296
2019-08-02,28.9,-1.0091339225798528,0.6700389418861832
2019-08-03,30.0,0.11610917762052608,-1.0091339225798528
2019-08-04,30.6,0.7457803082498415,0.11610917762052608
2019-08-05,27.8,-2.020111920609388,0.7457803082498415
2019-08-06,26.1,-3.681562388008455,-2.020111920609388
2019-08-07,28.9,-0.8385694885331638,-3.681562388008455
2019-08-08,28.9,-0.7911351515958387,-0.8385694885331638
2019-08-09,28.3,-1.3392648535816392,-0.7911351515958387
2019-08-10,27.2,-2.3829676228305736,-1.3392648535816392
2019-08-11,26.7,-2.822256037455432,-2.3829676228305736
2019-08-12,29.4,-0.05714621601427794,-2.822256037455432
2019-08-13,26.1,-3.2876578010746194,-0.05714621601427794
2019-08-14,28.9,-0.41381393572497416,-3.2876578010746194
2019-08-15,29.4,0.16435876689263296,-0.41381393572497416
2019-08-16,26.1,-3.053169739062678,0.16435876689263296
2019-08-17,30.6,1.5335671120017835,-3.053169739062678
2019-08-18,32.2,3.2245325478957803,1.5335671120017835
2019-08-19,32.2,3.31968651593661,3.2245325478957803
2019-08-20,31.1,2.3189857465864065,3.31968651593661
2019-08-21,30.6,1.9223838232593629,2.3189857465864065
2019-08-22,32.2,3.6298312581067798,1.9223838232593629
2019-08-23,23.3,-5.158724426427558,3.6298312581067798
2019-08-24,24.4,-3.9433386105035275,-5.158724426427558
2019-08-25,25.0,-3.224069484468462,-3.9433386105035275
2019-08-26,23.3,-4.8009779513774475,-3.224069484468462
2019-08-27,23.9,-4.074127524712136,-4.8009779513774475
2019-08-28,23.3,-4.543584221571674,-4.074127524712136
2019-08-29,27.2,-0.5094164516204032,-4.543584221571674
2019-08-30,30.0,2.4283050979124496,-0.5094164516204032
2019-08-31,27.2,-0.23049241912350027,2.4283050979124496
2019-09-01,25.6,-1.6858838858260334,-0.23049241912350027
2019-09-02,23.3,-3.837946097257653,-1.6858838858260334
2019-09-03,27.8,0.8132423672177964,-3.837946097257653
2019-09-04,30.6,3.7676012739449405,0.8132423672177964
2019-09-05,23.3,-3.37495113300621,3.7676012739449405
2019-09-06,19.4,-7.1144979981599334,-3.37495113300621
2019-09-07,23.9,-2.451123719638101,-7.1144979981599334
2019-09-08,25.0,-1.1849138131963457,-2.451123719638101
2019-09-09,25.6,-0.41595477564401406,-1.1849138131963457
2019-09-10,24.4,-1.4443339479989916,-0.41595477564401406
2019-09-11,31.1,5.429860621271587,-1.4443339479989916
2019-09-12,27.2,1.7065403125754983,5.429860621271587
2019-09-13,22.2,-3.1143839292625337,1.7065403125754983
2019-09-14,23.3,-1.8330014605848888,-3.1143839292625337
2019-09-15,27.8,2.850598194049528,-1.8330014605848888
2019-09-16,25.0,0.2363254730160378,2.850598194049528
2019-09-17,24.4,-0.1759090933534786,0.2363254730160378
2019-09-18,20.6,-3.786194756197734,-0.1759090933534786
2019-09-19,21.1,-3.0946204243168083,-3.786194756197734
2019-09-20,25.6,1.5987254565687081,-3.0946204243168083
2019-09-21,28.9,5.093755021194362,1.5987254565687081
2019-09-22,30.0,6.3903810984788585,5.093755021194362
2019-09-23,31.7,8.288517321327017,6.3903810984788585
2019-09-24,24.4,1.1880782322457755,8.288517321327017
2019-09-25,26.1,3.088979384523057,1.1880782322457755
2019-09-26,28.3,5.491137438732082,3.088979384523057
2019-09-27,24.4,1.794470254337476,5.491137438732082
2019-09-28,27.8,5.398896976194102,1.794470254337476
2019-09-29,26.7,4.504338115743785,5.398896976194102
2019-09-30,21.7,-0.28928437326879575,4.504338115743785
2019-10-01,27.2,5.417952975275359,-0.28928437326879575
2019-10-02,33.9,12.325975204149728,5.417952975275359
2019-10-03,17.2,-4.165291008859338,12.325975204149728
2019-10-04,18.9,-2.2559172986295373,-4.165291008859338
2019-10-05,16.1,-4.8459735665108745,-2.2559172986295373
2019-10-06,21.1,0.3644720596558919,-4.8459735665108745
2019-10-07,26.1,5.575353259249638,0.3644720596558919
2019-10-08,17.8,-2.513394453735007,5.575353259249638
2019-10-09,15.0,-5.101833709631208,-2.513394453735007
2019-10-10,21.7,1.8099747316097492,-5.101833709631208
2019-10-11,17.8,-1.8780280112079843,1.8099747316097492
2019-10-12,19.4,-0.06589893845873362,-1.8780280112079843
2019-10-13,19.4,0.1463068261099032,-0.06589893845873362
2019-10-14,22.2,3.1585360249852883,0.1463068261099032
2019-10-15,17.8,-1.02926274961683,3.1585360249852883
2019-10-16,18.9,0.28286092172466937,-1.02926274961683
2019-10-17,13.9,-4.505140742786784,0.28286092172466937
2019-10-18,14.4,-3.7933137603563534,-4.505140742786784
2019-10-19,15.6,-2.38170242340769,-3.7933137603563534
2019-10-20,15.0,-2.770349344847144,-2.38170242340769
2019-10-21,19.4,1.840704491397645,-2.770349344847144
2019-10-22,17.2,-0.14858032524065123,1.840704491397645
2019-10-23,18.3,1.1617583075422395,-0.14858032524065123
2019-10-24,19.4,2.4716839397855104,1.1617583075422395
2019-10-25,18.3,1.5811614997149128,2.4716839397855104
2019-10-26,17.2,0.6901572200305637,1.5811614997149128
2019-10-27,19.4,3.0986385602913664,0.6901572200305637
2019-10-28,17.2,1.1065741256667536,3.0986385602913664
2019-10-29,15.0,-0.886066417663022,1.1065741256667536
2019-10-30,17.2,1.5206875698328517,-0.886066417663022
2019-10-31,21.7,6.226807610614037,1.5206875698328517
2019-11-01,21.7,6.432266017193026,6.226807610614037
2019-11-02,11.7,-3.362964202881008,6.432266017193026
2019-11-03,12.2,-2.6589094438585246,-3.362964202881008
2019-11-04,13.3,-1.3555956001206066,-2.6589094438585246
2019-11-05,16.1,1.646951834324657,-1.3555956001206066
2019-11-06,12.2,-2.0512923344863996,1.646951834324657
2019-11-07,13.9,-0.15035310129853308,-2.0512923344863996
2019-11-08,5.0,-8.850255362623413,-0.15035310129853308
2019-11-09,5.0,-8.651024017548078,-8.850255362623413
2019-11-10,10.6,-2.852684068029234,-8.651024017548078
2019-11-11,16.7,3.444739281662205,-2.852684068029234
2019-11-12,13.9,0.8412205266798889,3.444739281662205
2019-11-13,1.1,-11.763266235145887,0.8412205266798889
2019-11-14,7.2,-5.468747398216643,-11.763266235145887
2019-11-15,10.6,-1.8752499419138324,-5.468747398216643
2019-11-16,5.6,-6.682801520871358,-1.8752499419138324
2019-11-17,6.1,-5.991430552464372,-6.682801520871358
2019-11-18,5.6,-6.301166301213817,-5.991430552464372
2019-11-19,8.9,-2.812038959814446,-6.301166301213817
2019-11-20,9.4,-2.124079726503931,-2.812038959814446
2019-11-21,11.7,0.3626791214997809,-2.124079726503931
2019-11-22,11.7,0.5482041587543929,0.3626791214997809
2019-11-23,7.2,-3.767539253207633,0.5482041587543929
2019-11-24,7.8,-2.9845870259989757,-3.767539253207633
2019-11-25,11.7,1.097023600408198,-2.9845870259989757
2019-11-26,16.1,5.6772540075841444,1.097023600408198
2019-11-27,15.0,4.756064153856826,5.6772540075841444
2019-11-28,11.7,1.6334125350217512,4.756064153856826
2019-11-29,4.4,-5.490743849286627,1.6334125350217512
2019-11-30,6.1,-3.616449523411653,-5.490743849286627
2019-12-01,3.9,-5.643750557545134,-3.616449523411653
2019-12-02,2.8,-6.572694583534063,-5.643750557545134
2019-12-03,2.2,-7.003330804523155,-6.572694583534063
2019-12-04,3.9,-5.135709998349613,-7.003330804523155
2019-12-05,5.6,-3.269884514624982,-5.135709998349613
2019-12-06,10.0,1.2940917345441907,-3.269884514624982
2019-12-07,3.3,-5.243836709773761,1.2940917345441907
2019-12-08,7.8,-0.5837268312630739,-5.243836709773761
2019-12-09,12.8,4.574362890107842,-0.5837268312630739
2019-12-10,14.4,6.330372512926296,4.574362890107842
2019-12-11,4.4,-3.5157593244961225,6.330372512926296
2019-12-12,2.2,-5.564095356687322,-3.5157593244961225
2019-12-13,8.9,1.2853003626106698,-5.564095356687322
2019-12-14,13.3,5.832362520159546,1.2853003626106698
2019-12-15,9.4,2.0770246089211337,5.832362520159546
2019-12-16,2.8,-4.380781000399102,2.0770246089211337
2019-12-17,1.7,-5.341122982109383,-4.380781000399102
2019-12-18,2.2,-4.7040709727548355,-5.341122982109383
2019-12-19,-3.8,-10.569695482987191,-4.7040709727548355
2019-12-20,0.6,-6.038067804277829,-10.569695482987191
2019-12-21,1.7,-4.8092599106856975,-6.038067804277829
2019-12-22,7.8,1.416655644093371,-4.8092599106856975
2019-12-23,13.9,7.639605834155481,1.416655644093371
2019-12-24,8.3,2.1595172730419465,7.639605834155481
2019-12-25,8.3,2.2763163293500117,2.1595172730419465
2019-12-26,7.8,1.889929246022641,2.2763163293500117
2019-12-27,12.2,6.400282263027026,1.889929246022641
2019-12-28,10.6,4.9073017431212715,6.400282263027026
2019-12-29,6.7,1.1109143003986528,4.9073017431212715
2019-12-30,5.0,-0.48895306870996524,1.1109143003986528
2019-12-31,7.2,1.8076271476968504,-0.48895306870996524
2020-01-01,5.0,-0.27675253195566984,1.8076271476968504
2020-01-02,9.4,4.211573306963364,-0.27675253195566984
2020-01-03,9.4,4.29611634507952,4.211573306963364
2020-01-04,10.6,5.576807805550038,4.29611634507952
2020-01-05,5.6,0.653580147379687,5.576807805550038
2020-01-06,7.2,2.3263672040655834,0.653580147379687
2020-01-07,7.2,2.395104321835647,2.3263672040655834
2020-01-08,5.6,0.8597284971202166,2.395104321835647
2020-01-09,1.1,-3.579821487103079,0.8597284971202166
2020-01-10,12.8,8.176395073550147,-3.579821487103079
2020-01-11,20.6,16.028320937888907,8.176395073550147
2020-01-12,20.0,15.475901049970005,16.028320937888907
2020-01-13,7.8,3.3190826673777947,15.475901049970005
2020-01-14,7.8,3.357815486616902,3.3190826673777947
2020-01-15,10.0,5.592051765280337,3.357815486616902
2020-01-16,9.4,5.021746440662561,5.592051765280337
2020-01-17,0.6,-3.75314275550523,5.021746440662561
2020-01-18,2.8,-1.5326551865114135,-3.75314275550523
2020-01-19,6.1,1.78317279538384,-1.5326551865114135
2020-01-20,-0.5,-4.805692049793362,1.78317279538384
2020-01-21,0.6,-3.6992797535448863,-4.805692049793362
2020-01-22,3.3,-0.9976170480577649,-3.6992797535448863
2020-01-23,8.3,3.9992727190379114,-0.9976170480577649
2020-01-24,10.6,6.291369664065863,3.9992727190379114
2020-01-25,10.6,6.278657440625127,6.291369664065863
2020-01-26,7.8,3.4611233066205473,6.278657440625127
2020-01-27,7.2,2.8387581848022023,3.4611233066205473
2020-01-28,6.1,1.71155671662944,2.8387581848022023
2020-01-29,5.0,0.5795173092917185,1.71155671662944
2020-01-30,3.3,-1.1573578242646487,0.5795173092917185
2020-01-31,6.7,2.2009373675624957,-1.1573578242646487
2020-02-01,6.1,1.5544128006865794,2.2009373675624957
2020-02-02,7.2,2.603082273646251,1.5544128006865794
2020-02-03,13.9,9.246963478498397,2.603082273646251
2020-02-04,16.1,11.386078004229285,9.246963478498397
2020-02-05,12.8,8.020451332641663,11.386078004229285
2020-02-06,5.0,0.15011282669462034,8.020451332641663
2020-02-07,13.3,8.375095711291939,0.15011282669462034
2020-02-08,5.0,-0.004562953466241915,8.375095711291939
2020-02-09,6.7,1.6111776934654811,-0.004562953466241915
2020-02-10,8.3,3.1223622723766775,1.6111776934654811
2020-02-11,8.9,3.629039113721835,3.1223622723766775
2020-02-12,7.8,2.4312602017533456,3.629039113721835
2020-02-13,6.7,1.2290811109757511,2.4312602017533456
2020-02-14,4.4,-1.1774390644515016,1.2290811109757511
2020-02-15,-0.5,-6.188237788217582,-1.1774390644515016
2020-02-16,6.7,0.896750833892769,-6.188237788217582
2020-02-17,10.6,4.677595963188866,0.896750833892769
2020-02-18,8.3,2.254369930897135,4.677595963188866
2020-02-19,8.9,2.727148134830693,2.254369930897135
2020-02-20,1.7,-4.603991069865698,2.727148134830693
2020-02-21,1.7,-4.738966485651223,-4.603991069865698
2020-02-22,10.0,3.4223058070533643,-4.738966485651223
2020-02-23,13.3,6.579912324358755,3.4223058070533643
2020-02-24,16.7,9.833942048536404,6.579912324358755
2020-02-25,11.7,4.684486293082419,9.833942048536404
2020-02-26,8.9,1.7316385635261264,4.684486293082419
2020-02-27,6.1,-1.2245055856958276,1.7316385635261264
2020-02-28,5.6,-1.883848697968582,-1.2245055856958276
2020-02-29,1.7,-5.946291564491071,-1.883848697968582
2020-03-01,6.7,-1.1117333771819746,-5.946291564491071
2020-03-02,14.4,6.41992811585671,-1.1117333771819746
2020-03-03,15.0,6.8487964526814835,6.41992811585671
2020-03-04,13.3,4.974976298023389,6.8487964526814835
2020-03-05,10.6,2.098573282351545,4.974976298023389
2020-03-06,7.2,-1.4803061601384266,2.098573282351545
2020-03-07,8.9,0.03844504576892582,-1.4803061601384266
2020-03-08,15.0,5.954934453288978,0.03844504576892582
2020-03-09,22.2,12.969269930686751,5.954934453288978
2020-03-10,18.3,8.88155949877882,12.969269930686751
2020-03-11,13.9,4.291911169268875,8.88155949877882
2020-03-12,10.0,0.20043278429654876,4.291911169268875
2020-03-13,21.1,11.10723185757559,0.20043278429654876
2020-03-14,13.9,3.7124154174939044,11.10723185757559
2020-03-15,12.2,1.8160898525426088,3.7124154174939044
2020-03-16,7.2,-3.3816392405645592,1.8160898525426088
2020-03-17,12.2,1.4193327942730036,-3.3816392405645592
2020-03-18,12.2,1.2191095270984356,1.4193327942730036
2020-03-19,11.1,-0.08220669981763074,1.2191095270984356
2020-03-20,25.0,13.615485090365638,-0.08220669981763074
2020-03-21,18.3,6.712284375777516,13.615485090365638
2020-03-22,7.2,-4.591710992763754,6.712284375777516
2020-03-23,5.0,-6.996404915373553,-4.591710992763754
2020-03-24,12.8,0.5982968385352194,-6.996404915373553
2020-03-25,7.2,-5.207513482584781,0.5982968385352194
2020-03-26,15.6,2.986254280528833,-5.207513482584781
2020-03-27,20.6,7.779688096912599,2.986254280528833
2020-03-28,12.2,-0.8271263494144918,7.779688096912599
2020-03-29,8.3,-4.934105747791049,-0.8271263494144918
2020-03-30,11.1,-2.3411692426108495,-4.934105747791049
2020-03-31,9.4,-4.248238508203919,-2.3411692426108495
2020-04-01,13.3,-0.5552378167447998,-4.248238508203919
2020-04-02,14.4,0.3379059009504015,-0.5552378167447998
2020-04-03,11.1,-3.1687369981417266,0.3379059009504015
2020-04-04,16.7,2.224901084515137,-3.1687369981417266
2020-04-05,18.3,3.618884950199501,2.224901084515137
2020-04-06,18.9,4.013276571593391,3.618884950199501
2020-04-07,20.0,4.908135068966979,4.013276571593391
2020-04-08,17.8,2.5035166939112283,4.908135068966979
2020-04-09,15.0,-0.5005251793757086,2.5035166939112283
2020-04-10,9.4,-6.303940055262361,-0.5005251793757086
2020-04-11,13.3,-2.606680310351349,-6.303940055262361
2020-04-12,17.2,1.0912988203071805,-2.606680310351349
2020-04-13,19.4,3.090039264384359,1.0912988203071805
2020-04-14,15.6,-0.9104198592670567,3.090039264384359
2020-04-15,12.2,-4.510042204970013,-0.9104198592670567
2020-04-16,10.0,-6.908794157526032,-4.510042204970013
2020-04-17,10.6,-6.506644782609422,-6.908794157526032
2020-04-18,7.8,-9.503565770416284,-6.506644782609422
2020-04-19,17.2,-0.2995313727491684,-9.503565770416284
2020-04-20,13.9,-3.794518333734837,-0.2995313727491684
2020-04-21,16.1,-1.7885058143889943,-3.794518333734837
2020-04-22,10.6,-7.4814753112573715,-1.7885058143889943
2020-04-23,11.1,-7.173410569377809,-7.4814753112573715
2020-04-24,9.4,-9.064297489822279,-7.173410569377809
2020-04-25,18.3,-0.3541240320915868,-9.064297489822279
2020-04-26,10.6,-8.242880111648619,-0.3541240320915868
2020-04-27,10.0,-9.030557492888061,-8.242880111648619
2020-04-28,19.4,0.18285032214767227,-9.030557492888061
2020-04-29,15.0,-4.402651791013845,0.18285032214767227
2020-04-30,15.6,-3.9870604604537743,-4.402651791013845
2020-05-01,18.9,-0.8703736957764256,-3.9870604604537743
2020-05-02,22.8,2.8474092368937036,-0.8703736957764256
2020-05-03,26.7,6.566287942477672,2.8474092368937036
2020-05-04,23.9,3.586261026710286,6.566287942477672
2020-05-05,17.2,-3.292673772255437,3.586261026710286
2020-05-06,11.1,-9.570519450777558,-3.292673772255437
2020-05-07,19.4,-1.4472796055619774,-9.570519450777558
2020-05-08,13.9,-7.1229582987826365,-1.4472796055619774
2020-05-09,8.9,-12.297559922862613,-7.1229582987826365
2020-05-10,17.8,-3.5710890652938794,-12.297559922862613
2020-05-11,16.1,-5.44355037387308,-3.5710890652938794
2020-05-12,15.0,-6.714948422728924,-5.44355037387308
2020-05-13,17.8,-4.0852875795145245,-6.714948422728924
2020-05-14,19.4,-2.6545718741341595,-4.0852875795145245
2020-05-15,28.9,6.677195130630206,-2.6545718741341595
2020-05-16,25.0,2.6100104662330033,6.677195130630206
2020-05-17,20.6,-1.9561281171337512,2.6100104662330033
2020-05-18,21.1,-1.6212220289981047,-1.9561281171337512
2020-05-19,20.0,-2.8852717203626455,-1.6212220289981047
2020-05-20,18.9,-4.148276569084587,-2.8852717203626455
2020-05-21,20.0,-3.210234769200312,-4.148276569084587
2020-05-22,25.0,1.628856775497411,-3.210234769200312
2020-05-23,19.4,-4.1309974466669,1.628856775497411
2020-05-24,19.4,-4.289791458211152,-4.1309974466669
2020-05-25,21.7,-2.147517700559959,-4.289791458211152
2020-05-26,25.6,1.5958330525291586,-2.147517700559959
2020-05-27,26.1,1.940271775934729,1.5958330525291586
2020-05-28,24.4,0.08581126830752339,1.940271775934729
2020-05-29,27.2,2.732466221161829,0.08581126830752339
2020-05-30,27.2,2.5802532817256676,2.732466221161829
2020-05-31,21.1,-3.6708088906291607,2.5802532817256676
2020-06-01,21.1,-3.820699574539585,-3.6708088906291607
2020-06-02,22.2,-2.8693959435307015,-3.820699574539585
2020-06-03,26.1,0.8831269702511122,-2.8693959435307015
2020-06-04,28.9,3.536896305343099,0.8831269702511122
2020-06-05,26.1,0.5919413932192619,3.536896305343099
2020-06-06,30.0,4.348293773420515,0.5919413932192619
2020-06-07,24.4,-1.394012798489996,4.348293773420515
2020-06-08,26.1,0.16505764982025184,-1.394012798489996
2020-06-09,30.6,4.52554330097832,0.16505764982025184
2020-06-10,29.4,3.187484534214299,4.52554330097832
2020-06-11,28.9,2.55092390447728,3.187484534214299
2020-06-12,29.4,2.9159061144023397,2.55092390447728
2020-06-13,23.9,-2.7175220208091098,2.9159061144023397
2020-06-14,23.3,-3.449311615514688,-2.7175220208091098
2020-06-15,23.9,-2.979411762662423,-3.449311615514688
2020-06-16,25.6,-1.4077695896102718,-2.979411762662423
2020-06-17,25.6,-1.5343303205982188,-1.4077695896102718
2020-06-18,25.0,-2.2590373457195376,-1.5343303205982188
2020-06-19,28.3,0.918167703779325,-2.2590373457195376
2020-06-20,30.0,2.4973448740570205,0.918167703779325
2020-06-21,31.1,3.478555801297336,2.4973448740570205
2020-06-22,32.2,4.461863618609648,3.478555801297336
2020-06-23,30.6,2.7473328574438085,4.461863618609648
2020-06-24,30.0,2.0350293437677394,2.7473328574438085
2020-06-25,30.6,2.525020089269873,2.0350293437677394
2020-06-26,30.6,2.4173731778613714,2.525020089269873
2020-06-27,26.7,-1.5878423522342686,2.4173731778613714
2020-06-28,32.2,3.8094433694945984,-1.5878423522342686
2020-06-29,30.6,2.109300920019436,3.8094433694945984
2020-06-30,26.7,-1.8881985465411937,2.109300920019436
2020-07-01,26.7,-1.9829834313901813,-1.8881985465411937
2020-07-02,33.3,4.525018173660605,-1.9829834313901813
2020-07-03,32.2,3.3358783484281247,4.525018173660605
2020-07-04,30.6,1.6496692044717172,3.3358783484281247
2020-07-05,33.3,4.266462743438574,1.6496692044717172
2020-07-06,35.6,6.48633071400161,4.266462743438574
2020-07-07,27.8,-1.3906555322462033,6.48633071400161
2020-07-08,28.3,-0.9644251855741182,-1.3906555322462033
2020-07-09,31.7,2.3650918767956703,-0.9644251855741182
2020-07-10,25.0,-4.402035054341987,2.3650918767956703
2020-07-11,28.3,-1.1657376647758007,-4.402035054341987
2020-07-12,30.6,1.0740512393182406,-1.1657376647758007
2020-07-13,30.0,0.4173975887352519,1.0740512393182406
2020-07-14,29.4,-0.235634089876104,0.4173975887352519
2020-07-15,27.8,-1.88498081324909,-0.235634089876104
2020-07-16,25.6,-4.13058127849974,-1.88498081324909
2020-07-17,28.9,-0.8723759975460794,-4.13058127849974
2020-07-18,32.8,2.989692571393981,-0.8723759975460794
2020-07-19,34.4,4.555679895558097,2.989692571393981
2020-07-20,33.9,4.025639242971788,4.555679895558097
2020-07-21,32.8,2.8996215616712107,4.025639242971788
2020-07-22,33.3,3.377675363120108,2.8996215616712107
2020-07-23,30.0,0.05984661011316916,3.377675363120108
2020-07-24,26.7,-3.2538213905536644,0.05984661011316916
2020-07-25,31.1,1.136711909621983,-3.2538213905536644
2020-07-26,33.3,3.3314842038434556,1.136711909621983
2020-07-27,33.9,3.930530238539717,3.3314842038434556
2020-07-28,33.9,3.933881727645989,3.930530238539717
2020-07-29,32.2,2.2415672728514267,3.933881727645989
2020-07-30,33.3,3.3536122900089254,2.2415672728514267
2020-07-31,27.8,-2.1299610581138175,3.3536122900089254
2020-08-01,31.1,1.19086607742015,-2.1299610581138175
2020-08-02,31.7,1.8161091776205254,1.19086607742015
2020-08-03,31.1,1.2457803082498415,1.8161091776205254
2020-08-04,26.1,-3.720111920609387,1.2457803082498415
2020-08-05,30.0,0.21843761199154343,-3.720111920609387
2020-08-06,27.8,-1.9385694885331617,0.21843761199154343
2020-08-07,27.2,-2.491135151595838,-1.9385694885331617
2020-08-08,28.3,-1.3392648535816392,-2.491135151595838
2020-08-09,30.6,1.0170323771694285,-1.3392648535816392
2020-08-10,33.3,3.777743962544566,1.0170323771694285
2020-08-11,31.1,1.642853783985725,3.777743962544566
2020-08-12,32.2,2.812342198925382,1.642853783985725
2020-08-13,26.1,-3.2138139357249713,2.812342198925382
2020-08-14,30.0,0.7643587668926344,-3.2138139357249713
2020-08-15,28.9,-0.25316973906268103,0.7643587668926344
2020-08-16,22.2,-6.866432887998219,-0.25316973906268103
2020-08-17,27.2,-1.7754674521042233,-6.866432887998219
2020-08-18,27.8,-1.0803134840633923,-1.7754674521042233
2020-08-19,23.9,-4.881014253413596,-1.0803134840633923
2020-08-20,26.7,-1.9776161767406393,-4.881014253413596
2020-08-21,28.3,-0.2701687418932224,-1.9776161767406393
2020-08-22,31.1,2.641275573572443,-0.2701687418932224
2020-08-23,30.0,1.656661389496474,2.641275573572443
2020-08-24,32.2,3.975930515531541,1.656661389496474
2020-08-25,31.7,3.599022048622551,3.975930515531541
2020-08-26,25.0,-2.9741275247121344,3.599022048622551
2020-08-27,32.2,4.356415778428328,-2.9741275247121344
2020-08-28,29.4,1.6905835483795961,4.356415778428328
2020-08-29,27.2,-0.37169490208755107,1.6905835483795961
2020-08-30,26.1,-1.3304924191234981,-0.37169490208755107
2020-08-31,25.0,-2.285883885826035,-1.3304924191234981
2020-09-01,25.0,-2.137946097257654,-2.285883885826035
2020-09-02,26.1,-0.8867576327822029,-2.137946097257654
2020-09-03,29.4,2.5676012739449376,-0.8867576327822029
2020-09-04,29.4,2.725048866993788,2.5676012739449376
2020-09-05,26.7,0.18550200184006727,2.725048866993788
2020-09-06,27.8,1.448876280361901,0.18550200184006727
2020-09-07,26.1,-0.08491381319634428,1.448876280361901
2020-09-08,28.9,2.884045224355983,-0.08491381319634428
2020-09-09,27.2,1.355666052001009,2.884045224355983
2020-09-10,27.8,2.129860621271586,1.355666052001009
2020-09-11,24.4,-1.0934596874245024,2.129860621271586
2020-09-12,23.3,-2.0143839292625323,-1.0934596874245024
2020-09-13,23.3,-1.8330014605848888,-2.0143839292625323
2020-09-14,23.9,-1.049401805950474,-1.8330014605848888
2020-09-15,18.9,-5.863674526983964,-1.049401805950474
2020-09-16,21.7,-2.875909093353478,-5.863674526983964
2020-09-17,23.9,-0.48619475619773667,-2.875909093353478
2020-09-18,21.1,-3.0946204243168083,-0.48619475619773667
2020-09-19,17.2,-6.801274543431294,-3.0946204243168083
2020-09-20,18.3,-5.506244978805636,-6.801274543431294
2020-09-21,18.3,-5.309618901521141,-5.506244978805636
2020-09-22,21.7,-1.7114826786729829,-5.309618901521141
2020-09-23,26.1,2.8880782322457783,-1.7114826786729829
2020-09-24,23.9,0.8889793845230543,2.8880782322457783
2020-09-25,25.0,2.191137438732081,0.8889793845230543
2020-09-26,23.3,0.6944702543374781,2.191137438732081
2020-09-27,26.1,3.698896976194103,0.6944702543374781
2020-09-28,25.0,2.8043381157437857,3.698896976194103
2020-09-29,23.3,1.3107156267312057,2.8043381157437857
2020-09-30,21.7,-0.0820470247246412,1.3107156267312057
2020-10-01,22.2,0.6259752041497286,-0.0820470247246412
2020-10-02,18.3,-3.0652910088593366,0.6259752041497286
2020-10-03,18.9,-2.2559172986295373,-3.0652910088593366
2020-10-04,19.4,-1.5459735665108774,-2.2559172986295373
2020-10-05,21.1,0.3644720596558919,-1.5459735665108774
2020-10-06,20.6,0.07535325924963843,0.3644720596558919
2020-10-07,23.3,2.986605546264993,0.07535325924963843
2020-10-08,17.8,-2.3018337096312074,2.986605546264993
2020-10-09,20.6,0.7099747316097513,-2.3018337096312074
2020-10-10,21.7,2.0219719887920142,0.7099747316097513
2020-10-11,19.4,-0.06589893845873362,2.0219719887920142
2020-10-12,13.9,-5.353693173890095,-0.06589893845873362
2020-10-13,14.4,-4.641463975014711,-5.353693173890095
2020-10-14,19.4,0.5707372503831678,-4.641463975014711
2020-10-15,21.7,3.08286092172467,0.5707372503831678
2020-10-16,18.9,0.4948592572132142,3.08286092172467
2020-10-17,15.0,-3.1933137603563537,0.4948592572132142
2020-10-18,16.7,-1.2817024234076904,-3.1933137603563537
2020-10-19,18.3,0.5296506551528566,-1.2817024234076904
2020-10-20,21.7,4.140704491397646,0.5296506551528566
2020-10-21,20.0,2.6514196747593495,4.140704491397646
2020-10-22,20.0,2.861758307542239,2.6514196747593495
2020-10-23,20.6,3.671683939785513,2.861758307542239
2020-10-24,20.6,3.8811614997149135,3.671683939785513
2020-10-25,11.7,-4.809842779969436,3.8811614997149135
2020-10-26,15.0,-1.3013614397086322,-4.809842779969436
2020-10-27,15.0,-1.0934258743332457,-1.3013614397086322
2020-10-28,13.9,-1.9860664176630216,-1.0934258743332457
2020-10-29,13.3,-2.379312430167147,-1.9860664176630216
2020-10-30,8.3,-7.173192389385962,-2.379312430167147
2020-10-31,7.8,-7.4677339828069735,-7.173192389385962
2020-11-01,12.8,-2.2629642028810064,-7.4677339828069735
2020-11-02,6.7,-8.158909443858523,-2.2629642028810064
2020-11-03,11.7,-2.955595600120608,-8.158909443858523
2020-11-04,16.7,2.246951834324655,-2.955595600120608
2020-11-05,19.4,5.1487076655136,2.246951834324655
2020-11-06,21.1,7.049646898701468,5.1487076655136
2020-11-07,23.3,9.449744637376588,7.049646898701468
2020-11-08,23.9,10.24897598245192,9.449744637376588
2020-11-09,23.9,10.447315931970765,10.24897598245192
2020-11-10,23.3,10.044739281662206,10.447315931970765
2020-11-11,22.2,9.141220526679888,10.044739281662206
2020-11-12,20.0,7.136733764854114,9.141220526679888
2020-11-13,10.0,-2.6687473982166434,7.136733764854114
2020-11-14,11.1,-1.3752499419138324,-2.6687473982166434
2020-11-15,17.8,5.517198479128643,-1.3752499419138324
2020-11-16,12.8,0.7085694475356288,5.517198479128643
2020-11-17,10.0,-1.9011663012138165,0.7085694475356288
2020-11-18,2.2,-9.512038959814447,-1.9011663012138165
2020-11-19,8.9,-2.624079726503931,-9.512038959814447
2020-11-20,17.2,5.862679121499781,-2.624079726503931
2020-11-21,17.8,6.648204158754394,5.862679121499781
2020-11-22,15.0,4.032460746792367,6.648204158754394
2020-11-23,15.6,4.815412974001024,4.032460746792367
2020-11-24,8.9,-1.702976399591801,4.815412974001024
2020-11-25,13.3,2.8772540075841437,-1.702976399591801
2020-11-26,18.3,8.056064153856827,2.8772540075841437
2020-11-27,17.2,7.133412535021751,8.056064153856827
2020-11-28,13.3,3.4092561507133734,7.133412535021751
2020-11-29,12.2,2.4835504765883467,3.4092561507133734
2020-11-30,17.2,7.656249442454865,2.4835504765883467
2020-12-01,16.7,7.327305416465936,7.656249442454865
2020-12-02,6.1,-3.1033308045231554,7.327305416465936
2020-12-03,10.0,0.9642900016503866,-3.1033308045231554
2020-12-04,11.1,2.230115485375018,0.9642900016503866
2020-12-05,8.3,-0.4059082654558086,2.230115485375018
2020-12-06,4.4,-4.14383670977376,-0.4059082654558086
2020-12-07,4.4,-3.9837268312630734,-4.14383670977376
2020-12-08,2.2,-6.025637109892158,-3.9837268312630734
2020-12-09,3.3,-4.769627487073705,-6.025637109892158
2020-12-10,9.4,1.4842406755038775,-4.769627487073705
2020-12-11,13.9,6.135904643312678,1.4842406755038775
2020-12-12,14.4,6.78530036261067,6.135904643312678
2020-12-13,16.7,9.232362520159544,6.78530036261067
2020-12-14,8.3,0.9770246089211341,9.232362520159544
2020-12-15,3.9,-3.280781000399102,0.9770246089211341
2020-12-16,-0.5,-7.541122982109383,-3.280781000399102
2020-12-17,0.6,-6.304070972754836,-7.541122982109383
2020-12-18,0.0,-6.769695482987191,-6.304070972754836
2020-12-19,0.0,-6.638067804277829,-6.769695482987191
2020-12-20,4.4,-2.1092599106856973,-6.638067804277829
2020-12-21,7.8,1.416655644093371,-2.1092599106856973
2020-12-22,7.8,1.5396058341554806,1.416655644093371
2020-12-23,7.2,1.059517273041946,1.5396058341554806
2020-12-24,15.0,8.976316329350011,1.059517273041946
2020-12-25,16.1,10.189929246022643,8.976316329350011
2020-12-26,0.0,-5.7997177369729735,10.189929246022643
2020-12-27,2.8,-2.8926982568787283,-5.7997177369729735
2020-12-28,10.0,4.410914300398653,-2.8926982568787283
2020-12-29,6.1,0.6110469312900344,4.410914300398653
2020-12-30,6.1,0.7076271476968499,0.6110469312900344
2020-12-31,8.9,3.6005831119195006,0.7076271476968499
2021-01-01,4.4,-0.8767525319556695,3.6005831119195006
2021-01-02,10.6,5.411573306963363,-0.8767525319556695
2021-01-03,3.3,-1.8038836549204804,5.411573306963363
2021-01-04,6.1,1.0768078055500379,-1.8038836549204804
2021-01-05,5.6,0.653580147379687,1.0768078055500379
2021-01-06,5.0,0.12636720406558322,0.653580147379687
2021-01-07,5.0,0.19510432183564674,0.12636720406558322
2021-01-08,2.8,-1.9402715028797832,0.19510432183564674
2021-01-09,2.8,-1.8798214871030794,-1.9402715028797832
2021-01-10,5.0,0.3763950735501451,-1.8798214871030794
2021-01-11,2.8,-1.7716790621110956,0.3763950735501451
2021-01-12,6.7,2.1759010499700047,-1.7716790621110956
2021-01-13,6.1,1.6190826673777945,2.1759010499700047
2021-01-14,9.4,4.957815486616902,1.6190826673777945
2021-01-15,7.8,3.3920517652803372,4.957815486616902
2021-01-16,8.3,3.9217464406625613,3.3920517652803372
2021-01-17,6.7,2.34685724449477,3.9217464406625613
2021-01-18,7.2,2.867344813488587,2.34685724449477
2021-01-19,6.1,1.78317279538384,2.867344813488587
2021-01-20,4.4,0.0943079502066384,1.78317279538384
2021-01-21,6.1,1.8007202464551133,0.0943079502066384
2021-01-22,7.2,2.9023829519422355,1.8007202464551133
2021-01-23,2.2,-2.100727280962089,2.9023829519422355
2021-01-24,0.0,-4.3086303359341365,-2.100727280962089
2021-01-25,2.8,-1.5213425593748724,-4.3086303359341365
2021-01-26,1.1,-3.2388766933794524,-1.5213425593748724
2021-01-27,2.8,-1.561241815197798,-3.2388766933794524
2021-01-28,1.1,-3.2884432833705595,-1.561241815197798
2021-01-29,-3.8,-8.22048269070828,-3.2884432833705595
2021-01-30,0.0,-4.4573578242646485,-8.22048269070828
2021-01-31,-3.2,-7.699062632437505,-4.4573578242646485
2021-02-01,1.1,-3.44558719931342,-7.699062632437505
2021-02-02,0.6,-3.996917726353749,-3.44558719931342
2021-02-03,2.8,-1.8530365215016031,-3.996917726353749
2021-02-04,6.1,1.386078004229283,-1.8530365215016031
2021-02-05,8.3,3.520451332641662,1.386078004229283
2021-02-06,6.7,1.8501128266946205,3.520451332641662
2021-02-07,4.4,-0.5249042887080613,1.8501128266946205
2021-02-08,-1.6,-6.6045629534662424,-0.5249042887080613
2021-02-09,0.6,-4.488822306534519,-6.6045629534662424
2021-02-10,1.7,-3.477637727623323,-4.488822306534519
2021-02-11,0.6,-4.6709608862781655,-3.477637727623323
2021-02-12,-1.0,-6.368739798246654,-4.6709608862781655
2021-02-13,-1.0,-6.470918889024249,-6.368739798246654
2021-02-14,3.3,-2.277439064451502,-6.470918889024249
2021-02-15,2.2,-3.4882377882175817,-2.277439064451502
2021-02-16,10.6,4.7967508338927685,-3.4882377882175817
2021-02-17,1.1,-4.822404036811134,4.7967508338927685
2021-02-18,-1.0,-7.045630069102866,-4.822404036811134
2021-02-19,0.6,-5.572851865169308,-7.045630069102866
2021-02-20,1.7,-4.603991069865698,-5.572851865169308
2021-02-21,2.8,-3.638966485651223,-4.603991069865698
2021-02-22,3.9,-2.677694192946636,-3.638966485651223
2021-02-23,7.2,0.47991232435875464,-2.677694192946636
2021-02-24,12.2,5.333942048536405,0.47991232435875464
2021-02-25,10.0,2.98448629308242,5.333942048536405
2021-02-26,7.2,0.03163856352612626,2.98448629308242
2021-02-27,10.0,2.675494414304173,0.03163856352612626
2021-02-28,7.2,-0.2838486979685815,2.675494414304173
2021-03-01,9.4,1.753708435508929,-0.2838486979685815
2021-03-02,0.6,-7.211733377181975,1.753708435508929
2021-03-03,11.1,3.119928115856709,-7.211733377181975
2021-03-04,7.2,-0.9512035473185163,3.119928115856709
2021-03-05,2.8,-5.525023701976612,-0.9512035473185163
2021-03-06,1.1,-7.401426717648455,-5.525023701976612
2021-03-07,5.0,-3.680306160138427,-7.401426717648455
2021-03-08,6.1,-2.761554954231075,-3.680306160138427
2021-03-09,17.8,8.754934453288978,-2.761554954231075
2021-03-10,12.2,2.9692699306867514,8.754934453288978
2021-03-11,21.7,12.281559498778819,2.9692699306867514
2021-03-12,20.0,10.391911169268875,12.281559498778819
2021-03-13,11.1,1.3004327842965484,10.391911169268875
2021-03-14,12.2,2.2072318575755876,1.3004327842965484
2021-03-15,3.9,-6.287584582506096,2.2072318575755876
2021-03-16,2.8,-7.583910147457391,-6.287584582506096
2021-03-17,8.3,-2.2816392405645587,-7.583910147457391
2021-03-18,8.3,-2.480667205726995,-2.2816392405645587
2021-03-19,6.1,-4.880890472901564,-2.480667205726995
2021-03-20,15.0,3.8177933001823696,-4.880890472901564
2021-03-21,17.2,5.815485090365637,3.8177933001823696
2021-03-22,16.7,5.112284375777515,5.815485090365637
2021-03-23,18.9,7.108289007236245,5.112284375777515
2021-03-24,13.3,1.3035950846264477,7.108289007236245
2021-03-25,20.0,7.798296838535219,1.3035950846264477
2021-03-26,27.8,15.39248651741522,7.798296838535219
2021-03-27,20.6,7.986254280528835,15.39248651741522
2021-03-28,15.6,2.779688096912597,7.986254280528835
2021-03-29,12.8,-0.2271263494144904,2.779688096912597
2021-03-30,16.1,2.8658942522089514,-0.2271263494144904
2021-03-31,19.4,5.9588307573891495,2.8658942522089514
2021-04-01,14.4,0.7517614917960813,5.9588307573891495
2021-04-02,3.9,-9.9552378167448,0.7517614917960813
2021-04-03,11.7,-2.3620940990495995,-9.9552378167448
2021-04-04,18.3,4.0312630018582745,-2.3620940990495995
2021-04-05,20.0,5.524901084515138,4.0312630018582745
2021-04-06,21.1,6.418884950199502,5.524901084515138
2021-04-07,22.2,7.313276571593391,6.418884950199502
2021-04-08,21.1,6.008135068966981,7.313276571593391
2021-04-09,15.0,-0.2964833060887724,6.008135068966981
2021-04-10,21.1,5.599474820624293,-0.2964833060887724
2021-04-11,13.9,-1.8039400552623608,5.599474820624293
2021-04-12,10.6,-5.30668031035135,-1.8039400552623608
2021-04-13,18.3,2.191298820307182,-5.30668031035135
2021-04-14,22.2,5.8900392643843595,2.191298820307182
2021-04-15,14.4,-2.110419859267056,5.8900392643843595
2021-04-16,11.7,-5.010042204970013,-2.110419859267056
2021-04-17,13.3,-3.608794157526031,-5.010042204970013
2021-04-18,17.8,0.6933552173905788,-3.608794157526031
2021-04-19,18.3,0.9964342295837163,0.6933552173905788
2021-04-20,24.4,6.900468627250831,0.9964342295837163
2021-04-21,20.0,2.3054816662651625,6.900468627250831
2021-04-22,8.9,-8.988505814388995,2.3054816662651625
2021-04-23,17.8,-0.28147531125737046,-8.988505814388995
2021-04-24,22.2,3.9265894306221902,-0.28147531125737046
2021-04-25,17.2,-1.2642974898222796,3.9265894306221902
2021-04-26,15.6,-3.054124032091588,-1.2642974898222796
2021-04-27,17.8,-1.0428801116486177,-3.054124032091588
2021-04-28,29.4,10.369442507111938,-1.0428801116486177
2021-04-29,23.9,4.682850322147672,10.369442507111938
2021-04-30,21.7,2.297348208986154,4.682850322147672
2021-05-01,18.3,-1.2870604604537732,2.297348208986154
2021-05-02,27.8,8.029626304223576,-1.2870604604537732
2021-05-03,18.9,-1.0525907631062985,8.029626304223576
2021-05-04,22.8,2.6662879424776733,-1.0525907631062985
2021-05-05,16.7,-3.6137389732897134,2.6662879424776733
2021-05-06,18.9,-1.5926737722554378,-3.6137389732897134
2021-05-07,18.9,-1.7705194507775595,-1.5926737722554378
2021-05-08,12.8,-8.047279605561975,-1.7705194507775595
2021-05-09,18.3,-2.722958298782636,-8.047279605561975
2021-05-10,15.6,-5.597559922862613,-2.722958298782636
2021-05-11,19.4,-1.9710890652938815,-5.597559922862613
2021-05-12,20.0,-1.5435503738730816,-1.9710890652938815
2021-05-13,22.2,0.48505157727107573,-1.5435503738730816
2021-05-14,24.4,2.5147124204854734,0.48505157727107573
2021-05-15,26.1,4.045428125865843,2.5147124204854734
2021-05-16,23.9,1.6771951306302064,4.045428125865843
2021-05-17,25.6,3.2100104662330047,1.6771951306302064
2021-05-18,27.8,5.243871882866248,3.2100104662330047
2021-05-19,30.0,7.278777971001894,5.243871882866248
2021-05-20,24.4,1.5147282796373531,7.278777971001894
2021-05-21,26.1,3.051723430915416,1.5147282796373531
2021-05-22,31.7,8.489765230799687,3.051723430915416
2021-05-23,31.1,7.7288567754974125,8.489765230799687
2021-05-24,20.0,-3.5309974466668983,7.7288567754974125
2021-05-25,22.8,-0.8897914582111497,-3.5309974466668983
2021-05-26,30.0,6.152482299440042,-0.8897914582111497
2021-05-27,27.2,3.1958330525291565,6.152482299440042
2021-05-28,20.6,-3.559728224065271,3.1958330525291565
2021-05-29,10.6,-13.714188731692476,-3.559728224065271
2021-05-30,10.6,-13.86753377883817,-13.714188731692476
2021-05-31,21.1,-3.5197467182743303,-13.86753377883817
2021-06-01,24.4,-0.37080889062916356,-3.5197467182743303
2021-06-02,23.9,-1.020699574539588,-0.37080889062916356
2021-06-03,23.3,-1.7693959435307,-1.020699574539588
2021-06-04,25.6,0.3831269702511122,-1.7693959435307
2021-06-05,31.7,6.3368963053430996,0.3831269702511122
2021-06-06,33.3,7.791941393219258,6.3368963053430996
2021-06-07,32.8,7.148293773420512,7.791941393219258
2021-06-08,32.2,6.405987201510008,7.148293773420512
2021-06-09,32.2,6.265057649820253,6.405987201510008
2021-06-10,28.9,2.8255433009783175,6.265057649820253
2021-06-11,20.6,-5.612515465785698,2.8255433009783175
2021-06-12,20.6,-5.749076095522717,-5.612515465785698
2021-06-13,24.4,-2.0840938855976603,-5.749076095522717
2021-06-14,22.8,-3.8175220208091076,-2.0840938855976603
2021-06-15,26.7,-0.04931161551468932,-3.8175220208091076
2021-06-16,25.0,-1.8794117626624214,-0.04931161551468932
2021-06-17,25.6,-1.4077695896102718,-1.8794117626624214
2021-06-18,28.9,1.7656696794017783,-1.4077695896102718
2021-06-19,31.1,3.840962654280464,1.7656696794017783
2021-06-20,30.0,2.6181677037793243,3.840962654280464
2021-06-21,30.0,2.4973448740570205,2.6181677037793243
2021-06-22,25.6,-2.021444198702664,2.4973448740570205
2021-06-23,24.4,-3.338136381390356,-2.021444198702664
2021-06-24,25.0,-2.852667142556193,-3.338136381390356
2021-06-25,27.2,-0.7649706562322613,-2.852667142556193
2021-06-26,28.3,0.22502008926987216,-0.7649706562322613
2021-06-27,32.2,4.017373177861373,0.22502008926987216
2021-06-28,33.3,5.012157647765729,4.017373177861373
2021-06-29,35.0,6.6094433694945955,5.012157647765729
2021-06-30,36.7,8.209300920019437,6.6094433694945955
2021-07-01,28.9,0.3118014534588056,8.209300920019437
2021-07-02,26.1,-2.582983431390179,0.3118014534588056
2021-07-03,18.9,-9.874981826339393,-2.582983431390179
2021-07-04,26.1,-2.7641216515718767,-9.874981826339393
2021-07-05,28.3,-0.6503307955282835,-2.7641216515718767
2021-07-06,33.3,4.266462743438574,-0.6503307955282835
2021-07-07,32.8,3.686330714001606,4.266462743438574
2021-07-08,28.9,-0.29065553224620544,3.686330714001606
2021-07-09,29.4,0.1355748144258797,-0.29065553224620544
2021-07-10,27.2,-2.1349081232043297,0.1355748144258797
2021-07-11,25.6,-3.802035054341985,-2.1349081232043297
2021-07-12,30.0,0.5342623352241986,-3.802035054341985
2021-07-13,22.2,-7.3259487606817615,0.5342623352241986
2021-07-14,30.6,1.0173975887352533,-7.3259487606817615
2021-07-15,31.7,2.0643659101238967,1.0173975887352533
2021-07-16,32.8,3.1150191867509065,2.0643659101238967
2021-07-17,32.8,3.0694187215002557,3.1150191867509065
2021-07-18,28.9,-0.8723759975460794,3.0694187215002557
2021-07-19,27.2,-2.610307428606017,-0.8723759975460794
2021-07-20,30.0,0.15567989555809802,-2.610307428606017
2021-07-21,26.7,-3.174360757028211,0.15567989555809802
2021-07-22,27.2,-2.700378438328787,-3.174360757028211
2021-07-23,28.3,-1.6223246368798883,-2.700378438328787
2021-07-24,28.9,-1.0401533898868323,-1.6223246368798883
2021-07-25,28.3,-1.653821390553663,-1.0401533898868323
2021-07-26,31.1,1.136711909621983,-1.653821390553663
2021-07-27,31.7,1.7314842038434577,1.136711909621983
2021-07-28,27.2,-2.7694697614602823,1.7314842038434577
2021-07-29,25.0,-4.966118272354009,-2.7694697614602823
2021-07-30,27.8,-2.1584327271485755,-4.966118272354009
2021-07-31,25.0,-4.946387709991072,-2.1584327271485755
2021-08-01,25.0,-4.929961058113818,-4.946387709991072
2021-08-02,26.7,-3.209133922579852,-4.929961058113818
2021-08-03,26.1,-3.7838908223794725,-3.209133922579852
2021-08-04,24.4,-5.454219691750161,-3.7838908223794725
2021-08-05,27.2,-2.6201119206093892,-5.454219691750161
2021-08-06,31.1,1.3184376119915449,-2.6201119206093892
2021-08-07,30.6,0.861430511466839,1.3184376119915449
2021-08-08,25.0,-4.691135151595837,0.861430511466839
2021-08-09,27.2,-2.4392648535816406,-4.691135151595837
2021-08-10,28.9,-0.6829676228305743,-2.4392648535816406
2021-08-11,31.7,2.177743962544568,-0.6829676228305743
2021-08-12,33.9,4.442853783985722,2.177743962544568
2021-08-13,34.4,5.012342198925378,4.442853783985722
2021-08-14,31.1,1.7861860642750287,5.012342198925378
2021-08-15,28.3,-0.9356412331073649,1.7861860642750287
2021-08-16,28.3,-0.8531697390626789,-0.9356412331073649
2021-08-17,27.2,-1.8664328879982186,-0.8531697390626789
2021-08-18,28.3,-0.6754674521042219,-1.8664328879982186
2021-08-19,29.4,0.5196865159366055,-0.6754674521042219
2021-08-20,27.8,-0.9810142534135942,0.5196865159366055
2021-08-21,27.8,-0.8776161767406379,-0.9810142534135942
2021-08-22,24.4,-4.1701687418932245,-0.8776161767406379
2021-08-23,28.3,-0.15872442642755757,-4.1701687418932245
2021-08-24,31.7,3.356661389496473,-0.15872442642755757
2021-08-25,32.8,4.575930515531535,3.356661389496473
2021-08-26,32.8,4.699022048622549,4.575930515531535
2021-08-27,33.9,5.925872475287864,4.699022048622549
2021-08-28,26.7,-1.1435842215716754,5.925872475287864
2021-08-29,24.4,-3.309416451620404,-1.1435842215716754
2021-08-30,29.4,1.8283050979124482,-3.309416451620404
2021-08-31,28.3,0.8695075808765012,1.8283050979124482
2021-09-01,25.6,-1.6858838858260334,0.8695075808765012
2021-09-02,25.0,-2.137946097257654,-1.6858838858260334
2021-09-03,23.3,-3.6867576327822036,-2.137946097257654
2021-09-04,26.1,-0.7323987260550595,-3.6867576327822036
2021-09-05,23.3,-3.37495113300621,-0.7323987260550595
2021-09-06,27.2,0.6855020018400673,-3.37495113300621
2021-09-07,26.1,-0.2511237196380982,0.6855020018400673
2021-09-08,27.8,1.615086186803655,-0.2511237196380982
2021-09-09,24.4,-1.615954775644017,1.615086186803655
2021-09-10,23.3,-2.5443339479989895,-1.615954775644017
2021-09-11,24.4,-1.270139378728416,-2.5443339479989895
2021-09-12,27.2,1.7065403125754983,-1.270139378728416
2021-09-13,28.3,2.9856160707374677,1.7065403125754983
2021-09-14,26.7,1.5669985394151098,2.9856160707374677
2021-09-15,29.4,4.450598194049526,1.5669985394151098
2021-09-16,24.4,-0.36367452698396363,4.450598194049526
2021-09-17,23.9,-0.6759090933534786,-0.36367452698396363
2021-09-18,28.9,4.513805243802263,-0.6759090933534786
2021-09-19,24.4,0.20537957568318888,4.513805243802263
2021-09-20,23.9,-0.10127454343129472,0.20537957568318888
2021-09-21,24.4,0.5937550211943616,-0.10127454343129472
2021-09-22,26.1,2.49038109847886,0.5937550211943616
2021-09-23,26.1,2.6885173213270193,2.49038109847886
2021-09-24,22.2,-1.0119217677542238,2.6885173213270193
2021-09-25,23.9,0.8889793845230543,-1.0119217677542238
2021-09-26,21.7,-1.1088625612679195,0.8889793845230543
2021-09-27,25.6,2.994470254337479,-1.1088625612679195
2021-09-28,21.7,-0.7011030238058993,2.994470254337479
2021-09-29,20.0,-2.1956618842562143,-0.7011030238058993
2021-09-30,18.3,-3.6892843732687943,-2.1956618842562143
2021-10-01,19.4,-2.382047024724642,-3.6892843732687943
2021-10-02,23.3,1.72597520414973,-2.382047024724642
2021-10-03,25.0,3.6347089911406627,1.72597520414973
2021-10-04,22.8,1.6440827013704649,3.6347089911406627
2021-10-05,18.3,-2.6459735665108752,1.6440827013704649
2021-10-06,20.6,-0.1355279403441081,-2.6459735665108752
2021-10-07,22.8,2.2753532592496377,-0.1355279403441081
2021-10-08,24.4,4.086605546264991,2.2753532592496377
2021-10-09,19.4,-0.7018337096312095,4.086605546264991
2021-10-10,18.9,-0.9900252683902515,-0.7018337096312095
2021-10-11,21.7,2.0219719887920142,-0.9900252683902515
2021-10-12,20.6,1.1341010615412692,2.0219719887920142
2021-10-13,20.6,1.346306826109906,1.1341010615412692
2021-10-14,24.4,5.358536024985288,1.346306826109906
2021-10-15,26.1,7.270737250383171,5.358536024985288
2021-10-16,24.4,5.782860921724669,7.270737250383171
2021-10-17,16.1,-2.305140742786783,5.782860921724669
2021-10-18,14.4,-3.7933137603563534,-2.305140742786783
2021-10-19,18.9,0.9182975765923089,-3.7933137603563534
2021-10-20,23.9,6.1296506551528545,0.9182975765923089
2021-10-21,22.8,5.240704491397647,6.1296506551528545
2021-10-22,20.6,3.251419674759351,5.240704491397647
2021-10-23,15.0,-2.138241692457761,3.251419674759351
2021-10-24,15.0,-1.9283160602144882,-2.138241692457761
2021-10-25,22.8,6.081161499714913,-1.9283160602144882
2021-10-26,17.2,0.6901572200305637,6.081161499714913
2021-10-27,16.1,-0.20136143970863074,0.6901572200305637
2021-10-28,13.9,-2.1934258743332453,-0.20136143970863074
2021-10-29,13.3,-2.5860664176630213,-2.1934258743332453
2021-10-30,17.8,2.120687569832853,-2.5860664176630213
2021-10-31,17.2,1.7268076106140366,2.120687569832853
2021-11-01,14.4,-0.867733982806973,1.7268076106140366
2021-11-02,11.7,-3.362964202881008,-0.867733982806973
2021-11-03,10.6,-4.258909443858524,-3.362964202881008
2021-11-04,10.0,-4.655595600120607,-4.258909443858524
2021-11-05,10.6,-3.853048165675345,-4.655595600120607
2021-11-06,11.1,-3.1512923344863992,-3.853048165675345
2021-11-07,11.7,-2.350353101298534,-3.1512923344863992
2021-11-08,17.2,3.3497446373765865,-2.350353101298534
2021-11-09,20.0,6.348975982451922,3.3497446373765865
2021-11-10,17.8,4.347315931970767,6.348975982451922
2021-11-11,16.1,2.844739281662207,4.347315931970767
2021-11-12,18.3,5.241220526679889,2.844739281662207
2021-11-13,16.7,3.836733764854113,5.241220526679889
2021-11-14,8.9,-3.768747398216643,3.836733764854113
2021-11-15,8.3,-4.175249941913831,-3.768747398216643
2021-11-16,9.4,-2.8828015208713573,-4.175249941913831
2021-11-17,13.9,1.8085694475356284,-2.8828015208713573
2021-11-18,20.6,8.698833698786185,1.8085694475356284
2021-11-19,8.9,-2.812038959814446,8.698833698786185
2021-11-20,8.3,-3.2240797265039305,-2.812038959814446
2021-11-21,13.3,1.9626791214997823,-3.2240797265039305
2021-11-22,12.8,1.6482041587543943,1.9626791214997823
2021-11-23,5.6,-5.367539253207633,1.6482041587543943
2021-11-24,7.2,-3.5845870259989754,-5.367539253207633
2021-11-25,13.3,2.6970236004081993,-3.5845870259989754
2021-11-26,8.3,-2.1227459924158563,2.6970236004081993
2021-11-27,3.9,-6.343935846143173,-2.1227459924158563
2021-11-28,5.0,-5.066587464978248,-6.343935846143173
2021-11-29,7.2,-2.690743849286627,-5.066587464978248
2021-11-30,5.0,-4.716449523411653,-2.690743849286627
2021-12-01,9.4,-0.14375055754513433,-4.716449523411653
2021-12-02,14.4,5.027305416465937,-0.14375055754513433
2021-12-03,8.9,-0.30333080452315464,5.027305416465937
2021-12-04,8.9,-0.13570999834961306,-0.30333080452315464
2021-12-05,9.4,0.5301154853750187,-0.13570999834961306
2021-12-06,16.1,7.394091734544192,0.5301154853750187
2021-12-07,6.1,-2.4438367097737608,7.394091734544192
2021-12-08,5.6,-2.783726831263074,-2.4438367097737608
2021-12-09,3.9,-4.325637109892158,-2.783726831263074
2021-12-10,10.0,1.9303725129262954,-4.325637109892158
2021-12-11,18.9,10.984240675503877,1.9303725129262954
2021-12-12,13.3,5.535904643312678,10.984240675503877
2021-12-13,11.7,4.085300362610669,5.535904643312678
2021-12-14,11.7,4.232362520159545,4.085300362610669
2021-12-15,13.9,6.577024608921134,4.232362520159545
2021-12-16,16.7,9.519218999600898,6.577024608921134
2021-12-17,15.6,8.558877017890616,9.519218999600898
2021-12-18,8.9,1.9959290272451646,8.558877017890616
2021-12-19,7.2,0.43030451701280903,1.9959290272451646
2021-12-20,2.8,-3.838067804277829,0.43030451701280903
2021-12-21,6.1,-0.409259910685698,-3.838067804277829
2021-12-22,8.3,1.916655644093372,-0.409259910685698
2021-12-23,2.2,-4.060394165844519,1.916655644093372
2021-12-24,4.4,-1.7404827269580538,-4.060394165844519
2021-12-25,11.1,5.076316329350011,-1.7404827269580538
2021-12-26,10.6,4.689929246022641,5.076316329350011
2021-12-27,3.9,-1.8997177369729736,4.689929246022641
2021-12-28,8.3,2.6073017431212726,-1.8997177369729736
2021-12-29,6.7,1.1109143003986528,2.6073017431212726
2021-12-30,9.4,3.911046931290035,1.1109143003986528
2021-12-31,12.8,7.407627147696851,3.911046931290035
2022-01-01,13.3,8.023247468044332,7.407627147696851
2022-01-02,15.0,9.811573306963364,8.023247468044332
2022-01-03,2.8,-2.3038836549204804,9.811573306963364
2022-01-04,1.1,-3.9231921944499617,-2.3038836549204804
2022-01-05,8.3,3.353580147379688,-3.9231921944499617
2022-01-06,5.0,0.12636720406558322,3.353580147379688
2022-01-07,1.1,-3.704895678164353,0.12636720406558322
2022-01-08,-1.0,-5.740271502879783,-3.704895678164353
2022-01-09,4.4,-0.27982148710307886,-5.740271502879783
2022-01-10,4.4,-0.22360492644985452,-0.27982148710307886
2022-01-11,-4.3,-8.871679062111095,-0.22360492644985452
2022-01-12,4.4,-0.12409895002999516,-8.871679062111095
2022-01-13,8.9,4.419082667377795,-0.12409895002999516
2022-01-14,6.1,1.6578154866169017,4.419082667377795
2022-01-15,-6.0,-10.407948234719662,1.6578154866169017
2022-01-16,2.8,-1.5782535593374396,-10.407948234719662
2022-01-17,6.7,2.34685724449477,-1.5782535593374396
2022-01-18,2.2,-2.132655186511413,2.34685724449477
2022-01-19,9.4,5.083172795383841,-2.132655186511413
2022-01-20,7.8,3.494307950206638,5.083172795383841
2022-01-21,-5.5,-9.799279753544887,3.494307950206638
2022-01-22,-1.6,-5.897617048057764,-9.799279753544887
2022-01-23,2.8,-1.5007272809620895,-5.897617048057764
2022-01-24,2.2,-2.1086303359341363,-1.5007272809620895
2022-01-25,5.6,1.2786574406251274,-2.1086303359341363
2022-01-26,-2.1,-6.438876693379452,1.2786574406251274
2022-01-27,0.0,-4.361241815197798,-6.438876693379452
2022-01-28,0.0,-4.3884432833705596,-4.361241815197798
2022-01-29,-1.6,-6.020482690708281,-4.3884432833705596
2022-01-30,-3.2,-7.657357824264649,-6.020482690708281
2022-01-31,-0.5,-4.9990626324375045,-7.657357824264649
2022-02-01,2.2,-2.34558719931342,-4.9990626324375045
2022-02-02,8.3,3.7030822736462516,-2.34558719931342
2022-02-03,11.1,6.446963478498397,3.7030822736462516
2022-02-04,13.9,9.186078004229284,6.446963478498397
2022-02-05,-2.7,-7.479548667358339,9.186078004229284
2022-02-06,-1.0,-5.84988717330538,-7.479548667358339
2022-02-07,2.8,-2.124904288708062,-5.84988717330538
2022-02-08,7.2,2.1954370465337583,-2.124904288708062
2022-02-09,7.8,2.7111776934654808,2.1954370465337583
2022-02-10,12.2,7.022362272376676,2.7111776934654808
2022-02-11,13.9,8.629039113721834,7.022362272376676
2022-02-12,15.0,9.631260201753346,8.629039113721834
2022-02-13,5.6,0.1290811109757506,9.631260201753346
2022-02-14,-3.8,-9.3774390644515,0.1290811109757506
2022-02-15,-1.0,-6.688237788217582,-9.3774390644515
2022-02-16,9.4,3.596750833892769,-6.688237788217582
2022-02-17,20.0,14.077595963188866,3.596750833892769
2022-02-18,17.2,11.154369930897133,14.077595963188866
2022-02-19,4.4,-1.772851865169307,11.154369930897133
2022-02-20,2.2,-4.103991069865698,-1.772851865169307
2022-02-21,12.8,6.361033514348778,-4.103991069865698
2022-02-22,16.1,9.522305807053366,6.361033514348778
2022-02-23,20.0,13.279912324358754,9.522305807053366
2022-02-24,1.7,-5.1660579514635945,13.279912324358754
2022-02-25,5.0,-2.01551370691758,-5.1660579514635945
2022-02-26,2.8,-4.368361436473874,-2.01551370691758
2022-02-27,8.9,1.5754944143041731,-4.368361436473874
2022-02-28,2.2,-5.2838486979685815,1.5754944143041731
2022-03-01,8.9,1.253708435508929,-5.2838486979685815
2022-03-02,11.1,3.288266622818025,1.253708435508929
2022-03-03,8.9,0.9199281158567096,3.288266622818025
2022-03-04,2.8,-5.351203547318517,0.9199281158567096
2022-03-05,7.8,-0.525023701976612,-5.351203547318517
2022-03-06,20.0,11.498573282351545,-0.525023701976612
2022-03-07,23.3,14.619693839861574,11.498573282351545
2022-03-08,10.0,1.1384450457689255,14.619693839861574
2022-03-09,5.0,-4.045065546711022,1.1384450457689255
2022-03-10,10.6,1.3692699306867517,-4.045065546711022
2022-03-11,12.8,3.3815594987788202,1.3692699306867517
2022-03-12,8.9,-0.7080888307311248,3.3815594987788202
2022-03-13,1.7,-8.099567215703452,-0.7080888307311248
2022-03-14,13.3,3.307231857575589,-8.099567215703452
2022-03-15,20.0,9.812415417493904,3.307231857575589
2022-03-16,19.4,9.016089852542608,9.812415417493904
2022-03-17,11.7,1.1183607594354399,9.016089852542608
2022-03-18,23.3,12.519332794273005,1.1183607594354399
2022-03-19,21.1,10.119109527098438,12.519332794273005
2022-03-20,16.1,4.917793300182371,10.119109527098438
2022-03-21,16.7,5.315485090365637,4.917793300182371
2022-03-22,14.4,2.8122843757775158,5.315485090365637
2022-03-23,9.4,-2.3917109927637537,2.8122843757775158
2022-03-24,8.3,-3.6964049153735523,-2.3917109927637537
2022-03-25,15.6,3.3982968385352184,-3.6964049153735523
2022-03-26,11.7,-0.7075134825847815,3.3982968385352184
2022-03-27,7.8,-4.813745719471167,-0.7075134825847815
2022-03-28,0.6,-12.220311903087403,-4.813745719471167
2022-03-29,3.3,-9.72712634941449,-12.220311903087403
2022-03-30,8.3,-4.934105747791049,-9.72712634941449
2022-03-31,18.9,5.4588307573891495,-4.934105747791049
2022-04-01,16.1,2.4517614917960824,5.4588307573891495
2022-04-02,12.2,-1.6552378167448012,2.4517614917960824
2022-04-03,8.9,-5.1620940990495985,-1.6552378167448012
2022-04-04,12.2,-2.068736998141727,-5.1620940990495985
2022-04-05,13.9,-0.5750989154848618,-2.068736998141727
2022-04-06,11.7,-2.9811150498005006,-0.5750989154848618
2022-04-07,12.2,-2.6867234284066086,-2.9811150498005006
2022-04-08,18.3,3.20813506896698,-2.6867234284066086
2022-04-09,12.8,-2.4964833060887717,3.20813506896698
2022-04-10,10.0,-5.500525179375709,-2.4964833060887717
2022-04-11,16.1,0.3960599447376403,-5.500525179375709
2022-04-12,22.2,6.29331968964865,0.3960599447376403
2022-04-13,21.7,5.5912988203071805,6.29331968964865
2022-04-14,26.1,9.790039264384362,5.5912988203071805
2022-04-15,21.1,4.589580140732945,9.790039264384362
2022-04-16,22.8,6.089957795029989,4.589580140732945
2022-04-17,10.6,-6.308794157526032,6.089957795029989
2022-04-18,12.2,-4.906644782609423,-6.308794157526032
2022-04-19,10.0,-7.303565770416284,-4.906644782609423
2022-04-20,15.6,-1.899531372749168,-7.303565770416284
2022-04-21,15.0,-2.6945183337348375,-1.899531372749168
2022-04-22,21.1,3.2114941856110057,-2.6945183337348375
2022-04-23,18.3,0.21852468874262954,3.2114941856110057
2022-04-24,17.2,-1.0734105693778098,0.21852468874262954
2022-04-25,14.4,-4.064297489822279,-1.0734105693778098
2022-04-26,15.6,-3.054124032091588,-4.064297489822279
2022-04-27,14.4,-4.442880111648618,-3.054124032091588
2022-04-28,14.4,-4.630557492888061,-4.442880111648618
2022-04-29,17.2,-2.017149677852327,-4.630557492888061
2022-04-30,20.0,0.5973482089861548,-2.017149677852327
2022-05-01,20.6,1.0129395395462275,0.5973482089861548
2022-05-02,13.3,-6.4703736957764235,1.0129395395462275
2022-05-03,16.7,-3.252590763106298,-6.4703736957764235
2022-05-04,18.3,-1.8337120575223267,-3.252590763106298
2022-05-05,23.3,2.986261026710288,-1.8337120575223267
2022-05-06,16.1,-4.392673772255435,2.986261026710288
2022-05-07,10.0,-10.670519450777558,-4.392673772255435
2022-05-08,14.4,-6.447279605561976,-10.670519450777558
2022-05-09,21.1,0.07704170121736453,-6.447279605561976
2022-05-10,22.8,1.6024400771373877,0.07704170121736453
2022-05-11,23.9,2.5289109347061185,1.6024400771373877
2022-05-12,23.9,2.356449626126917,2.5289109347061185
2022-05-13,22.2,0.48505157727107573,2.356449626126917
2022-05-14,22.2,0.3147124204854741,0.48505157727107573
2022-05-15,24.4,2.3454281258658405,0.3147124204854741
2022-05-16,23.9,1.6771951306302064,2.3454281258658405
2022-05-17,25.0,2.6100104662330033,1.6771951306302064
2022-05-18,22.2,-0.35612811713375336,2.6100104662330033
2022-05-19,18.9,-3.8212220289981076,-0.35612811713375336
2022-05-20,20.6,-2.285271720362644,-3.8212220289981076
2022-05-21,32.2,9.151723430915418,-2.285271720362644
2022-05-22,31.7,8.489765230799687,9.151723430915418
2022-05-23,22.8,-0.5711432245025883,8.489765230799687
2022-05-24,19.4,-4.1309974466669,-0.5711432245025883
2022-05-25,21.1,-2.589791458211149,-4.1309974466669
2022-05-26,21.1,-2.747517700559957,-2.589791458211149
2022-05-27,26.7,2.6958330525291565,-2.747517700559957
2022-05-28,23.3,-0.8597282240652717,2.6958330525291565
2022-05-29,25.0,0.6858112683075248,-0.8597282240652717
2022-05-30,28.9,4.432466221161828,0.6858112683075248
2022-05-31,33.9,9.280253281725667,4.432466221161828
2022-06-01,22.2,-2.570808890629163,9.280253281725667
2022-06-02,26.1,1.179300425460415,-2.570808890629163
2022-06-03,24.4,-0.6693959435307022,1.179300425460415
2022-06-04,26.7,1.48312697025111,-0.6693959435307022
2022-06-05,25.0,-0.36310369465689973,1.48312697025111
2022-06-06,26.7,1.1919413932192597,-0.36310369465689973
2022-06-07,25.6,-0.05170622657948343,1.1919413932192597
2022-06-08,27.8,2.005987201510006,-0.05170622657948343
2022-06-09,27.2,1.2650576498202497,2.005987201510006
2022-06-10,25.0,-1.074456699021681,1.2650576498202497
2022-06-11,23.3,-2.912515465785699,-1.074456699021681
2022-06-12,22.2,-4.1490760955227195,-2.912515465785699
2022-06-13,29.4,2.9159061144023397,-4.1490760955227195
2022-06-14,27.2,0.582477979190891,2.9159061144023397
2022-06-15,28.3,1.550688384485312,0.582477979190891
2022-06-16,21.7,-5.179411762662422,1.550688384485312
2022-06-17,31.1,4.092230410389728,-5.179411762662422
2022-06-18,23.9,-3.2343303205982217,4.092230410389728
2022-06-19,22.8,-4.459037345719537,-3.2343303205982217
2022-06-20,25.6,-1.7818322962206743,-4.459037345719537
2022-06-21,26.7,-0.8026551259429802,-1.7818322962206743
2022-06-22,19.4,-8.221444198702667,-0.8026551259429802
2022-06-23,23.3,-4.438136381390354,-8.221444198702667
2022-06-24,27.2,-0.6526671425561936,-4.438136381390354
2022-06-25,32.2,4.235029343767742,-0.6526671425561936
2022-06-26,31.7,3.6250200892698707,4.235029343767742
2022-06-27,25.0,-3.18262682213863,3.6250200892698707
2022-06-28,26.1,-2.1878423522342665,-3.18262682213863
2022-06-29,28.9,0.5094433694945941,-2.1878423522342665
2022-06-30,30.0,1.5093009200194345,0.5094433694945941
2022-07-01,32.8,4.211801453458804,1.5093009200194345
2022-07-02,30.6,1.9170165686098208,4.211801453458804
2022-07-03,31.1,2.3250181736606095,1.9170165686098208
2022-07-04,29.4,0.5358783484281204,2.3250181736606095
2022-07-05,30.6,1.6496692044717172,0.5358783484281204
2022-07-06,29.4,0.366462743438575,1.6496692044717172
2022-07-07,28.9,-0.2136692859983924,0.366462743438575
2022-07-08,28.3,-0.8906555322462033,-0.2136692859983924
2022-07-09,29.4,0.1355748144258797,-0.8906555322462033
2022-07-10,28.3,-1.0349081232043282,0.1355748144258797
2022-07-11,29.4,-0.0020350543419880296,-1.0349081232043282
2022-07-12,32.2,2.7342623352242015,-0.0020350543419880296
2022-07-13,32.8,3.2740512393182364,2.7342623352242015
2022-07-14,32.2,2.6173975887352547,3.2740512393182364
2022-07-15,30.0,0.3643659101238974,2.6173975887352547
2022-07-16,29.4,-0.2849808132490921,0.3643659101238974
2022-07-17,28.3,-1.4305812784997407,-0.2849808132490921
2022-07-18,27.2,-2.5723759975460787,-1.4305812784997407
2022-07-19,32.2,2.3896925713939865,-2.5723759975460787
2022-07-20,35.0,5.155679895558098,2.3896925713939865
2022-07-21,33.3,3.425639242971787,5.155679895558098
2022-07-22,34.4,4.499621561671212,3.425639242971787
2022-07-23,35.0,5.077675363120111,4.499621561671212
2022-07-24,35.0,5.059846610113169,5.077675363120111
2022-07-25,30.0,0.04617860944633634,5.059846610113169
2022-07-26,27.2,-2.763288090378019,0.04617860944633634
2022-07-27,29.4,-0.568515796156543,-2.763288090378019
2022-07-28,30.6,0.6305302385397198,-0.568515796156543
2022-07-29,29.4,-0.5661182723540108,0.6305302385397198
2022-07-30,30.6,0.6415672728514252,-0.5661182723540108
2022-07-31,30.0,0.0536122900089282,0.6415672728514252
2022-08-01,25.0,-4.929961058113818,0.0536122900089282
2022-08-02,32.2,2.2908660774201515,-4.929961058113818
2022-08-03,31.7,1.8161091776205254,2.2908660774201515
2022-08-04,33.9,4.045780308249839,1.8161091776205254
2022-08-05,31.7,1.8798880793906108,4.045780308249839
2022-08-06,33.3,3.5184376119915406,1.8798880793906108
2022-08-07,33.3,3.5614305114668348,3.5184376119915406
2022-08-08,33.9,4.208864848404161,3.5614305114668348
2022-08-09,36.1,6.4607351464183616,4.208864848404161
2022-08-10,30.6,1.0170323771694285,6.4607351464183616
2022-08-11,31.7,2.177743962544568,1.0170323771694285
2022-08-12,29.4,-0.05714621601427794,2.177743962544568
2022-08-13,26.1,-3.2876578010746194,-0.05714621601427794
2022-08-14,27.8,-1.513813935724972,-3.2876578010746194
2022-08-15,28.3,-0.9356412331073649,-1.513813935724972
2022-08-16,28.3,-0.8531697390626789,-0.9356412331073649
2022-08-17,27.2,-1.8664328879982186,-0.8531697390626789
2022-08-18,30.6,1.6245325478957788,-1.8664328879982186
2022-08-19,32.2,3.31968651593661,1.6245325478957788
2022-08-20,32.2,3.418985746586408,3.31968651593661
2022-08-21,27.8,-0.8776161767406379,3.418985746586408
2022-08-22,26.1,-2.4701687418932217,-0.8776161767406379
2022-08-23,30.0,1.5412755735724417,-2.4701687418932217
2022-08-24,32.2,3.8566613894964767,1.5412755735724417
2022-08-25,32.8,4.575930515531535,3.8566613894964767
2022-08-26,30.6,2.499022048622553,4.575930515531535
2022-08-27,32.2,4.2258724752878685,2.499022048622553
2022-08-28,27.8,-0.043584221571673964,4.2258724752878685
2022-08-29,29.4,1.6905835483795961,-0.043584221571673964
2022-08-30,31.7,4.128305097912449,1.6905835483795961
2022-08-31,29.4,1.969507580876499,4.128305097912449
2022-09-01,30.0,2.714116114173965,1.969507580876499
2022-09-02,26.1,-1.0379460972576524,2.714116114173965
2022-09-03,27.8,0.8132423672177964,-1.0379460972576524
2022-09-04,32.2,5.367601273944942,0.8132423672177964
2022-09-05,31.1,4.425048866993791,5.367601273944942
2022-09-06,23.3,-3.2144979981599313,4.425048866993791
2022-09-07,22.2,-4.1511237196381,-3.2144979981599313
2022-09-08,25.6,-0.5849138131963443,-4.1511237196381
2022-09-09,26.7,0.6840452243559838,-0.5849138131963443
2022-09-10,30.0,4.15566605200101,0.6840452243559838
2022-09-11,24.4,-1.270139378728416,4.15566605200101
2022-09-12,27.2,1.7065403125754983,-1.270139378728416
2022-09-13,27.8,2.4856160707374677,1.7065403125754983
2022-09-14,26.7,1.5669985394151098,2.4856160707374677
2022-09-15,23.3,-1.6494018059504718,1.5669985394151098
2022-09-16,23.9,-0.8636745269839636,-1.6494018059504718
2022-09-17,24.4,-0.1759090933534786,-0.8636745269839636
2022-09-18,28.3,3.9138052438022655,-0.1759090933534786
2022-09-19,29.4,5.205379575683189,3.9138052438022655
2022-09-20,26.1,2.098725456568708,5.205379575683189
2022-09-21,26.7,2.8937550211943623,2.098725456568708
2022-09-22,23.9,0.29038109847885707,2.8937550211943623
2022-09-23,17.2,-6.211482678672983,0.29038109847885707
2022-09-24,20.6,-2.6119217677542217,-6.211482678672983
2022-09-25,22.2,-0.811020615476945,-2.6119217677542217
2022-09-26,23.3,0.49113743873208193,-0.811020615476945
2022-09-27,21.1,-1.5055297456625212,0.49113743873208193
2022-09-28,20.6,-1.8011030238058972,-1.5055297456625212
2022-09-29,18.9,-3.2956618842562158,-1.8011030238058972
2022-09-30,16.7,-5.289284373268796,-3.2956618842562158
2022-10-01,16.1,-5.682047024724639,-5.289284373268796
2022-10-02,15.6,-5.974024795850271,-5.682047024724639
2022-10-03,11.7,-9.665291008859338,-5.974024795850271
2022-10-04,12.8,-8.355917298629535,-9.665291008859338
2022-10-05,15.0,-5.945973566510876,-8.355917298629535
2022-10-06,23.3,2.564472059655891,-5.945973566510876
2022-10-07,24.4,3.8753532592496356,2.564472059655891
2022-10-08,14.4,-5.913394453735007,3.8753532592496356
2022-10-09,16.1,-4.001833709631207,-5.913394453735007
2022-10-10,19.4,-0.4900252683902515,-4.001833709631207
2022-10-11,21.1,1.4219719887920164,-0.4900252683902515
2022-10-12,21.1,1.6341010615412692,1.4219719887920164
2022-10-13,20.6,1.346306826109906,1.6341010615412692
2022-10-14,19.4,0.3585360249852876,1.346306826109906
2022-10-15,20.0,1.1707372503831692,0.3585360249852876
2022-10-16,17.8,-0.8171390782753285,1.1707372503831692
2022-10-17,18.9,0.4948592572132142,-0.8171390782753285
2022-10-18,13.3,-4.893313760356353,0.4948592572132142
2022-10-19,12.2,-5.78170242340769,-4.893313760356353
2022-10-20,14.4,-3.3703493448471438,-5.78170242340769
2022-10-21,16.7,-0.8592955086023544,-3.3703493448471438
2022-10-22,18.9,1.551419674759348,-0.8592955086023544
2022-10-23,16.1,-1.0382416924577598,1.551419674759348
2022-10-24,16.1,-0.8283160602144868,-1.0382416924577598
2022-10-25,21.1,4.3811614997149135,-0.8283160602144868
2022-10-26,22.2,5.690157220030564,4.3811614997149135
2022-10-27,18.3,1.9986385602913685,5.690157220030564
2022-10-28,13.3,-2.793425874333245,1.9986385602913685
2022-10-29,14.4,-1.4860664176630216,-2.793425874333245
2022-10-30,17.2,1.5206875698328517,-1.4860664176630216
2022-10-31,18.3,2.826807610614038,1.5206875698328517
2022-11-01,19.4,4.132266017193025,2.826807610614038
2022-11-02,21.1,6.037035797118994,4.132266017193025
2022-11-03,19.4,4.541090556141475,6.037035797118994
2022-11-04,21.1,6.444404399879394,4.541090556141475
2022-11-05,24.4,9.946951834324654,6.444404399879394
2022-11-06,23.9,9.6487076655136,9.946951834324654
2022-11-07,25.0,10.949646898701467,9.6487076655136
2022-11-08,14.4,0.5497446373765875,10.949646898701467
2022-11-09,11.7,-1.9510240175480789,0.5497446373765875
2022-11-10,18.9,5.447315931970765,-1.9510240175480789
2022-11-11,20.0,6.744739281662206,5.447315931970765
2022-11-12,20.6,7.54122052667989,6.744739281662206
2022-11-13,16.1,3.2367337648541152,7.54122052667989
2022-11-14,7.2,-5.468747398216643,3.2367337648541152
2022-11-15,7.8,-4.675249941913832,-5.468747398216643
2022-11-16,10.0,-2.2828015208713577,-4.675249941913832
2022-11-17,7.8,-4.291430552464372,-2.2828015208713577
2022-11-18,6.7,-5.201166301213816,-4.291430552464372
2022-11-19,4.4,-7.312038959814446,-5.201166301213816
2022-11-20,4.4,-7.124079726503931,-7.312038959814446
2022-11-21,5.0,-6.337320878500218,-7.124079726503931
2022-11-22,10.6,-0.5517958412456068,-6.337320878500218
2022-11-23,12.8,1.8324607467923677,-0.5517958412456068
2022-11-24,12.2,1.4154129740010237,1.8324607467923677
2022-11-25,12.8,2.1970236004081993,1.4154129740010237
2022-11-26,13.9,3.4772540075841434,2.1970236004081993
2022-11-27,15.6,5.356064153856826,3.4772540075841434
2022-11-28,12.2,2.133412535021751,5.356064153856826
2022-11-29,6.7,-3.190743849286627,2.133412535021751
2022-11-30,14.4,4.683550476588348,-3.190743849286627
2022-12-01,6.1,-3.443750557545135,4.683550476588348
2022-12-02,8.3,-1.0726945835340622,-3.443750557545135
2022-12-03,14.4,5.196669195476845,-1.0726945835340622
2022-12-04,7.2,-1.8357099983496132,5.196669195476845
2022-12-05,8.9,0.030115485375018736,-1.8357099983496132
2022-12-06,14.4,5.694091734544191,0.030115485375018736
2022-12-07,15.0,6.45616329022624,5.694091734544191
2022-12-08,12.8,4.416273168736927,6.45616329022624
2022-12-09,7.2,-1.0256371098921582,4.416273168736927
2022-12-10,3.9,-4.169627487073704,-1.0256371098921582
2022-12-11,4.4,-3.5157593244961225,-4.169627487073704
2022-12-12,3.3,-4.464095356687323,-3.5157593244961225
2022-12-13,4.4,-3.21469963738933,-4.464095356687323
2022-12-14,3.9,-3.5676374798404544,-3.21469963738933
2022-12-15,5.6,-1.722975391078867,-3.5676374798404544
2022-12-16,6.7,-0.48078100039910154,-1.722975391078867
2022-12-17,6.7,-0.34112298210938263,-0.48078100039910154
2022-12-18,4.4,-2.5040709727548354,-0.34112298210938263
2022-12-19,3.9,-2.8696954829871912,-2.5040709727548354
2022-12-20,3.9,-2.738067804277829,-2.8696954829871912
2022-12-21,4.4,-2.1092599106856973,-2.738067804277829
2022-12-22,8.3,1.916655644093372,-2.1092599106856973
2022-12-23,14.4,8.139605834155482,1.916655644093372
2022-12-24,-9.3,-15.440482726958056,8.139605834155482
2022-12-25,-2.1,-8.123683670649989,-15.440482726958056
2022-12-26,-1.6,-7.5100707539773595,-8.123683670649989
2022-12-27,1.7,-4.099717736972973,-7.5100707539773595
2022-12-28,8.3,2.6073017431212726,-4.099717736972973
2022-12-29,10.6,5.010914300398652,2.6073017431212726
2022-12-30,16.7,11.211046931290035,5.010914300398652
2022-12-31,12.8,7.407627147696851,11.211046931290035
2023-01-01,12.8,7.523247468044331,7.407627147696851
2023-01-02,13.3,8.111573306963365,7.523247468044331
2023-01-03,14.4,9.29611634507952,8.111573306963365
2023-01-04,18.9,13.876807805550037,9.29611634507952
2023-01-05,10.0,5.053580147379687,13.876807805550037
2023-01-06,9.4,4.526367204065584,5.053580147379687
2023-01-07,7.2,2.395104321835647,4.526367204065584
2023-01-08,5.0,0.25972849712021695,2.395104321835647
2023-01-09,6.7,2.020178512896921,0.25972849712021695
2023-01-10,5.0,0.3763950735501451,2.020178512896921
2023-01-11,3.9,-0.6716790621110955,0.3763950735501451
2023-01-12,12.8,8.275901049970006,-0.6716790621110955
2023-01-13,13.9,9.419082667377795,8.275901049970006
2023-01-14,3.3,-1.1421845133830981,9.419082667377795
2023-01-15,5.0,0.5920517652803374,-1.1421845133830981
2023-01-16,8.9,4.521746440662561,0.5920517652803374
2023-01-17,8.3,3.9468572444947707,4.521746440662561
2023-01-18,11.7,7.367344813488586,3.9468572444947707
2023-01-19,6.7,2.3831727953838406,7.367344813488586
2023-01-20,9.4,5.094307950206638,2.3831727953838406
2023-01-21,5.6,1.3007202464551133,5.094307950206638
2023-01-22,5.6,1.302382951942235,1.3007202464551133
2023-01-23,3.9,-0.4007272809620894,1.302382951942235
2023-01-24,7.8,3.4913696640658634,-0.4007272809620894
2023-01-25,12.2,7.878657440625127,3.4913696640658634
2023-01-26,13.9,9.561123306620548,7.878657440625127
2023-01-27,6.7,2.3387581848022023,9.561123306620548
2023-01-28,11.1,6.71155671662944,2.3387581848022023
2023-01-29,11.7,7.279517309291718,6.71155671662944
2023-01-30,12.8,8.342642175735353,7.279517309291718
2023-01-31,10.0,5.5009373675624955,8.342642175735353
2023-02-01,3.3,-1.2455871993134204,5.5009373675624955
2023-02-02,4.4,-0.1969177263537487,-1.2455871993134204
2023-02-03,1.7,-2.953036521501603,-0.1969177263537487
2023-02-04,-2.7,-7.413921995770717,-2.953036521501603
2023-02-05,9.4,4.620451332641662,-7.413921995770717
2023-02-06,11.1,6.25011282669462,4.620451332641662
2023-02-07,6.1,1.175095711291938,6.25011282669462
2023-02-08,11.7,6.695437046533757,1.175095711291938
2023-02-09,12.8,7.711177693465482,6.695437046533757
2023-02-10,16.1,10.922362272376677,7.711177693465482
2023-02-11,7.8,2.5290391137218347,10.922362272376677
2023-02-12,8.9,3.531260201753346,2.5290391137218347
2023-02-13,13.9,8.429081110975751,3.531260201753346
2023-02-14,12.2,6.622560935548497,8.429081110975751
2023-02-15,19.4,13.711762211782418,6.622560935548497
2023-02-16,21.1,15.29675083389277,13.711762211782418
2023-02-17,16.1,10.177595963188868,15.29675083389277
2023-02-18,6.1,0.05436993089713393,10.177595963188868
2023-02-19,10.0,3.8271481348306926,0.05436993089713393
2023-02-20,16.1,9.796008930134303,3.8271481348306926
2023-02-21,10.0,3.561033514348777,9.796008930134303
2023-02-22,6.7,0.12230580705336447,3.561033514348777
2023-02-23,6.7,-0.02008767564124536,0.12230580705336447
2023-02-24,7.2,0.3339420485364055,-0.02008767564124536
2023-02-25,0.6,-6.41551370691758,0.3339420485364055
2023-02-26,10.0,2.831638563526126,-6.41551370691758
2023-02-27,7.8,0.4754944143041726,2.831638563526126
2023-02-28,3.3,-4.183848697968582,0.4754944143041726
2023-03-01,6.7,-0.9462915644910712,-4.183848697968582
2023-03-02,12.2,4.3882666228180245,-0.9462915644910712
2023-03-03,8.3,0.31992811585671,4.3882666228180245
2023-03-04,7.2,-0.9512035473185163,0.31992811585671
2023-03-05,11.7,3.3749762980233875,-0.9512035473185163
2023-03-06,11.1,2.598573282351545,3.3749762980233875
2023-03-07,8.3,-0.3803061601384261,2.598573282351545
2023-03-08,8.9,0.03844504576892582,-0.3803061601384261
2023-03-09,10.6,1.5549344532889773,0.03844504576892582
2023-03-10,7.8,-1.430730069313248,1.5549344532889773
2023-03-11,7.2,-2.2184405012211803,-1.430730069313248
2023-03-12,8.9,-0.7080888307311248,-2.2184405012211803
2023-03-13,7.2,-2.599567215703451,-0.7080888307311248
2023-03-14,3.3,-6.692768142424412,-2.599567215703451
2023-03-15,7.2,-2.987584582506096,-6.692768142424412
2023-03-16,15.0,4.6160898525426095,-2.987584582506096
2023-03-17,15.6,5.01836075943544,4.6160898525426095
2023-03-18,13.3,2.519332794273005,5.01836075943544
2023-03-19,4.4,-6.580890472901563,2.519332794273005
2023-03-20,10.6,-0.5822066998176307,-6.580890472901563
2023-03-21,17.2,5.815485090365637,-0.5822066998176307
2023-03-22,16.7,5.112284375777515,5.815485090365637
2023-03-23,15.6,3.8082890072362456,5.112284375777515
2023-03-24,12.8,0.8035950846264477,3.8082890072362456
2023-03-25,8.3,-3.9017031614647806,0.8035950846264477
2023-03-26,17.2,4.7924865174152185,-3.9017031614647806
2023-03-27,16.7,4.086254280528832,4.7924865174152185
2023-03-28,11.1,-1.7203119030874028,4.086254280528832
2023-03-29,12.8,-0.2271263494144904,-1.7203119030874028
2023-03-30,7.8,-5.43410574779105,-0.2271263494144904
2023-03-31,13.9,0.45883075738915124,-5.43410574779105
2023-04-01,22.2,8.55176149179608,0.45883075738915124
2023-04-02,10.6,-3.255237816744801,8.55176149179608
2023-04-03,15.0,0.9379059009504012,-3.255237816744801
2023-04-04,22.8,8.531263001858274,0.9379059009504012
2023-04-05,13.9,-0.5750989154848618,8.531263001858274
2023-04-06,26.7,12.0188849501995,-0.5750989154848618
2023-04-07,15.6,0.7132765715933918,12.0188849501995
2023-04-08,12.2,-2.8918649310330213,0.7132765715933918
2023-04-09,13.9,-1.396483306088772,-2.8918649310330213
2023-04-10,20.0,4.499474820624291,-1.396483306088772
2023-04-11,23.9,8.196059944737637,4.499474820624291
2023-04-12,28.9,12.993319689648649,8.196059944737637
2023-04-13,32.2,16.091298820307184,12.993319689648649
2023-04-14,32.8,16.490039264384357,16.091298820307184
2023-04-15,23.9,7.389580140732942,16.490039264384357
2023-04-16,21.7,4.989957795029987,7.389580140732942
2023-04-17,20.0,3.0912058424739683,4.989957795029987
2023-04-18,13.9,-3.2066447826094215,3.0912058424739683
2023-04-19,17.8,0.4964342295837163,-3.2066447826094215
2023-04-20,18.9,1.4004686272508309,0.4964342295837163
2023-04-21,21.7,4.005481666265162,1.4004686272508309
2023-04-22,19.4,1.511494185611003,4.005481666265162
2023-04-23,20.6,2.5185246887426302,1.511494185611003
2023-04-24,16.7,-1.5734105693778098,2.5185246887426302
2023-04-25,15.6,-2.8642974898222793,-1.5734105693778098
2023-04-26,15.6,-3.054124032091588,-2.8642974898222793
2023-04-27,13.9,-4.942880111648618,-3.054124032091588
2023-04-28,13.3,-5.73055749288806,-4.942880111648618
2023-04-29,11.7,-7.517149677852327,-5.73055749288806
2023-04-30,15.6,-3.8026517910138455,-7.517149677852327
2023-05-01,16.1,-3.4870604604537725,-3.8026517910138455
2023-05-02,13.3,-6.4703736957764235,-3.4870604604537725
2023-05-03,13.9,-6.052590763106297,-6.4703736957764235
2023-05-04,12.8,-7.333712057522327,-6.052590763106297
2023-05-05,18.9,-1.413738973289714,-7.333712057522327
2023-05-06,22.8,2.3073262277445643,-1.413738973289714
2023-05-07,25.6,4.929480549222443,2.3073262277445643
2023-05-08,25.0,4.152720394438024,4.929480549222443
2023-05-09,21.7,0.6770417012173624,4.152720394438024
2023-05-10,22.8,1.6024400771373877,0.6770417012173624
2023-05-11,26.7,5.328910934706119,1.6024400771373877
2023-05-12,30.6,9.05644962612692,5.328910934706119
2023-05-13,27.8,6.085051577271077,9.05644962612692
2023-05-14,23.3,1.4147124204854755,6.085051577271077
2023-05-15,23.3,1.2454281258658426,1.4147124204854755
2023-05-16,26.1,3.8771951306302093,1.2454281258658426
2023-05-17,20.6,-1.7899895337669953,3.8771951306302093
2023-05-18,16.1,-6.456128117133751,-1.7899895337669953
2023-05-19,21.1,-1.6212220289981047,-6.456128117133751
2023-05-20,18.3,-4.585271720362645,-1.6212220289981047
2023-05-21,21.1,-1.9482765690845838,-4.585271720362645
2023-05-22,23.9,0.6897652307996864,-1.9482765690845838
2023-05-23,21.1,-2.2711432245025875,0.6897652307996864
2023-05-24,25.0,1.4690025533331017,-2.2711432245025875
2023-05-25,20.0,-3.6897914582111504,1.4690025533331017
2023-05-26,22.2,-1.647517700559959,-3.6897914582111504
2023-05-27,25.6,1.5958330525291586,-1.647517700559959
2023-05-28,26.1,1.940271775934729,1.5958330525291586
2023-05-29,26.1,1.7858112683075262,1.940271775934729
2023-05-30,22.2,-2.267533778838171,1.7858112683075262
2023-05-31,25.0,0.3802532817256683,-2.267533778838171
2023-06-01,30.6,5.829191109370839,0.3802532817256683
2023-06-02,32.8,7.879300425460411,5.829191109370839
2023-06-03,20.6,-4.469395943530699,7.879300425460411
2023-06-04,20.6,-4.616873029748888,-4.469395943530699
2023-06-05,24.4,-0.9631036946569012,-4.616873029748888
2023-06-06,26.1,0.5919413932192619,-0.9631036946569012
2023-06-07,20.6,-5.051706226579483,0.5919413932192619
2023-06-08,22.2,-3.594012798489995,-5.051706226579483
2023-06-09,22.2,-3.7349423501797503,-3.594012798489995
2023-06-10,25.6,-0.47445669902167964,-3.7349423501797503
2023-06-11,27.8,1.5874845342143011,-0.47445669902167964
2023-06-12,25.6,-0.7490760955227174,1.5874845342143011
2023-06-13,25.6,-0.8840938855976574,-0.7490760955227174
2023-06-14,24.4,-2.2175220208091098,-0.8840938855976574
2023-06-15,25.0,-1.7493116155146886,-2.2175220208091098
2023-06-16,26.1,-0.77941176266242,-1.7493116155146886
2023-06-17,25.0,-2.007769589610273,-0.77941176266242
2023-06-18,26.7,-0.43433032059822096,-2.007769589610273
2023-06-19,27.2,-0.05903734571953834,-0.43433032059822096
2023-06-20,25.6,-1.7818322962206743,-0.05903734571953834
2023-06-21,22.8,-4.702655125942979,-1.7818322962206743
2023-06-22,22.2,-5.421444198702666,-4.702655125942979
2023-06-23,21.7,-6.0381363813903555,-5.421444198702666
2023-06-24,25.6,-2.2526671425561915,-6.0381363813903555
2023-06-25,29.4,1.435029343767738,-2.2526671425561915
2023-06-26,25.6,-2.474979910730127,1.435029343767738
2023-06-27,26.1,-2.0826268221386286,-2.474979910730127
2023-06-28,27.8,-0.4878423522342672,-2.0826268221386286
2023-06-29,27.8,-0.5905566305054037,-0.4878423522342672
2023-06-30,28.9,0.4093009200194331,-0.5905566305054037
2023-07-01,27.8,-0.7881985465411923,0.4093009200194331
2023-07-02,31.1,2.417016568609821,-0.7881985465411923
2023-07-03,31.7,2.9250181736606073,2.417016568609821
2023-07-04,28.3,-0.5641216515718774,2.9250181736606073
2023-07-05,33.9,4.949669204471714,-0.5641216515718774
2023-07-06,32.2,3.1664627434385793,4.949669204471714
2023-07-07,30.6,1.4863307140016104,3.1664627434385793
2023-07-08,31.1,1.9093444677537974,1.4863307140016104
2023-07-09,27.8,-1.4644251855741182,1.9093444677537974
2023-07-10,28.9,-0.43490812320433037,-1.4644251855741182
2023-07-11,31.7,2.2979649456580127,-0.43490812320433037
2023-07-12,32.8,3.334262335224196,2.2979649456580127
2023-07-13,31.1,1.5740512393182406,3.334262335224196
2023-07-14,28.9,-0.6826024112647495,1.5740512393182406
2023-07-15,31.1,1.4643659101238988,-0.6826024112647495
2023-07-16,25.6,-4.084980813249089,1.4643659101238988
2023-07-17,31.1,1.36941872150026,-4.084980813249089
2023-07-18,28.9,-0.8723759975460794,1.36941872150026
2023-07-19,26.7,-3.110307428606017,-0.8723759975460794
2023-07-20,31.1,1.2556798955580994,-3.110307428606017
2023-07-21,28.9,-0.9743607570282116,1.2556798955580994
2023-07-22,29.4,-0.5003784383287879,-0.9743607570282116
2023-07-23,31.1,1.1776753631201125,-0.5003784383287879
2023-07-24,29.4,-0.5401533898868323,1.1776753631201125
2023-07-25,30.0,0.04617860944633634,-0.5401533898868323
2023-07-26,30.6,0.6367119096219831,0.04617860944633634
2023-07-27,33.3,3.3314842038434556,0.6367119096219831
2023-07-28,33.3,3.3305302385397155,3.3314842038434556
2023-07-29,31.7,1.73388172764599,3.3305302385397155
2023-07-30,26.7,-3.258432727148577,1.73388172764599
2023-07-31,29.4,-0.5463877099910732,-3.258432727148577
2023-08-01,27.8,-2.1299610581138175,-0.5463877099910732
2023-08-02,27.2,-2.709133922579852,-2.1299610581138175
2023-08-03,26.7,-3.1838908223794746,-2.709133922579852
2023-08-04,25.0,-4.85421969175016,-3.1838908223794746
2023-08-05,30.6,0.7798880793906129,-4.85421969175016
2023-08-06,30.6,0.8184376119915449,0.7798880793906129
2023-08-07,27.2,-2.538569488533163,0.8184376119915449
2023-08-08,26.7,-2.991135151595838,-2.538569488533163
2023-08-09,30.0,0.36073514641836013,-2.991135151595838
2023-08-10,27.2,-2.3829676228305736,0.36073514641836013
2023-08-11,29.4,-0.12225603745543268,-2.3829676228305736
2023-08-12,29.4,-0.05714621601427794,-0.12225603745543268
2023-08-13,31.1,1.7123421989253806,-0.05714621601427794
2023-08-14,30.6,1.2861860642750287,1.7123421989253806
2023-08-15,26.7,-2.5356412331073663,1.2861860642750287
2023-08-16,27.8,-1.353169739062679,-2.5356412331073663
2023-08-17,26.1,-2.9664328879982165,-1.353169739062679
2023-08-18,26.7,-2.2754674521042233,-2.9664328879982165
2023-08-19,25.6,-3.2803134840633916,-2.2754674521042233
2023-08-20,29.4,0.6189857465864037,-3.2803134840633916
2023-08-21,31.1,2.422383823259363,0.6189857465864037
2023-08-22,26.1,-2.4701687418932217,2.422383823259363
2023-08-23,26.7,-1.758724426427559,-2.4701687418932217
2023-08-24,22.8,-5.543338610503525,-1.758724426427559
2023-08-25,25.6,-2.6240694844684604,-5.543338610503525
2023-08-26,28.9,0.7990220486225503,-2.6240694844684604
2023-08-27,28.9,0.9258724752878642,0.7990220486225503
2023-08-28,24.4,-3.443584221571676,0.9258724752878642
2023-08-29,26.7,-1.0094164516204032,-3.443584221571676
2023-08-30,28.3,0.7283050979124503,-1.0094164516204032
2023-08-31,25.0,-2.4304924191234996,0.7283050979124503
2023-09-01,24.4,-2.8858838858260363,-2.4304924191234996
2023-09-02,26.1,-1.0379460972576524,-2.8858838858260363
2023-09-03,31.1,4.113242367217797,-1.0379460972576524
2023-09-04,31.7,4.867601273944938,4.113242367217797
2023-09-05,33.3,6.625048866993787,4.867601273944938
2023-09-06,33.9,7.3855020018400666,6.625048866993787
2023-09-07,33.9,7.548876280361899,7.3855020018400666
2023-09-08,32.2,6.015086186803657,7.548876280361899
2023-09-09,28.9,2.884045224355983,6.015086186803657
2023-09-10,25.0,-0.8443339479989902,2.884045224355983
2023-09-11,27.8,2.129860621271586,-0.8443339479989902
2023-09-12,27.8,2.3065403125754997,2.129860621271586
2023-09-13,26.1,0.7856160707374684,2.3065403125754997
2023-09-14,25.0,-0.13300146058488949,0.7856160707374684
2023-09-15,20.6,-4.349401805950471,-0.13300146058488949
2023-09-16,23.9,-0.8636745269839636,-4.349401805950471
2023-09-17,25.0,0.4240909066465228,-0.8636745269839636
2023-09-18,20.0,-4.386194756197735,0.4240909066465228
2023-09-19,22.2,-1.9946204243168104,-4.386194756197735
2023-09-20,23.3,-0.7012745434312926,-1.9946204243168104
2023-09-21,21.7,-2.1062449788056377,-0.7012745434312926
2023-09-22,21.7,-1.9096189015211422,-2.1062449788056377
2023-09-23,17.2,-6.211482678672983,-1.9096189015211422
2023-09-24,18.9,-4.3119217677542245,-6.211482678672983
2023-09-25,18.9,-4.111020615476946,-4.3119217677542245
2023-09-26,15.6,-7.208862561267919,-4.111020615476946
2023-09-27,17.8,-4.805529745662522,-7.208862561267919
2023-09-28,18.3,-4.101103023805898,-4.805529745662522
2023-09-29,17.2,-4.995661884256215,-4.101103023805898
2023-09-30,18.9,-3.0892843732687965,-4.995661884256215
2023-10-01,24.4,2.617952975275358,-3.0892843732687965
2023-10-02,25.0,3.4259752041497293,2.617952975275358
2023-10-03,26.7,5.334708991140662,3.4259752041497293
2023-10-04,28.3,7.144082701370465,5.334708991140662
2023-10-05,25.0,4.054026433489124,7.144082701370465
2023-10-06,21.7,0.9644720596558898,4.054026433489124
2023-10-07,20.6,0.07535325924963843,0.9644720596558898
2023-10-08,15.0,-5.3133944537350075,0.07535325924963843
2023-10-09,15.6,-4.501833709631208,-5.3133944537350075
2023-10-10,17.2,-2.690025268390251,-4.501833709631208
2023-10-11,20.6,0.9219719887920164,-2.690025268390251
2023-10-12,20.6,1.1341010615412692,0.9219719887920164
2023-10-13,17.2,-2.053693173890096,1.1341010615412692
2023-10-14,13.3,-5.74146397501471,-2.053693173890096
2023-10-15,15.6,-3.229262749616831,-5.74146397501471
2023-10-16,17.2,-1.41713907827533,-3.229262749616831
2023-10-17,16.1,-2.305140742786783,-1.41713907827533
2023-10-18,17.2,-0.9933137603563544,-2.305140742786783
2023-10-19,17.8,-0.18170242340768894,-0.9933137603563544
2023-10-20,17.2,-0.5703493448471448,-0.18170242340768894
2023-10-21,17.2,-0.3592955086023544,-0.5703493448471448
2023-10-22,13.9,-3.44858032524065,-0.3592955086023544
2023-10-23,15.6,-1.5382416924577615,-3.44858032524065
2023-10-24,18.3,1.3716839397855125,-1.5382416924577615
2023-10-25,22.2,5.481161499714911,1.3716839397855125
2023-10-26,25.0,8.490157220030564,5.481161499714911
2023-10-27,23.3,6.9986385602913685,8.490157220030564
2023-10-28,26.7,10.606574125666754,6.9986385602913685
2023-10-29,17.2,1.3139335823369773,10.606574125666754
2023-10-30,15.6,-0.07931243016714795,1.3139335823369773
2023-10-31,10.6,-4.873192389385963,-0.07931243016714795
2023-11-01,9.4,-5.867733982806973,-4.873192389385963
2023-11-02,8.9,-6.162964202881007,-5.867733982806973
2023-11-03,12.8,-2.058909443858523,-6.162964202881007
2023-11-04,16.1,1.444404399879394,-2.058909443858523
2023-11-05,18.3,3.8469518343246563,1.444404399879394
2023-11-06,13.3,-0.9512923344863982,3.8469518343246563
2023-11-07,17.8,3.7496468987014673,-0.9512923344863982
2023-11-08,12.2,-1.6502553626234135,3.7496468987014673
2023-11-09,13.9,0.2489759824519222,-1.6502553626234135
2023-11-10,11.7,-1.7526840680292342,0.2489759824519222
2023-11-11,12.8,-0.4552607183377937,-1.7526840680292342
2023-11-12,6.7,-6.358779473320111,-0.4552607183377937
2023-11-13,9.4,-3.463266235145886,-6.358779473320111
2023-11-14,11.7,-0.9687473982166441,-3.463266235145886
2023-11-15,11.7,-0.7752499419138328,-0.9687473982166441
2023-11-16,18.3,6.017198479128643,-0.7752499419138328
2023-11-17,19.4,7.308569447535627,6.017198479128643
2023-11-18,17.2,5.298833698786183,7.308569447535627
2023-11-19,12.8,1.0879610401855544,5.298833698786183
2023-11-20,7.8,-3.7240797265039314,1.0879610401855544
2023-11-21,8.9,-2.437320878500218,-3.7240797265039314
2023-11-22,12.2,1.0482041587543929,-2.437320878500218
2023-11-23,11.1,0.13246074679236663,1.0482041587543929
2023-11-24,10.6,-0.18458702599897592,0.13246074679236663
2023-11-25,4.4,-6.202976399591801,-0.18458702599897592
2023-11-26,13.3,2.8772540075841437,-6.202976399591801
2023-11-27,13.3,3.056064153856827,2.8772540075841437
2023-11-28,5.0,-5.066587464978248,3.056064153856827
2023-11-29,3.3,-6.5907438492866275,-5.066587464978248
2023-11-30,10.6,0.8835504765883471,-6.5907438492866275
2023-12-01,10.6,1.056249442454865,0.8835504765883471
2023-12-02,15.6,6.227305416465937,1.056249442454865
2023-12-03,11.7,2.4966691954768443,6.227305416465937
2023-12-04,12.2,3.164290001650386,2.4966691954768443
2023-12-05,6.1,-2.769884514624982,3.164290001650386
2023-12-06,6.1,-2.6059082654558097,-2.769884514624982
2023-12-07,3.9,-4.64383670977376,-2.6059082654558097
2023-12-08,10.6,2.216273168736926,-4.64383670977376
2023-12-09,15.0,6.774362890107842,2.216273168736926
2023-12-10,16.1,8.030372512926297,6.774362890107842
2023-12-11,10.0,2.084240675503877,8.030372512926297
2023-12-12,6.7,-1.0640953566873224,2.084240675503877
2023-12-13,8.3,0.6853003626106702,-1.0640953566873224
2023-12-14,5.0,-2.4676374798404543,0.6853003626106702
2023-12-15,14.4,7.077024608921134,-2.4676374798404543
2023-12-16,12.2,5.019218999600898,7.077024608921134
2023-12-17,15.0,7.958877017890617,5.019218999600898
2023-12-18,16.7,9.795929027245164,7.958877017890617
2023-12-19,6.7,-0.06969548298719097,9.795929027245164
2023-12-20,7.8,1.161932195722171,-0.06969548298719097
2023-12-21,5.6,-0.909259910685698,1.161932195722171
2023-12-22,2.8,-3.583344355906629,-0.909259910685698
2023-12-23,6.7,0.43960583415548093,-3.583344355906629
2023-12-24,9.4,3.259517273041946,0.43960583415548093
2023-12-25,9.4,3.3763163293500114,3.259517273041946
2023-12-26,10.6,4.689929246022641,3.3763163293500114
2023-12-27,10.0,4.2002822630270265,4.689929246022641
2023-12-28,12.8,7.107301743121273,4.2002822630270265
2023-12-29,12.8,7.210914300398653,7.107301743121273
2023-12-30,7.8,2.3110469312900346,7.210914300398653
2023-12-31,6.1,0.7076271476968499,2.3110469312900346
2024-01-01,8.3,3.023247468044331,0.7076271476968499
2024-01-02,5.6,0.4115733069633629,3.023247468044331
2024-01-03,6.1,0.9961163450795194,0.4115733069633629
2024-01-04,7.2,2.1768078055500384,0.9961163450795194
2024-01-05,2.8,-2.146419852620313,2.1768078055500384
2024-01-06,3.3,-1.573632795934417,-2.146419852620313
2024-01-07,3.3,-1.5048956781643534,-1.573632795934417
2024-01-08,7.2,2.459728497120217,-1.5048956781643534
2024-01-09,13.9,9.220178512896922,2.459728497120217
2024-01-10,13.9,9.276395073550145,9.220178512896922
2024-01-11,8.3,3.7283209378889053,9.276395073550145
2024-01-12,10.0,5.4759010499700045,3.7283209378889053
2024-01-13,15.6,11.119082667377794,5.4759010499700045
2024-01-14,6.7,2.2578154866169022,11.119082667377794
2024-01-15,-1.6,-6.007948234719663,2.2578154866169022
2024-01-16,0.0,-4.378253559337439,-6.007948234719663
2024-01-17,-4.3,-8.653142755505229,-4.378253559337439
2024-01-18,1.1,-3.2326551865114133,-8.653142755505229
2024-01-19,0.0,-4.3168272046161595,-3.2326551865114133
2024-01-20,-3.2,-7.505692049793362,-4.3168272046161595
2024-01-21,-0.5,-4.799279753544886,-7.505692049793362
2024-01-22,3.3,-0.9976170480577649,-4.799279753544886
2024-01-23,4.4,0.09927271903791102,-0.9976170480577649
2024-01-24,8.9,4.591369664065864,0.09927271903791102
2024-01-25,15.0,10.678657440625127,4.591369664065864
2024-01-26,7.8,3.4611233066205473,10.678657440625127
2024-01-27,9.4,5.0387581848022025,3.4611233066205473
2024-01-28,6.7,2.3115567166294406,5.0387581848022025
2024-01-29,4.4,-0.020482690708281126,2.3115567166294406
2024-01-30,3.3,-1.1573578242646487,-0.020482690708281126
2024-01-31,4.4,-0.09906263243750413,-1.1573578242646487
2024-02-01,7.8,3.2544128006865796,-0.09906263243750413
2024-02-02,7.8,3.2030822736462508,3.2544128006865796
2024-02-03,6.1,1.4469634784983967,3.2030822736462508
2024-02-04,7.8,3.0860780042292832,1.4469634784983967
2024-02-05,7.2,2.4204513326416617,3.0860780042292832
2024-02-06,5.6,0.75011282669462,2.4204513326416617
2024-02-07,8.9,3.9750957112919387,0.75011282669462
2024-02-08,11.7,6.695437046533757,3.9750957112919387
2024-02-09,12.8,7.711177693465482,6.695437046533757
2024-02-10,15.6,10.422362272376677,7.711177693465482
2024-02-11,13.3,8.029039113721836,10.422362272376677
2024-02-12,8.9,3.531260201753346,8.029039113721836
2024-02-13,5.0,-0.47091888902424905,3.531260201753346
2024-02-14,3.3,-2.277439064451502,-0.47091888902424905
2024-02-15,3.9,-1.788237788217582,-2.277439064451502
2024-02-16,6.1,0.29675083389276846,-1.788237788217582
2024-02-17,2.2,-3.7224040368111337,0.29675083389276846
2024-02-18,4.4,-1.6456300691028654,-3.7224040368111337
2024-02-19,5.0,-1.1728518651693074,-1.6456300691028654
2024-02-20,4.4,-1.9039910698656977,-1.1728518651693074
2024-02-21,6.1,-0.33896648565122334,-1.9039910698656977
2024-02-22,7.2,0.6223058070533645,-0.33896648565122334
2024-02-23,8.3,1.5799123243587552,0.6223058070533645
2024-02-24,6.7,-0.16605795146359448,1.5799123243587552
2024-02-25,5.0,-2.01551370691758,-0.16605795146359448
2024-02-26,12.8,5.631638563526127,-2.01551370691758
2024-02-27,12.8,5.4754944143041735,5.631638563526127
2024-02-28,16.7,9.216151302031417,5.4754944143041735
2024-02-29,6.1,-1.5462915644910717,9.216151302031417
2024-03-01,8.9,1.0882666228180256,-1.5462915644910717
2024-03-02,12.8,4.81992811585671,1.0882666228180256
2024-03-03,20.0,11.848796452681484,4.81992811585671
2024-03-04,15.0,6.674976298023388,11.848796452681484
2024-03-05,9.4,0.8985732823515455,6.674976298023388
2024-03-06,11.7,3.0196938398615725,0.8985732823515455
2024-03-07,12.2,3.3384450457689248,3.0196938398615725
2024-03-08,13.9,4.854934453288978,3.3384450457689248
2024-03-09,9.4,0.16926993068675245,4.854934453288978
2024-03-10,10.6,1.1815594987788192,0.16926993068675245
2024-03-11,11.1,1.4919111692688745,1.1815594987788192
2024-03-12,18.9,9.100432784296547,1.4919111692688745
2024-03-13,16.7,6.707231857575588,9.100432784296547
2024-03-14,23.3,13.112415417493905,6.707231857575588
2024-03-15,22.8,12.41608985254261,13.112415417493905
2024-03-16,16.1,5.518360759435442,12.41608985254261
2024-03-17,17.2,6.419332794273004,5.518360759435442
2024-03-18,10.6,-0.3808904729015641,6.419332794273004
2024-03-19,8.9,-2.28220669981763,-0.3808904729015641
2024-03-20,13.9,2.5154850903656385,-2.28220669981763
2024-03-21,6.1,-5.487715624222485,2.5154850903656385
2024-03-22,7.8,-3.991710992763754,-5.487715624222485
2024-03-23,10.0,-1.996404915373553,-3.991710992763754
2024-03-24,8.9,-3.301703161464781,-1.996404915373553
2024-03-25,11.7,-0.7075134825847815,-3.301703161464781
2024-03-26,11.7,-0.9137457194711676,-0.7075134825847815
2024-03-27,11.1,-1.7203119030874028,-0.9137457194711676
2024-03-28,10.6,-2.4271263494144915,-1.7203119030874028
2024-03-29,13.3,0.06589425220895073,-2.4271263494144915
2024-03-30,16.7,3.25883075738915,0.06589425220895073
2024-03-31,16.7,3.0517614917960803,3.25883075738915
2024-04-01,12.2,-1.6552378167448012,3.0517614917960803
2024-04-02,10.6,-3.462094099049599,-1.6552378167448012
2024-04-03,7.2,-7.068736998141726,-3.462094099049599
2024-04-04,11.7,-2.775098915484863,-7.068736998141726
2024-04-05,10.0,-4.6811150498005,-2.775098915484863
2024-04-06,12.2,-2.6867234284066086,-4.6811150498005
2024-04-07,15.6,0.508135068966979,-2.6867234284066086
2024-04-08,20.6,5.303516693911229,0.508135068966979
2024-04-09,26.7,11.19947482062429,5.303516693911229
2024-04-10,19.4,3.6960599447376374,11.19947482062429
2024-04-11,16.1,0.19331968964865176,3.6960599447376374
2024-04-12,17.2,1.0912988203071805,0.19331968964865176
2024-04-13,13.3,-3.009960735615639,1.0912988203071805
2024-04-14,23.9,7.389580140732942,-3.009960735615639
2024-04-15,27.8,11.089957795029989,7.389580140732942
2024-04-16,22.8,5.891205842473969,11.089957795029989
2024-04-17,16.7,-0.4066447826094226,5.891205842473969
2024-04-18,10.0,-7.303565770416284,-0.4066447826094226
2024-04-19,15.6,-1.899531372749168,-7.303565770416284
2024-04-20,21.7,4.005481666265162,-1.899531372749168
2024-04-21,12.2,-5.688505814388996,4.005481666265162
2024-04-22,17.8,-0.28147531125737046,-5.688505814388996
2024-04-23,18.3,0.026589430622191657,-0.28147531125737046
2024-04-24,23.3,4.835702510177722,0.026589430622191657
2024-04-25,15.6,-3.054124032091588,4.835702510177722
2024-04-26,18.3,-0.5428801116486177,-3.054124032091588
2024-04-27,17.8,-1.2305574928880603,-0.5428801116486177
2024-04-28,26.1,6.882850322147675,-1.2305574928880603
2024-04-29,30.6,11.197348208986156,6.882850322147675
2024-04-30,18.9,-0.6870604604537753,11.197348208986156
2024-05-01,26.7,6.929626304223575,-0.6870604604537753
2024-05-02,26.1,6.147409236893704,6.929626304223575
2024-05-03,18.3,-1.8337120575223267,6.147409236893704
2024-05-04,17.2,-3.1137389732897134,-1.8337120575223267
2024-05-05,12.2,-8.292673772255437,-3.1137389732897134
2024-05-06,23.3,2.6294805492224427,-8.292673772255437
2024-05-07,26.7,5.852720394438023,2.6294805492224427
2024-05-08,28.9,7.877041701217362,5.852720394438023
2024-05-09,21.1,-0.09755992286261161,7.877041701217362
2024-05-10,13.3,-8.07108906529388,-0.09755992286261161
2024-05-11,17.8,-3.743550373873081,-8.07108906529388
2024-05-12,13.9,-7.814948422728923,-3.743550373873081
2024-05-13,18.3,-3.5852875795145245,-7.814948422728923
2024-05-14,22.2,0.1454281258658412,-3.5852875795145245
2024-05-15,17.8,-4.4228048693697914,0.1454281258658412
2024-05-16,17.8,-4.589989533766996,-4.4228048693697914
2024-05-17,22.2,-0.35612811713375336,-4.589989533766996
2024-05-18,20.6,-2.1212220289981047,-0.35612811713375336
2024-05-19,23.9,1.0147282796373531,-2.1212220289981047
2024-05-20,23.3,0.2517234309154155,1.0147282796373531
2024-05-21,28.3,5.089765230799689,0.2517234309154155
2024-05-22,28.9,5.52885677549741,5.089765230799689
2024-05-23,26.1,2.569002553333103,5.52885677549741
2024-05-24,28.9,5.210208541788848,2.569002553333103
2024-05-25,27.2,3.352482299440041,5.210208541788848
2024-05-26,27.8,3.795833052529158,3.352482299440041
2024-05-27,22.8,-1.3597282240652717,3.795833052529158
2024-05-28,26.1,1.7858112683075262,-1.3597282240652717
2024-05-29,24.4,-0.0675337788381718,1.7858112683075262
2024-05-30,21.7,-2.9197467182743324,-0.0675337788381718
2024-05-31,23.9,-0.8708088906291636,-2.9197467182743324
2024-06-01,28.3,3.379300425460414,-0.8708088906291636
2024-06-02,27.2,2.1306040564692985,3.379300425460414
2024-06-03,30.0,4.783126970251111,2.1306040564692985
2024-06-04,26.1,0.7368963053431017,4.783126970251111
2024-06-05,26.1,0.5919413932192619,0.7368963053431017
2024-06-06,27.2,1.5482937734205144,0.5919413932192619
2024-06-07,27.8,2.005987201510006,1.5482937734205144
2024-06-08,24.4,-1.534942350179751,2.005987201510006
2024-06-09,23.3,-2.7744566990216804,-1.534942350179751
2024-06-10,23.9,-2.312515465785701,-2.7744566990216804
2024-06-11,22.8,-3.549076095522718,-2.312515465785701
2024-06-12,24.4,-2.0840938855976603,-3.549076095522718
2024-06-13,28.9,2.2824779791908902,-2.0840938855976603
2024-06-14,29.4,2.65068838448531,2.2824779791908902
2024-06-15,26.7,-0.1794117626624221,2.65068838448531
2024-06-16,25.6,-1.4077695896102718,-0.1794117626624221
2024-06-17,28.3,1.1656696794017805,-1.4077695896102718
2024-06-18,30.0,2.7409626542804624,1.1656696794017805
2024-06-19,31.7,4.318167703779324,2.7409626542804624
2024-06-20,32.8,5.297344874057018,4.318167703779324
2024-06-21,34.4,6.778555801297333,5.297344874057018
2024-06-22,33.9,6.161863618609644,6.778555801297333
2024-06-23,33.3,5.447332857443804,6.161863618609644
2024-06-24,26.7,-1.2649706562322613,5.447332857443804
2024-06-25,32.2,4.125020089269874,-1.2649706562322613
2024-06-26,33.9,5.717373177861369,4.125020089269874
2024-06-27,28.9,0.6121576477657307,5.717373177861369
2024-06-28,26.1,-2.290556630505403,0.6121576477657307
2024-06-29,26.1,-2.390699079980564,-2.290556630505403
2024-06-30,29.4,0.8118014534588056,-2.390699079980564
2024-07-01,27.2,-1.4829834313901813,0.8118014534588056
2024-07-02,30.0,1.225018173660608,-1.4829834313901813
2024-07-03,28.3,-0.5641216515718774,1.225018173660608
2024-07-04,31.7,2.749669204471715,-0.5641216515718774
2024-07-05,32.2,3.1664627434385793,2.749669204471715
2024-07-06,33.3,4.186330714001606,3.1664627434385793
2024-07-07,33.9,4.709344467753795,4.186330714001606
2024-07-08,35.0,5.735574814425881,4.709344467753795
2024-07-09,31.7,2.3650918767956703,5.735574814425881
2024-07-10,32.8,3.3979649456580105,2.3650918767956703
2024-07-11,31.7,2.234262335224198,3.3979649456580105
2024-07-12,28.9,-0.6259487606817622,2.234262335224198
2024-07-13,30.6,1.0173975887352533,-0.6259487606817622
2024-07-14,32.2,2.5643659101239002,1.0173975887352533
2024-07-15,32.8,3.1150191867509065,2.5643659101239002
2024-07-16,34.4,4.669418721500257,3.1150191867509065
2024-07-17,32.2,2.427624002453925,4.669418721500257
2024-07-18,30.0,0.18969257139398366,2.427624002453925
2024-07-19,28.3,-1.5443201044419013,0.18969257139398366
2024-07-20,28.3,-1.5743607570282094,-1.5443201044419013
2024-07-21,31.1,1.199621561671215,-1.5743607570282094
2024-07-22,28.9,-1.0223246368798904,1.199621561671215
2024-07-23,27.2,-2.7401533898868315,-1.0223246368798904
2024-07-24,27.2,-2.7538213905536644,-2.7401533898868315
2024-07-25,28.3,-1.6632880903780176,-2.7538213905536644
2024-07-26,28.9,-1.068515796156543,-1.6632880903780176
2024-07-27,30.6,0.6305302385397198,-1.068515796156543
2024-07-28,31.7,1.73388172764599,0.6305302385397198
2024-07-29,28.9,-1.0584327271485776,1.73388172764599
2024-07-30,31.1,1.1536122900089296,-1.0584327271485776
2024-07-31,31.7,1.770038941886181,1.1536122900089296
2024-08-01,35.0,5.090866077420149,1.770038941886181
2024-08-02,33.3,3.4161091776205232,5.090866077420149
2024-08-03,33.9,4.045780308249839,3.4161091776205232
2024-08-04,28.3,-1.5201119206093878,4.045780308249839
2024-08-05,32.2,2.4184376119915463,-1.5201119206093878
2024-08-06,32.2,2.4614305114668404,2.4184376119915463
2024-08-07,22.2,-7.491135151595838,2.4614305114668404
2024-08-08,21.1,-8.539264853581638,-7.491135151595838
2024-08-09,26.7,-2.8829676228305736,-8.539264853581638
2024-08-10,29.4,-0.12225603745543268,-2.8829676228305736
2024-08-11,26.7,-2.7571462160142772,-0.12225603745543268
2024-08-12,27.2,-2.1876578010746215,-2.7571462160142772
2024-08-13,27.2,-2.1138139357249734,-2.1876578010746215
2024-08-14,29.4,0.16435876689263296,-2.1138139357249734
2024-08-15,30.0,0.8468302609373204,0.16435876689263296
2024-08-16,30.6,1.5335671120017835,0.8468302609373204
2024-08-17,26.1,-2.875467452104221,1.5335671120017835
2024-08-18,27.2,-1.6803134840633938,-2.875467452104221
2024-08-19,28.9,0.1189857465864037,-1.6803134840633938
2024-08-20,22.2,-6.477616176740639,0.1189857465864037
2024-08-21,22.8,-5.770168741893222,-6.477616176740639
2024-08-22,24.4,-4.05872442642756,-5.770168741893222
2024-08-23,26.7,-1.6433386105035268,-4.05872442642756
2024-08-24,28.3,0.07593051553153884,-1.6433386105035268
2024-08-25,29.4,1.2990220486225503,0.07593051553153884
2024-08-26,29.4,1.4258724752878642,1.2990220486225503
2024-08-27,30.0,2.1564157784283253,1.4258724752878642
2024-08-28,32.8,5.090583548379595,2.1564157784283253
2024-08-29,27.8,0.22830509791245035,5.090583548379595
2024-08-30,23.3,-4.130492419123499,0.22830509791245035
2024-08-31,25.0,-2.285883885826035,-4.130492419123499
2024-09-01,27.2,0.06205390274234546,-2.285883885826035
2024-09-02,26.1,-0.8867576327822029,0.06205390274234546
2024-09-03,23.3,-3.5323987260550602,-0.8867576327822029
2024-09-04,25.0,-1.6749511330062106,-3.5323987260550602
2024-09-05,25.0,-1.514497998159932,-1.6749511330062106
2024-09-06,25.6,-0.7511237196380982,-1.514497998159932
2024-09-07,24.4,-1.7849138131963471,-0.7511237196380982
2024-09-08,20.6,-5.415954775644014,-1.7849138131963471
2024-09-09,23.9,-1.9443339479989916,-5.415954775644014
2024-09-10,25.6,-0.07013937872841325,-1.9443339479989916
2024-09-11,26.1,0.6065403125755005,-0.07013937872841325
2024-09-12,26.7,1.3856160707374663,0.6065403125755005
2024-09-13,27.8,2.6669985394151112,1.3856160707374663
2024-09-14,28.3,3.350598194049528,2.6669985394151112
2024-09-15,26.7,1.936325473016037,3.350598194049528
2024-09-16,25.0,0.4240909066465228,1.936325473016037
2024-09-17,26.1,1.7138052438022662,0.4240909066465228
2024-09-18,23.9,-0.2946204243168111,1.7138052438022662
2024-09-19,28.9,4.898725456568705,-0.2946204243168111
2024-09-20,27.2,3.3937550211943623,4.898725456568705
2024-09-21,26.1,2.49038109847886,3.3937550211943623
2024-09-22,23.3,-0.11148267867298145,2.49038109847886
2024-09-23,19.4,-3.8119217677542245,-0.11148267867298145
2024-09-24,20.0,-3.0110206154769443,-3.8119217677542245
2024-09-25,20.0,-2.808862561267919,-3.0110206154769443
2024-09-26,23.3,0.6944702543374781,-2.808862561267919
2024-09-27,23.3,0.8988969761941021,0.6944702543374781
2024-09-28,20.0,-2.1956618842562143,0.8988969761941021
2024-09-29,17.2,-4.789284373268796,-2.1956618842562143
2024-09-30,22.2,0.4179529752753588,-4.789284373268796
2024-10-01,20.6,-0.9740247958502692,0.4179529752753588
2024-10-02,20.0,-1.3652910088593373,-0.9740247958502692
2024-10-03,22.2,1.0440827013704634,-1.3652910088593373
2024-10-04,22.8,1.8540264334891248,1.0440827013704634
2024-10-05,23.9,3.164472059655889,1.8540264334891248
2024-10-06,21.7,1.1753532592496363,3.164472059655889
2024-10-07,23.9,3.586605546264991,1.1753532592496363
2024-10-08,20.0,-0.10183370963120808,3.586605546264991
2024-10-09,20.0,0.10997473160974991,-0.10183370963120808
2024-10-10,16.7,-2.9780280112079858,0.10997473160974991
2024-10-11,20.0,0.5341010615412678,-2.9780280112079858
2024-10-12,23.3,4.046306826109905,0.5341010615412678
2024-10-13,20.6,1.5585360249852904,4.046306826109905
2024-10-14,18.9,0.0707372503831678,1.5585360249852904
2024-10-15,13.9,-4.717139078275329,0.0707372503831678
2024-10-16,15.0,-3.4051407427867844,-4.717139078275329
2024-10-17,14.4,-3.7933137603563534,-3.4051407427867844
2024-10-18,18.9,0.9182975765923089,-3.7933137603563534
2024-10-19,21.7,3.929650655152855,0.9182975765923089
2024-10-20,22.8,5.240704491397647,3.929650655152855
2024-10-21,26.1,8.751419674759351,5.240704491397647
2024-10-22,27.2,10.061758307542238,8.751419674759351
2024-10-23,23.9,6.97168393978551,10.061758307542238
2024-10-24,20.6,3.8811614997149135,6.97168393978551
2024-10-25,16.7,0.19015722003056368,3.8811614997149135
2024-10-26,17.8,1.4986385602913685,0.19015722003056368
2024-10-27,13.9,-2.1934258743332453,1.4986385602913685
2024-10-28,16.1,0.21393358233697946,-2.1934258743332453
2024-10-29,17.2,1.5206875698328517,0.21393358233697946
2024-10-30,24.4,8.926807610614036,1.5206875698328517
2024-10-31,27.2,11.932266017193026,8.926807610614036
2024-11-01,26.1,11.037035797118994,11.932266017193026
2024-11-02,15.6,0.7410905561414758,11.037035797118994
2024-11-03,12.2,-2.455595600120608,0.7410905561414758
2024-11-04,14.4,-0.053048165675344094,-2.455595600120608
2024-11-05,22.8,8.548707665513602,-0.053048165675344094
2024-11-06,26.7,12.649646898701466,8.548707665513602
2024-11-07,22.8,8.949744637376588,12.649646898701466
2024-11-08,20.6,6.948975982451923,8.949744637376588
2024-11-09,12.2,-1.2526840680292342,6.948975982451923
2024-11-10,14.4,1.144739281662206,-1.2526840680292342
2024-11-11,20.0,6.9412205266798885,1.144739281662206
2024-11-12,15.0,2.136733764854114,6.9412205266798885
2024-11-13,10.0,-2.6687473982166434,2.136733764854114
2024-11-14,8.3,-4.175249941913831,-2.6687473982166434
2024-11-15,14.4,2.1171984791286427,-4.175249941913831
2024-11-16,16.7,4.608569447535627,2.1171984791286427
2024-11-17,17.2,5.298833698786183,4.608569447535627
2024-11-18,18.9,7.187961040185552,5.298833698786183
2024-11-19,15.6,4.0759202734960684,7.187961040185552
2024-11-20,15.6,4.262679121499781,4.0759202734960684
2024-11-21,12.2,1.0482041587543929,4.262679121499781
2024-11-22,4.4,-6.567539253207633,1.0482041587543929
2024-11-23,9.4,-1.3845870259989752,-6.567539253207633
2024-11-24,11.7,1.097023600408198,-1.3845870259989752
2024-11-25,12.2,1.7772540075841423,1.097023600408198
2024-11-26,14.4,4.156064153856827,1.7772540075841423
2024-11-27,11.1,1.0334125350217516,4.156064153856827
2024-11-28,9.4,-0.49074384928662695,1.0334125350217516
2024-11-29,8.3,-1.4164495234116519,-0.49074384928662695
2024-11-30,3.9,-5.643750557545134,-1.4164495234116519
2024-12-01,3.3,-6.072694583534063,-5.643750557545134
2024-12-02,3.9,-5.303330804523155,-6.072694583534063
2024-12-03,5.6,-3.4357099983496138,-5.303330804523155
2024-12-04,5.6,-3.269884514624982,-3.4357099983496138
2024-12-05,4.4,-4.305908265455809,-3.269884514624982
2024-12-06,1.1,-7.443836709773761,-4.305908265455809
2024-12-07,5.0,-3.3837268312630737,-7.443836709773761
2024-12-08,12.8,4.574362890107842,-3.3837268312630737
2024-12-09,10.6,2.530372512926295,4.574362890107842
2024-12-10,10.0,2.084240675503877,2.530372512926295
2024-12-11,15.6,7.835904643312677,2.084240675503877
2024-12-12,5.0,-2.6146996373893305,7.835904643312677
2024-12-13,0.6,-6.867637479840455,-2.6146996373893305
2024-12-14,1.1,-6.222975391078867,-6.867637479840455
2024-12-15,5.0,-2.1807810003991017,-6.222975391078867
2024-12-16,11.1,4.058877017890617,-2.1807810003991017
2024-12-17,15.0,8.095929027245164,4.058877017890617
2024-12-18,11.7,4.930304517012808,8.095929027245164
2024-12-19,7.2,0.5619321957221715,4.930304517012808
2024-12-20,2.8,-3.709259910685698,0.5619321957221715
2024-12-21,0.6,-5.783344355906629,-3.709259910685698
2024-12-22,-6.0,-12.26039416584452,-5.783344355906629
2024-12-23,-0.5,-6.640482726958054,-12.26039416584452
2024-12-24,3.9,-2.123683670649989,-6.640482726958054
2024-12-25,1.7,-4.210070753977359,-2.123683670649989
2024-12-26,2.2,-3.5997177369729734,-4.210070753977359
2024-12-27,6.7,1.007301743121272,-3.5997177369729734
2024-12-28,12.2,6.610914300398652,1.007301743121272
2024-12-29,15.6,10.111046931290034,6.610914300398652
2024-12-30,14.4,9.007627147696851,10.111046931290034
2024-12-31,11.7,6.4005831119195,9.007627147696851
2025-01-01,10.6,5.32324746804433,6.4005831119195
2025-01-02,6.1,0.9115733069633629,5.32324746804433
2025-01-03,3.9,-1.2038836549204803,0.9115733069633629
2025-01-04,0.6,-4.423192194449962,-1.2038836549204803
2025-01-05,0.6,-4.346419852620313,-4.423192194449962
2025-01-06,-1.0,-5.873632795934417,-4.346419852620313
2025-01-07,0.6,-4.204895678164354,-5.873632795934417
2025-01-08,-1.0,-5.740271502879783,-4.204895678164354
2025-01-09,0.6,-4.07982148710308,-5.740271502879783
2025-01-10,3.9,-0.723604926449855,-4.07982148710308
2025-01-11,2.2,-2.3716790621110952,-0.723604926449855
2025-01-12,5.6,1.0759010499700041,-2.3716790621110952
2025-01-13,5.6,1.1190826673777945,1.0759010499700041
2025-01-14,1.7,-2.7421845133830978,1.1190826673777945
2025-01-15,0.0,-4.407948234719663,-2.7421845133830978
2025-01-16,-1.0,-5.378253559337439,-4.407948234719663
2025-01-17,5.6,1.2468572444947696,-5.378253559337439
2025-01-18,7.8,3.4673448134885865,1.2468572444947696
2025-01-19,5.0,0.6831727953838405,3.4673448134885865
2025-01-20,-3.2,-7.505692049793362,0.6831727953838405
2025-01-21,-7.1,-11.399279753544885,-7.505692049793362
2025-01-22,-6.6,-10.897617048057764,-11.399279753544885
2025-01-23,-2.1,-6.400727280962089,-10.897617048057764
2025-01-24,0.6,-3.7086303359341364,-6.400727280962089
2025-01-25,0.6,-3.721342559374872,-3.7086303359341364
2025-01-26,6.1,1.7611233066205472,-3.721342559374872
2025-01-27,4.4,0.0387581848022025,1.7611233066205472
2025-01-28,5.6,1.21155671662944,0.0387581848022025
2025-01-29,11.1,6.679517309291718,1.21155671662944
2025-01-30,3.3,-1.1573578242646487,6.679517309291718
2025-01-31,8.9,4.400937367562496,-1.1573578242646487
2025-02-01,8.9,4.35441280068658,4.400937367562496
2025-02-02,-0.5,-5.096917726353749,4.35441280068658
2025-02-03,9.4,4.746963478498397,-5.096917726353749
2025-02-04,8.3,3.586078004229284,4.746963478498397
2025-02-05,2.2,-2.5795486673583383,3.586078004229284
2025-02-06,3.3,-1.5498871733053798,-2.5795486673583383
2025-02-07,6.1,1.175095711291938,-1.5498871733053798
2025-02-08,1.7,-3.3045629534662417,1.175095711291938
2025-02-09,2.2,-2.888822306534519,-3.3045629534662417
2025-02-10,2.8,-2.3776377276233234,-2.888822306534519
2025-02-11,1.7,-3.570960886278165,-2.3776377276233234
2025-02-12,2.2,-3.168739798246654,-3.570960886278165
2025-02-13,7.8,2.3290811109757508,-3.168739798246654
2025-02-14,2.2,-3.3774390644515018,2.3290811109757508
2025-02-15,1.7,-3.9882377882175817,-3.3774390644515018
2025-02-16,8.3,2.4967508338927695,-3.9882377882175817
2025-02-17,2.2,-3.7224040368111337,2.4967508338927695
2025-02-18,-2.7,-8.745630069102866,-3.7224040368111337
2025-02-19,-1.0,-7.172851865169307,-8.745630069102866
2025-02-20,-1.6,-7.9039910698656985,-7.172851865169307
2025-02-21,1.7,-4.738966485651223,-7.9039910698656985
2025-02-22,4.4,-2.1776941929466354,-4.738966485651223
2025-02-23,7.8,1.0799123243587543,-2.1776941929466354
2025-02-24,9.4,2.5339420485364057,1.0799123243587543
2025-02-25,13.9,6.88448629308242,2.5339420485364057
2025-02-26,13.3,6.131638563526127,6.88448629308242
2025-02-27,12.2,4.875494414304172,6.131638563526127
2025-02-28,10.6,3.116151302031418,4.875494414304172
2025-03-01,17.8,10.153708435508928,3.116151302031418
2025-03-02,0.6,-7.211733377181975,10.153708435508928
2025-03-03,3.9,-4.08007188414329,-7.211733377181975
2025-03-04,11.1,2.948796452681483,-4.08007188414329
2025-03-05,12.2,3.8749762980233875,2.948796452681483
2025-03-06,12.8,4.298573282351546,3.8749762980233875
2025-03-07,10.0,1.3196938398615732,4.298573282351546
2025-03-08,7.2,-1.6615549542310744,1.3196938398615732
2025-03-09,11.7,2.654934453288977,-1.6615549542310744
2025-03-10,18.9,9.66926993068675,2.654934453288977
2025-03-11,18.3,8.88155949877882,9.66926993068675
2025-03-12,12.8,3.1919111692688755,8.88155949877882
2025-03-13,10.0,0.20043278429654876,3.1919111692688755
2025-03-14,13.9,3.9072318575755887,0.20043278429654876
2025-03-15,9.4,-0.7875845825060956,3.9072318575755887
2025-03-16,16.1,5.716089852542611,-0.7875845825060956
2025-03-17,15.0,4.418360759435441,5.716089852542611
2025-03-18,16.1,5.319332794273006,4.418360759435441
2025-03-19,17.2,6.219109527098436,5.319332794273006
2025-03-20,11.1,-0.08220669981763074,6.219109527098436
2025-03-21,10.6,-0.7845149096343622,-0.08220669981763074
2025-03-22,17.8,6.212284375777516,-0.7845149096343622
2025-03-23,8.9,-2.8917109927637537,6.212284375777516
2025-03-24,10.0,-1.996404915373553,-2.8917109927637537
2025-03-25,14.4,2.198296838535219,-1.996404915373553
2025-03-26,11.7,-0.7075134825847815,2.198296838535219
2025-03-27,11.7,-0.9137457194711676,-0.7075134825847815
2025-03-28,17.2,4.379688096912597,-0.9137457194711676
2025-03-29,27.2,14.172873650585508,4.379688096912597
2025-03-30,8.9,-4.33410574779105,14.172873650585508
2025-03-31,22.8,9.358830757389152,-4.33410574779105
2025-04-01,14.4,0.7517614917960813,9.358830757389152
2025-04-02,9.4,-4.4552378167448,0.7517614917960813
2025-04-03,22.8,8.737905900950402,-4.4552378167448
2025-04-04,22.8,8.531263001858274,8.737905900950402
2025-04-05,15.0,0.5249010845151378,8.531263001858274
2025-04-06,13.3,-1.3811150498004992,0.5249010845151378
2025-04-07,10.0,-4.886723428406608,-1.3811150498004992
2025-04-08,7.2,-7.8918649310330204,-4.886723428406608
2025-04-09,9.4,-5.896483306088772,-7.8918649310330204
2025-04-10,10.6,-4.900525179375709,-5.896483306088772
2025-04-11,7.8,-7.903940055262361,-4.900525179375709
2025-04-12,4.4,-11.50668031035135,-7.903940055262361
2025-04-13,14.4,-1.7087011796928184,-11.50668031035135
2025-04-14,18.9,2.590039264384359,-1.7087011796928184
2025-04-15,20.6,4.089580140732945,2.590039264384359
2025-04-16,10.0,-6.710042204970012,4.089580140732945
2025-04-17,17.8,0.8912058424739691,-6.710042204970012
2025-04-18,20.0,2.893355217390578,0.8912058424739691
2025-04-19,29.4,12.096434229583714,2.893355217390578
2025-04-20,22.8,5.300468627250833,12.096434229583714
2025-04-21,13.9,-3.794518333734837,5.300468627250833
2025-04-22,27.8,9.911494185611005,-3.794518333734837
2025-04-23,24.4,6.318524688742627,9.911494185611005
2025-04-24,25.0,6.726589430622191,6.318524688742627
2025-04-25,25.0,6.535702510177721,6.726589430622191
2025-04-26,23.3,4.645875967908413,6.535702510177721
2025-04-27,15.0,-3.8428801116486184,4.645875967908413
2025-04-28,24.4,5.369442507111938,-3.8428801116486184
2025-04-29,26.1,6.882850322147675,5.369442507111938
2025-04-30,22.8,3.3973482089861555,6.882850322147675
2025-05-01,21.7,2.1129395395462254,3.3973482089861555
2025-05-02,28.9,9.129626304223574,2.1129395395462254
2025-05-03,29.4,9.447409236893701,9.129626304223574
2025-05-04,20.6,0.466287942477674,9.447409236893701
2025-05-05,16.1,-4.213738973289711,0.466287942477674
2025-05-06,17.8,-2.6926737722554357,-4.213738973289711
2025-05-07,23.3,2.6294805492224427,-2.6926737722554357
2025-05-08,25.6,4.752720394438025,2.6294805492224427
2025-05-09,15.6,-5.422958298782637,4.752720394438025
2025-05-10,22.2,1.0024400771373863,-5.422958298782637
2025-05-11,25.0,3.62891093470612,1.0024400771373863
2025-05-12,22.2,0.6564496261269177,3.62891093470612
2025-05-13,20.6,-1.1149484227289221,0.6564496261269177
2025-05-14,16.7,-5.185287579514526,-1.1149484227289221
2025-05-15,20.6,-1.4545718741341567,-5.185287579514526
2025-05-16,22.2,-0.02280486936979287,-1.4545718741341567
2025-05-17,27.8,5.410010466233004,-0.02280486936979287
2025-05-18,22.8,0.24387188286624806,5.410010466233004
2025-05-19,20.6,-2.1212220289981047,0.24387188286624806
2025-05-20,19.4,-3.485271720362647,-2.1212220289981047
2025-05-21,15.0,-8.048276569084585,-3.485271720362647
2025-05-22,10.6,-12.610234769200312,-8.048276569084585
2025-05-23,17.2,-6.17114322450259,-12.610234769200312
2025-05-24,17.8,-5.730997446666898,-6.17114322450259
2025-05-25,18.9,-4.789791458211152,-5.730997446666898
2025-05-26,22.8,-1.0475177005599576,-4.789791458211152
2025-05-27,23.3,-0.7041669474708421,-1.0475177005599576
2025-05-28,18.3,-5.859728224065272,-0.7041669474708421
2025-05-29,19.4,-4.914188731692477,-5.859728224065272
2025-05-30,23.9,-0.5675337788381718,-4.914188731692477
2025-05-31,19.4,-5.219746718274333,-0.5675337788381718
2025-06-01,18.9,-5.870808890629164,-5.219746718274333
2025-06-02,21.7,-3.220699574539587,-5.870808890629164
2025-06-03,26.1,1.0306040564693006,-3.220699574539587
2025-06-04,28.3,3.0831269702511115,1.0306040564693006
2025-06-05,30.6,5.236896305343102,3.0831269702511115
2025-06-06,28.9,3.391941393219259,5.236896305343102
2025-06-07,24.4,-1.2517062265794863,3.391941393219259
2025-06-08,24.4,-1.394012798489996,-1.2517062265794863
2025-06-09,17.8,-8.134942350179749,-1.394012798489996
2025-06-10,22.8,-3.2744566990216804,-8.134942350179749
2025-06-11,27.2,0.9874845342142997,-3.2744566990216804
2025-06-12,30.6,4.250923904477283,0.9874845342142997
2025-06-13,25.6,-0.8840938855976574,4.250923904477283
2025-06-14,20.0,-6.617522020809108,-0.8840938855976574
2025-06-15,17.8,-8.949311615514688,-6.617522020809108
2025-06-16,20.6,-6.27941176266242,-8.949311615514688
2025-06-17,19.4,-7.607769589610275,-6.27941176266242
2025-06-18,28.9,1.7656696794017783,-7.607769589610275
2025-06-19,31.1,3.840962654280464,1.7656696794017783
2025-06-20,27.8,0.418167703779325,3.840962654280464
2025-06-21,30.0,2.4973448740570205,0.418167703779325
2025-06-22,31.1,3.478555801297336,2.4973448740570205
2025-06-23,35.6,7.861863618609647,3.478555801297336
2025-06-24,37.2,9.34733285744381,7.861863618609647
2025-06-25,35.6,7.635029343767741,9.34733285744381
2025-06-26,29.4,1.32502008926987,7.635029343767741
2025-06-27,22.2,-5.982626822138631,1.32502008926987
2025-06-28,28.3,0.012157647765732804,-5.982626822138631
2025-06-29,31.7,3.309443369494595,0.012157647765732804
2025-06-30,32.2,3.7093009200194373,3.309443369494595
2025-07-01,31.7,3.1118014534588063,3.7093009200194373
2025-07-02,28.9,0.217016568609818,3.1118014534588063
2025-07-03,31.1,2.3250181736606095,0.217016568609818
2025-07-04,28.3,-0.5641216515718774,2.3250181736606095
2025-07-05,28.9,-0.05033079552828568,-0.5641216515718774
2025-07-06,30.6,1.5664627434385778,-0.05033079552828568
2025-07-07,30.6,1.4863307140016104,1.5664627434385778
2025-07-08,33.9,4.709344467753795,1.4863307140016104
2025-07-09,32.2,2.935574814425884,4.709344467753795
2025-07-10,28.9,-0.43490812320433037,2.935574814425884
2025-07-11,28.9,-0.502035054341988,-0.43490812320433037
2025-07-12,28.3,-1.1657376647758007,-0.502035054341988
2025-07-13,28.3,-1.22594876068176,-1.1657376647758007
2025-07-14,29.4,-0.18260241126474952,-1.22594876068176
2025-07-15,30.0,0.3643659101238974,-0.18260241126474952
2025-07-16,30.6,0.9150191867509108,0.3643659101238974
2025-07-17,32.2,2.4694187215002614,0.9150191867509108
2025-07-18,27.8,-1.9723759975460773,2.4694187215002614
2025-07-19,27.2,-2.610307428606017,-1.9723759975460773
2025-07-20,31.1,1.2556798955580994,-2.610307428606017
2025-07-21,29.4,-0.47436075702821157,1.2556798955580994
2025-07-22,27.2,-2.700378438328787,-0.47436075702821157
2025-07-23,26.7,-3.2223246368798897,-2.700378438328787
2025-07-24,30.6,0.6598466101131706,-3.2223246368798897
2025-07-25,35.0,5.046178609446336,0.6598466101131706
2025-07-26,29.4,-0.5632880903780197,5.046178609446336
2025-07-27,28.9,-1.068515796156543,-0.5632880903780197
2025-07-28,34.4,4.430530238539717,-1.068515796156543
2025-07-29,36.1,6.133881727645992,4.430530238539717
2025-07-30,35.0,5.041567272851424,6.133881727645992
2025-07-31,31.7,1.7536122900089275,5.041567272851424
2025-08-01,22.8,-7.1299610581138175,1.7536122900089275
2025-08-02,26.7,-3.209133922579852,-7.1299610581138175
2025-08-03,28.9,-0.9838908223794753,-3.209133922579852
2025-08-04,31.7,1.8457803082498394,-0.9838908223794753
2025-08-05,30.0,0.17988807939061147,1.8457803082498394
2025-08-06,26.1,-3.681562388008455,0.17988807939061147
2025-08-07,27.2,-2.538569488533163,-3.681562388008455
2025-08-08,27.8,-1.8911351515958366,-2.538569488533163
2025-08-09,29.4,-0.2392648535816413,-1.8911351515958366
2025-08-10,32.2,2.61703237716943,-0.2392648535816413
2025-08-11,31.7,2.177743962544568,2.61703237716943
2025-08-12,32.8,3.3428537839857206,2.177743962544568
2025-08-13,31.7,2.3123421989253785,3.3428537839857206
2025-08-14,31.7,2.3861860642750266,2.3123421989253785
2025-08-15,31.7,2.4643587668926337,2.3861860642750266
2025-08-16,28.9,-0.25316973906268103,2.4643587668926337
2025-08-17,32.8,3.7335671120017793,-0.25316973906268103
2025-08-18,23.9,-5.075467452104224,3.7335671120017793
2025-08-19,25.0,-3.880313484063393,-5.075467452104224
2025-08-20,21.1,-7.6810142534135935,-3.880313484063393
2025-08-21,22.2,-6.477616176740639,-7.6810142534135935
2025-08-22,28.3,-0.2701687418932224,-6.477616176740639
2025-08-23,27.8,-0.6587244264275576,-0.2701687418932224
2025-08-24,26.7,-1.6433386105035268,-0.6587244264275576
2025-08-25,30.0,1.7759305155315381,-1.6433386105035268
2025-08-26,26.1,-2.000977951377447,1.7759305155315381
2025-08-27,23.9,-4.074127524712136,-2.000977951377447
2025-08-28,25.6,-2.2435842215716733,-4.074127524712136
2025-08-29,25.6,-2.109416451620401,-2.2435842215716733
2025-08-30,24.4,-3.171694902087552,-2.109416451620401
2025-08-31,26.1,-1.3304924191234981,-3.171694902087552
2025-09-01,25.6,-1.6858838858260334,-1.3304924191234981
2025-09-02,26.1,-1.0379460972576524,-1.6858838858260334
2025-09-03,26.1,-0.8867576327822029,-1.0379460972576524
2025-09-04,25.0,-1.832398726055061,-0.8867576327822029
2025-09-05,27.8,1.1250488669937901,-1.832398726055061
2025-09-06,30.0,3.485502001840068,1.1250488669937901
2025-09-07,20.6,-5.751123719638098,3.485502001840068
2025-09-08,22.8,-3.384913813196345,-5.751123719638098
2025-09-09,22.8,-3.2159547756440148,-3.384913813196345
2025-09-10,22.8,-3.0443339479989895,-3.2159547756440148
2025-09-11,26.1,0.42986062127158675,-3.0443339479989895
2025-09-12,25.6,0.10654031257550045,0.42986062127158675
2025-09-13,25.0,-0.314383929262533,0.10654031257550045
2025-09-14,27.2,2.06699853941511,-0.314383929262533
2025-09-15,26.1,1.150598194049529,2.06699853941511
2025-09-16,23.3,-1.4636745269839615,1.150598194049529
2025-09-17,21.1,-3.4759090933534758,-1.4636745269839615
2025-09-18,28.3,3.9138052438022655,-3.4759090933534758
2025-09-19,28.9,4.705379575683189,3.9138052438022655
2025-09-20,22.8,-1.2012745434312926,4.705379575683189
2025-09-21,21.7,-2.1062449788056377,-1.2012745434312926
2025-09-22,22.8,-0.8096189015211408,-2.1062449788056377
2025-09-23,28.3,4.8885173213270185,-0.8096189015211408
2025-09-24,26.7,3.488078232245776,4.8885173213270185
2025-09-25,25.0,1.9889793845230557,3.488078232245776
2025-09-26,27.8,4.991137438732082,1.9889793845230557
2025-09-27,26.1,3.494470254337479,4.991137438732082
2025-09-28,28.3,5.898896976194102,3.494470254337479
2025-09-29,25.6,3.404338115743787,5.898896976194102
2025-09-30,27.2,5.210715626731204,3.404338115743787
2025-10-01,20.6,-1.182047024724639,5.210715626731204
2025-10-02,18.9,-2.674024795850272,-1.182047024724639
2025-10-03,21.7,0.334708991140662,-2.674024795850272
2025-10-04,27.8,6.644082701370465,0.334708991140662
2025-10-05,28.9,7.954026433489123,6.644082701370465
2025-10-06,26.7,5.96447205965589,7.954026433489123
2025-10-07,26.7,6.175353259249636,5.96447205965589
2025-10-08,22.2,1.8866055462649918,6.175353259249636
2025-10-09,15.0,-5.101833709631208,1.8866055462649918
2025-10-10,16.7,-3.190025268390251,-5.101833709631208
2025-10-11,17.8,-1.8780280112079843,-3.190025268390251
2025-10-12,17.2,-2.265898938458733,-1.8780280112079843
2025-10-13,14.4,-4.853693173890095,-2.265898938458733
2025-10-14,16.1,-2.9414639750147096,-4.853693173890095
2025-10-15,20.0,1.1707372503831692,-2.9414639750147096
2025-10-16,16.1,-2.517139078275328,1.1707372503831692
2025-10-17,17.2,-1.205140742786785,-2.517139078275328
2025-10-18,18.3,0.10668623964364699,-1.205140742786785
2025-10-19,21.1,3.1182975765923118,0.10668623964364699
2025-10-20,20.0,2.229650655152856,3.1182975765923118
2025-10-21,18.9,1.340704491397645,2.229650655152856
2025-10-22,16.7,-0.6485803252406512,1.340704491397645
2025-10-23,15.6,-1.5382416924577615,-0.6485803252406512
2025-10-24,15.0,-1.9283160602144882,-1.5382416924577615
2025-10-25,14.4,-2.3188385002850875,-1.9283160602144882
2025-10-26,15.0,-1.5098427799694356,-2.3188385002850875
2025-10-27,12.8,-3.5013614397086315,-1.5098427799694356
2025-10-28,12.2,-3.8934258743332464,-3.5013614397086315
2025-10-29,13.3,-2.5860664176630213,-3.8934258743332464
2025-10-30,17.2,1.5206875698328517,-2.5860664176630213
2025-10-31,14.4,-1.0731923893859623,1.5206875698328517
2025-11-01,14.4,-0.867733982806973,-1.0731923893859623
2025-11-02,15.0,-0.06296420288100713,-0.867733982806973
2025-11-03,15.0,0.14109055614147614,-0.06296420288100713
2025-11-04,15.0,0.34440439987939264,0.14109055614147614
2025-11-05,18.9,4.446951834324654,0.34440439987939264
2025-11-06,13.9,-0.3512923344863985,4.446951834324654
2025-11-07,16.1,2.049646898701468,-0.3512923344863985
2025-11-08,18.3,4.449744637376588,2.049646898701468
2025-11-09,17.2,3.548975982451921,4.449744637376588
2025-11-10,15.0,1.5473159319707666,3.548975982451921
2025-11-11,5.0,-8.255260718337794,1.5473159319707666
2025-11-12,10.0,-3.0587794733201115,-8.255260718337794
2025-11-13,10.6,-2.2632662351458865,-3.0587794733201115
2025-11-14,10.6,-2.0687473982166438,-2.2632662351458865
2025-11-15,10.0,-2.475249941913832,-2.0687473982166438
2025-11-16,13.3,1.017198479128643,-2.475249941913832
2025-11-17,6.7,-5.391430552464372,1.017198479128643
2025-11-18,7.2,-4.701166301213816,-5.391430552464372
2025-11-19,8.3,-3.4120389598144456,-4.701166301213816
2025-11-20,8.3,-3.2240797265039305,-3.4120389598144456
2025-11-21,11.1,-0.23732087850021877,-3.2240797265039305
2025-11-22,11.1,-0.051795841245606766,-0.23732087850021877
2025-11-23,9.4,-1.5675392532076327,-0.051795841245606766
2025-11-24,11.1,0.3154129740010241,-1.5675392532076327
2025-11-25,14.4,3.797023600408199,0.3154129740010241
2025-11-26,15.0,4.577254007584143,3.797023600408199
2025-11-27,9.4,-0.8439358461431734,4.577254007584143
2025-11-28,6.1,-3.9665874649782484,-0.8439358461431734
2025-11-29,5.6,-4.290743849286628,-3.9665874649782484
2025-11-30,8.3,-1.4164495234116519,-4.290743849286628
2025-12-01,6.1,-3.443750557545135,-1.4164495234116519
2025-12-02,4.4,-4.972694583534063,-3.443750557545135
2025-12-03,5.0,-4.203330804523155,-4.972694583534063
2025-12-04,5.0,-4.035709998349613,-4.203330804523155
2025-12-05,0.0,-8.869884514624982,-4.035709998349613
2025-12-06,5.6,-3.1059082654558097,-8.869884514624982
2025-12-07,6.1,-2.4438367097737608,-3.1059082654558097
2025-12-08,3.3,-5.083726831263074,-2.4438367097737608
2025-12-09,1.7,-6.525637109892158,-5.083726831263074
2025-12-10,8.3,0.23037251292629612,-6.525637109892158
2025-12-11,5.0,-2.915759324496123,0.23037251292629612
2025-12-12,1.7,-6.064095356687322,-2.915759324496123
2025-12-13,5.0,-2.6146996373893305,-6.064095356687322
2025-12-14,0.6,-6.867637479840455,-2.6146996373893305
2025-12-15,-1.7,-9.022975391078866,-6.867637479840455
2025-12-16,0.0,-7.180781000399102,-9.022975391078866
2025-12-17,8.3,1.258877017890618,-7.180781000399102
2025-12-18,10.0,3.0959290272451643,1.258877017890618
2025-12-19,14.4,7.630304517012809,3.0959290272451643
2025-12-20,3.3,-3.338067804277829,7.630304517012809
2025-12-21,7.8,1.2907400893143022,-3.338067804277829
2025-12-22,3.9,-2.483344355906629,1.2907400893143022
2025-12-23,4.4,-1.8603941658445189,-2.483344355906629
2025-12-24,7.8,1.6595172730419456,-1.8603941658445189
2025-12-25,9.4,3.3763163293500114,1.6595172730419456
2025-12-26,-1.7,-7.610070753977359,3.3763163293500114
2025-12-27,-0.6,-6.399717736972973,-7.610070753977359
2025-12-28,3.9,-1.7926982568787282,-6.399717736972973
2025-12-29,9.4,3.810914300398653,-1.7926982568787282
2025-12-30,0.6,-4.888953068709966,3.810914300398653
2025-12-31,0.6,-4.79237285230315,-4.888953068709966
