"index","date","year","count","split","period","calendar_index","dataset","D_max","final_split","neural_split"
1,"2014-01-01",2014,133,"development",365,1,"gva_allshootings",100,"development","train"
2,"2014-01-02",2014,63,"development",365,2,"gva_allshootings",100,"development","train"
3,"2014-01-03",2014,75,"development",365,3,"gva_allshootings",100,"development","train"
4,"2014-01-04",2014,86,"development",365,4,"gva_allshootings",100,"development","train"
5,"2014-01-05",2014,70,"development",365,5,"gva_allshootings",100,"development","train"
6,"2014-01-06",2014,48,"development",365,6,"gva_allshootings",100,"development","train"
7,"2014-01-07",2014,43,"development",365,7,"gva_allshootings",100,"development","train"
8,"2014-01-08",2014,75,"development",365,8,"gva_allshootings",100,"development","train"
9,"2014-01-09",2014,64,"development",365,9,"gva_allshootings",100,"development","train"
10,"2014-01-10",2014,55,"development",365,10,"gva_allshootings",100,"development","train"
11,"2014-01-11",2014,82,"development",365,11,"gva_allshootings",100,"development","train"
12,"2014-01-12",2014,82,"development",365,12,"gva_allshootings",100,"development","train"
13,"2014-01-13",2014,85,"development",365,13,"gva_allshootings",100,"development","train"
14,"2014-01-14",2014,80,"development",365,14,"gva_allshootings",100,"development","train"
15,"2014-01-15",2014,71,"development",365,15,"gva_allshootings",100,"development","train"
16,"2014-01-16",2014,68,"development",365,16,"gva_allshootings",100,"development","train"
17,"2014-01-17",2014,78,"development",365,17,"gva_allshootings",100,"development","train"
18,"2014-01-18",2014,79,"development",365,18,"gva_allshootings",100,"development","train"
19,"2014-01-19",2014,79,"development",365,19,"gva_allshootings",100,"development","train"
20,"2014-01-20",2014,96,"development",365,20,"gva_allshootings",100,"development","train"
21,"2014-01-21",2014,63,"development",365,21,"gva_allshootings",100,"development","train"
22,"2014-01-22",2014,71,"development",365,22,"gva_allshootings",100,"development","train"
23,"2014-01-23",2014,45,"development",365,23,"gva_allshootings",100,"development","train"
24,"2014-01-24",2014,60,"development",365,24,"gva_allshootings",100,"development","train"
25,"2014-01-25",2014,88,"development",365,25,"gva_allshootings",100,"development","train"
26,"2014-01-26",2014,80,"development",365,26,"gva_allshootings",100,"development","train"
27,"2014-01-27",2014,63,"development",365,27,"gva_allshootings",100,"development","train"
28,"2014-01-28",2014,70,"development",365,28,"gva_allshootings",100,"development","train"
29,"2014-01-29",2014,50,"development",365,29,"gva_allshootings",100,"development","train"
30,"2014-01-30",2014,45,"development",365,30,"gva_allshootings",100,"development","train"
31,"2014-01-31",2014,77,"development",365,31,"gva_allshootings",100,"development","train"
32,"2014-02-01",2014,80,"development",365,32,"gva_allshootings",100,"development","train"
33,"2014-02-02",2014,80,"development",365,33,"gva_allshootings",100,"development","train"
34,"2014-02-03",2014,56,"development",365,34,"gva_allshootings",100,"development","train"
35,"2014-02-04",2014,49,"development",365,35,"gva_allshootings",100,"development","train"
36,"2014-02-05",2014,41,"development",365,36,"gva_allshootings",100,"development","train"
37,"2014-02-06",2014,59,"development",365,37,"gva_allshootings",100,"development","train"
38,"2014-02-07",2014,46,"development",365,38,"gva_allshootings",100,"development","train"
39,"2014-02-08",2014,42,"development",365,39,"gva_allshootings",100,"development","train"
40,"2014-02-09",2014,56,"development",365,40,"gva_allshootings",100,"development","train"
41,"2014-02-10",2014,64,"development",365,41,"gva_allshootings",100,"development","train"
42,"2014-02-11",2014,32,"development",365,42,"gva_allshootings",100,"development","train"
43,"2014-02-12",2014,44,"development",365,43,"gva_allshootings",100,"development","train"
44,"2014-02-13",2014,55,"development",365,44,"gva_allshootings",100,"development","train"
45,"2014-02-14",2014,42,"development",365,45,"gva_allshootings",100,"development","train"
46,"2014-02-15",2014,43,"development",365,46,"gva_allshootings",100,"development","train"
47,"2014-02-16",2014,74,"development",365,47,"gva_allshootings",100,"development","train"
48,"2014-02-17",2014,50,"development",365,48,"gva_allshootings",100,"development","train"
49,"2014-02-18",2014,50,"development",365,49,"gva_allshootings",100,"development","train"
50,"2014-02-19",2014,68,"development",365,50,"gva_allshootings",100,"development","train"
51,"2014-02-20",2014,54,"development",365,51,"gva_allshootings",100,"development","train"
52,"2014-02-21",2014,64,"development",365,52,"gva_allshootings",100,"development","train"
53,"2014-02-22",2014,71,"development",365,53,"gva_allshootings",100,"development","train"
54,"2014-02-23",2014,80,"development",365,54,"gva_allshootings",100,"development","train"
55,"2014-02-24",2014,50,"development",365,55,"gva_allshootings",100,"development","train"
56,"2014-02-25",2014,49,"development",365,56,"gva_allshootings",100,"development","train"
57,"2014-02-26",2014,38,"development",365,57,"gva_allshootings",100,"development","train"
58,"2014-02-27",2014,48,"development",365,58,"gva_allshootings",100,"development","train"
59,"2014-02-28",2014,35,"development",365,59,"gva_allshootings",100,"development","train"
60,"2014-03-01",2014,94,"development",365,60,"gva_allshootings",100,"development","train"
61,"2014-03-02",2014,46,"development",365,61,"gva_allshootings",100,"development","train"
62,"2014-03-03",2014,47,"development",365,62,"gva_allshootings",100,"development","train"
63,"2014-03-04",2014,39,"development",365,63,"gva_allshootings",100,"development","train"
64,"2014-03-05",2014,55,"development",365,64,"gva_allshootings",100,"development","train"
65,"2014-03-06",2014,50,"development",365,65,"gva_allshootings",100,"development","train"
66,"2014-03-07",2014,62,"development",365,66,"gva_allshootings",100,"development","train"
67,"2014-03-08",2014,59,"development",365,67,"gva_allshootings",100,"development","train"
68,"2014-03-09",2014,112,"development",365,68,"gva_allshootings",100,"development","train"
69,"2014-03-10",2014,65,"development",365,69,"gva_allshootings",100,"development","train"
70,"2014-03-11",2014,44,"development",365,70,"gva_allshootings",100,"development","train"
71,"2014-03-12",2014,50,"development",365,71,"gva_allshootings",100,"development","train"
72,"2014-03-13",2014,52,"development",365,72,"gva_allshootings",100,"development","train"
73,"2014-03-14",2014,83,"development",365,73,"gva_allshootings",100,"development","train"
74,"2014-03-15",2014,72,"development",365,74,"gva_allshootings",100,"development","train"
75,"2014-03-16",2014,59,"development",365,75,"gva_allshootings",100,"development","train"
76,"2014-03-17",2014,53,"development",365,76,"gva_allshootings",100,"development","train"
77,"2014-03-18",2014,58,"development",365,77,"gva_allshootings",100,"development","train"
78,"2014-03-19",2014,68,"development",365,78,"gva_allshootings",100,"development","train"
79,"2014-03-20",2014,68,"development",365,79,"gva_allshootings",100,"development","train"
80,"2014-03-21",2014,77,"development",365,80,"gva_allshootings",100,"development","train"
81,"2014-03-22",2014,71,"development",365,81,"gva_allshootings",100,"development","train"
82,"2014-03-23",2014,58,"development",365,82,"gva_allshootings",100,"development","train"
83,"2014-03-24",2014,62,"development",365,83,"gva_allshootings",100,"development","train"
84,"2014-03-25",2014,54,"development",365,84,"gva_allshootings",100,"development","train"
85,"2014-03-26",2014,63,"development",365,85,"gva_allshootings",100,"development","train"
86,"2014-03-27",2014,61,"development",365,86,"gva_allshootings",100,"development","train"
87,"2014-03-28",2014,69,"development",365,87,"gva_allshootings",100,"development","train"
88,"2014-03-29",2014,92,"development",365,88,"gva_allshootings",100,"development","train"
89,"2014-03-30",2014,60,"development",365,89,"gva_allshootings",100,"development","train"
90,"2014-03-31",2014,70,"development",365,90,"gva_allshootings",100,"development","train"
91,"2014-04-01",2014,55,"development",365,91,"gva_allshootings",100,"development","train"
92,"2014-04-02",2014,58,"development",365,92,"gva_allshootings",100,"development","train"
93,"2014-04-03",2014,74,"development",365,93,"gva_allshootings",100,"development","train"
94,"2014-04-04",2014,85,"development",365,94,"gva_allshootings",100,"development","train"
95,"2014-04-05",2014,74,"development",365,95,"gva_allshootings",100,"development","train"
96,"2014-04-06",2014,72,"development",365,96,"gva_allshootings",100,"development","train"
97,"2014-04-07",2014,57,"development",365,97,"gva_allshootings",100,"development","train"
98,"2014-04-08",2014,76,"development",365,98,"gva_allshootings",100,"development","train"
99,"2014-04-09",2014,65,"development",365,99,"gva_allshootings",100,"development","train"
100,"2014-04-10",2014,65,"development",365,100,"gva_allshootings",100,"development","train"
101,"2014-04-11",2014,91,"development",365,101,"gva_allshootings",100,"development","train"
102,"2014-04-12",2014,78,"development",365,102,"gva_allshootings",100,"development","train"
103,"2014-04-13",2014,70,"development",365,103,"gva_allshootings",100,"development","train"
104,"2014-04-14",2014,72,"development",365,104,"gva_allshootings",100,"development","train"
105,"2014-04-15",2014,66,"development",365,105,"gva_allshootings",100,"development","train"
106,"2014-04-16",2014,61,"development",365,106,"gva_allshootings",100,"development","train"
107,"2014-04-17",2014,78,"development",365,107,"gva_allshootings",100,"development","train"
108,"2014-04-18",2014,79,"development",365,108,"gva_allshootings",100,"development","train"
109,"2014-04-19",2014,71,"development",365,109,"gva_allshootings",100,"development","train"
110,"2014-04-20",2014,76,"development",365,110,"gva_allshootings",100,"development","train"
111,"2014-04-21",2014,65,"development",365,111,"gva_allshootings",100,"development","train"
112,"2014-04-22",2014,63,"development",365,112,"gva_allshootings",100,"development","train"
113,"2014-04-23",2014,74,"development",365,113,"gva_allshootings",100,"development","train"
114,"2014-04-24",2014,76,"development",365,114,"gva_allshootings",100,"development","train"
115,"2014-04-25",2014,97,"development",365,115,"gva_allshootings",100,"development","train"
116,"2014-04-26",2014,82,"development",365,116,"gva_allshootings",100,"development","train"
117,"2014-04-27",2014,59,"development",365,117,"gva_allshootings",100,"development","train"
118,"2014-04-28",2014,54,"development",365,118,"gva_allshootings",100,"development","train"
119,"2014-04-29",2014,60,"development",365,119,"gva_allshootings",100,"development","train"
120,"2014-04-30",2014,61,"development",365,120,"gva_allshootings",100,"development","train"
121,"2014-05-01",2014,60,"development",365,121,"gva_allshootings",100,"development","train"
122,"2014-05-02",2014,81,"development",365,122,"gva_allshootings",100,"development","train"
123,"2014-05-03",2014,80,"development",365,123,"gva_allshootings",100,"development","train"
124,"2014-05-04",2014,68,"development",365,124,"gva_allshootings",100,"development","train"
125,"2014-05-05",2014,68,"development",365,125,"gva_allshootings",100,"development","train"
126,"2014-05-06",2014,59,"development",365,126,"gva_allshootings",100,"development","train"
127,"2014-05-07",2014,71,"development",365,127,"gva_allshootings",100,"development","train"
128,"2014-05-08",2014,70,"development",365,128,"gva_allshootings",100,"development","train"
129,"2014-05-09",2014,68,"development",365,129,"gva_allshootings",100,"development","train"
130,"2014-05-10",2014,99,"development",365,130,"gva_allshootings",100,"development","train"
131,"2014-05-11",2014,79,"development",365,131,"gva_allshootings",100,"development","train"
132,"2014-05-12",2014,57,"development",365,132,"gva_allshootings",100,"development","train"
133,"2014-05-13",2014,64,"development",365,133,"gva_allshootings",100,"development","train"
134,"2014-05-14",2014,77,"development",365,134,"gva_allshootings",100,"development","train"
135,"2014-05-15",2014,62,"development",365,135,"gva_allshootings",100,"development","train"
136,"2014-05-16",2014,115,"development",365,136,"gva_allshootings",100,"development","train"
137,"2014-05-17",2014,87,"development",365,137,"gva_allshootings",100,"development","train"
138,"2014-05-18",2014,81,"development",365,138,"gva_allshootings",100,"development","train"
139,"2014-05-19",2014,72,"development",365,139,"gva_allshootings",100,"development","train"
140,"2014-05-20",2014,70,"development",365,140,"gva_allshootings",100,"development","train"
141,"2014-05-21",2014,66,"development",365,141,"gva_allshootings",100,"development","train"
142,"2014-05-22",2014,62,"development",365,142,"gva_allshootings",100,"development","train"
143,"2014-05-23",2014,82,"development",365,143,"gva_allshootings",100,"development","train"
144,"2014-05-24",2014,87,"development",365,144,"gva_allshootings",100,"development","train"
145,"2014-05-25",2014,106,"development",365,145,"gva_allshootings",100,"development","train"
146,"2014-05-26",2014,105,"development",365,146,"gva_allshootings",100,"development","train"
147,"2014-05-27",2014,73,"development",365,147,"gva_allshootings",100,"development","train"
148,"2014-05-28",2014,91,"development",365,148,"gva_allshootings",100,"development","train"
149,"2014-05-29",2014,80,"development",365,149,"gva_allshootings",100,"development","train"
150,"2014-05-30",2014,101,"development",365,150,"gva_allshootings",100,"development","train"
151,"2014-05-31",2014,96,"development",365,151,"gva_allshootings",100,"development","train"
152,"2014-06-01",2014,97,"development",365,152,"gva_allshootings",100,"development","train"
153,"2014-06-02",2014,76,"development",365,153,"gva_allshootings",100,"development","train"
154,"2014-06-03",2014,87,"development",365,154,"gva_allshootings",100,"development","train"
155,"2014-06-04",2014,82,"development",365,155,"gva_allshootings",100,"development","train"
156,"2014-06-05",2014,80,"development",365,156,"gva_allshootings",100,"development","train"
157,"2014-06-06",2014,85,"development",365,157,"gva_allshootings",100,"development","train"
158,"2014-06-07",2014,78,"development",365,158,"gva_allshootings",100,"development","train"
159,"2014-06-08",2014,71,"development",365,159,"gva_allshootings",100,"development","train"
160,"2014-06-09",2014,65,"development",365,160,"gva_allshootings",100,"development","train"
161,"2014-06-10",2014,67,"development",365,161,"gva_allshootings",100,"development","train"
162,"2014-06-11",2014,69,"development",365,162,"gva_allshootings",100,"development","train"
163,"2014-06-12",2014,67,"development",365,163,"gva_allshootings",100,"development","train"
164,"2014-06-13",2014,76,"development",365,164,"gva_allshootings",100,"development","train"
165,"2014-06-14",2014,80,"development",365,165,"gva_allshootings",100,"development","train"
166,"2014-06-15",2014,84,"development",365,166,"gva_allshootings",100,"development","train"
167,"2014-06-16",2014,72,"development",365,167,"gva_allshootings",100,"development","train"
168,"2014-06-17",2014,56,"development",365,168,"gva_allshootings",100,"development","train"
169,"2014-06-18",2014,67,"development",365,169,"gva_allshootings",100,"development","train"
170,"2014-06-19",2014,73,"development",365,170,"gva_allshootings",100,"development","train"
171,"2014-06-20",2014,93,"development",365,171,"gva_allshootings",100,"development","train"
172,"2014-06-21",2014,105,"development",365,172,"gva_allshootings",100,"development","train"
173,"2014-06-22",2014,85,"development",365,173,"gva_allshootings",100,"development","train"
174,"2014-06-23",2014,67,"development",365,174,"gva_allshootings",100,"development","train"
175,"2014-06-24",2014,93,"development",365,175,"gva_allshootings",100,"development","train"
176,"2014-06-25",2014,77,"development",365,176,"gva_allshootings",100,"development","train"
177,"2014-06-26",2014,75,"development",365,177,"gva_allshootings",100,"development","train"
178,"2014-06-27",2014,86,"development",365,178,"gva_allshootings",100,"development","train"
179,"2014-06-28",2014,98,"development",365,179,"gva_allshootings",100,"development","train"
180,"2014-06-29",2014,91,"development",365,180,"gva_allshootings",100,"development","train"
181,"2014-06-30",2014,71,"development",365,181,"gva_allshootings",100,"development","train"
182,"2014-07-01",2014,69,"development",365,182,"gva_allshootings",100,"development","train"
183,"2014-07-02",2014,68,"development",365,183,"gva_allshootings",100,"development","train"
184,"2014-07-03",2014,122,"development",365,184,"gva_allshootings",100,"development","train"
185,"2014-07-04",2014,127,"development",365,185,"gva_allshootings",100,"development","train"
186,"2014-07-05",2014,130,"development",365,186,"gva_allshootings",100,"development","train"
187,"2014-07-06",2014,98,"development",365,187,"gva_allshootings",100,"development","train"
188,"2014-07-07",2014,78,"development",365,188,"gva_allshootings",100,"development","train"
189,"2014-07-08",2014,82,"development",365,189,"gva_allshootings",100,"development","train"
190,"2014-07-09",2014,78,"development",365,190,"gva_allshootings",100,"development","train"
191,"2014-07-10",2014,74,"development",365,191,"gva_allshootings",100,"development","train"
192,"2014-07-11",2014,81,"development",365,192,"gva_allshootings",100,"development","train"
193,"2014-07-12",2014,105,"development",365,193,"gva_allshootings",100,"development","train"
194,"2014-07-13",2014,101,"development",365,194,"gva_allshootings",100,"development","train"
195,"2014-07-14",2014,73,"development",365,195,"gva_allshootings",100,"development","train"
196,"2014-07-15",2014,74,"development",365,196,"gva_allshootings",100,"development","train"
197,"2014-07-16",2014,76,"development",365,197,"gva_allshootings",100,"development","train"
198,"2014-07-17",2014,79,"development",365,198,"gva_allshootings",100,"development","train"
199,"2014-07-18",2014,95,"development",365,199,"gva_allshootings",100,"development","train"
200,"2014-07-19",2014,111,"development",365,200,"gva_allshootings",100,"development","train"
201,"2014-07-20",2014,79,"development",365,201,"gva_allshootings",100,"development","train"
202,"2014-07-21",2014,81,"development",365,202,"gva_allshootings",100,"development","train"
203,"2014-07-22",2014,80,"development",365,203,"gva_allshootings",100,"development","train"
204,"2014-07-23",2014,80,"development",365,204,"gva_allshootings",100,"development","train"
205,"2014-07-24",2014,71,"development",365,205,"gva_allshootings",100,"development","train"
206,"2014-07-25",2014,72,"development",365,206,"gva_allshootings",100,"development","train"
207,"2014-07-26",2014,97,"development",365,207,"gva_allshootings",100,"development","train"
208,"2014-07-27",2014,85,"development",365,208,"gva_allshootings",100,"development","train"
209,"2014-07-28",2014,82,"development",365,209,"gva_allshootings",100,"development","train"
210,"2014-07-29",2014,73,"development",365,210,"gva_allshootings",100,"development","train"
211,"2014-07-30",2014,94,"development",365,211,"gva_allshootings",100,"development","train"
212,"2014-07-31",2014,82,"development",365,212,"gva_allshootings",100,"development","train"
213,"2014-08-01",2014,95,"development",365,213,"gva_allshootings",100,"development","train"
214,"2014-08-02",2014,92,"development",365,214,"gva_allshootings",100,"development","train"
215,"2014-08-03",2014,86,"development",365,215,"gva_allshootings",100,"development","train"
216,"2014-08-04",2014,72,"development",365,216,"gva_allshootings",100,"development","train"
217,"2014-08-05",2014,84,"development",365,217,"gva_allshootings",100,"development","train"
218,"2014-08-06",2014,59,"development",365,218,"gva_allshootings",100,"development","train"
219,"2014-08-07",2014,86,"development",365,219,"gva_allshootings",100,"development","train"
220,"2014-08-08",2014,80,"development",365,220,"gva_allshootings",100,"development","train"
221,"2014-08-09",2014,95,"development",365,221,"gva_allshootings",100,"development","train"
222,"2014-08-10",2014,92,"development",365,222,"gva_allshootings",100,"development","train"
223,"2014-08-11",2014,68,"development",365,223,"gva_allshootings",100,"development","train"
224,"2014-08-12",2014,75,"development",365,224,"gva_allshootings",100,"development","train"
225,"2014-08-13",2014,66,"development",365,225,"gva_allshootings",100,"development","train"
226,"2014-08-14",2014,91,"development",365,226,"gva_allshootings",100,"development","train"
227,"2014-08-15",2014,105,"development",365,227,"gva_allshootings",100,"development","train"
228,"2014-08-16",2014,89,"development",365,228,"gva_allshootings",100,"development","train"
229,"2014-08-17",2014,85,"development",365,229,"gva_allshootings",100,"development","train"
230,"2014-08-18",2014,94,"development",365,230,"gva_allshootings",100,"development","train"
231,"2014-08-19",2014,83,"development",365,231,"gva_allshootings",100,"development","train"
232,"2014-08-20",2014,64,"development",365,232,"gva_allshootings",100,"development","train"
233,"2014-08-21",2014,75,"development",365,233,"gva_allshootings",100,"development","train"
234,"2014-08-22",2014,110,"development",365,234,"gva_allshootings",100,"development","train"
235,"2014-08-23",2014,101,"development",365,235,"gva_allshootings",100,"development","train"
236,"2014-08-24",2014,74,"development",365,236,"gva_allshootings",100,"development","train"
237,"2014-08-25",2014,58,"development",365,237,"gva_allshootings",100,"development","train"
238,"2014-08-26",2014,62,"development",365,238,"gva_allshootings",100,"development","train"
239,"2014-08-27",2014,60,"development",365,239,"gva_allshootings",100,"development","train"
240,"2014-08-28",2014,70,"development",365,240,"gva_allshootings",100,"development","train"
241,"2014-08-29",2014,77,"development",365,241,"gva_allshootings",100,"development","train"
242,"2014-08-30",2014,98,"development",365,242,"gva_allshootings",100,"development","train"
243,"2014-08-31",2014,104,"development",365,243,"gva_allshootings",100,"development","train"
244,"2014-09-01",2014,87,"development",365,244,"gva_allshootings",100,"development","train"
245,"2014-09-02",2014,74,"development",365,245,"gva_allshootings",100,"development","train"
246,"2014-09-03",2014,65,"development",365,246,"gva_allshootings",100,"development","train"
247,"2014-09-04",2014,69,"development",365,247,"gva_allshootings",100,"development","train"
248,"2014-09-05",2014,107,"development",365,248,"gva_allshootings",100,"development","train"
249,"2014-09-06",2014,92,"development",365,249,"gva_allshootings",100,"development","train"
250,"2014-09-07",2014,68,"development",365,250,"gva_allshootings",100,"development","train"
251,"2014-09-08",2014,68,"development",365,251,"gva_allshootings",100,"development","train"
252,"2014-09-09",2014,81,"development",365,252,"gva_allshootings",100,"development","train"
253,"2014-09-10",2014,70,"development",365,253,"gva_allshootings",100,"development","train"
254,"2014-09-11",2014,76,"development",365,254,"gva_allshootings",100,"development","train"
255,"2014-09-12",2014,89,"development",365,255,"gva_allshootings",100,"development","train"
256,"2014-09-13",2014,89,"development",365,256,"gva_allshootings",100,"development","train"
257,"2014-09-14",2014,85,"development",365,257,"gva_allshootings",100,"development","train"
258,"2014-09-15",2014,66,"development",365,258,"gva_allshootings",100,"development","train"
259,"2014-09-16",2014,65,"development",365,259,"gva_allshootings",100,"development","train"
260,"2014-09-17",2014,63,"development",365,260,"gva_allshootings",100,"development","train"
261,"2014-09-18",2014,75,"development",365,261,"gva_allshootings",100,"development","train"
262,"2014-09-19",2014,79,"development",365,262,"gva_allshootings",100,"development","train"
263,"2014-09-20",2014,108,"development",365,263,"gva_allshootings",100,"development","train"
264,"2014-09-21",2014,81,"development",365,264,"gva_allshootings",100,"development","train"
265,"2014-09-22",2014,65,"development",365,265,"gva_allshootings",100,"development","train"
266,"2014-09-23",2014,84,"development",365,266,"gva_allshootings",100,"development","train"
267,"2014-09-24",2014,56,"development",365,267,"gva_allshootings",100,"development","train"
268,"2014-09-25",2014,77,"development",365,268,"gva_allshootings",100,"development","train"
269,"2014-09-26",2014,91,"development",365,269,"gva_allshootings",100,"development","train"
270,"2014-09-27",2014,97,"development",365,270,"gva_allshootings",100,"development","train"
271,"2014-09-28",2014,69,"development",365,271,"gva_allshootings",100,"development","train"
272,"2014-09-29",2014,62,"development",365,272,"gva_allshootings",100,"development","train"
273,"2014-09-30",2014,72,"development",365,273,"gva_allshootings",100,"development","train"
274,"2014-10-01",2014,65,"development",365,274,"gva_allshootings",100,"development","train"
275,"2014-10-02",2014,67,"development",365,275,"gva_allshootings",100,"development","train"
276,"2014-10-03",2014,70,"development",365,276,"gva_allshootings",100,"development","train"
277,"2014-10-04",2014,98,"development",365,277,"gva_allshootings",100,"development","train"
278,"2014-10-05",2014,54,"development",365,278,"gva_allshootings",100,"development","train"
279,"2014-10-06",2014,58,"development",365,279,"gva_allshootings",100,"development","train"
280,"2014-10-07",2014,74,"development",365,280,"gva_allshootings",100,"development","train"
281,"2014-10-08",2014,53,"development",365,281,"gva_allshootings",100,"development","train"
282,"2014-10-09",2014,52,"development",365,282,"gva_allshootings",100,"development","train"
283,"2014-10-10",2014,84,"development",365,283,"gva_allshootings",100,"development","train"
284,"2014-10-11",2014,77,"development",365,284,"gva_allshootings",100,"development","train"
285,"2014-10-12",2014,75,"development",365,285,"gva_allshootings",100,"development","train"
286,"2014-10-13",2014,77,"development",365,286,"gva_allshootings",100,"development","train"
287,"2014-10-14",2014,72,"development",365,287,"gva_allshootings",100,"development","train"
288,"2014-10-15",2014,64,"development",365,288,"gva_allshootings",100,"development","train"
289,"2014-10-16",2014,73,"development",365,289,"gva_allshootings",100,"development","train"
290,"2014-10-17",2014,87,"development",365,290,"gva_allshootings",100,"development","train"
291,"2014-10-18",2014,93,"development",365,291,"gva_allshootings",100,"development","train"
292,"2014-10-19",2014,60,"development",365,292,"gva_allshootings",100,"development","train"
293,"2014-10-20",2014,74,"development",365,293,"gva_allshootings",100,"development","train"
294,"2014-10-21",2014,60,"development",365,294,"gva_allshootings",100,"development","train"
295,"2014-10-22",2014,62,"development",365,295,"gva_allshootings",100,"development","train"
296,"2014-10-23",2014,71,"development",365,296,"gva_allshootings",100,"development","train"
297,"2014-10-24",2014,117,"development",365,297,"gva_allshootings",100,"development","train"
298,"2014-10-25",2014,109,"development",365,298,"gva_allshootings",100,"development","train"
299,"2014-10-26",2014,75,"development",365,299,"gva_allshootings",100,"development","train"
300,"2014-10-27",2014,65,"development",365,300,"gva_allshootings",100,"development","train"
301,"2014-10-28",2014,76,"development",365,301,"gva_allshootings",100,"development","train"
302,"2014-10-29",2014,73,"development",365,302,"gva_allshootings",100,"development","train"
303,"2014-10-30",2014,56,"development",365,303,"gva_allshootings",100,"development","train"
304,"2014-10-31",2014,87,"development",365,304,"gva_allshootings",100,"development","train"
305,"2014-11-01",2014,81,"development",365,305,"gva_allshootings",100,"development","train"
306,"2014-11-02",2014,26,"development",365,306,"gva_allshootings",100,"development","train"
307,"2014-11-03",2014,58,"development",365,307,"gva_allshootings",100,"development","train"
308,"2014-11-04",2014,66,"development",365,308,"gva_allshootings",100,"development","train"
309,"2014-11-05",2014,68,"development",365,309,"gva_allshootings",100,"development","train"
310,"2014-11-06",2014,68,"development",365,310,"gva_allshootings",100,"development","train"
311,"2014-11-07",2014,69,"development",365,311,"gva_allshootings",100,"development","train"
312,"2014-11-08",2014,110,"development",365,312,"gva_allshootings",100,"development","train"
313,"2014-11-09",2014,108,"development",365,313,"gva_allshootings",100,"development","train"
314,"2014-11-10",2014,89,"development",365,314,"gva_allshootings",100,"development","train"
315,"2014-11-11",2014,86,"development",365,315,"gva_allshootings",100,"development","train"
316,"2014-11-12",2014,68,"development",365,316,"gva_allshootings",100,"development","train"
317,"2014-11-13",2014,57,"development",365,317,"gva_allshootings",100,"development","train"
318,"2014-11-14",2014,55,"development",365,318,"gva_allshootings",100,"development","train"
319,"2014-11-15",2014,97,"development",365,319,"gva_allshootings",100,"development","train"
320,"2014-11-16",2014,84,"development",365,320,"gva_allshootings",100,"development","train"
321,"2014-11-17",2014,58,"development",365,321,"gva_allshootings",100,"development","train"
322,"2014-11-18",2014,61,"development",365,322,"gva_allshootings",100,"development","train"
323,"2014-11-19",2014,52,"development",365,323,"gva_allshootings",100,"development","train"
324,"2014-11-20",2014,58,"development",365,324,"gva_allshootings",100,"development","train"
325,"2014-11-21",2014,63,"development",365,325,"gva_allshootings",100,"development","train"
326,"2014-11-22",2014,84,"development",365,326,"gva_allshootings",100,"development","train"
327,"2014-11-23",2014,89,"development",365,327,"gva_allshootings",100,"development","train"
328,"2014-11-24",2014,60,"development",365,328,"gva_allshootings",100,"development","train"
329,"2014-11-25",2014,70,"development",365,329,"gva_allshootings",100,"development","train"
330,"2014-11-26",2014,60,"development",365,330,"gva_allshootings",100,"development","train"
331,"2014-11-27",2014,63,"development",365,331,"gva_allshootings",100,"development","train"
332,"2014-11-28",2014,67,"development",365,332,"gva_allshootings",100,"development","train"
333,"2014-11-29",2014,100,"development",365,333,"gva_allshootings",100,"development","train"
334,"2014-11-30",2014,87,"development",365,334,"gva_allshootings",100,"development","train"
335,"2014-12-01",2014,67,"development",365,335,"gva_allshootings",100,"development","train"
336,"2014-12-02",2014,58,"development",365,336,"gva_allshootings",100,"development","train"
337,"2014-12-03",2014,61,"development",365,337,"gva_allshootings",100,"development","train"
338,"2014-12-04",2014,63,"development",365,338,"gva_allshootings",100,"development","train"
339,"2014-12-05",2014,75,"development",365,339,"gva_allshootings",100,"development","train"
340,"2014-12-06",2014,78,"development",365,340,"gva_allshootings",100,"development","train"
341,"2014-12-07",2014,84,"development",365,341,"gva_allshootings",100,"development","train"
342,"2014-12-08",2014,70,"development",365,342,"gva_allshootings",100,"development","train"
343,"2014-12-09",2014,66,"development",365,343,"gva_allshootings",100,"development","train"
344,"2014-12-10",2014,68,"development",365,344,"gva_allshootings",100,"development","train"
345,"2014-12-11",2014,56,"development",365,345,"gva_allshootings",100,"development","train"
346,"2014-12-12",2014,92,"development",365,346,"gva_allshootings",100,"development","train"
347,"2014-12-13",2014,97,"development",365,347,"gva_allshootings",100,"development","train"
348,"2014-12-14",2014,81,"development",365,348,"gva_allshootings",100,"development","train"
349,"2014-12-15",2014,80,"development",365,349,"gva_allshootings",100,"development","train"
350,"2014-12-16",2014,65,"development",365,350,"gva_allshootings",100,"development","train"
351,"2014-12-17",2014,83,"development",365,351,"gva_allshootings",100,"development","train"
352,"2014-12-18",2014,60,"development",365,352,"gva_allshootings",100,"development","train"
353,"2014-12-19",2014,78,"development",365,353,"gva_allshootings",100,"development","train"
354,"2014-12-20",2014,86,"development",365,354,"gva_allshootings",100,"development","train"
355,"2014-12-21",2014,92,"development",365,355,"gva_allshootings",100,"development","train"
356,"2014-12-22",2014,96,"development",365,356,"gva_allshootings",100,"development","train"
357,"2014-12-23",2014,86,"development",365,357,"gva_allshootings",100,"development","train"
358,"2014-12-24",2014,81,"development",365,358,"gva_allshootings",100,"development","train"
359,"2014-12-25",2014,57,"development",365,359,"gva_allshootings",100,"development","train"
360,"2014-12-26",2014,88,"development",365,360,"gva_allshootings",100,"development","train"
361,"2014-12-27",2014,114,"development",365,361,"gva_allshootings",100,"development","train"
362,"2014-12-28",2014,105,"development",365,362,"gva_allshootings",100,"development","train"
363,"2014-12-29",2014,73,"development",365,363,"gva_allshootings",100,"development","train"
364,"2014-12-30",2014,62,"development",365,364,"gva_allshootings",100,"development","train"
365,"2014-12-31",2014,69,"development",365,365,"gva_allshootings",100,"development","train"
366,"2015-01-01",2015,133,"development",365,366,"gva_allshootings",100,"development","train"
367,"2015-01-02",2015,70,"development",365,367,"gva_allshootings",100,"development","train"
368,"2015-01-03",2015,82,"development",365,368,"gva_allshootings",100,"development","train"
369,"2015-01-04",2015,79,"development",365,369,"gva_allshootings",100,"development","train"
370,"2015-01-05",2015,66,"development",365,370,"gva_allshootings",100,"development","train"
371,"2015-01-06",2015,78,"development",365,371,"gva_allshootings",100,"development","train"
372,"2015-01-07",2015,65,"development",365,372,"gva_allshootings",100,"development","train"
373,"2015-01-08",2015,72,"development",365,373,"gva_allshootings",100,"development","train"
374,"2015-01-09",2015,81,"development",365,374,"gva_allshootings",100,"development","train"
375,"2015-01-10",2015,56,"development",365,375,"gva_allshootings",100,"development","train"
376,"2015-01-11",2015,78,"development",365,376,"gva_allshootings",100,"development","train"
377,"2015-01-12",2015,49,"development",365,377,"gva_allshootings",100,"development","train"
378,"2015-01-13",2015,68,"development",365,378,"gva_allshootings",100,"development","train"
379,"2015-01-14",2015,75,"development",365,379,"gva_allshootings",100,"development","train"
380,"2015-01-15",2015,90,"development",365,380,"gva_allshootings",100,"development","train"
381,"2015-01-16",2015,75,"development",365,381,"gva_allshootings",100,"development","train"
382,"2015-01-17",2015,97,"development",365,382,"gva_allshootings",100,"development","train"
383,"2015-01-18",2015,93,"development",365,383,"gva_allshootings",100,"development","train"
384,"2015-01-19",2015,76,"development",365,384,"gva_allshootings",100,"development","train"
385,"2015-01-20",2015,98,"development",365,385,"gva_allshootings",100,"development","train"
386,"2015-01-21",2015,72,"development",365,386,"gva_allshootings",100,"development","train"
387,"2015-01-22",2015,76,"development",365,387,"gva_allshootings",100,"development","train"
388,"2015-01-23",2015,66,"development",365,388,"gva_allshootings",100,"development","train"
389,"2015-01-24",2015,76,"development",365,389,"gva_allshootings",100,"development","train"
390,"2015-01-25",2015,80,"development",365,390,"gva_allshootings",100,"development","train"
391,"2015-01-26",2015,74,"development",365,391,"gva_allshootings",100,"development","train"
392,"2015-01-27",2015,61,"development",365,392,"gva_allshootings",100,"development","train"
393,"2015-01-28",2015,67,"development",365,393,"gva_allshootings",100,"development","train"
394,"2015-01-29",2015,61,"development",365,394,"gva_allshootings",100,"development","train"
395,"2015-01-30",2015,70,"development",365,395,"gva_allshootings",100,"development","train"
396,"2015-01-31",2015,61,"development",365,396,"gva_allshootings",100,"development","train"
397,"2015-02-01",2015,80,"development",365,397,"gva_allshootings",100,"development","train"
398,"2015-02-02",2015,64,"development",365,398,"gva_allshootings",100,"development","train"
399,"2015-02-03",2015,56,"development",365,399,"gva_allshootings",100,"development","train"
400,"2015-02-04",2015,59,"development",365,400,"gva_allshootings",100,"development","train"
401,"2015-02-05",2015,60,"development",365,401,"gva_allshootings",100,"development","train"
402,"2015-02-06",2015,64,"development",365,402,"gva_allshootings",100,"development","train"
403,"2015-02-07",2015,82,"development",365,403,"gva_allshootings",100,"development","train"
404,"2015-02-08",2015,89,"development",365,404,"gva_allshootings",100,"development","train"
405,"2015-02-09",2015,71,"development",365,405,"gva_allshootings",100,"development","train"
406,"2015-02-10",2015,66,"development",365,406,"gva_allshootings",100,"development","train"
407,"2015-02-11",2015,58,"development",365,407,"gva_allshootings",100,"development","train"
408,"2015-02-12",2015,55,"development",365,408,"gva_allshootings",100,"development","train"
409,"2015-02-13",2015,53,"development",365,409,"gva_allshootings",100,"development","train"
410,"2015-02-14",2015,70,"development",365,410,"gva_allshootings",100,"development","train"
411,"2015-02-15",2015,77,"development",365,411,"gva_allshootings",100,"development","train"
412,"2015-02-16",2015,59,"development",365,412,"gva_allshootings",100,"development","train"
413,"2015-02-17",2015,61,"development",365,413,"gva_allshootings",100,"development","train"
414,"2015-02-18",2015,62,"development",365,414,"gva_allshootings",100,"development","train"
415,"2015-02-19",2015,62,"development",365,415,"gva_allshootings",100,"development","train"
416,"2015-02-20",2015,50,"development",365,416,"gva_allshootings",100,"development","train"
417,"2015-02-21",2015,60,"development",365,417,"gva_allshootings",100,"development","train"
418,"2015-02-22",2015,79,"development",365,418,"gva_allshootings",100,"development","train"
419,"2015-02-23",2015,70,"development",365,419,"gva_allshootings",100,"development","train"
420,"2015-02-24",2015,52,"development",365,420,"gva_allshootings",100,"development","train"
421,"2015-02-25",2015,65,"development",365,421,"gva_allshootings",100,"development","train"
422,"2015-02-26",2015,52,"development",365,422,"gva_allshootings",100,"development","train"
423,"2015-02-27",2015,59,"development",365,423,"gva_allshootings",100,"development","train"
424,"2015-02-28",2015,79,"development",365,424,"gva_allshootings",100,"development","train"
425,"2015-03-01",2015,78,"development",365,425,"gva_allshootings",100,"development","train"
426,"2015-03-02",2015,68,"development",365,426,"gva_allshootings",100,"development","train"
427,"2015-03-03",2015,80,"development",365,427,"gva_allshootings",100,"development","train"
428,"2015-03-04",2015,66,"development",365,428,"gva_allshootings",100,"development","train"
429,"2015-03-05",2015,63,"development",365,429,"gva_allshootings",100,"development","train"
430,"2015-03-06",2015,54,"development",365,430,"gva_allshootings",100,"development","train"
431,"2015-03-07",2015,107,"development",365,431,"gva_allshootings",100,"development","train"
432,"2015-03-08",2015,101,"development",365,432,"gva_allshootings",100,"development","train"
433,"2015-03-09",2015,76,"development",365,433,"gva_allshootings",100,"development","train"
434,"2015-03-10",2015,74,"development",365,434,"gva_allshootings",100,"development","train"
435,"2015-03-11",2015,84,"development",365,435,"gva_allshootings",100,"development","train"
436,"2015-03-12",2015,64,"development",365,436,"gva_allshootings",100,"development","train"
437,"2015-03-13",2015,75,"development",365,437,"gva_allshootings",100,"development","train"
438,"2015-03-14",2015,105,"development",365,438,"gva_allshootings",100,"development","train"
439,"2015-03-15",2015,106,"development",365,439,"gva_allshootings",100,"development","train"
440,"2015-03-16",2015,72,"development",365,440,"gva_allshootings",100,"development","train"
441,"2015-03-17",2015,75,"development",365,441,"gva_allshootings",100,"development","train"
442,"2015-03-18",2015,93,"development",365,442,"gva_allshootings",100,"development","train"
443,"2015-03-19",2015,71,"development",365,443,"gva_allshootings",100,"development","train"
444,"2015-03-20",2015,88,"development",365,444,"gva_allshootings",100,"development","train"
445,"2015-03-21",2015,100,"development",365,445,"gva_allshootings",100,"development","train"
446,"2015-03-22",2015,96,"development",365,446,"gva_allshootings",100,"development","train"
447,"2015-03-23",2015,55,"development",365,447,"gva_allshootings",100,"development","train"
448,"2015-03-24",2015,89,"development",365,448,"gva_allshootings",100,"development","train"
449,"2015-03-25",2015,75,"development",365,449,"gva_allshootings",100,"development","train"
450,"2015-03-26",2015,88,"development",365,450,"gva_allshootings",100,"development","train"
451,"2015-03-27",2015,73,"development",365,451,"gva_allshootings",100,"development","train"
452,"2015-03-28",2015,104,"development",365,452,"gva_allshootings",100,"development","train"
453,"2015-03-29",2015,83,"development",365,453,"gva_allshootings",100,"development","train"
454,"2015-03-30",2015,84,"development",365,454,"gva_allshootings",100,"development","train"
455,"2015-03-31",2015,85,"development",365,455,"gva_allshootings",100,"development","train"
456,"2015-04-01",2015,79,"development",365,456,"gva_allshootings",100,"development","train"
457,"2015-04-02",2015,90,"development",365,457,"gva_allshootings",100,"development","train"
458,"2015-04-03",2015,91,"development",365,458,"gva_allshootings",100,"development","train"
459,"2015-04-04",2015,109,"development",365,459,"gva_allshootings",100,"development","train"
460,"2015-04-05",2015,101,"development",365,460,"gva_allshootings",100,"development","train"
461,"2015-04-06",2015,82,"development",365,461,"gva_allshootings",100,"development","train"
462,"2015-04-07",2015,77,"development",365,462,"gva_allshootings",100,"development","train"
463,"2015-04-08",2015,82,"development",365,463,"gva_allshootings",100,"development","train"
464,"2015-04-09",2015,70,"development",365,464,"gva_allshootings",100,"development","train"
465,"2015-04-10",2015,77,"development",365,465,"gva_allshootings",100,"development","train"
466,"2015-04-11",2015,94,"development",365,466,"gva_allshootings",100,"development","train"
467,"2015-04-12",2015,112,"development",365,467,"gva_allshootings",100,"development","train"
468,"2015-04-13",2015,94,"development",365,468,"gva_allshootings",100,"development","train"
469,"2015-04-14",2015,70,"development",365,469,"gva_allshootings",100,"development","train"
470,"2015-04-15",2015,75,"development",365,470,"gva_allshootings",100,"development","train"
471,"2015-04-16",2015,78,"development",365,471,"gva_allshootings",100,"development","train"
472,"2015-04-17",2015,106,"development",365,472,"gva_allshootings",100,"development","train"
473,"2015-04-18",2015,124,"development",365,473,"gva_allshootings",100,"development","train"
474,"2015-04-19",2015,101,"development",365,474,"gva_allshootings",100,"development","train"
475,"2015-04-20",2015,78,"development",365,475,"gva_allshootings",100,"development","train"
476,"2015-04-21",2015,90,"development",365,476,"gva_allshootings",100,"development","train"
477,"2015-04-22",2015,77,"development",365,477,"gva_allshootings",100,"development","train"
478,"2015-04-23",2015,72,"development",365,478,"gva_allshootings",100,"development","train"
479,"2015-04-24",2015,77,"development",365,479,"gva_allshootings",100,"development","train"
480,"2015-04-25",2015,90,"development",365,480,"gva_allshootings",100,"development","train"
481,"2015-04-26",2015,105,"development",365,481,"gva_allshootings",100,"development","train"
482,"2015-04-27",2015,94,"development",365,482,"gva_allshootings",100,"development","train"
483,"2015-04-28",2015,90,"development",365,483,"gva_allshootings",100,"development","train"
484,"2015-04-29",2015,100,"development",365,484,"gva_allshootings",100,"development","train"
485,"2015-04-30",2015,81,"development",365,485,"gva_allshootings",100,"development","train"
486,"2015-05-01",2015,86,"development",365,486,"gva_allshootings",100,"development","train"
487,"2015-05-02",2015,104,"development",365,487,"gva_allshootings",100,"development","train"
488,"2015-05-03",2015,104,"development",365,488,"gva_allshootings",100,"development","train"
489,"2015-05-04",2015,86,"development",365,489,"gva_allshootings",100,"development","train"
490,"2015-05-05",2015,86,"development",365,490,"gva_allshootings",100,"development","train"
491,"2015-05-06",2015,103,"development",365,491,"gva_allshootings",100,"development","train"
492,"2015-05-07",2015,86,"development",365,492,"gva_allshootings",100,"development","train"
493,"2015-05-08",2015,71,"development",365,493,"gva_allshootings",100,"development","train"
494,"2015-05-09",2015,115,"development",365,494,"gva_allshootings",100,"development","train"
495,"2015-05-10",2015,112,"development",365,495,"gva_allshootings",100,"development","train"
496,"2015-05-11",2015,87,"development",365,496,"gva_allshootings",100,"development","train"
497,"2015-05-12",2015,88,"development",365,497,"gva_allshootings",100,"development","train"
498,"2015-05-13",2015,98,"development",365,498,"gva_allshootings",100,"development","train"
499,"2015-05-14",2015,73,"development",365,499,"gva_allshootings",100,"development","train"
500,"2015-05-15",2015,89,"development",365,500,"gva_allshootings",100,"development","train"
501,"2015-05-16",2015,107,"development",365,501,"gva_allshootings",100,"development","train"
502,"2015-05-17",2015,126,"development",365,502,"gva_allshootings",100,"development","train"
503,"2015-05-18",2015,86,"development",365,503,"gva_allshootings",100,"development","train"
504,"2015-05-19",2015,96,"development",365,504,"gva_allshootings",100,"development","train"
505,"2015-05-20",2015,94,"development",365,505,"gva_allshootings",100,"development","train"
506,"2015-05-21",2015,85,"development",365,506,"gva_allshootings",100,"development","train"
507,"2015-05-22",2015,84,"development",365,507,"gva_allshootings",100,"development","train"
508,"2015-05-23",2015,107,"development",365,508,"gva_allshootings",100,"development","train"
509,"2015-05-24",2015,104,"development",365,509,"gva_allshootings",100,"development","train"
510,"2015-05-25",2015,134,"development",365,510,"gva_allshootings",100,"development","train"
511,"2015-05-26",2015,122,"development",365,511,"gva_allshootings",100,"development","train"
512,"2015-05-27",2015,92,"development",365,512,"gva_allshootings",100,"development","train"
513,"2015-05-28",2015,85,"development",365,513,"gva_allshootings",100,"development","train"
514,"2015-05-29",2015,93,"development",365,514,"gva_allshootings",100,"development","train"
515,"2015-05-30",2015,114,"development",365,515,"gva_allshootings",100,"development","train"
516,"2015-05-31",2015,121,"development",365,516,"gva_allshootings",100,"development","train"
517,"2015-06-01",2015,95,"development",365,517,"gva_allshootings",100,"development","train"
518,"2015-06-02",2015,90,"development",365,518,"gva_allshootings",100,"development","train"
519,"2015-06-03",2015,85,"development",365,519,"gva_allshootings",100,"development","train"
520,"2015-06-04",2015,65,"development",365,520,"gva_allshootings",100,"development","train"
521,"2015-06-05",2015,73,"development",365,521,"gva_allshootings",100,"development","train"
522,"2015-06-06",2015,126,"development",365,522,"gva_allshootings",100,"development","train"
523,"2015-06-07",2015,116,"development",365,523,"gva_allshootings",100,"development","train"
524,"2015-06-08",2015,92,"development",365,524,"gva_allshootings",100,"development","train"
525,"2015-06-09",2015,93,"development",365,525,"gva_allshootings",100,"development","train"
526,"2015-06-10",2015,110,"development",365,526,"gva_allshootings",100,"development","train"
527,"2015-06-11",2015,85,"development",365,527,"gva_allshootings",100,"development","train"
528,"2015-06-12",2015,78,"development",365,528,"gva_allshootings",100,"development","train"
529,"2015-06-13",2015,112,"development",365,529,"gva_allshootings",100,"development","train"
530,"2015-06-14",2015,113,"development",365,530,"gva_allshootings",100,"development","train"
531,"2015-06-15",2015,78,"development",365,531,"gva_allshootings",100,"development","train"
532,"2015-06-16",2015,92,"development",365,532,"gva_allshootings",100,"development","train"
533,"2015-06-17",2015,77,"development",365,533,"gva_allshootings",100,"development","train"
534,"2015-06-18",2015,87,"development",365,534,"gva_allshootings",100,"development","train"
535,"2015-06-19",2015,87,"development",365,535,"gva_allshootings",100,"development","train"
536,"2015-06-20",2015,96,"development",365,536,"gva_allshootings",100,"development","train"
537,"2015-06-21",2015,118,"development",365,537,"gva_allshootings",100,"development","train"
538,"2015-06-22",2015,89,"development",365,538,"gva_allshootings",100,"development","train"
539,"2015-06-23",2015,97,"development",365,539,"gva_allshootings",100,"development","train"
540,"2015-06-24",2015,89,"development",365,540,"gva_allshootings",100,"development","train"
541,"2015-06-25",2015,90,"development",365,541,"gva_allshootings",100,"development","train"
542,"2015-06-26",2015,97,"development",365,542,"gva_allshootings",100,"development","train"
543,"2015-06-27",2015,102,"development",365,543,"gva_allshootings",100,"development","train"
544,"2015-06-28",2015,113,"development",365,544,"gva_allshootings",100,"development","train"
545,"2015-06-29",2015,90,"development",365,545,"gva_allshootings",100,"development","train"
546,"2015-06-30",2015,98,"development",365,546,"gva_allshootings",100,"development","train"
547,"2015-07-01",2015,85,"development",365,547,"gva_allshootings",100,"development","train"
548,"2015-07-02",2015,104,"development",365,548,"gva_allshootings",100,"development","train"
549,"2015-07-03",2015,94,"development",365,549,"gva_allshootings",100,"development","train"
550,"2015-07-04",2015,158,"development",365,550,"gva_allshootings",100,"development","train"
551,"2015-07-05",2015,141,"development",365,551,"gva_allshootings",100,"development","train"
552,"2015-07-06",2015,91,"development",365,552,"gva_allshootings",100,"development","train"
553,"2015-07-07",2015,78,"development",365,553,"gva_allshootings",100,"development","train"
554,"2015-07-08",2015,87,"development",365,554,"gva_allshootings",100,"development","train"
555,"2015-07-09",2015,102,"development",365,555,"gva_allshootings",100,"development","train"
556,"2015-07-10",2015,95,"development",365,556,"gva_allshootings",100,"development","train"
557,"2015-07-11",2015,91,"development",365,557,"gva_allshootings",100,"development","train"
558,"2015-07-12",2015,134,"development",365,558,"gva_allshootings",100,"development","train"
559,"2015-07-13",2015,90,"development",365,559,"gva_allshootings",100,"development","train"
560,"2015-07-14",2015,92,"development",365,560,"gva_allshootings",100,"development","train"
561,"2015-07-15",2015,109,"development",365,561,"gva_allshootings",100,"development","train"
562,"2015-07-16",2015,85,"development",365,562,"gva_allshootings",100,"development","train"
563,"2015-07-17",2015,99,"development",365,563,"gva_allshootings",100,"development","train"
564,"2015-07-18",2015,113,"development",365,564,"gva_allshootings",100,"development","train"
565,"2015-07-19",2015,131,"development",365,565,"gva_allshootings",100,"development","train"
566,"2015-07-20",2015,104,"development",365,566,"gva_allshootings",100,"development","train"
567,"2015-07-21",2015,93,"development",365,567,"gva_allshootings",100,"development","train"
568,"2015-07-22",2015,96,"development",365,568,"gva_allshootings",100,"development","train"
569,"2015-07-23",2015,88,"development",365,569,"gva_allshootings",100,"development","train"
570,"2015-07-24",2015,105,"development",365,570,"gva_allshootings",100,"development","train"
571,"2015-07-25",2015,119,"development",365,571,"gva_allshootings",100,"development","train"
572,"2015-07-26",2015,105,"development",365,572,"gva_allshootings",100,"development","train"
573,"2015-07-27",2015,102,"development",365,573,"gva_allshootings",100,"development","train"
574,"2015-07-28",2015,72,"development",365,574,"gva_allshootings",100,"development","train"
575,"2015-07-29",2015,92,"development",365,575,"gva_allshootings",100,"development","train"
576,"2015-07-30",2015,110,"development",365,576,"gva_allshootings",100,"development","train"
577,"2015-07-31",2015,83,"development",365,577,"gva_allshootings",100,"development","train"
578,"2015-08-01",2015,141,"development",365,578,"gva_allshootings",100,"development","train"
579,"2015-08-02",2015,121,"development",365,579,"gva_allshootings",100,"development","train"
580,"2015-08-03",2015,94,"development",365,580,"gva_allshootings",100,"development","train"
581,"2015-08-04",2015,96,"development",365,581,"gva_allshootings",100,"development","train"
582,"2015-08-05",2015,91,"development",365,582,"gva_allshootings",100,"development","train"
583,"2015-08-06",2015,75,"development",365,583,"gva_allshootings",100,"development","train"
584,"2015-08-07",2015,102,"development",365,584,"gva_allshootings",100,"development","train"
585,"2015-08-08",2015,119,"development",365,585,"gva_allshootings",100,"development","train"
586,"2015-08-09",2015,121,"development",365,586,"gva_allshootings",100,"development","train"
587,"2015-08-10",2015,92,"development",365,587,"gva_allshootings",100,"development","train"
588,"2015-08-11",2015,96,"development",365,588,"gva_allshootings",100,"development","train"
589,"2015-08-12",2015,89,"development",365,589,"gva_allshootings",100,"development","train"
590,"2015-08-13",2015,77,"development",365,590,"gva_allshootings",100,"development","train"
591,"2015-08-14",2015,85,"development",365,591,"gva_allshootings",100,"development","train"
592,"2015-08-15",2015,98,"development",365,592,"gva_allshootings",100,"development","train"
593,"2015-08-16",2015,129,"development",365,593,"gva_allshootings",100,"development","train"
594,"2015-08-17",2015,82,"development",365,594,"gva_allshootings",100,"development","train"
595,"2015-08-18",2015,83,"development",365,595,"gva_allshootings",100,"development","train"
596,"2015-08-19",2015,86,"development",365,596,"gva_allshootings",100,"development","train"
597,"2015-08-20",2015,78,"development",365,597,"gva_allshootings",100,"development","train"
598,"2015-08-21",2015,103,"development",365,598,"gva_allshootings",100,"development","train"
599,"2015-08-22",2015,112,"development",365,599,"gva_allshootings",100,"development","train"
600,"2015-08-23",2015,117,"development",365,600,"gva_allshootings",100,"development","train"
601,"2015-08-24",2015,100,"development",365,601,"gva_allshootings",100,"development","train"
602,"2015-08-25",2015,98,"development",365,602,"gva_allshootings",100,"development","train"
603,"2015-08-26",2015,68,"development",365,603,"gva_allshootings",100,"development","train"
604,"2015-08-27",2015,77,"development",365,604,"gva_allshootings",100,"development","train"
605,"2015-08-28",2015,81,"development",365,605,"gva_allshootings",100,"development","train"
606,"2015-08-29",2015,124,"development",365,606,"gva_allshootings",100,"development","train"
607,"2015-08-30",2015,113,"development",365,607,"gva_allshootings",100,"development","train"
608,"2015-08-31",2015,79,"development",365,608,"gva_allshootings",100,"development","train"
609,"2015-09-01",2015,106,"development",365,609,"gva_allshootings",100,"development","train"
610,"2015-09-02",2015,91,"development",365,610,"gva_allshootings",100,"development","train"
611,"2015-09-03",2015,75,"development",365,611,"gva_allshootings",100,"development","train"
612,"2015-09-04",2015,80,"development",365,612,"gva_allshootings",100,"development","train"
613,"2015-09-05",2015,129,"development",365,613,"gva_allshootings",100,"development","train"
614,"2015-09-06",2015,137,"development",365,614,"gva_allshootings",100,"development","train"
615,"2015-09-07",2015,105,"development",365,615,"gva_allshootings",100,"development","train"
616,"2015-09-08",2015,81,"development",365,616,"gva_allshootings",100,"development","train"
617,"2015-09-09",2015,104,"development",365,617,"gva_allshootings",100,"development","train"
618,"2015-09-10",2015,87,"development",365,618,"gva_allshootings",100,"development","train"
619,"2015-09-11",2015,90,"development",365,619,"gva_allshootings",100,"development","train"
620,"2015-09-12",2015,108,"development",365,620,"gva_allshootings",100,"development","train"
621,"2015-09-13",2015,111,"development",365,621,"gva_allshootings",100,"development","train"
622,"2015-09-14",2015,81,"development",365,622,"gva_allshootings",100,"development","train"
623,"2015-09-15",2015,86,"development",365,623,"gva_allshootings",100,"development","train"
624,"2015-09-16",2015,85,"development",365,624,"gva_allshootings",100,"development","train"
625,"2015-09-17",2015,81,"development",365,625,"gva_allshootings",100,"development","train"
626,"2015-09-18",2015,82,"development",365,626,"gva_allshootings",100,"development","train"
627,"2015-09-19",2015,121,"development",365,627,"gva_allshootings",100,"development","train"
628,"2015-09-20",2015,128,"development",365,628,"gva_allshootings",100,"development","train"
629,"2015-09-21",2015,77,"development",365,629,"gva_allshootings",100,"development","train"
630,"2015-09-22",2015,101,"development",365,630,"gva_allshootings",100,"development","train"
631,"2015-09-23",2015,92,"development",365,631,"gva_allshootings",100,"development","train"
632,"2015-09-24",2015,82,"development",365,632,"gva_allshootings",100,"development","train"
633,"2015-09-25",2015,93,"development",365,633,"gva_allshootings",100,"development","train"
634,"2015-09-26",2015,117,"development",365,634,"gva_allshootings",100,"development","train"
635,"2015-09-27",2015,115,"development",365,635,"gva_allshootings",100,"development","train"
636,"2015-09-28",2015,107,"development",365,636,"gva_allshootings",100,"development","train"
637,"2015-09-29",2015,81,"development",365,637,"gva_allshootings",100,"development","train"
638,"2015-09-30",2015,85,"development",365,638,"gva_allshootings",100,"development","train"
639,"2015-10-01",2015,70,"development",365,639,"gva_allshootings",100,"development","train"
640,"2015-10-02",2015,78,"development",365,640,"gva_allshootings",100,"development","train"
641,"2015-10-03",2015,82,"development",365,641,"gva_allshootings",100,"development","train"
642,"2015-10-04",2015,87,"development",365,642,"gva_allshootings",100,"development","train"
643,"2015-10-05",2015,84,"development",365,643,"gva_allshootings",100,"development","train"
644,"2015-10-06",2015,74,"development",365,644,"gva_allshootings",100,"development","train"
645,"2015-10-07",2015,71,"development",365,645,"gva_allshootings",100,"development","train"
646,"2015-10-08",2015,76,"development",365,646,"gva_allshootings",100,"development","train"
647,"2015-10-09",2015,92,"development",365,647,"gva_allshootings",100,"development","train"
648,"2015-10-10",2015,107,"development",365,648,"gva_allshootings",100,"development","train"
649,"2015-10-11",2015,88,"development",365,649,"gva_allshootings",100,"development","train"
650,"2015-10-12",2015,81,"development",365,650,"gva_allshootings",100,"development","train"
651,"2015-10-13",2015,85,"development",365,651,"gva_allshootings",100,"development","train"
652,"2015-10-14",2015,82,"development",365,652,"gva_allshootings",100,"development","train"
653,"2015-10-15",2015,80,"development",365,653,"gva_allshootings",100,"development","train"
654,"2015-10-16",2015,73,"development",365,654,"gva_allshootings",100,"development","train"
655,"2015-10-17",2015,133,"development",365,655,"gva_allshootings",100,"development","train"
656,"2015-10-18",2015,80,"development",365,656,"gva_allshootings",100,"development","train"
657,"2015-10-19",2015,99,"development",365,657,"gva_allshootings",100,"development","train"
658,"2015-10-20",2015,81,"development",365,658,"gva_allshootings",100,"development","train"
659,"2015-10-21",2015,83,"development",365,659,"gva_allshootings",100,"development","train"
660,"2015-10-22",2015,89,"development",365,660,"gva_allshootings",100,"development","train"
661,"2015-10-23",2015,62,"development",365,661,"gva_allshootings",100,"development","train"
662,"2015-10-24",2015,110,"development",365,662,"gva_allshootings",100,"development","train"
663,"2015-10-25",2015,106,"development",365,663,"gva_allshootings",100,"development","train"
664,"2015-10-26",2015,78,"development",365,664,"gva_allshootings",100,"development","train"
665,"2015-10-27",2015,71,"development",365,665,"gva_allshootings",100,"development","train"
666,"2015-10-28",2015,91,"development",365,666,"gva_allshootings",100,"development","train"
667,"2015-10-29",2015,74,"development",365,667,"gva_allshootings",100,"development","train"
668,"2015-10-30",2015,95,"development",365,668,"gva_allshootings",100,"development","train"
669,"2015-10-31",2015,121,"development",365,669,"gva_allshootings",100,"development","train"
670,"2015-11-01",2015,113,"development",365,670,"gva_allshootings",100,"development","train"
671,"2015-11-02",2015,91,"development",365,671,"gva_allshootings",100,"development","train"
672,"2015-11-03",2015,89,"development",365,672,"gva_allshootings",100,"development","train"
673,"2015-11-04",2015,82,"development",365,673,"gva_allshootings",100,"development","train"
674,"2015-11-05",2015,72,"development",365,674,"gva_allshootings",100,"development","train"
675,"2015-11-06",2015,83,"development",365,675,"gva_allshootings",100,"development","train"
676,"2015-11-07",2015,104,"development",365,676,"gva_allshootings",100,"development","train"
677,"2015-11-08",2015,103,"development",365,677,"gva_allshootings",100,"development","train"
678,"2015-11-09",2015,87,"development",365,678,"gva_allshootings",100,"development","train"
679,"2015-11-10",2015,78,"development",365,679,"gva_allshootings",100,"development","train"
680,"2015-11-11",2015,88,"development",365,680,"gva_allshootings",100,"development","train"
681,"2015-11-12",2015,89,"development",365,681,"gva_allshootings",100,"development","train"
682,"2015-11-13",2015,87,"development",365,682,"gva_allshootings",100,"development","train"
683,"2015-11-14",2015,91,"development",365,683,"gva_allshootings",100,"development","train"
684,"2015-11-15",2015,89,"development",365,684,"gva_allshootings",100,"development","train"
685,"2015-11-16",2015,95,"development",365,685,"gva_allshootings",100,"development","train"
686,"2015-11-17",2015,97,"development",365,686,"gva_allshootings",100,"development","train"
687,"2015-11-18",2015,60,"development",365,687,"gva_allshootings",100,"development","train"
688,"2015-11-19",2015,73,"development",365,688,"gva_allshootings",100,"development","train"
689,"2015-11-20",2015,91,"development",365,689,"gva_allshootings",100,"development","train"
690,"2015-11-21",2015,90,"development",365,690,"gva_allshootings",100,"development","train"
691,"2015-11-22",2015,80,"development",365,691,"gva_allshootings",100,"development","train"
692,"2015-11-23",2015,91,"development",365,692,"gva_allshootings",100,"development","train"
693,"2015-11-24",2015,78,"development",365,693,"gva_allshootings",100,"development","train"
694,"2015-11-25",2015,94,"development",365,694,"gva_allshootings",100,"development","train"
695,"2015-11-26",2015,82,"development",365,695,"gva_allshootings",100,"development","train"
696,"2015-11-27",2015,78,"development",365,696,"gva_allshootings",100,"development","train"
697,"2015-11-28",2015,107,"development",365,697,"gva_allshootings",100,"development","train"
698,"2015-11-29",2015,95,"development",365,698,"gva_allshootings",100,"development","train"
699,"2015-11-30",2015,84,"development",365,699,"gva_allshootings",100,"development","train"
700,"2015-12-01",2015,85,"development",365,700,"gva_allshootings",100,"development","train"
701,"2015-12-02",2015,69,"development",365,701,"gva_allshootings",100,"development","train"
702,"2015-12-03",2015,73,"development",365,702,"gva_allshootings",100,"development","train"
703,"2015-12-04",2015,85,"development",365,703,"gva_allshootings",100,"development","train"
704,"2015-12-05",2015,119,"development",365,704,"gva_allshootings",100,"development","train"
705,"2015-12-06",2015,100,"development",365,705,"gva_allshootings",100,"development","train"
706,"2015-12-07",2015,69,"development",365,706,"gva_allshootings",100,"development","train"
707,"2015-12-08",2015,88,"development",365,707,"gva_allshootings",100,"development","train"
708,"2015-12-09",2015,80,"development",365,708,"gva_allshootings",100,"development","train"
709,"2015-12-10",2015,98,"development",365,709,"gva_allshootings",100,"development","train"
710,"2015-12-11",2015,81,"development",365,710,"gva_allshootings",100,"development","train"
711,"2015-12-12",2015,96,"development",365,711,"gva_allshootings",100,"development","train"
712,"2015-12-13",2015,109,"development",365,712,"gva_allshootings",100,"development","train"
713,"2015-12-14",2015,92,"development",365,713,"gva_allshootings",100,"development","train"
714,"2015-12-15",2015,82,"development",365,714,"gva_allshootings",100,"development","train"
715,"2015-12-16",2015,97,"development",365,715,"gva_allshootings",100,"development","train"
716,"2015-12-17",2015,89,"development",365,716,"gva_allshootings",100,"development","train"
717,"2015-12-18",2015,72,"development",365,717,"gva_allshootings",100,"development","train"
718,"2015-12-19",2015,113,"development",365,718,"gva_allshootings",100,"development","train"
719,"2015-12-20",2015,109,"development",365,719,"gva_allshootings",100,"development","train"
720,"2015-12-21",2015,99,"development",365,720,"gva_allshootings",100,"development","train"
721,"2015-12-22",2015,86,"development",365,721,"gva_allshootings",100,"development","train"
722,"2015-12-23",2015,92,"development",365,722,"gva_allshootings",100,"development","train"
723,"2015-12-24",2015,86,"development",365,723,"gva_allshootings",100,"development","train"
724,"2015-12-25",2015,94,"development",365,724,"gva_allshootings",100,"development","train"
725,"2015-12-26",2015,107,"development",365,725,"gva_allshootings",100,"development","train"
726,"2015-12-27",2015,119,"development",365,726,"gva_allshootings",100,"development","train"
727,"2015-12-28",2015,93,"development",365,727,"gva_allshootings",100,"development","train"
728,"2015-12-29",2015,75,"development",365,728,"gva_allshootings",100,"development","train"
729,"2015-12-30",2015,76,"development",365,729,"gva_allshootings",100,"development","train"
730,"2015-12-31",2015,93,"development",365,730,"gva_allshootings",100,"development","train"
731,"2016-01-01",2016,143,"development",365,731,"gva_allshootings",100,"development","train"
732,"2016-01-02",2016,96,"development",365,732,"gva_allshootings",100,"development","train"
733,"2016-01-03",2016,110,"development",365,733,"gva_allshootings",100,"development","train"
734,"2016-01-04",2016,81,"development",365,734,"gva_allshootings",100,"development","train"
735,"2016-01-05",2016,83,"development",365,735,"gva_allshootings",100,"development","train"
736,"2016-01-06",2016,81,"development",365,736,"gva_allshootings",100,"development","train"
737,"2016-01-07",2016,103,"development",365,737,"gva_allshootings",100,"development","train"
738,"2016-01-08",2016,90,"development",365,738,"gva_allshootings",100,"development","train"
739,"2016-01-09",2016,98,"development",365,739,"gva_allshootings",100,"development","train"
740,"2016-01-10",2016,71,"development",365,740,"gva_allshootings",100,"development","train"
741,"2016-01-11",2016,95,"development",365,741,"gva_allshootings",100,"development","train"
742,"2016-01-12",2016,81,"development",365,742,"gva_allshootings",100,"development","train"
743,"2016-01-13",2016,84,"development",365,743,"gva_allshootings",100,"development","train"
744,"2016-01-14",2016,68,"development",365,744,"gva_allshootings",100,"development","train"
745,"2016-01-15",2016,93,"development",365,745,"gva_allshootings",100,"development","train"
746,"2016-01-16",2016,110,"development",365,746,"gva_allshootings",100,"development","train"
747,"2016-01-17",2016,93,"development",365,747,"gva_allshootings",100,"development","train"
748,"2016-01-18",2016,82,"development",365,748,"gva_allshootings",100,"development","train"
749,"2016-01-19",2016,71,"development",365,749,"gva_allshootings",100,"development","train"
750,"2016-01-20",2016,68,"development",365,750,"gva_allshootings",100,"development","train"
751,"2016-01-21",2016,70,"development",365,751,"gva_allshootings",100,"development","train"
752,"2016-01-22",2016,72,"development",365,752,"gva_allshootings",100,"development","train"
753,"2016-01-23",2016,104,"development",365,753,"gva_allshootings",100,"development","train"
754,"2016-01-24",2016,62,"development",365,754,"gva_allshootings",100,"development","train"
755,"2016-01-25",2016,108,"development",365,755,"gva_allshootings",100,"development","train"
756,"2016-01-26",2016,84,"development",365,756,"gva_allshootings",100,"development","train"
757,"2016-01-27",2016,87,"development",365,757,"gva_allshootings",100,"development","train"
758,"2016-01-28",2016,86,"development",365,758,"gva_allshootings",100,"development","train"
759,"2016-01-29",2016,106,"development",365,759,"gva_allshootings",100,"development","train"
760,"2016-01-30",2016,133,"development",365,760,"gva_allshootings",100,"development","train"
761,"2016-01-31",2016,102,"development",365,761,"gva_allshootings",100,"development","train"
762,"2016-02-01",2016,78,"development",365,762,"gva_allshootings",100,"development","train"
763,"2016-02-02",2016,81,"development",365,763,"gva_allshootings",100,"development","train"
764,"2016-02-03",2016,70,"development",365,764,"gva_allshootings",100,"development","train"
765,"2016-02-04",2016,80,"development",365,765,"gva_allshootings",100,"development","train"
766,"2016-02-05",2016,84,"development",365,766,"gva_allshootings",100,"development","train"
767,"2016-02-06",2016,89,"development",365,767,"gva_allshootings",100,"development","train"
768,"2016-02-07",2016,104,"development",365,768,"gva_allshootings",100,"development","train"
769,"2016-02-08",2016,82,"development",365,769,"gva_allshootings",100,"development","train"
770,"2016-02-09",2016,69,"development",365,770,"gva_allshootings",100,"development","train"
771,"2016-02-10",2016,62,"development",365,771,"gva_allshootings",100,"development","train"
772,"2016-02-11",2016,59,"development",365,772,"gva_allshootings",100,"development","train"
773,"2016-02-12",2016,67,"development",365,773,"gva_allshootings",100,"development","train"
774,"2016-02-13",2016,78,"development",365,774,"gva_allshootings",100,"development","train"
775,"2016-02-14",2016,79,"development",365,775,"gva_allshootings",100,"development","train"
776,"2016-02-15",2016,77,"development",365,776,"gva_allshootings",100,"development","train"
777,"2016-02-16",2016,79,"development",365,777,"gva_allshootings",100,"development","train"
778,"2016-02-17",2016,78,"development",365,778,"gva_allshootings",100,"development","train"
779,"2016-02-18",2016,75,"development",365,779,"gva_allshootings",100,"development","train"
780,"2016-02-19",2016,83,"development",365,780,"gva_allshootings",100,"development","train"
781,"2016-02-20",2016,102,"development",365,781,"gva_allshootings",100,"development","train"
782,"2016-02-21",2016,98,"development",365,782,"gva_allshootings",100,"development","train"
783,"2016-02-22",2016,71,"development",365,783,"gva_allshootings",100,"development","train"
784,"2016-02-23",2016,84,"development",365,784,"gva_allshootings",100,"development","train"
785,"2016-02-24",2016,64,"development",365,785,"gva_allshootings",100,"development","train"
786,"2016-02-25",2016,54,"development",365,786,"gva_allshootings",100,"development","train"
787,"2016-02-26",2016,70,"development",365,787,"gva_allshootings",100,"development","train"
788,"2016-02-27",2016,98,"development",365,788,"gva_allshootings",100,"development","train"
789,"2016-02-28",2016,91,"development",365,789,"gva_allshootings",100,"development","train"
790,"2016-02-29",2016,84,"development",365,790,"gva_allshootings",100,"development","train"
791,"2016-03-01",2016,88,"development",365,791,"gva_allshootings",100,"development","train"
792,"2016-03-02",2016,65,"development",365,792,"gva_allshootings",100,"development","train"
793,"2016-03-03",2016,65,"development",365,793,"gva_allshootings",100,"development","train"
794,"2016-03-04",2016,81,"development",365,794,"gva_allshootings",100,"development","train"
795,"2016-03-05",2016,106,"development",365,795,"gva_allshootings",100,"development","train"
796,"2016-03-06",2016,95,"development",365,796,"gva_allshootings",100,"development","train"
797,"2016-03-07",2016,102,"development",365,797,"gva_allshootings",100,"development","train"
798,"2016-03-08",2016,98,"development",365,798,"gva_allshootings",100,"development","train"
799,"2016-03-09",2016,86,"development",365,799,"gva_allshootings",100,"development","train"
800,"2016-03-10",2016,82,"development",365,800,"gva_allshootings",100,"development","train"
801,"2016-03-11",2016,94,"development",365,801,"gva_allshootings",100,"development","train"
802,"2016-03-12",2016,100,"development",365,802,"gva_allshootings",100,"development","train"
803,"2016-03-13",2016,96,"development",365,803,"gva_allshootings",100,"development","train"
804,"2016-03-14",2016,103,"development",365,804,"gva_allshootings",100,"development","train"
805,"2016-03-15",2016,89,"development",365,805,"gva_allshootings",100,"development","train"
806,"2016-03-16",2016,84,"development",365,806,"gva_allshootings",100,"development","train"
807,"2016-03-17",2016,80,"development",365,807,"gva_allshootings",100,"development","train"
808,"2016-03-18",2016,102,"development",365,808,"gva_allshootings",100,"development","train"
809,"2016-03-19",2016,101,"development",365,809,"gva_allshootings",100,"development","train"
810,"2016-03-20",2016,77,"development",365,810,"gva_allshootings",100,"development","train"
811,"2016-03-21",2016,92,"development",365,811,"gva_allshootings",100,"development","train"
812,"2016-03-22",2016,85,"development",365,812,"gva_allshootings",100,"development","train"
813,"2016-03-23",2016,94,"development",365,813,"gva_allshootings",100,"development","train"
814,"2016-03-24",2016,98,"development",365,814,"gva_allshootings",100,"development","train"
815,"2016-03-25",2016,89,"development",365,815,"gva_allshootings",100,"development","train"
816,"2016-03-26",2016,99,"development",365,816,"gva_allshootings",100,"development","train"
817,"2016-03-27",2016,121,"development",365,817,"gva_allshootings",100,"development","train"
818,"2016-03-28",2016,104,"development",365,818,"gva_allshootings",100,"development","train"
819,"2016-03-29",2016,85,"development",365,819,"gva_allshootings",100,"development","train"
820,"2016-03-30",2016,104,"development",365,820,"gva_allshootings",100,"development","train"
821,"2016-03-31",2016,101,"development",365,821,"gva_allshootings",100,"development","train"
822,"2016-04-01",2016,86,"development",365,822,"gva_allshootings",100,"development","train"
823,"2016-04-02",2016,100,"development",365,823,"gva_allshootings",100,"development","train"
824,"2016-04-03",2016,104,"development",365,824,"gva_allshootings",100,"development","train"
825,"2016-04-04",2016,71,"development",365,825,"gva_allshootings",100,"development","train"
826,"2016-04-05",2016,76,"development",365,826,"gva_allshootings",100,"development","train"
827,"2016-04-06",2016,89,"development",365,827,"gva_allshootings",100,"development","train"
828,"2016-04-07",2016,67,"development",365,828,"gva_allshootings",100,"development","train"
829,"2016-04-08",2016,82,"development",365,829,"gva_allshootings",100,"development","train"
830,"2016-04-09",2016,79,"development",365,830,"gva_allshootings",100,"development","train"
831,"2016-04-10",2016,127,"development",365,831,"gva_allshootings",100,"development","train"
832,"2016-04-11",2016,91,"development",365,832,"gva_allshootings",100,"development","train"
833,"2016-04-12",2016,82,"development",365,833,"gva_allshootings",100,"development","train"
834,"2016-04-13",2016,87,"development",365,834,"gva_allshootings",100,"development","train"
835,"2016-04-14",2016,73,"development",365,835,"gva_allshootings",100,"development","train"
836,"2016-04-15",2016,78,"development",365,836,"gva_allshootings",100,"development","train"
837,"2016-04-16",2016,123,"development",365,837,"gva_allshootings",100,"development","train"
838,"2016-04-17",2016,128,"development",365,838,"gva_allshootings",100,"development","train"
839,"2016-04-18",2016,91,"development",365,839,"gva_allshootings",100,"development","train"
840,"2016-04-19",2016,95,"development",365,840,"gva_allshootings",100,"development","train"
841,"2016-04-20",2016,88,"development",365,841,"gva_allshootings",100,"development","train"
842,"2016-04-21",2016,77,"development",365,842,"gva_allshootings",100,"development","train"
843,"2016-04-22",2016,75,"development",365,843,"gva_allshootings",100,"development","train"
844,"2016-04-23",2016,115,"development",365,844,"gva_allshootings",100,"development","train"
845,"2016-04-24",2016,120,"development",365,845,"gva_allshootings",100,"development","train"
846,"2016-04-25",2016,100,"development",365,846,"gva_allshootings",100,"development","train"
847,"2016-04-26",2016,95,"development",365,847,"gva_allshootings",100,"development","train"
848,"2016-04-27",2016,90,"development",365,848,"gva_allshootings",100,"development","train"
849,"2016-04-28",2016,90,"development",365,849,"gva_allshootings",100,"development","train"
850,"2016-04-29",2016,94,"development",365,850,"gva_allshootings",100,"development","train"
851,"2016-04-30",2016,95,"development",365,851,"gva_allshootings",100,"development","train"
852,"2016-05-01",2016,96,"development",365,852,"gva_allshootings",100,"development","train"
853,"2016-05-02",2016,84,"development",365,853,"gva_allshootings",100,"development","train"
854,"2016-05-03",2016,89,"development",365,854,"gva_allshootings",100,"development","train"
855,"2016-05-04",2016,85,"development",365,855,"gva_allshootings",100,"development","train"
856,"2016-05-05",2016,79,"development",365,856,"gva_allshootings",100,"development","train"
857,"2016-05-06",2016,85,"development",365,857,"gva_allshootings",100,"development","train"
858,"2016-05-07",2016,127,"development",365,858,"gva_allshootings",100,"development","train"
859,"2016-05-08",2016,118,"development",365,859,"gva_allshootings",100,"development","train"
860,"2016-05-09",2016,93,"development",365,860,"gva_allshootings",100,"development","train"
861,"2016-05-10",2016,80,"development",365,861,"gva_allshootings",100,"development","train"
862,"2016-05-11",2016,94,"development",365,862,"gva_allshootings",100,"development","train"
863,"2016-05-12",2016,82,"development",365,863,"gva_allshootings",100,"development","train"
864,"2016-05-13",2016,98,"development",365,864,"gva_allshootings",100,"development","train"
865,"2016-05-14",2016,114,"development",365,865,"gva_allshootings",100,"development","train"
866,"2016-05-15",2016,113,"development",365,866,"gva_allshootings",100,"development","train"
867,"2016-05-16",2016,89,"development",365,867,"gva_allshootings",100,"development","train"
868,"2016-05-17",2016,79,"development",365,868,"gva_allshootings",100,"development","train"
869,"2016-05-18",2016,95,"development",365,869,"gva_allshootings",100,"development","train"
870,"2016-05-19",2016,87,"development",365,870,"gva_allshootings",100,"development","train"
871,"2016-05-20",2016,97,"development",365,871,"gva_allshootings",100,"development","train"
872,"2016-05-21",2016,98,"development",365,872,"gva_allshootings",100,"development","train"
873,"2016-05-22",2016,107,"development",365,873,"gva_allshootings",100,"development","train"
874,"2016-05-23",2016,102,"development",365,874,"gva_allshootings",100,"development","train"
875,"2016-05-24",2016,83,"development",365,875,"gva_allshootings",100,"development","train"
876,"2016-05-25",2016,124,"development",365,876,"gva_allshootings",100,"development","train"
877,"2016-05-26",2016,102,"development",365,877,"gva_allshootings",100,"development","train"
878,"2016-05-27",2016,99,"development",365,878,"gva_allshootings",100,"development","train"
879,"2016-05-28",2016,117,"development",365,879,"gva_allshootings",100,"development","train"
880,"2016-05-29",2016,131,"development",365,880,"gva_allshootings",100,"development","train"
881,"2016-05-30",2016,108,"development",365,881,"gva_allshootings",100,"development","train"
882,"2016-05-31",2016,94,"development",365,882,"gva_allshootings",100,"development","train"
883,"2016-06-01",2016,83,"development",365,883,"gva_allshootings",100,"development","train"
884,"2016-06-02",2016,71,"development",365,884,"gva_allshootings",100,"development","train"
885,"2016-06-03",2016,94,"development",365,885,"gva_allshootings",100,"development","train"
886,"2016-06-04",2016,106,"development",365,886,"gva_allshootings",100,"development","train"
887,"2016-06-05",2016,110,"development",365,887,"gva_allshootings",100,"development","train"
888,"2016-06-06",2016,92,"development",365,888,"gva_allshootings",100,"development","train"
889,"2016-06-07",2016,87,"development",365,889,"gva_allshootings",100,"development","train"
890,"2016-06-08",2016,105,"development",365,890,"gva_allshootings",100,"development","train"
891,"2016-06-09",2016,95,"development",365,891,"gva_allshootings",100,"development","train"
892,"2016-06-10",2016,100,"development",365,892,"gva_allshootings",100,"development","train"
893,"2016-06-11",2016,123,"development",365,893,"gva_allshootings",100,"development","train"
894,"2016-06-12",2016,100,"development",365,894,"gva_allshootings",100,"development","train"
895,"2016-06-13",2016,94,"development",365,895,"gva_allshootings",100,"development","train"
896,"2016-06-14",2016,98,"development",365,896,"gva_allshootings",100,"development","train"
897,"2016-06-15",2016,70,"development",365,897,"gva_allshootings",100,"development","train"
898,"2016-06-16",2016,87,"development",365,898,"gva_allshootings",100,"development","train"
899,"2016-06-17",2016,70,"development",365,899,"gva_allshootings",100,"development","train"
900,"2016-06-18",2016,125,"development",365,900,"gva_allshootings",100,"development","train"
901,"2016-06-19",2016,123,"development",365,901,"gva_allshootings",100,"development","train"
902,"2016-06-20",2016,103,"development",365,902,"gva_allshootings",100,"development","train"
903,"2016-06-21",2016,106,"development",365,903,"gva_allshootings",100,"development","train"
904,"2016-06-22",2016,84,"development",365,904,"gva_allshootings",100,"development","train"
905,"2016-06-23",2016,83,"development",365,905,"gva_allshootings",100,"development","train"
906,"2016-06-24",2016,116,"development",365,906,"gva_allshootings",100,"development","train"
907,"2016-06-25",2016,121,"development",365,907,"gva_allshootings",100,"development","train"
908,"2016-06-26",2016,150,"development",365,908,"gva_allshootings",100,"development","train"
909,"2016-06-27",2016,109,"development",365,909,"gva_allshootings",100,"development","train"
910,"2016-06-28",2016,104,"development",365,910,"gva_allshootings",100,"development","train"
911,"2016-06-29",2016,91,"development",365,911,"gva_allshootings",100,"development","train"
912,"2016-06-30",2016,93,"development",365,912,"gva_allshootings",100,"development","train"
913,"2016-07-01",2016,88,"development",365,913,"gva_allshootings",100,"development","train"
914,"2016-07-02",2016,124,"development",365,914,"gva_allshootings",100,"development","train"
915,"2016-07-03",2016,126,"development",365,915,"gva_allshootings",100,"development","train"
916,"2016-07-04",2016,152,"development",365,916,"gva_allshootings",100,"development","train"
917,"2016-07-05",2016,127,"development",365,917,"gva_allshootings",100,"development","train"
918,"2016-07-06",2016,114,"development",365,918,"gva_allshootings",100,"development","train"
919,"2016-07-07",2016,86,"development",365,919,"gva_allshootings",100,"development","train"
920,"2016-07-08",2016,89,"development",365,920,"gva_allshootings",100,"development","train"
921,"2016-07-09",2016,97,"development",365,921,"gva_allshootings",100,"development","train"
922,"2016-07-10",2016,120,"development",365,922,"gva_allshootings",100,"development","train"
923,"2016-07-11",2016,93,"development",365,923,"gva_allshootings",100,"development","train"
924,"2016-07-12",2016,93,"development",365,924,"gva_allshootings",100,"development","train"
925,"2016-07-13",2016,95,"development",365,925,"gva_allshootings",100,"development","train"
926,"2016-07-14",2016,98,"development",365,926,"gva_allshootings",100,"development","train"
927,"2016-07-15",2016,101,"development",365,927,"gva_allshootings",100,"development","train"
928,"2016-07-16",2016,128,"development",365,928,"gva_allshootings",100,"development","train"
929,"2016-07-17",2016,154,"development",365,929,"gva_allshootings",100,"development","train"
930,"2016-07-18",2016,99,"development",365,930,"gva_allshootings",100,"development","train"
931,"2016-07-19",2016,98,"development",365,931,"gva_allshootings",100,"development","train"
932,"2016-07-20",2016,112,"development",365,932,"gva_allshootings",100,"development","train"
933,"2016-07-21",2016,83,"development",365,933,"gva_allshootings",100,"development","train"
934,"2016-07-22",2016,89,"development",365,934,"gva_allshootings",100,"development","train"
935,"2016-07-23",2016,156,"development",365,935,"gva_allshootings",100,"development","train"
936,"2016-07-24",2016,134,"development",365,936,"gva_allshootings",100,"development","train"
937,"2016-07-25",2016,114,"development",365,937,"gva_allshootings",100,"development","train"
938,"2016-07-26",2016,99,"development",365,938,"gva_allshootings",100,"development","train"
939,"2016-07-27",2016,110,"development",365,939,"gva_allshootings",100,"development","train"
940,"2016-07-28",2016,90,"development",365,940,"gva_allshootings",100,"development","train"
941,"2016-07-29",2016,107,"development",365,941,"gva_allshootings",100,"development","train"
942,"2016-07-30",2016,136,"development",365,942,"gva_allshootings",100,"development","train"
943,"2016-07-31",2016,132,"development",365,943,"gva_allshootings",100,"development","train"
944,"2016-08-01",2016,97,"development",365,944,"gva_allshootings",100,"development","train"
945,"2016-08-02",2016,122,"development",365,945,"gva_allshootings",100,"development","train"
946,"2016-08-03",2016,98,"development",365,946,"gva_allshootings",100,"development","train"
947,"2016-08-04",2016,113,"development",365,947,"gva_allshootings",100,"development","train"
948,"2016-08-05",2016,126,"development",365,948,"gva_allshootings",100,"development","train"
949,"2016-08-06",2016,123,"development",365,949,"gva_allshootings",100,"development","train"
950,"2016-08-07",2016,135,"development",365,950,"gva_allshootings",100,"development","train"
951,"2016-08-08",2016,117,"development",365,951,"gva_allshootings",100,"development","train"
952,"2016-08-09",2016,97,"development",365,952,"gva_allshootings",100,"development","train"
953,"2016-08-10",2016,106,"development",365,953,"gva_allshootings",100,"development","train"
954,"2016-08-11",2016,109,"development",365,954,"gva_allshootings",100,"development","train"
955,"2016-08-12",2016,120,"development",365,955,"gva_allshootings",100,"development","train"
956,"2016-08-13",2016,123,"development",365,956,"gva_allshootings",100,"development","train"
957,"2016-08-14",2016,146,"development",365,957,"gva_allshootings",100,"development","train"
958,"2016-08-15",2016,109,"development",365,958,"gva_allshootings",100,"development","train"
959,"2016-08-16",2016,96,"development",365,959,"gva_allshootings",100,"development","train"
960,"2016-08-17",2016,99,"development",365,960,"gva_allshootings",100,"development","train"
961,"2016-08-18",2016,110,"development",365,961,"gva_allshootings",100,"development","train"
962,"2016-08-19",2016,99,"development",365,962,"gva_allshootings",100,"development","train"
963,"2016-08-20",2016,129,"development",365,963,"gva_allshootings",100,"development","train"
964,"2016-08-21",2016,156,"development",365,964,"gva_allshootings",100,"development","train"
965,"2016-08-22",2016,109,"development",365,965,"gva_allshootings",100,"development","train"
966,"2016-08-23",2016,101,"development",365,966,"gva_allshootings",100,"development","train"
967,"2016-08-24",2016,98,"development",365,967,"gva_allshootings",100,"development","train"
968,"2016-08-25",2016,82,"development",365,968,"gva_allshootings",100,"development","train"
969,"2016-08-26",2016,108,"development",365,969,"gva_allshootings",100,"development","train"
970,"2016-08-27",2016,127,"development",365,970,"gva_allshootings",100,"development","train"
971,"2016-08-28",2016,157,"development",365,971,"gva_allshootings",100,"development","train"
972,"2016-08-29",2016,114,"development",365,972,"gva_allshootings",100,"development","train"
973,"2016-08-30",2016,112,"development",365,973,"gva_allshootings",100,"development","train"
974,"2016-08-31",2016,103,"development",365,974,"gva_allshootings",100,"development","train"
975,"2016-09-01",2016,102,"development",365,975,"gva_allshootings",100,"development","train"
976,"2016-09-02",2016,81,"development",365,976,"gva_allshootings",100,"development","train"
977,"2016-09-03",2016,141,"development",365,977,"gva_allshootings",100,"development","train"
978,"2016-09-04",2016,135,"development",365,978,"gva_allshootings",100,"development","train"
979,"2016-09-05",2016,138,"development",365,979,"gva_allshootings",100,"development","train"
980,"2016-09-06",2016,106,"development",365,980,"gva_allshootings",100,"development","train"
981,"2016-09-07",2016,112,"development",365,981,"gva_allshootings",100,"development","train"
982,"2016-09-08",2016,84,"development",365,982,"gva_allshootings",100,"development","train"
983,"2016-09-09",2016,98,"development",365,983,"gva_allshootings",100,"development","train"
984,"2016-09-10",2016,126,"development",365,984,"gva_allshootings",100,"development","train"
985,"2016-09-11",2016,117,"development",365,985,"gva_allshootings",100,"development","train"
986,"2016-09-12",2016,84,"development",365,986,"gva_allshootings",100,"development","train"
987,"2016-09-13",2016,94,"development",365,987,"gva_allshootings",100,"development","train"
988,"2016-09-14",2016,94,"development",365,988,"gva_allshootings",100,"development","train"
989,"2016-09-15",2016,93,"development",365,989,"gva_allshootings",100,"development","train"
990,"2016-09-16",2016,102,"development",365,990,"gva_allshootings",100,"development","train"
991,"2016-09-17",2016,121,"development",365,991,"gva_allshootings",100,"development","train"
992,"2016-09-18",2016,115,"development",365,992,"gva_allshootings",100,"development","train"
993,"2016-09-19",2016,93,"development",365,993,"gva_allshootings",100,"development","train"
994,"2016-09-20",2016,96,"development",365,994,"gva_allshootings",100,"development","train"
995,"2016-09-21",2016,106,"development",365,995,"gva_allshootings",100,"development","train"
996,"2016-09-22",2016,77,"development",365,996,"gva_allshootings",100,"development","train"
997,"2016-09-23",2016,95,"development",365,997,"gva_allshootings",100,"development","train"
998,"2016-09-24",2016,111,"development",365,998,"gva_allshootings",100,"development","train"
999,"2016-09-25",2016,141,"development",365,999,"gva_allshootings",100,"development","train"
1000,"2016-09-26",2016,92,"development",365,1000,"gva_allshootings",100,"development","train"
1001,"2016-09-27",2016,87,"development",365,1001,"gva_allshootings",100,"development","train"
1002,"2016-09-28",2016,99,"development",365,1002,"gva_allshootings",100,"development","train"
1003,"2016-09-29",2016,97,"development",365,1003,"gva_allshootings",100,"development","train"
1004,"2016-09-30",2016,88,"development",365,1004,"gva_allshootings",100,"development","train"
1005,"2016-10-01",2016,128,"development",365,1005,"gva_allshootings",100,"development","train"
1006,"2016-10-02",2016,118,"development",365,1006,"gva_allshootings",100,"development","train"
1007,"2016-10-03",2016,79,"development",365,1007,"gva_allshootings",100,"development","train"
1008,"2016-10-04",2016,82,"development",365,1008,"gva_allshootings",100,"development","train"
1009,"2016-10-05",2016,88,"development",365,1009,"gva_allshootings",100,"development","train"
1010,"2016-10-06",2016,78,"development",365,1010,"gva_allshootings",100,"development","train"
1011,"2016-10-07",2016,80,"development",365,1011,"gva_allshootings",100,"development","train"
1012,"2016-10-08",2016,104,"development",365,1012,"gva_allshootings",100,"development","train"
1013,"2016-10-09",2016,118,"development",365,1013,"gva_allshootings",100,"development","train"
1014,"2016-10-10",2016,123,"development",365,1014,"gva_allshootings",100,"development","train"
1015,"2016-10-11",2016,100,"development",365,1015,"gva_allshootings",100,"development","train"
1016,"2016-10-12",2016,107,"development",365,1016,"gva_allshootings",100,"development","train"
1017,"2016-10-13",2016,97,"development",365,1017,"gva_allshootings",100,"development","train"
1018,"2016-10-14",2016,100,"development",365,1018,"gva_allshootings",100,"development","train"
1019,"2016-10-15",2016,145,"development",365,1019,"gva_allshootings",100,"development","train"
1020,"2016-10-16",2016,158,"development",365,1020,"gva_allshootings",100,"development","train"
1021,"2016-10-17",2016,93,"development",365,1021,"gva_allshootings",100,"development","train"
1022,"2016-10-18",2016,117,"development",365,1022,"gva_allshootings",100,"development","train"
1023,"2016-10-19",2016,103,"development",365,1023,"gva_allshootings",100,"development","train"
1024,"2016-10-20",2016,77,"development",365,1024,"gva_allshootings",100,"development","train"
1025,"2016-10-21",2016,91,"development",365,1025,"gva_allshootings",100,"development","train"
1026,"2016-10-22",2016,125,"development",365,1026,"gva_allshootings",100,"development","train"
1027,"2016-10-23",2016,134,"development",365,1027,"gva_allshootings",100,"development","train"
1028,"2016-10-24",2016,111,"development",365,1028,"gva_allshootings",100,"development","train"
1029,"2016-10-25",2016,109,"development",365,1029,"gva_allshootings",100,"development","train"
1030,"2016-10-26",2016,105,"development",365,1030,"gva_allshootings",100,"development","train"
1031,"2016-10-27",2016,94,"development",365,1031,"gva_allshootings",100,"development","train"
1032,"2016-10-28",2016,83,"development",365,1032,"gva_allshootings",100,"development","train"
1033,"2016-10-29",2016,131,"development",365,1033,"gva_allshootings",100,"development","train"
1034,"2016-10-30",2016,129,"development",365,1034,"gva_allshootings",100,"development","train"
1035,"2016-10-31",2016,125,"development",365,1035,"gva_allshootings",100,"development","train"
1036,"2016-11-01",2016,114,"development",365,1036,"gva_allshootings",100,"development","train"
1037,"2016-11-02",2016,114,"development",365,1037,"gva_allshootings",100,"development","train"
1038,"2016-11-03",2016,100,"development",365,1038,"gva_allshootings",100,"development","train"
1039,"2016-11-04",2016,105,"development",365,1039,"gva_allshootings",100,"development","train"
1040,"2016-11-05",2016,110,"development",365,1040,"gva_allshootings",100,"development","train"
1041,"2016-11-06",2016,140,"development",365,1041,"gva_allshootings",100,"development","train"
1042,"2016-11-07",2016,106,"development",365,1042,"gva_allshootings",100,"development","train"
1043,"2016-11-08",2016,83,"development",365,1043,"gva_allshootings",100,"development","train"
1044,"2016-11-09",2016,61,"development",365,1044,"gva_allshootings",100,"development","train"
1045,"2016-11-10",2016,99,"development",365,1045,"gva_allshootings",100,"development","train"
1046,"2016-11-11",2016,102,"development",365,1046,"gva_allshootings",100,"development","train"
1047,"2016-11-12",2016,123,"development",365,1047,"gva_allshootings",100,"development","train"
1048,"2016-11-13",2016,134,"development",365,1048,"gva_allshootings",100,"development","train"
1049,"2016-11-14",2016,108,"development",365,1049,"gva_allshootings",100,"development","train"
1050,"2016-11-15",2016,100,"development",365,1050,"gva_allshootings",100,"development","train"
1051,"2016-11-16",2016,100,"development",365,1051,"gva_allshootings",100,"development","train"
1052,"2016-11-17",2016,102,"development",365,1052,"gva_allshootings",100,"development","train"
1053,"2016-11-18",2016,113,"development",365,1053,"gva_allshootings",100,"development","train"
1054,"2016-11-19",2016,119,"development",365,1054,"gva_allshootings",100,"development","train"
1055,"2016-11-20",2016,108,"development",365,1055,"gva_allshootings",100,"development","train"
1056,"2016-11-21",2016,90,"development",365,1056,"gva_allshootings",100,"development","train"
1057,"2016-11-22",2016,113,"development",365,1057,"gva_allshootings",100,"development","train"
1058,"2016-11-23",2016,96,"development",365,1058,"gva_allshootings",100,"development","train"
1059,"2016-11-24",2016,101,"development",365,1059,"gva_allshootings",100,"development","train"
1060,"2016-11-25",2016,117,"development",365,1060,"gva_allshootings",100,"development","train"
1061,"2016-11-26",2016,121,"development",365,1061,"gva_allshootings",100,"development","train"
1062,"2016-11-27",2016,144,"development",365,1062,"gva_allshootings",100,"development","train"
1063,"2016-11-28",2016,109,"development",365,1063,"gva_allshootings",100,"development","train"
1064,"2016-11-29",2016,104,"development",365,1064,"gva_allshootings",100,"development","train"
1065,"2016-11-30",2016,108,"development",365,1065,"gva_allshootings",100,"development","train"
1066,"2016-12-01",2016,102,"development",365,1066,"gva_allshootings",100,"development","train"
1067,"2016-12-02",2016,113,"development",365,1067,"gva_allshootings",100,"development","train"
1068,"2016-12-03",2016,119,"development",365,1068,"gva_allshootings",100,"development","train"
1069,"2016-12-04",2016,111,"development",365,1069,"gva_allshootings",100,"development","train"
1070,"2016-12-05",2016,91,"development",365,1070,"gva_allshootings",100,"development","train"
1071,"2016-12-06",2016,90,"development",365,1071,"gva_allshootings",100,"development","train"
1072,"2016-12-07",2016,80,"development",365,1072,"gva_allshootings",100,"development","train"
1073,"2016-12-08",2016,103,"development",365,1073,"gva_allshootings",100,"development","train"
1074,"2016-12-09",2016,116,"development",365,1074,"gva_allshootings",100,"development","train"
1075,"2016-12-10",2016,95,"development",365,1075,"gva_allshootings",100,"development","train"
1076,"2016-12-11",2016,118,"development",365,1076,"gva_allshootings",100,"development","train"
1077,"2016-12-12",2016,105,"development",365,1077,"gva_allshootings",100,"development","train"
1078,"2016-12-13",2016,95,"development",365,1078,"gva_allshootings",100,"development","train"
1079,"2016-12-14",2016,96,"development",365,1079,"gva_allshootings",100,"development","train"
1080,"2016-12-15",2016,84,"development",365,1080,"gva_allshootings",100,"development","train"
1081,"2016-12-16",2016,74,"development",365,1081,"gva_allshootings",100,"development","train"
1082,"2016-12-17",2016,128,"development",365,1082,"gva_allshootings",100,"development","train"
1083,"2016-12-18",2016,77,"development",365,1083,"gva_allshootings",100,"development","train"
1084,"2016-12-19",2016,83,"development",365,1084,"gva_allshootings",100,"development","train"
1085,"2016-12-20",2016,97,"development",365,1085,"gva_allshootings",100,"development","train"
1086,"2016-12-21",2016,102,"development",365,1086,"gva_allshootings",100,"development","train"
1087,"2016-12-22",2016,96,"development",365,1087,"gva_allshootings",100,"development","train"
1088,"2016-12-23",2016,121,"development",365,1088,"gva_allshootings",100,"development","train"
1089,"2016-12-24",2016,107,"development",365,1089,"gva_allshootings",100,"development","train"
1090,"2016-12-25",2016,96,"development",365,1090,"gva_allshootings",100,"development","train"
1091,"2016-12-26",2016,123,"development",365,1091,"gva_allshootings",100,"development","train"
1092,"2016-12-27",2016,113,"development",365,1092,"gva_allshootings",100,"development","train"
1093,"2016-12-28",2016,118,"development",365,1093,"gva_allshootings",100,"development","train"
1094,"2016-12-29",2016,121,"development",365,1094,"gva_allshootings",100,"development","train"
1095,"2016-12-30",2016,95,"development",365,1095,"gva_allshootings",100,"development","train"
1096,"2016-12-31",2016,130,"development",365,1096,"gva_allshootings",100,"development","train"
1097,"2017-01-01",2017,187,"development",365,1097,"gva_allshootings",100,"development","train"
1098,"2017-01-02",2017,112,"development",365,1098,"gva_allshootings",100,"development","train"
1099,"2017-01-03",2017,119,"development",365,1099,"gva_allshootings",100,"development","train"
1100,"2017-01-04",2017,78,"development",365,1100,"gva_allshootings",100,"development","train"
1101,"2017-01-05",2017,65,"development",365,1101,"gva_allshootings",100,"development","train"
1102,"2017-01-06",2017,73,"development",365,1102,"gva_allshootings",100,"development","train"
1103,"2017-01-07",2017,101,"development",365,1103,"gva_allshootings",100,"development","train"
1104,"2017-01-08",2017,90,"development",365,1104,"gva_allshootings",100,"development","train"
1105,"2017-01-09",2017,92,"development",365,1105,"gva_allshootings",100,"development","train"
1106,"2017-01-10",2017,100,"development",365,1106,"gva_allshootings",100,"development","train"
1107,"2017-01-11",2017,102,"development",365,1107,"gva_allshootings",100,"development","train"
1108,"2017-01-12",2017,107,"development",365,1108,"gva_allshootings",100,"development","train"
1109,"2017-01-13",2017,109,"development",365,1109,"gva_allshootings",100,"development","train"
1110,"2017-01-14",2017,124,"development",365,1110,"gva_allshootings",100,"development","train"
1111,"2017-01-15",2017,124,"development",365,1111,"gva_allshootings",100,"development","train"
1112,"2017-01-16",2017,134,"development",365,1112,"gva_allshootings",100,"development","train"
1113,"2017-01-17",2017,111,"development",365,1113,"gva_allshootings",100,"development","train"
1114,"2017-01-18",2017,116,"development",365,1114,"gva_allshootings",100,"development","train"
1115,"2017-01-19",2017,96,"development",365,1115,"gva_allshootings",100,"development","train"
1116,"2017-01-20",2017,97,"development",365,1116,"gva_allshootings",100,"development","train"
1117,"2017-01-21",2017,118,"development",365,1117,"gva_allshootings",100,"development","train"
1118,"2017-01-22",2017,101,"development",365,1118,"gva_allshootings",100,"development","train"
1119,"2017-01-23",2017,100,"development",365,1119,"gva_allshootings",100,"development","train"
1120,"2017-01-24",2017,98,"development",365,1120,"gva_allshootings",100,"development","train"
1121,"2017-01-25",2017,96,"development",365,1121,"gva_allshootings",100,"development","train"
1122,"2017-01-26",2017,103,"development",365,1122,"gva_allshootings",100,"development","train"
1123,"2017-01-27",2017,103,"development",365,1123,"gva_allshootings",100,"development","train"
1124,"2017-01-28",2017,136,"development",365,1124,"gva_allshootings",100,"development","train"
1125,"2017-01-29",2017,111,"development",365,1125,"gva_allshootings",100,"development","train"
1126,"2017-01-30",2017,113,"development",365,1126,"gva_allshootings",100,"development","train"
1127,"2017-01-31",2017,94,"development",365,1127,"gva_allshootings",100,"development","train"
1128,"2017-02-01",2017,91,"development",365,1128,"gva_allshootings",100,"development","train"
1129,"2017-02-02",2017,80,"development",365,1129,"gva_allshootings",100,"development","train"
1130,"2017-02-03",2017,91,"development",365,1130,"gva_allshootings",100,"development","train"
1131,"2017-02-04",2017,88,"development",365,1131,"gva_allshootings",100,"development","train"
1132,"2017-02-05",2017,104,"development",365,1132,"gva_allshootings",100,"development","train"
1133,"2017-02-06",2017,102,"development",365,1133,"gva_allshootings",100,"development","train"
1134,"2017-02-07",2017,116,"development",365,1134,"gva_allshootings",100,"development","train"
1135,"2017-02-08",2017,86,"development",365,1135,"gva_allshootings",100,"development","train"
1136,"2017-02-09",2017,91,"development",365,1136,"gva_allshootings",100,"development","train"
1137,"2017-02-10",2017,80,"development",365,1137,"gva_allshootings",100,"development","train"
1138,"2017-02-11",2017,122,"development",365,1138,"gva_allshootings",100,"development","train"
1139,"2017-02-12",2017,126,"development",365,1139,"gva_allshootings",100,"development","train"
1140,"2017-02-13",2017,92,"development",365,1140,"gva_allshootings",100,"development","train"
1141,"2017-02-14",2017,82,"development",365,1141,"gva_allshootings",100,"development","train"
1142,"2017-02-15",2017,90,"development",365,1142,"gva_allshootings",100,"development","train"
1143,"2017-02-16",2017,89,"development",365,1143,"gva_allshootings",100,"development","train"
1144,"2017-02-17",2017,98,"development",365,1144,"gva_allshootings",100,"development","train"
1145,"2017-02-18",2017,112,"development",365,1145,"gva_allshootings",100,"development","train"
1146,"2017-02-19",2017,137,"development",365,1146,"gva_allshootings",100,"development","train"
1147,"2017-02-20",2017,109,"development",365,1147,"gva_allshootings",100,"development","train"
1148,"2017-02-21",2017,91,"development",365,1148,"gva_allshootings",100,"development","train"
1149,"2017-02-22",2017,104,"development",365,1149,"gva_allshootings",100,"development","train"
1150,"2017-02-23",2017,94,"development",365,1150,"gva_allshootings",100,"development","train"
1151,"2017-02-24",2017,83,"development",365,1151,"gva_allshootings",100,"development","train"
1152,"2017-02-25",2017,83,"development",365,1152,"gva_allshootings",100,"development","train"
1153,"2017-02-26",2017,73,"development",365,1153,"gva_allshootings",100,"development","train"
1154,"2017-02-27",2017,81,"development",365,1154,"gva_allshootings",100,"development","train"
1155,"2017-02-28",2017,90,"development",365,1155,"gva_allshootings",100,"development","train"
1156,"2017-03-01",2017,77,"development",365,1156,"gva_allshootings",100,"development","train"
1157,"2017-03-02",2017,75,"development",365,1157,"gva_allshootings",100,"development","train"
1158,"2017-03-03",2017,69,"development",365,1158,"gva_allshootings",100,"development","train"
1159,"2017-03-04",2017,100,"development",365,1159,"gva_allshootings",100,"development","train"
1160,"2017-03-05",2017,86,"development",365,1160,"gva_allshootings",100,"development","train"
1161,"2017-03-06",2017,80,"development",365,1161,"gva_allshootings",100,"development","train"
1162,"2017-03-07",2017,80,"development",365,1162,"gva_allshootings",100,"development","train"
1163,"2017-03-08",2017,82,"development",365,1163,"gva_allshootings",100,"development","train"
1164,"2017-03-09",2017,85,"development",365,1164,"gva_allshootings",100,"development","train"
1165,"2017-03-10",2017,87,"development",365,1165,"gva_allshootings",100,"development","train"
1166,"2017-03-11",2017,81,"development",365,1166,"gva_allshootings",100,"development","train"
1167,"2017-03-12",2017,84,"development",365,1167,"gva_allshootings",100,"development","train"
1168,"2017-03-13",2017,72,"development",365,1168,"gva_allshootings",100,"development","train"
1169,"2017-03-14",2017,71,"development",365,1169,"gva_allshootings",100,"development","train"
1170,"2017-03-15",2017,79,"development",365,1170,"gva_allshootings",100,"development","train"
1171,"2017-03-16",2017,72,"development",365,1171,"gva_allshootings",100,"development","train"
1172,"2017-03-17",2017,90,"development",365,1172,"gva_allshootings",100,"development","train"
1173,"2017-03-18",2017,96,"development",365,1173,"gva_allshootings",100,"development","train"
1174,"2017-03-19",2017,114,"development",365,1174,"gva_allshootings",100,"development","train"
1175,"2017-03-20",2017,86,"development",365,1175,"gva_allshootings",100,"development","train"
1176,"2017-03-21",2017,85,"development",365,1176,"gva_allshootings",100,"development","train"
1177,"2017-03-22",2017,90,"development",365,1177,"gva_allshootings",100,"development","train"
1178,"2017-03-23",2017,81,"development",365,1178,"gva_allshootings",100,"development","train"
1179,"2017-03-24",2017,121,"development",365,1179,"gva_allshootings",100,"development","train"
1180,"2017-03-25",2017,129,"development",365,1180,"gva_allshootings",100,"development","train"
1181,"2017-03-26",2017,132,"development",365,1181,"gva_allshootings",100,"development","train"
1182,"2017-03-27",2017,95,"development",365,1182,"gva_allshootings",100,"development","train"
1183,"2017-03-28",2017,102,"development",365,1183,"gva_allshootings",100,"development","train"
1184,"2017-03-29",2017,111,"development",365,1184,"gva_allshootings",100,"development","train"
1185,"2017-03-30",2017,87,"development",365,1185,"gva_allshootings",100,"development","train"
1186,"2017-03-31",2017,80,"development",365,1186,"gva_allshootings",100,"development","train"
1187,"2017-04-01",2017,103,"development",365,1187,"gva_allshootings",100,"development","train"
1188,"2017-04-02",2017,116,"development",365,1188,"gva_allshootings",100,"development","train"
1189,"2017-04-03",2017,105,"development",365,1189,"gva_allshootings",100,"development","train"
1190,"2017-04-04",2017,109,"development",365,1190,"gva_allshootings",100,"development","train"
1191,"2017-04-05",2017,88,"development",365,1191,"gva_allshootings",100,"development","train"
1192,"2017-04-06",2017,89,"development",365,1192,"gva_allshootings",100,"development","train"
1193,"2017-04-07",2017,110,"development",365,1193,"gva_allshootings",100,"development","train"
1194,"2017-04-08",2017,109,"development",365,1194,"gva_allshootings",100,"development","train"
1195,"2017-04-09",2017,134,"development",365,1195,"gva_allshootings",100,"development","train"
1196,"2017-04-10",2017,114,"development",365,1196,"gva_allshootings",100,"development","train"
1197,"2017-04-11",2017,105,"development",365,1197,"gva_allshootings",100,"development","train"
1198,"2017-04-12",2017,100,"development",365,1198,"gva_allshootings",100,"development","train"
1199,"2017-04-13",2017,100,"development",365,1199,"gva_allshootings",100,"development","train"
1200,"2017-04-14",2017,93,"development",365,1200,"gva_allshootings",100,"development","train"
1201,"2017-04-15",2017,134,"development",365,1201,"gva_allshootings",100,"development","train"
1202,"2017-04-16",2017,143,"development",365,1202,"gva_allshootings",100,"development","train"
1203,"2017-04-17",2017,104,"development",365,1203,"gva_allshootings",100,"development","train"
1204,"2017-04-18",2017,93,"development",365,1204,"gva_allshootings",100,"development","train"
1205,"2017-04-19",2017,97,"development",365,1205,"gva_allshootings",100,"development","train"
1206,"2017-04-20",2017,89,"development",365,1206,"gva_allshootings",100,"development","train"
1207,"2017-04-21",2017,89,"development",365,1207,"gva_allshootings",100,"development","train"
1208,"2017-04-22",2017,126,"development",365,1208,"gva_allshootings",100,"development","train"
1209,"2017-04-23",2017,135,"development",365,1209,"gva_allshootings",100,"development","train"
1210,"2017-04-24",2017,102,"development",365,1210,"gva_allshootings",100,"development","train"
1211,"2017-04-25",2017,104,"development",365,1211,"gva_allshootings",100,"development","train"
1212,"2017-04-26",2017,112,"development",365,1212,"gva_allshootings",100,"development","train"
1213,"2017-04-27",2017,81,"development",365,1213,"gva_allshootings",100,"development","train"
1214,"2017-04-28",2017,94,"development",365,1214,"gva_allshootings",100,"development","train"
1215,"2017-04-29",2017,116,"development",365,1215,"gva_allshootings",100,"development","train"
1216,"2017-04-30",2017,118,"development",365,1216,"gva_allshootings",100,"development","train"
1217,"2017-05-01",2017,116,"development",365,1217,"gva_allshootings",100,"development","train"
1218,"2017-05-02",2017,107,"development",365,1218,"gva_allshootings",100,"development","train"
1219,"2017-05-03",2017,88,"development",365,1219,"gva_allshootings",100,"development","train"
1220,"2017-05-04",2017,63,"development",365,1220,"gva_allshootings",100,"development","train"
1221,"2017-05-05",2017,96,"development",365,1221,"gva_allshootings",100,"development","train"
1222,"2017-05-06",2017,112,"development",365,1222,"gva_allshootings",100,"development","train"
1223,"2017-05-07",2017,129,"development",365,1223,"gva_allshootings",100,"development","train"
1224,"2017-05-08",2017,110,"development",365,1224,"gva_allshootings",100,"development","train"
1225,"2017-05-09",2017,105,"development",365,1225,"gva_allshootings",100,"development","train"
1226,"2017-05-10",2017,82,"development",365,1226,"gva_allshootings",100,"development","train"
1227,"2017-05-11",2017,97,"development",365,1227,"gva_allshootings",100,"development","train"
1228,"2017-05-12",2017,109,"development",365,1228,"gva_allshootings",100,"development","train"
1229,"2017-05-13",2017,114,"development",365,1229,"gva_allshootings",100,"development","train"
1230,"2017-05-14",2017,134,"development",365,1230,"gva_allshootings",100,"development","train"
1231,"2017-05-15",2017,127,"development",365,1231,"gva_allshootings",100,"development","train"
1232,"2017-05-16",2017,121,"development",365,1232,"gva_allshootings",100,"development","train"
1233,"2017-05-17",2017,106,"development",365,1233,"gva_allshootings",100,"development","train"
1234,"2017-05-18",2017,95,"development",365,1234,"gva_allshootings",100,"development","train"
1235,"2017-05-19",2017,101,"development",365,1235,"gva_allshootings",100,"development","train"
1236,"2017-05-20",2017,114,"development",365,1236,"gva_allshootings",100,"development","train"
1237,"2017-05-21",2017,124,"development",365,1237,"gva_allshootings",100,"development","train"
1238,"2017-05-22",2017,108,"development",365,1238,"gva_allshootings",100,"development","train"
1239,"2017-05-23",2017,99,"development",365,1239,"gva_allshootings",100,"development","train"
1240,"2017-05-24",2017,118,"development",365,1240,"gva_allshootings",100,"development","train"
1241,"2017-05-25",2017,85,"development",365,1241,"gva_allshootings",100,"development","train"
1242,"2017-05-26",2017,103,"development",365,1242,"gva_allshootings",100,"development","train"
1243,"2017-05-27",2017,145,"development",365,1243,"gva_allshootings",100,"development","train"
1244,"2017-05-28",2017,153,"development",365,1244,"gva_allshootings",100,"development","train"
1245,"2017-05-29",2017,138,"development",365,1245,"gva_allshootings",100,"development","train"
1246,"2017-05-30",2017,120,"development",365,1246,"gva_allshootings",100,"development","train"
1247,"2017-05-31",2017,96,"development",365,1247,"gva_allshootings",100,"development","train"
1248,"2017-06-01",2017,99,"development",365,1248,"gva_allshootings",100,"development","train"
1249,"2017-06-02",2017,111,"development",365,1249,"gva_allshootings",100,"development","train"
1250,"2017-06-03",2017,132,"development",365,1250,"gva_allshootings",100,"development","train"
1251,"2017-06-04",2017,114,"development",365,1251,"gva_allshootings",100,"development","train"
1252,"2017-06-05",2017,104,"development",365,1252,"gva_allshootings",100,"development","train"
1253,"2017-06-06",2017,115,"development",365,1253,"gva_allshootings",100,"development","train"
1254,"2017-06-07",2017,106,"development",365,1254,"gva_allshootings",100,"development","train"
1255,"2017-06-08",2017,108,"development",365,1255,"gva_allshootings",100,"development","train"
1256,"2017-06-09",2017,85,"development",365,1256,"gva_allshootings",100,"development","train"
1257,"2017-06-10",2017,127,"development",365,1257,"gva_allshootings",100,"development","train"
1258,"2017-06-11",2017,143,"development",365,1258,"gva_allshootings",100,"development","train"
1259,"2017-06-12",2017,115,"development",365,1259,"gva_allshootings",100,"development","train"
1260,"2017-06-13",2017,97,"development",365,1260,"gva_allshootings",100,"development","train"
1261,"2017-06-14",2017,81,"development",365,1261,"gva_allshootings",100,"development","train"
1262,"2017-06-15",2017,105,"development",365,1262,"gva_allshootings",100,"development","train"
1263,"2017-06-16",2017,118,"development",365,1263,"gva_allshootings",100,"development","train"
1264,"2017-06-17",2017,144,"development",365,1264,"gva_allshootings",100,"development","train"
1265,"2017-06-18",2017,140,"development",365,1265,"gva_allshootings",100,"development","train"
1266,"2017-06-19",2017,115,"development",365,1266,"gva_allshootings",100,"development","train"
1267,"2017-06-20",2017,99,"development",365,1267,"gva_allshootings",100,"development","train"
1268,"2017-06-21",2017,101,"development",365,1268,"gva_allshootings",100,"development","train"
1269,"2017-06-22",2017,90,"development",365,1269,"gva_allshootings",100,"development","train"
1270,"2017-06-23",2017,108,"development",365,1270,"gva_allshootings",100,"development","train"
1271,"2017-06-24",2017,131,"development",365,1271,"gva_allshootings",100,"development","train"
1272,"2017-06-25",2017,118,"development",365,1272,"gva_allshootings",100,"development","train"
1273,"2017-06-26",2017,99,"development",365,1273,"gva_allshootings",100,"development","train"
1274,"2017-06-27",2017,96,"development",365,1274,"gva_allshootings",100,"development","train"
1275,"2017-06-28",2017,118,"development",365,1275,"gva_allshootings",100,"development","train"
1276,"2017-06-29",2017,101,"development",365,1276,"gva_allshootings",100,"development","train"
1277,"2017-06-30",2017,97,"development",365,1277,"gva_allshootings",100,"development","train"
1278,"2017-07-01",2017,128,"development",365,1278,"gva_allshootings",100,"development","train"
1279,"2017-07-02",2017,152,"development",365,1279,"gva_allshootings",100,"development","train"
1280,"2017-07-03",2017,112,"development",365,1280,"gva_allshootings",100,"development","train"
1281,"2017-07-04",2017,172,"development",365,1281,"gva_allshootings",100,"development","train"
1282,"2017-07-05",2017,147,"development",365,1282,"gva_allshootings",100,"development","train"
1283,"2017-07-06",2017,107,"development",365,1283,"gva_allshootings",100,"development","train"
1284,"2017-07-07",2017,109,"development",365,1284,"gva_allshootings",100,"development","train"
1285,"2017-07-08",2017,128,"development",365,1285,"gva_allshootings",100,"development","train"
1286,"2017-07-09",2017,145,"development",365,1286,"gva_allshootings",100,"development","train"
1287,"2017-07-10",2017,83,"development",365,1287,"gva_allshootings",100,"development","train"
1288,"2017-07-11",2017,98,"development",365,1288,"gva_allshootings",100,"development","train"
1289,"2017-07-12",2017,116,"development",365,1289,"gva_allshootings",100,"development","train"
1290,"2017-07-13",2017,86,"development",365,1290,"gva_allshootings",100,"development","train"
1291,"2017-07-14",2017,107,"development",365,1291,"gva_allshootings",100,"development","train"
1292,"2017-07-15",2017,121,"development",365,1292,"gva_allshootings",100,"development","train"
1293,"2017-07-16",2017,133,"development",365,1293,"gva_allshootings",100,"development","train"
1294,"2017-07-17",2017,124,"development",365,1294,"gva_allshootings",100,"development","train"
1295,"2017-07-18",2017,107,"development",365,1295,"gva_allshootings",100,"development","train"
1296,"2017-07-19",2017,109,"development",365,1296,"gva_allshootings",100,"development","train"
1297,"2017-07-20",2017,93,"development",365,1297,"gva_allshootings",100,"development","train"
1298,"2017-07-21",2017,102,"development",365,1298,"gva_allshootings",100,"development","train"
1299,"2017-07-22",2017,107,"development",365,1299,"gva_allshootings",100,"development","train"
1300,"2017-07-23",2017,134,"development",365,1300,"gva_allshootings",100,"development","train"
1301,"2017-07-24",2017,93,"development",365,1301,"gva_allshootings",100,"development","train"
1302,"2017-07-25",2017,113,"development",365,1302,"gva_allshootings",100,"development","train"
1303,"2017-07-26",2017,92,"development",365,1303,"gva_allshootings",100,"development","train"
1304,"2017-07-27",2017,85,"development",365,1304,"gva_allshootings",100,"development","train"
1305,"2017-07-28",2017,101,"development",365,1305,"gva_allshootings",100,"development","train"
1306,"2017-07-29",2017,120,"development",365,1306,"gva_allshootings",100,"development","train"
1307,"2017-07-30",2017,148,"development",365,1307,"gva_allshootings",100,"development","train"
1308,"2017-07-31",2017,120,"development",365,1308,"gva_allshootings",100,"development","train"
1309,"2017-08-01",2017,111,"development",365,1309,"gva_allshootings",100,"development","train"
1310,"2017-08-02",2017,109,"development",365,1310,"gva_allshootings",100,"development","train"
1311,"2017-08-03",2017,122,"development",365,1311,"gva_allshootings",100,"development","train"
1312,"2017-08-04",2017,93,"development",365,1312,"gva_allshootings",100,"development","train"
1313,"2017-08-05",2017,127,"development",365,1313,"gva_allshootings",100,"development","train"
1314,"2017-08-06",2017,136,"development",365,1314,"gva_allshootings",100,"development","train"
1315,"2017-08-07",2017,111,"development",365,1315,"gva_allshootings",100,"development","train"
1316,"2017-08-08",2017,99,"development",365,1316,"gva_allshootings",100,"development","train"
1317,"2017-08-09",2017,94,"development",365,1317,"gva_allshootings",100,"development","train"
1318,"2017-08-10",2017,89,"development",365,1318,"gva_allshootings",100,"development","train"
1319,"2017-08-11",2017,103,"development",365,1319,"gva_allshootings",100,"development","train"
1320,"2017-08-12",2017,103,"development",365,1320,"gva_allshootings",100,"development","train"
1321,"2017-08-13",2017,131,"development",365,1321,"gva_allshootings",100,"development","train"
1322,"2017-08-14",2017,124,"development",365,1322,"gva_allshootings",100,"development","train"
1323,"2017-08-15",2017,110,"development",365,1323,"gva_allshootings",100,"development","train"
1324,"2017-08-16",2017,67,"development",365,1324,"gva_allshootings",100,"development","train"
1325,"2017-08-17",2017,87,"development",365,1325,"gva_allshootings",100,"development","train"
1326,"2017-08-18",2017,101,"development",365,1326,"gva_allshootings",100,"development","train"
1327,"2017-08-19",2017,122,"development",365,1327,"gva_allshootings",100,"development","train"
1328,"2017-08-20",2017,135,"development",365,1328,"gva_allshootings",100,"development","train"
1329,"2017-08-21",2017,112,"development",365,1329,"gva_allshootings",100,"development","train"
1330,"2017-08-22",2017,88,"development",365,1330,"gva_allshootings",100,"development","train"
1331,"2017-08-23",2017,115,"development",365,1331,"gva_allshootings",100,"development","train"
1332,"2017-08-24",2017,98,"development",365,1332,"gva_allshootings",100,"development","train"
1333,"2017-08-25",2017,99,"development",365,1333,"gva_allshootings",100,"development","train"
1334,"2017-08-26",2017,100,"development",365,1334,"gva_allshootings",100,"development","train"
1335,"2017-08-27",2017,119,"development",365,1335,"gva_allshootings",100,"development","train"
1336,"2017-08-28",2017,92,"development",365,1336,"gva_allshootings",100,"development","train"
1337,"2017-08-29",2017,93,"development",365,1337,"gva_allshootings",100,"development","train"
1338,"2017-08-30",2017,86,"development",365,1338,"gva_allshootings",100,"development","train"
1339,"2017-08-31",2017,101,"development",365,1339,"gva_allshootings",100,"development","train"
1340,"2017-09-01",2017,97,"development",365,1340,"gva_allshootings",100,"development","train"
1341,"2017-09-02",2017,92,"development",365,1341,"gva_allshootings",100,"development","train"
1342,"2017-09-03",2017,136,"development",365,1342,"gva_allshootings",100,"development","train"
1343,"2017-09-04",2017,112,"development",365,1343,"gva_allshootings",100,"development","train"
1344,"2017-09-05",2017,95,"development",365,1344,"gva_allshootings",100,"development","train"
1345,"2017-09-06",2017,72,"development",365,1345,"gva_allshootings",100,"development","train"
1346,"2017-09-07",2017,78,"development",365,1346,"gva_allshootings",100,"development","train"
1347,"2017-09-08",2017,77,"development",365,1347,"gva_allshootings",100,"development","train"
1348,"2017-09-09",2017,94,"development",365,1348,"gva_allshootings",100,"development","train"
1349,"2017-09-10",2017,91,"development",365,1349,"gva_allshootings",100,"development","train"
1350,"2017-09-11",2017,80,"development",365,1350,"gva_allshootings",100,"development","train"
1351,"2017-09-12",2017,87,"development",365,1351,"gva_allshootings",100,"development","train"
1352,"2017-09-13",2017,69,"development",365,1352,"gva_allshootings",100,"development","train"
1353,"2017-09-14",2017,93,"development",365,1353,"gva_allshootings",100,"development","train"
1354,"2017-09-15",2017,98,"development",365,1354,"gva_allshootings",100,"development","train"
1355,"2017-09-16",2017,112,"development",365,1355,"gva_allshootings",100,"development","train"
1356,"2017-09-17",2017,143,"development",365,1356,"gva_allshootings",100,"development","train"
1357,"2017-09-18",2017,93,"development",365,1357,"gva_allshootings",100,"development","train"
1358,"2017-09-19",2017,109,"development",365,1358,"gva_allshootings",100,"development","train"
1359,"2017-09-20",2017,94,"development",365,1359,"gva_allshootings",100,"development","train"
1360,"2017-09-21",2017,99,"development",365,1360,"gva_allshootings",100,"development","train"
1361,"2017-09-22",2017,103,"development",365,1361,"gva_allshootings",100,"development","train"
1362,"2017-09-23",2017,134,"development",365,1362,"gva_allshootings",100,"development","train"
1363,"2017-09-24",2017,138,"development",365,1363,"gva_allshootings",100,"development","train"
1364,"2017-09-25",2017,96,"development",365,1364,"gva_allshootings",100,"development","train"
1365,"2017-09-26",2017,87,"development",365,1365,"gva_allshootings",100,"development","train"
1366,"2017-09-27",2017,103,"development",365,1366,"gva_allshootings",100,"development","train"
1367,"2017-09-28",2017,90,"development",365,1367,"gva_allshootings",100,"development","train"
1368,"2017-09-29",2017,119,"development",365,1368,"gva_allshootings",100,"development","train"
1369,"2017-09-30",2017,122,"development",365,1369,"gva_allshootings",100,"development","train"
1370,"2017-10-01",2017,124,"development",365,1370,"gva_allshootings",100,"development","train"
1371,"2017-10-02",2017,87,"development",365,1371,"gva_allshootings",100,"development","train"
1372,"2017-10-03",2017,103,"development",365,1372,"gva_allshootings",100,"development","train"
1373,"2017-10-04",2017,109,"development",365,1373,"gva_allshootings",100,"development","train"
1374,"2017-10-05",2017,106,"development",365,1374,"gva_allshootings",100,"development","train"
1375,"2017-10-06",2017,115,"development",365,1375,"gva_allshootings",100,"development","train"
1376,"2017-10-07",2017,115,"development",365,1376,"gva_allshootings",100,"development","train"
1377,"2017-10-08",2017,133,"development",365,1377,"gva_allshootings",100,"development","train"
1378,"2017-10-09",2017,106,"development",365,1378,"gva_allshootings",100,"development","train"
1379,"2017-10-10",2017,107,"development",365,1379,"gva_allshootings",100,"development","train"
1380,"2017-10-11",2017,81,"development",365,1380,"gva_allshootings",100,"development","train"
1381,"2017-10-12",2017,95,"development",365,1381,"gva_allshootings",100,"development","train"
1382,"2017-10-13",2017,89,"development",365,1382,"gva_allshootings",100,"development","train"
1383,"2017-10-14",2017,133,"development",365,1383,"gva_allshootings",100,"development","train"
1384,"2017-10-15",2017,119,"development",365,1384,"gva_allshootings",100,"development","train"
1385,"2017-10-16",2017,108,"development",365,1385,"gva_allshootings",100,"development","train"
1386,"2017-10-17",2017,88,"development",365,1386,"gva_allshootings",100,"development","train"
1387,"2017-10-18",2017,100,"development",365,1387,"gva_allshootings",100,"development","train"
1388,"2017-10-19",2017,87,"development",365,1388,"gva_allshootings",100,"development","train"
1389,"2017-10-20",2017,121,"development",365,1389,"gva_allshootings",100,"development","train"
1390,"2017-10-21",2017,165,"development",365,1390,"gva_allshootings",100,"development","train"
1391,"2017-10-22",2017,114,"development",365,1391,"gva_allshootings",100,"development","train"
1392,"2017-10-23",2017,111,"development",365,1392,"gva_allshootings",100,"development","train"
1393,"2017-10-24",2017,87,"development",365,1393,"gva_allshootings",100,"development","train"
1394,"2017-10-25",2017,112,"development",365,1394,"gva_allshootings",100,"development","train"
1395,"2017-10-26",2017,104,"development",365,1395,"gva_allshootings",100,"development","train"
1396,"2017-10-27",2017,97,"development",365,1396,"gva_allshootings",100,"development","train"
1397,"2017-10-28",2017,140,"development",365,1397,"gva_allshootings",100,"development","train"
1398,"2017-10-29",2017,127,"development",365,1398,"gva_allshootings",100,"development","train"
1399,"2017-10-30",2017,88,"development",365,1399,"gva_allshootings",100,"development","train"
1400,"2017-10-31",2017,115,"development",365,1400,"gva_allshootings",100,"development","train"
1401,"2017-11-01",2017,109,"development",365,1401,"gva_allshootings",100,"development","train"
1402,"2017-11-02",2017,84,"development",365,1402,"gva_allshootings",100,"development","train"
1403,"2017-11-03",2017,105,"development",365,1403,"gva_allshootings",100,"development","train"
1404,"2017-11-04",2017,116,"development",365,1404,"gva_allshootings",100,"development","train"
1405,"2017-11-05",2017,129,"development",365,1405,"gva_allshootings",100,"development","train"
1406,"2017-11-06",2017,94,"development",365,1406,"gva_allshootings",100,"development","train"
1407,"2017-11-07",2017,93,"development",365,1407,"gva_allshootings",100,"development","train"
1408,"2017-11-08",2017,82,"development",365,1408,"gva_allshootings",100,"development","train"
1409,"2017-11-09",2017,78,"development",365,1409,"gva_allshootings",100,"development","train"
1410,"2017-11-10",2017,104,"development",365,1410,"gva_allshootings",100,"development","train"
1411,"2017-11-11",2017,114,"development",365,1411,"gva_allshootings",100,"development","train"
1412,"2017-11-12",2017,122,"development",365,1412,"gva_allshootings",100,"development","train"
1413,"2017-11-13",2017,106,"development",365,1413,"gva_allshootings",100,"development","train"
1414,"2017-11-14",2017,82,"development",365,1414,"gva_allshootings",100,"development","train"
1415,"2017-11-15",2017,79,"development",365,1415,"gva_allshootings",100,"development","train"
1416,"2017-11-16",2017,94,"development",365,1416,"gva_allshootings",100,"development","train"
1417,"2017-11-17",2017,82,"development",365,1417,"gva_allshootings",100,"development","train"
1418,"2017-11-18",2017,118,"development",365,1418,"gva_allshootings",100,"development","train"
1419,"2017-11-19",2017,115,"development",365,1419,"gva_allshootings",100,"development","train"
1420,"2017-11-20",2017,78,"development",365,1420,"gva_allshootings",100,"development","train"
1421,"2017-11-21",2017,82,"development",365,1421,"gva_allshootings",100,"development","train"
1422,"2017-11-22",2017,80,"development",365,1422,"gva_allshootings",100,"development","train"
1423,"2017-11-23",2017,97,"development",365,1423,"gva_allshootings",100,"development","train"
1424,"2017-11-24",2017,117,"development",365,1424,"gva_allshootings",100,"development","train"
1425,"2017-11-25",2017,125,"development",365,1425,"gva_allshootings",100,"development","train"
1426,"2017-11-26",2017,117,"development",365,1426,"gva_allshootings",100,"development","train"
1427,"2017-11-27",2017,103,"development",365,1427,"gva_allshootings",100,"development","train"
1428,"2017-11-28",2017,93,"development",365,1428,"gva_allshootings",100,"development","train"
1429,"2017-11-29",2017,102,"development",365,1429,"gva_allshootings",100,"development","train"
1430,"2017-11-30",2017,85,"development",365,1430,"gva_allshootings",100,"development","train"
1431,"2017-12-01",2017,103,"development",365,1431,"gva_allshootings",100,"development","train"
1432,"2017-12-02",2017,118,"development",365,1432,"gva_allshootings",100,"development","train"
1433,"2017-12-03",2017,110,"development",365,1433,"gva_allshootings",100,"development","train"
1434,"2017-12-04",2017,87,"development",365,1434,"gva_allshootings",100,"development","train"
1435,"2017-12-05",2017,91,"development",365,1435,"gva_allshootings",100,"development","train"
1436,"2017-12-06",2017,81,"development",365,1436,"gva_allshootings",100,"development","train"
1437,"2017-12-07",2017,81,"development",365,1437,"gva_allshootings",100,"development","train"
1438,"2017-12-08",2017,75,"development",365,1438,"gva_allshootings",100,"development","train"
1439,"2017-12-09",2017,93,"development",365,1439,"gva_allshootings",100,"development","train"
1440,"2017-12-10",2017,109,"development",365,1440,"gva_allshootings",100,"development","train"
1441,"2017-12-11",2017,112,"development",365,1441,"gva_allshootings",100,"development","train"
1442,"2017-12-12",2017,83,"development",365,1442,"gva_allshootings",100,"development","train"
1443,"2017-12-13",2017,98,"development",365,1443,"gva_allshootings",100,"development","train"
1444,"2017-12-14",2017,70,"development",365,1444,"gva_allshootings",100,"development","train"
1445,"2017-12-15",2017,77,"development",365,1445,"gva_allshootings",100,"development","train"
1446,"2017-12-16",2017,101,"development",365,1446,"gva_allshootings",100,"development","train"
1447,"2017-12-17",2017,109,"development",365,1447,"gva_allshootings",100,"development","train"
1448,"2017-12-18",2017,89,"development",365,1448,"gva_allshootings",100,"development","train"
1449,"2017-12-19",2017,120,"development",365,1449,"gva_allshootings",100,"development","train"
1450,"2017-12-20",2017,95,"development",365,1450,"gva_allshootings",100,"development","train"
1451,"2017-12-21",2017,84,"development",365,1451,"gva_allshootings",100,"development","train"
1452,"2017-12-22",2017,107,"development",365,1452,"gva_allshootings",100,"development","train"
1453,"2017-12-23",2017,115,"development",365,1453,"gva_allshootings",100,"development","train"
1454,"2017-12-24",2017,95,"development",365,1454,"gva_allshootings",100,"development","train"
1455,"2017-12-25",2017,74,"development",365,1455,"gva_allshootings",100,"development","train"
1456,"2017-12-26",2017,96,"development",365,1456,"gva_allshootings",100,"development","train"
1457,"2017-12-27",2017,75,"development",365,1457,"gva_allshootings",100,"development","train"
1458,"2017-12-28",2017,81,"development",365,1458,"gva_allshootings",100,"development","train"
1459,"2017-12-29",2017,70,"development",365,1459,"gva_allshootings",100,"development","train"
1460,"2017-12-30",2017,96,"development",365,1460,"gva_allshootings",100,"development","train"
1461,"2017-12-31",2017,98,"development",365,1461,"gva_allshootings",100,"development","train"
1462,"2018-01-01",2018,152,"development",365,1462,"gva_allshootings",100,"development","train"
1463,"2018-01-02",2018,68,"development",365,1463,"gva_allshootings",100,"development","train"
1464,"2018-01-03",2018,84,"development",365,1464,"gva_allshootings",100,"development","train"
1465,"2018-01-04",2018,80,"development",365,1465,"gva_allshootings",100,"development","train"
1466,"2018-01-05",2018,87,"development",365,1466,"gva_allshootings",100,"development","train"
1467,"2018-01-06",2018,106,"development",365,1467,"gva_allshootings",100,"development","train"
1468,"2018-01-07",2018,106,"development",365,1468,"gva_allshootings",100,"development","train"
1469,"2018-01-08",2018,85,"development",365,1469,"gva_allshootings",100,"development","train"
1470,"2018-01-09",2018,89,"development",365,1470,"gva_allshootings",100,"development","train"
1471,"2018-01-10",2018,68,"development",365,1471,"gva_allshootings",100,"development","train"
1472,"2018-01-11",2018,131,"development",365,1472,"gva_allshootings",100,"development","train"
1473,"2018-01-12",2018,114,"development",365,1473,"gva_allshootings",100,"development","train"
1474,"2018-01-13",2018,97,"development",365,1474,"gva_allshootings",100,"development","train"
1475,"2018-01-14",2018,100,"development",365,1475,"gva_allshootings",100,"development","train"
1476,"2018-01-15",2018,95,"development",365,1476,"gva_allshootings",100,"development","train"
1477,"2018-01-16",2018,75,"development",365,1477,"gva_allshootings",100,"development","train"
1478,"2018-01-17",2018,80,"development",365,1478,"gva_allshootings",100,"development","train"
1479,"2018-01-18",2018,77,"development",365,1479,"gva_allshootings",100,"development","train"
1480,"2018-01-19",2018,60,"development",365,1480,"gva_allshootings",100,"development","train"
1481,"2018-01-20",2018,127,"development",365,1481,"gva_allshootings",100,"development","train"
1482,"2018-01-21",2018,123,"development",365,1482,"gva_allshootings",100,"development","train"
1483,"2018-01-22",2018,98,"development",365,1483,"gva_allshootings",100,"development","train"
1484,"2018-01-23",2018,103,"development",365,1484,"gva_allshootings",100,"development","train"
1485,"2018-01-24",2018,102,"development",365,1485,"gva_allshootings",100,"development","train"
1486,"2018-01-25",2018,109,"development",365,1486,"gva_allshootings",100,"development","train"
1487,"2018-01-26",2018,103,"development",365,1487,"gva_allshootings",100,"development","train"
1488,"2018-01-27",2018,122,"development",365,1488,"gva_allshootings",100,"development","train"
1489,"2018-01-28",2018,119,"development",365,1489,"gva_allshootings",100,"development","train"
1490,"2018-01-29",2018,89,"development",365,1490,"gva_allshootings",100,"development","train"
1491,"2018-01-30",2018,95,"development",365,1491,"gva_allshootings",100,"development","train"
1492,"2018-01-31",2018,79,"development",365,1492,"gva_allshootings",100,"development","train"
1493,"2018-02-01",2018,88,"development",365,1493,"gva_allshootings",100,"development","train"
1494,"2018-02-02",2018,83,"development",365,1494,"gva_allshootings",100,"development","train"
1495,"2018-02-03",2018,104,"development",365,1495,"gva_allshootings",100,"development","train"
1496,"2018-02-04",2018,78,"development",365,1496,"gva_allshootings",100,"development","train"
1497,"2018-02-05",2018,89,"development",365,1497,"gva_allshootings",100,"development","train"
1498,"2018-02-06",2018,87,"development",365,1498,"gva_allshootings",100,"development","train"
1499,"2018-02-07",2018,75,"development",365,1499,"gva_allshootings",100,"development","train"
1500,"2018-02-08",2018,90,"development",365,1500,"gva_allshootings",100,"development","train"
1501,"2018-02-09",2018,77,"development",365,1501,"gva_allshootings",100,"development","train"
1502,"2018-02-10",2018,84,"development",365,1502,"gva_allshootings",100,"development","train"
1503,"2018-02-11",2018,79,"development",365,1503,"gva_allshootings",100,"development","train"
1504,"2018-02-12",2018,70,"development",365,1504,"gva_allshootings",100,"development","train"
1505,"2018-02-13",2018,77,"development",365,1505,"gva_allshootings",100,"development","train"
1506,"2018-02-14",2018,84,"development",365,1506,"gva_allshootings",100,"development","train"
1507,"2018-02-15",2018,74,"development",365,1507,"gva_allshootings",100,"development","train"
1508,"2018-02-16",2018,90,"development",365,1508,"gva_allshootings",100,"development","train"
1509,"2018-02-17",2018,97,"development",365,1509,"gva_allshootings",100,"development","train"
1510,"2018-02-18",2018,95,"development",365,1510,"gva_allshootings",100,"development","train"
1511,"2018-02-19",2018,90,"development",365,1511,"gva_allshootings",100,"development","train"
1512,"2018-02-20",2018,85,"development",365,1512,"gva_allshootings",100,"development","train"
1513,"2018-02-21",2018,60,"development",365,1513,"gva_allshootings",100,"development","train"
1514,"2018-02-22",2018,63,"development",365,1514,"gva_allshootings",100,"development","train"
1515,"2018-02-23",2018,87,"development",365,1515,"gva_allshootings",100,"development","train"
1516,"2018-02-24",2018,104,"development",365,1516,"gva_allshootings",100,"development","train"
1517,"2018-02-25",2018,93,"development",365,1517,"gva_allshootings",100,"development","train"
1518,"2018-02-26",2018,67,"development",365,1518,"gva_allshootings",100,"development","train"
1519,"2018-02-27",2018,68,"development",365,1519,"gva_allshootings",100,"development","train"
1520,"2018-02-28",2018,66,"development",365,1520,"gva_allshootings",100,"development","train"
1521,"2018-03-01",2018,72,"development",365,1521,"gva_allshootings",100,"development","train"
1522,"2018-03-02",2018,70,"development",365,1522,"gva_allshootings",100,"development","train"
1523,"2018-03-03",2018,73,"development",365,1523,"gva_allshootings",100,"development","train"
1524,"2018-03-04",2018,83,"development",365,1524,"gva_allshootings",100,"development","train"
1525,"2018-03-05",2018,97,"development",365,1525,"gva_allshootings",100,"development","train"
1526,"2018-03-06",2018,76,"development",365,1526,"gva_allshootings",100,"development","train"
1527,"2018-03-07",2018,78,"development",365,1527,"gva_allshootings",100,"development","train"
1528,"2018-03-08",2018,76,"development",365,1528,"gva_allshootings",100,"development","train"
1529,"2018-03-09",2018,74,"development",365,1529,"gva_allshootings",100,"development","train"
1530,"2018-03-10",2018,89,"development",365,1530,"gva_allshootings",100,"development","train"
1531,"2018-03-11",2018,94,"development",365,1531,"gva_allshootings",100,"development","train"
1532,"2018-03-12",2018,97,"development",365,1532,"gva_allshootings",100,"development","train"
1533,"2018-03-13",2018,71,"development",365,1533,"gva_allshootings",100,"development","train"
1534,"2018-03-14",2018,82,"development",365,1534,"gva_allshootings",100,"development","train"
1535,"2018-03-15",2018,74,"development",365,1535,"gva_allshootings",100,"development","train"
1536,"2018-03-16",2018,79,"development",365,1536,"gva_allshootings",100,"development","train"
1537,"2018-03-17",2018,111,"development",365,1537,"gva_allshootings",100,"development","train"
1538,"2018-03-18",2018,119,"development",365,1538,"gva_allshootings",100,"development","train"
1539,"2018-03-19",2018,84,"development",365,1539,"gva_allshootings",100,"development","train"
1540,"2018-03-20",2018,86,"development",365,1540,"gva_allshootings",100,"development","train"
1541,"2018-03-21",2018,84,"development",365,1541,"gva_allshootings",100,"development","train"
1542,"2018-03-22",2018,86,"development",365,1542,"gva_allshootings",100,"development","train"
1543,"2018-03-23",2018,76,"development",365,1543,"gva_allshootings",100,"development","train"
1544,"2018-03-24",2018,117,"development",365,1544,"gva_allshootings",100,"development","train"
1545,"2018-03-25",2018,102,"development",365,1545,"gva_allshootings",100,"development","train"
1546,"2018-03-26",2018,97,"development",365,1546,"gva_allshootings",100,"development","train"
1547,"2018-03-27",2018,70,"development",365,1547,"gva_allshootings",100,"development","train"
1548,"2018-03-28",2018,92,"development",365,1548,"gva_allshootings",100,"development","train"
1549,"2018-03-29",2018,84,"development",365,1549,"gva_allshootings",100,"development","train"
1550,"2018-03-30",2018,84,"development",365,1550,"gva_allshootings",100,"development","train"
1551,"2018-03-31",2018,107,"development",365,1551,"gva_allshootings",100,"development","train"
1552,"2018-04-01",2018,130,"development",365,1552,"gva_allshootings",100,"development","train"
1553,"2018-04-02",2018,96,"development",365,1553,"gva_allshootings",100,"development","train"
1554,"2018-04-03",2018,90,"development",365,1554,"gva_allshootings",100,"development","train"
1555,"2018-04-04",2018,81,"development",365,1555,"gva_allshootings",100,"development","train"
1556,"2018-04-05",2018,91,"development",365,1556,"gva_allshootings",100,"development","train"
1557,"2018-04-06",2018,88,"development",365,1557,"gva_allshootings",100,"development","train"
1558,"2018-04-07",2018,120,"development",365,1558,"gva_allshootings",100,"development","train"
1559,"2018-04-08",2018,108,"development",365,1559,"gva_allshootings",100,"development","train"
1560,"2018-04-09",2018,84,"development",365,1560,"gva_allshootings",100,"development","train"
1561,"2018-04-10",2018,79,"development",365,1561,"gva_allshootings",100,"development","train"
1562,"2018-04-11",2018,89,"development",365,1562,"gva_allshootings",100,"development","train"
1563,"2018-04-12",2018,85,"development",365,1563,"gva_allshootings",100,"development","train"
1564,"2018-04-13",2018,97,"development",365,1564,"gva_allshootings",100,"development","train"
1565,"2018-04-14",2018,91,"development",365,1565,"gva_allshootings",100,"development","train"
1566,"2018-04-15",2018,102,"development",365,1566,"gva_allshootings",100,"development","train"
1567,"2018-04-16",2018,76,"development",365,1567,"gva_allshootings",100,"development","train"
1568,"2018-04-17",2018,79,"development",365,1568,"gva_allshootings",100,"development","train"
1569,"2018-04-18",2018,80,"development",365,1569,"gva_allshootings",100,"development","train"
1570,"2018-04-19",2018,67,"development",365,1570,"gva_allshootings",100,"development","train"
1571,"2018-04-20",2018,77,"development",365,1571,"gva_allshootings",100,"development","train"
1572,"2018-04-21",2018,86,"development",365,1572,"gva_allshootings",100,"development","train"
1573,"2018-04-22",2018,126,"development",365,1573,"gva_allshootings",100,"development","train"
1574,"2018-04-23",2018,84,"development",365,1574,"gva_allshootings",100,"development","train"
1575,"2018-04-24",2018,97,"development",365,1575,"gva_allshootings",100,"development","train"
1576,"2018-04-25",2018,81,"development",365,1576,"gva_allshootings",100,"development","train"
1577,"2018-04-26",2018,100,"development",365,1577,"gva_allshootings",100,"development","train"
1578,"2018-04-27",2018,90,"development",365,1578,"gva_allshootings",100,"development","train"
1579,"2018-04-28",2018,108,"development",365,1579,"gva_allshootings",100,"development","train"
1580,"2018-04-29",2018,110,"development",365,1580,"gva_allshootings",100,"development","train"
1581,"2018-04-30",2018,102,"development",365,1581,"gva_allshootings",100,"development","train"
1582,"2018-05-01",2018,100,"development",365,1582,"gva_allshootings",100,"development","train"
1583,"2018-05-02",2018,92,"development",365,1583,"gva_allshootings",100,"development","train"
1584,"2018-05-03",2018,95,"development",365,1584,"gva_allshootings",100,"development","train"
1585,"2018-05-04",2018,104,"development",365,1585,"gva_allshootings",100,"development","train"
1586,"2018-05-05",2018,129,"development",365,1586,"gva_allshootings",100,"development","train"
1587,"2018-05-06",2018,123,"development",365,1587,"gva_allshootings",100,"development","train"
1588,"2018-05-07",2018,99,"development",365,1588,"gva_allshootings",100,"development","train"
1589,"2018-05-08",2018,99,"development",365,1589,"gva_allshootings",100,"development","train"
1590,"2018-05-09",2018,99,"development",365,1590,"gva_allshootings",100,"development","train"
1591,"2018-05-10",2018,88,"development",365,1591,"gva_allshootings",100,"development","train"
1592,"2018-05-11",2018,100,"development",365,1592,"gva_allshootings",100,"development","train"
1593,"2018-05-12",2018,114,"development",365,1593,"gva_allshootings",100,"development","train"
1594,"2018-05-13",2018,113,"development",365,1594,"gva_allshootings",100,"development","train"
1595,"2018-05-14",2018,83,"development",365,1595,"gva_allshootings",100,"development","train"
1596,"2018-05-15",2018,91,"development",365,1596,"gva_allshootings",100,"development","train"
1597,"2018-05-16",2018,92,"development",365,1597,"gva_allshootings",100,"development","train"
1598,"2018-05-17",2018,86,"development",365,1598,"gva_allshootings",100,"development","train"
1599,"2018-05-18",2018,87,"development",365,1599,"gva_allshootings",100,"development","train"
1600,"2018-05-19",2018,110,"development",365,1600,"gva_allshootings",100,"development","train"
1601,"2018-05-20",2018,117,"development",365,1601,"gva_allshootings",100,"development","train"
1602,"2018-05-21",2018,85,"development",365,1602,"gva_allshootings",100,"development","train"
1603,"2018-05-22",2018,93,"development",365,1603,"gva_allshootings",100,"development","train"
1604,"2018-05-23",2018,80,"development",365,1604,"gva_allshootings",100,"development","train"
1605,"2018-05-24",2018,96,"development",365,1605,"gva_allshootings",100,"development","train"
1606,"2018-05-25",2018,100,"development",365,1606,"gva_allshootings",100,"development","train"
1607,"2018-05-26",2018,114,"development",365,1607,"gva_allshootings",100,"development","train"
1608,"2018-05-27",2018,117,"development",365,1608,"gva_allshootings",100,"development","train"
1609,"2018-05-28",2018,119,"development",365,1609,"gva_allshootings",100,"development","train"
1610,"2018-05-29",2018,108,"development",365,1610,"gva_allshootings",100,"development","train"
1611,"2018-05-30",2018,85,"development",365,1611,"gva_allshootings",100,"development","train"
1612,"2018-05-31",2018,86,"development",365,1612,"gva_allshootings",100,"development","train"
1613,"2018-06-01",2018,103,"development",365,1613,"gva_allshootings",100,"development","train"
1614,"2018-06-02",2018,110,"development",365,1614,"gva_allshootings",100,"development","train"
1615,"2018-06-03",2018,115,"development",365,1615,"gva_allshootings",100,"development","train"
1616,"2018-06-04",2018,93,"development",365,1616,"gva_allshootings",100,"development","train"
1617,"2018-06-05",2018,90,"development",365,1617,"gva_allshootings",100,"development","train"
1618,"2018-06-06",2018,90,"development",365,1618,"gva_allshootings",100,"development","train"
1619,"2018-06-07",2018,107,"development",365,1619,"gva_allshootings",100,"development","train"
1620,"2018-06-08",2018,104,"development",365,1620,"gva_allshootings",100,"development","train"
1621,"2018-06-09",2018,121,"development",365,1621,"gva_allshootings",100,"development","train"
1622,"2018-06-10",2018,120,"development",365,1622,"gva_allshootings",100,"development","train"
1623,"2018-06-11",2018,93,"development",365,1623,"gva_allshootings",100,"development","train"
1624,"2018-06-12",2018,93,"development",365,1624,"gva_allshootings",100,"development","train"
1625,"2018-06-13",2018,93,"development",365,1625,"gva_allshootings",100,"development","train"
1626,"2018-06-14",2018,90,"development",365,1626,"gva_allshootings",100,"development","train"
1627,"2018-06-15",2018,96,"development",365,1627,"gva_allshootings",100,"development","train"
1628,"2018-06-16",2018,105,"development",365,1628,"gva_allshootings",100,"development","train"
1629,"2018-06-17",2018,125,"development",365,1629,"gva_allshootings",100,"development","train"
1630,"2018-06-18",2018,112,"development",365,1630,"gva_allshootings",100,"development","train"
1631,"2018-06-19",2018,83,"development",365,1631,"gva_allshootings",100,"development","train"
1632,"2018-06-20",2018,89,"development",365,1632,"gva_allshootings",100,"development","train"
1633,"2018-06-21",2018,78,"development",365,1633,"gva_allshootings",100,"development","train"
1634,"2018-06-22",2018,98,"development",365,1634,"gva_allshootings",100,"development","train"
1635,"2018-06-23",2018,128,"development",365,1635,"gva_allshootings",100,"development","train"
1636,"2018-06-24",2018,150,"development",365,1636,"gva_allshootings",100,"development","train"
1637,"2018-06-25",2018,121,"development",365,1637,"gva_allshootings",100,"development","train"
1638,"2018-06-26",2018,79,"development",365,1638,"gva_allshootings",100,"development","train"
1639,"2018-06-27",2018,99,"development",365,1639,"gva_allshootings",100,"development","train"
1640,"2018-06-28",2018,94,"development",365,1640,"gva_allshootings",100,"development","train"
1641,"2018-06-29",2018,79,"development",365,1641,"gva_allshootings",100,"development","train"
1642,"2018-06-30",2018,123,"development",365,1642,"gva_allshootings",100,"development","train"
1643,"2018-07-01",2018,119,"development",365,1643,"gva_allshootings",100,"development","train"
1644,"2018-07-02",2018,90,"development",365,1644,"gva_allshootings",100,"development","train"
1645,"2018-07-03",2018,95,"development",365,1645,"gva_allshootings",100,"development","train"
1646,"2018-07-04",2018,162,"development",365,1646,"gva_allshootings",100,"development","train"
1647,"2018-07-05",2018,128,"development",365,1647,"gva_allshootings",100,"development","train"
1648,"2018-07-06",2018,80,"development",365,1648,"gva_allshootings",100,"development","train"
1649,"2018-07-07",2018,126,"development",365,1649,"gva_allshootings",100,"development","train"
1650,"2018-07-08",2018,119,"development",365,1650,"gva_allshootings",100,"development","train"
1651,"2018-07-09",2018,97,"development",365,1651,"gva_allshootings",100,"development","train"
1652,"2018-07-10",2018,95,"development",365,1652,"gva_allshootings",100,"development","train"
1653,"2018-07-11",2018,114,"development",365,1653,"gva_allshootings",100,"development","train"
1654,"2018-07-12",2018,85,"development",365,1654,"gva_allshootings",100,"development","train"
1655,"2018-07-13",2018,89,"development",365,1655,"gva_allshootings",100,"development","train"
1656,"2018-07-14",2018,109,"development",365,1656,"gva_allshootings",100,"development","train"
1657,"2018-07-15",2018,129,"development",365,1657,"gva_allshootings",100,"development","train"
1658,"2018-07-16",2018,80,"development",365,1658,"gva_allshootings",100,"development","train"
1659,"2018-07-17",2018,80,"development",365,1659,"gva_allshootings",100,"development","train"
1660,"2018-07-18",2018,98,"development",365,1660,"gva_allshootings",100,"development","train"
1661,"2018-07-19",2018,93,"development",365,1661,"gva_allshootings",100,"development","train"
1662,"2018-07-20",2018,102,"development",365,1662,"gva_allshootings",100,"development","train"
1663,"2018-07-21",2018,115,"development",365,1663,"gva_allshootings",100,"development","train"
1664,"2018-07-22",2018,109,"development",365,1664,"gva_allshootings",100,"development","train"
1665,"2018-07-23",2018,101,"development",365,1665,"gva_allshootings",100,"development","train"
1666,"2018-07-24",2018,87,"development",365,1666,"gva_allshootings",100,"development","train"
1667,"2018-07-25",2018,100,"development",365,1667,"gva_allshootings",100,"development","train"
1668,"2018-07-26",2018,121,"development",365,1668,"gva_allshootings",100,"development","train"
1669,"2018-07-27",2018,96,"development",365,1669,"gva_allshootings",100,"development","train"
1670,"2018-07-28",2018,117,"development",365,1670,"gva_allshootings",100,"development","train"
1671,"2018-07-29",2018,134,"development",365,1671,"gva_allshootings",100,"development","train"
1672,"2018-07-30",2018,81,"development",365,1672,"gva_allshootings",100,"development","train"
1673,"2018-07-31",2018,104,"development",365,1673,"gva_allshootings",100,"development","train"
1674,"2018-08-01",2018,81,"development",365,1674,"gva_allshootings",100,"development","train"
1675,"2018-08-02",2018,82,"development",365,1675,"gva_allshootings",100,"development","train"
1676,"2018-08-03",2018,107,"development",365,1676,"gva_allshootings",100,"development","train"
1677,"2018-08-04",2018,130,"development",365,1677,"gva_allshootings",100,"development","train"
1678,"2018-08-05",2018,125,"development",365,1678,"gva_allshootings",100,"development","train"
1679,"2018-08-06",2018,102,"development",365,1679,"gva_allshootings",100,"development","train"
1680,"2018-08-07",2018,90,"development",365,1680,"gva_allshootings",100,"development","train"
1681,"2018-08-08",2018,104,"development",365,1681,"gva_allshootings",100,"development","train"
1682,"2018-08-09",2018,89,"development",365,1682,"gva_allshootings",100,"development","train"
1683,"2018-08-10",2018,105,"development",365,1683,"gva_allshootings",100,"development","train"
1684,"2018-08-11",2018,123,"development",365,1684,"gva_allshootings",100,"development","train"
1685,"2018-08-12",2018,119,"development",365,1685,"gva_allshootings",100,"development","train"
1686,"2018-08-13",2018,91,"development",365,1686,"gva_allshootings",100,"development","train"
1687,"2018-08-14",2018,94,"development",365,1687,"gva_allshootings",100,"development","train"
1688,"2018-08-15",2018,90,"development",365,1688,"gva_allshootings",100,"development","train"
1689,"2018-08-16",2018,80,"development",365,1689,"gva_allshootings",100,"development","train"
1690,"2018-08-17",2018,117,"development",365,1690,"gva_allshootings",100,"development","train"
1691,"2018-08-18",2018,134,"development",365,1691,"gva_allshootings",100,"development","train"
1692,"2018-08-19",2018,123,"development",365,1692,"gva_allshootings",100,"development","train"
1693,"2018-08-20",2018,91,"development",365,1693,"gva_allshootings",100,"development","train"
1694,"2018-08-21",2018,76,"development",365,1694,"gva_allshootings",100,"development","train"
1695,"2018-08-22",2018,92,"development",365,1695,"gva_allshootings",100,"development","train"
1696,"2018-08-23",2018,80,"development",365,1696,"gva_allshootings",100,"development","train"
1697,"2018-08-24",2018,118,"development",365,1697,"gva_allshootings",100,"development","train"
1698,"2018-08-25",2018,112,"development",365,1698,"gva_allshootings",100,"development","train"
1699,"2018-08-26",2018,126,"development",365,1699,"gva_allshootings",100,"development","train"
1700,"2018-08-27",2018,104,"development",365,1700,"gva_allshootings",100,"development","train"
1701,"2018-08-28",2018,101,"development",365,1701,"gva_allshootings",100,"development","train"
1702,"2018-08-29",2018,84,"development",365,1702,"gva_allshootings",100,"development","train"
1703,"2018-08-30",2018,85,"development",365,1703,"gva_allshootings",100,"development","train"
1704,"2018-08-31",2018,89,"development",365,1704,"gva_allshootings",100,"development","train"
1705,"2018-09-01",2018,118,"development",365,1705,"gva_allshootings",100,"development","train"
1706,"2018-09-02",2018,108,"development",365,1706,"gva_allshootings",100,"development","train"
1707,"2018-09-03",2018,114,"development",365,1707,"gva_allshootings",100,"development","train"
1708,"2018-09-04",2018,97,"development",365,1708,"gva_allshootings",100,"development","train"
1709,"2018-09-05",2018,88,"development",365,1709,"gva_allshootings",100,"development","train"
1710,"2018-09-06",2018,84,"development",365,1710,"gva_allshootings",100,"development","train"
1711,"2018-09-07",2018,95,"development",365,1711,"gva_allshootings",100,"development","train"
1712,"2018-09-08",2018,110,"development",365,1712,"gva_allshootings",100,"development","train"
1713,"2018-09-09",2018,90,"development",365,1713,"gva_allshootings",100,"development","train"
1714,"2018-09-10",2018,85,"development",365,1714,"gva_allshootings",100,"development","train"
1715,"2018-09-11",2018,81,"development",365,1715,"gva_allshootings",100,"development","train"
1716,"2018-09-12",2018,84,"development",365,1716,"gva_allshootings",100,"development","train"
1717,"2018-09-13",2018,78,"development",365,1717,"gva_allshootings",100,"development","train"
1718,"2018-09-14",2018,97,"development",365,1718,"gva_allshootings",100,"development","train"
1719,"2018-09-15",2018,99,"development",365,1719,"gva_allshootings",100,"development","train"
1720,"2018-09-16",2018,112,"development",365,1720,"gva_allshootings",100,"development","train"
1721,"2018-09-17",2018,81,"development",365,1721,"gva_allshootings",100,"development","train"
1722,"2018-09-18",2018,111,"development",365,1722,"gva_allshootings",100,"development","train"
1723,"2018-09-19",2018,93,"development",365,1723,"gva_allshootings",100,"development","train"
1724,"2018-09-20",2018,89,"development",365,1724,"gva_allshootings",100,"development","train"
1725,"2018-09-21",2018,83,"development",365,1725,"gva_allshootings",100,"development","train"
1726,"2018-09-22",2018,128,"development",365,1726,"gva_allshootings",100,"development","train"
1727,"2018-09-23",2018,109,"development",365,1727,"gva_allshootings",100,"development","train"
1728,"2018-09-24",2018,91,"development",365,1728,"gva_allshootings",100,"development","train"
1729,"2018-09-25",2018,97,"development",365,1729,"gva_allshootings",100,"development","train"
1730,"2018-09-26",2018,84,"development",365,1730,"gva_allshootings",100,"development","train"
1731,"2018-09-27",2018,84,"development",365,1731,"gva_allshootings",100,"development","train"
1732,"2018-09-28",2018,88,"development",365,1732,"gva_allshootings",100,"development","train"
1733,"2018-09-29",2018,112,"development",365,1733,"gva_allshootings",100,"development","train"
1734,"2018-09-30",2018,123,"development",365,1734,"gva_allshootings",100,"development","train"
1735,"2018-10-01",2018,84,"development",365,1735,"gva_allshootings",100,"development","train"
1736,"2018-10-02",2018,82,"development",365,1736,"gva_allshootings",100,"development","train"
1737,"2018-10-03",2018,82,"development",365,1737,"gva_allshootings",100,"development","train"
1738,"2018-10-04",2018,91,"development",365,1738,"gva_allshootings",100,"development","train"
1739,"2018-10-05",2018,112,"development",365,1739,"gva_allshootings",100,"development","train"
1740,"2018-10-06",2018,109,"development",365,1740,"gva_allshootings",100,"development","train"
1741,"2018-10-07",2018,116,"development",365,1741,"gva_allshootings",100,"development","train"
1742,"2018-10-08",2018,83,"development",365,1742,"gva_allshootings",100,"development","train"
1743,"2018-10-09",2018,110,"development",365,1743,"gva_allshootings",100,"development","train"
1744,"2018-10-10",2018,73,"development",365,1744,"gva_allshootings",100,"development","train"
1745,"2018-10-11",2018,83,"development",365,1745,"gva_allshootings",100,"development","train"
1746,"2018-10-12",2018,81,"development",365,1746,"gva_allshootings",100,"development","train"
1747,"2018-10-13",2018,89,"development",365,1747,"gva_allshootings",100,"development","train"
1748,"2018-10-14",2018,88,"development",365,1748,"gva_allshootings",100,"development","train"
1749,"2018-10-15",2018,75,"development",365,1749,"gva_allshootings",100,"development","train"
1750,"2018-10-16",2018,84,"development",365,1750,"gva_allshootings",100,"development","train"
1751,"2018-10-17",2018,87,"development",365,1751,"gva_allshootings",100,"development","train"
1752,"2018-10-18",2018,87,"development",365,1752,"gva_allshootings",100,"development","train"
1753,"2018-10-19",2018,90,"development",365,1753,"gva_allshootings",100,"development","train"
1754,"2018-10-20",2018,99,"development",365,1754,"gva_allshootings",100,"development","train"
1755,"2018-10-21",2018,107,"development",365,1755,"gva_allshootings",100,"development","train"
1756,"2018-10-22",2018,80,"development",365,1756,"gva_allshootings",100,"development","train"
1757,"2018-10-23",2018,88,"development",365,1757,"gva_allshootings",100,"development","train"
1758,"2018-10-24",2018,75,"development",365,1758,"gva_allshootings",100,"development","train"
1759,"2018-10-25",2018,69,"development",365,1759,"gva_allshootings",100,"development","train"
1760,"2018-10-26",2018,83,"development",365,1760,"gva_allshootings",100,"development","train"
1761,"2018-10-27",2018,102,"development",365,1761,"gva_allshootings",100,"development","train"
1762,"2018-10-28",2018,112,"development",365,1762,"gva_allshootings",100,"development","train"
1763,"2018-10-29",2018,78,"development",365,1763,"gva_allshootings",100,"development","train"
1764,"2018-10-30",2018,83,"development",365,1764,"gva_allshootings",100,"development","train"
1765,"2018-10-31",2018,108,"development",365,1765,"gva_allshootings",100,"development","train"
1766,"2018-11-01",2018,86,"development",365,1766,"gva_allshootings",100,"development","train"
1767,"2018-11-02",2018,94,"development",365,1767,"gva_allshootings",100,"development","train"
1768,"2018-11-03",2018,92,"development",365,1768,"gva_allshootings",100,"development","train"
1769,"2018-11-04",2018,94,"development",365,1769,"gva_allshootings",100,"development","train"
1770,"2018-11-05",2018,90,"development",365,1770,"gva_allshootings",100,"development","train"
1771,"2018-11-06",2018,69,"development",365,1771,"gva_allshootings",100,"development","train"
1772,"2018-11-07",2018,83,"development",365,1772,"gva_allshootings",100,"development","train"
1773,"2018-11-08",2018,76,"development",365,1773,"gva_allshootings",100,"development","train"
1774,"2018-11-09",2018,77,"development",365,1774,"gva_allshootings",100,"development","train"
1775,"2018-11-10",2018,107,"development",365,1775,"gva_allshootings",100,"development","train"
1776,"2018-11-11",2018,122,"development",365,1776,"gva_allshootings",100,"development","train"
1777,"2018-11-12",2018,81,"development",365,1777,"gva_allshootings",100,"development","train"
1778,"2018-11-13",2018,62,"development",365,1778,"gva_allshootings",100,"development","train"
1779,"2018-11-14",2018,72,"development",365,1779,"gva_allshootings",100,"development","train"
1780,"2018-11-15",2018,65,"development",365,1780,"gva_allshootings",100,"development","train"
1781,"2018-11-16",2018,88,"development",365,1781,"gva_allshootings",100,"development","train"
1782,"2018-11-17",2018,114,"development",365,1782,"gva_allshootings",100,"development","train"
1783,"2018-11-18",2018,102,"development",365,1783,"gva_allshootings",100,"development","train"
1784,"2018-11-19",2018,90,"development",365,1784,"gva_allshootings",100,"development","train"
1785,"2018-11-20",2018,73,"development",365,1785,"gva_allshootings",100,"development","train"
1786,"2018-11-21",2018,98,"development",365,1786,"gva_allshootings",100,"development","train"
1787,"2018-11-22",2018,88,"development",365,1787,"gva_allshootings",100,"development","train"
1788,"2018-11-23",2018,81,"development",365,1788,"gva_allshootings",100,"development","train"
1789,"2018-11-24",2018,98,"development",365,1789,"gva_allshootings",100,"development","train"
1790,"2018-11-25",2018,104,"development",365,1790,"gva_allshootings",100,"development","train"
1791,"2018-11-26",2018,83,"development",365,1791,"gva_allshootings",100,"development","train"
1792,"2018-11-27",2018,81,"development",365,1792,"gva_allshootings",100,"development","train"
1793,"2018-11-28",2018,70,"development",365,1793,"gva_allshootings",100,"development","train"
1794,"2018-11-29",2018,84,"development",365,1794,"gva_allshootings",100,"development","train"
1795,"2018-11-30",2018,84,"development",365,1795,"gva_allshootings",100,"development","train"
1796,"2018-12-01",2018,101,"development",365,1796,"gva_allshootings",100,"development","train"
1797,"2018-12-02",2018,95,"development",365,1797,"gva_allshootings",100,"development","train"
1798,"2018-12-03",2018,94,"development",365,1798,"gva_allshootings",100,"development","train"
1799,"2018-12-04",2018,70,"development",365,1799,"gva_allshootings",100,"development","train"
1800,"2018-12-05",2018,88,"development",365,1800,"gva_allshootings",100,"development","train"
1801,"2018-12-06",2018,81,"development",365,1801,"gva_allshootings",100,"development","train"
1802,"2018-12-07",2018,69,"development",365,1802,"gva_allshootings",100,"development","train"
1803,"2018-12-08",2018,78,"development",365,1803,"gva_allshootings",100,"development","train"
1804,"2018-12-09",2018,114,"development",365,1804,"gva_allshootings",100,"development","train"
1805,"2018-12-10",2018,87,"development",365,1805,"gva_allshootings",100,"development","train"
1806,"2018-12-11",2018,81,"development",365,1806,"gva_allshootings",100,"development","train"
1807,"2018-12-12",2018,77,"development",365,1807,"gva_allshootings",100,"development","train"
1808,"2018-12-13",2018,65,"development",365,1808,"gva_allshootings",100,"development","train"
1809,"2018-12-14",2018,97,"development",365,1809,"gva_allshootings",100,"development","train"
1810,"2018-12-15",2018,108,"development",365,1810,"gva_allshootings",100,"development","train"
1811,"2018-12-16",2018,112,"development",365,1811,"gva_allshootings",100,"development","train"
1812,"2018-12-17",2018,73,"development",365,1812,"gva_allshootings",100,"development","train"
1813,"2018-12-18",2018,83,"development",365,1813,"gva_allshootings",100,"development","train"
1814,"2018-12-19",2018,86,"development",365,1814,"gva_allshootings",100,"development","train"
1815,"2018-12-20",2018,76,"development",365,1815,"gva_allshootings",100,"development","train"
1816,"2018-12-21",2018,89,"development",365,1816,"gva_allshootings",100,"development","train"
1817,"2018-12-22",2018,97,"development",365,1817,"gva_allshootings",100,"development","train"
1818,"2018-12-23",2018,125,"development",365,1818,"gva_allshootings",100,"development","train"
1819,"2018-12-24",2018,108,"development",365,1819,"gva_allshootings",100,"development","train"
1820,"2018-12-25",2018,100,"development",365,1820,"gva_allshootings",100,"development","train"
1821,"2018-12-26",2018,96,"development",365,1821,"gva_allshootings",100,"development","train"
1822,"2018-12-27",2018,91,"development",365,1822,"gva_allshootings",100,"development","train"
1823,"2018-12-28",2018,95,"development",365,1823,"gva_allshootings",100,"development","train"
1824,"2018-12-29",2018,103,"development",365,1824,"gva_allshootings",100,"development","train"
1825,"2018-12-30",2018,113,"development",365,1825,"gva_allshootings",100,"development","train"
1826,"2018-12-31",2018,107,"development",365,1826,"gva_allshootings",100,"development","train"
1827,"2019-01-01",2019,186,"development",365,1827,"gva_allshootings",100,"development","train"
1828,"2019-01-02",2019,80,"development",365,1828,"gva_allshootings",100,"development","train"
1829,"2019-01-03",2019,109,"development",365,1829,"gva_allshootings",100,"development","train"
1830,"2019-01-04",2019,82,"development",365,1830,"gva_allshootings",100,"development","train"
1831,"2019-01-05",2019,108,"development",365,1831,"gva_allshootings",100,"development","train"
1832,"2019-01-06",2019,88,"development",365,1832,"gva_allshootings",100,"development","train"
1833,"2019-01-07",2019,93,"development",365,1833,"gva_allshootings",100,"development","train"
1834,"2019-01-08",2019,73,"development",365,1834,"gva_allshootings",100,"development","train"
1835,"2019-01-09",2019,81,"development",365,1835,"gva_allshootings",100,"development","train"
1836,"2019-01-10",2019,92,"development",365,1836,"gva_allshootings",100,"development","train"
1837,"2019-01-11",2019,77,"development",365,1837,"gva_allshootings",100,"development","train"
1838,"2019-01-12",2019,92,"development",365,1838,"gva_allshootings",100,"development","train"
1839,"2019-01-13",2019,102,"development",365,1839,"gva_allshootings",100,"development","train"
1840,"2019-01-14",2019,71,"development",365,1840,"gva_allshootings",100,"development","train"
1841,"2019-01-15",2019,81,"development",365,1841,"gva_allshootings",100,"development","train"
1842,"2019-01-16",2019,89,"development",365,1842,"gva_allshootings",100,"development","train"
1843,"2019-01-17",2019,80,"development",365,1843,"gva_allshootings",100,"development","train"
1844,"2019-01-18",2019,78,"development",365,1844,"gva_allshootings",100,"development","train"
1845,"2019-01-19",2019,114,"development",365,1845,"gva_allshootings",100,"development","train"
1846,"2019-01-20",2019,91,"development",365,1846,"gva_allshootings",100,"development","train"
1847,"2019-01-21",2019,75,"development",365,1847,"gva_allshootings",100,"development","train"
1848,"2019-01-22",2019,84,"development",365,1848,"gva_allshootings",100,"development","train"
1849,"2019-01-23",2019,89,"development",365,1849,"gva_allshootings",100,"development","train"
1850,"2019-01-24",2019,90,"development",365,1850,"gva_allshootings",100,"development","train"
1851,"2019-01-25",2019,84,"development",365,1851,"gva_allshootings",100,"development","train"
1852,"2019-01-26",2019,104,"development",365,1852,"gva_allshootings",100,"development","train"
1853,"2019-01-27",2019,96,"development",365,1853,"gva_allshootings",100,"development","train"
1854,"2019-01-28",2019,82,"development",365,1854,"gva_allshootings",100,"development","train"
1855,"2019-01-29",2019,58,"development",365,1855,"gva_allshootings",100,"development","train"
1856,"2019-01-30",2019,61,"development",365,1856,"gva_allshootings",100,"development","train"
1857,"2019-01-31",2019,60,"development",365,1857,"gva_allshootings",100,"development","train"
1858,"2019-02-01",2019,64,"development",365,1858,"gva_allshootings",100,"development","train"
1859,"2019-02-02",2019,86,"development",365,1859,"gva_allshootings",100,"development","train"
1860,"2019-02-03",2019,120,"development",365,1860,"gva_allshootings",100,"development","train"
1861,"2019-02-04",2019,88,"development",365,1861,"gva_allshootings",100,"development","train"
1862,"2019-02-05",2019,95,"development",365,1862,"gva_allshootings",100,"development","train"
1863,"2019-02-06",2019,104,"development",365,1863,"gva_allshootings",100,"development","train"
1864,"2019-02-07",2019,81,"development",365,1864,"gva_allshootings",100,"development","train"
1865,"2019-02-08",2019,81,"development",365,1865,"gva_allshootings",100,"development","train"
1866,"2019-02-09",2019,82,"development",365,1866,"gva_allshootings",100,"development","train"
1867,"2019-02-10",2019,98,"development",365,1867,"gva_allshootings",100,"development","train"
1868,"2019-02-11",2019,90,"development",365,1868,"gva_allshootings",100,"development","train"
1869,"2019-02-12",2019,68,"development",365,1869,"gva_allshootings",100,"development","train"
1870,"2019-02-13",2019,51,"development",365,1870,"gva_allshootings",100,"development","train"
1871,"2019-02-14",2019,71,"development",365,1871,"gva_allshootings",100,"development","train"
1872,"2019-02-15",2019,65,"development",365,1872,"gva_allshootings",100,"development","train"
1873,"2019-02-16",2019,98,"development",365,1873,"gva_allshootings",100,"development","train"
1874,"2019-02-17",2019,102,"development",365,1874,"gva_allshootings",100,"development","train"
1875,"2019-02-18",2019,85,"development",365,1875,"gva_allshootings",100,"development","train"
1876,"2019-02-19",2019,94,"development",365,1876,"gva_allshootings",100,"development","train"
1877,"2019-02-20",2019,65,"development",365,1877,"gva_allshootings",100,"development","train"
1878,"2019-02-21",2019,80,"development",365,1878,"gva_allshootings",100,"development","train"
1879,"2019-02-22",2019,79,"development",365,1879,"gva_allshootings",100,"development","train"
1880,"2019-02-23",2019,106,"development",365,1880,"gva_allshootings",100,"development","train"
1881,"2019-02-24",2019,100,"development",365,1881,"gva_allshootings",100,"development","train"
1882,"2019-02-25",2019,77,"development",365,1882,"gva_allshootings",100,"development","train"
1883,"2019-02-26",2019,78,"development",365,1883,"gva_allshootings",100,"development","train"
1884,"2019-02-27",2019,68,"development",365,1884,"gva_allshootings",100,"development","train"
1885,"2019-02-28",2019,60,"development",365,1885,"gva_allshootings",100,"development","train"
1886,"2019-03-01",2019,83,"development",365,1886,"gva_allshootings",100,"development","train"
1887,"2019-03-02",2019,88,"development",365,1887,"gva_allshootings",100,"development","train"
1888,"2019-03-03",2019,73,"development",365,1888,"gva_allshootings",100,"development","train"
1889,"2019-03-04",2019,76,"development",365,1889,"gva_allshootings",100,"development","train"
1890,"2019-03-05",2019,69,"development",365,1890,"gva_allshootings",100,"development","train"
1891,"2019-03-06",2019,68,"development",365,1891,"gva_allshootings",100,"development","train"
1892,"2019-03-07",2019,76,"development",365,1892,"gva_allshootings",100,"development","train"
1893,"2019-03-08",2019,56,"development",365,1893,"gva_allshootings",100,"development","train"
1894,"2019-03-09",2019,101,"development",365,1894,"gva_allshootings",100,"development","train"
1895,"2019-03-10",2019,119,"development",365,1895,"gva_allshootings",100,"development","train"
1896,"2019-03-11",2019,78,"development",365,1896,"gva_allshootings",100,"development","train"
1897,"2019-03-12",2019,88,"development",365,1897,"gva_allshootings",100,"development","train"
1898,"2019-03-13",2019,71,"development",365,1898,"gva_allshootings",100,"development","train"
1899,"2019-03-14",2019,103,"development",365,1899,"gva_allshootings",100,"development","train"
1900,"2019-03-15",2019,96,"development",365,1900,"gva_allshootings",100,"development","train"
1901,"2019-03-16",2019,112,"development",365,1901,"gva_allshootings",100,"development","train"
1902,"2019-03-17",2019,121,"development",365,1902,"gva_allshootings",100,"development","train"
1903,"2019-03-18",2019,87,"development",365,1903,"gva_allshootings",100,"development","train"
1904,"2019-03-19",2019,73,"development",365,1904,"gva_allshootings",100,"development","train"
1905,"2019-03-20",2019,78,"development",365,1905,"gva_allshootings",100,"development","train"
1906,"2019-03-21",2019,78,"development",365,1906,"gva_allshootings",100,"development","train"
1907,"2019-03-22",2019,87,"development",365,1907,"gva_allshootings",100,"development","train"
1908,"2019-03-23",2019,109,"development",365,1908,"gva_allshootings",100,"development","train"
1909,"2019-03-24",2019,119,"development",365,1909,"gva_allshootings",100,"development","train"
1910,"2019-03-25",2019,99,"development",365,1910,"gva_allshootings",100,"development","train"
1911,"2019-03-26",2019,69,"development",365,1911,"gva_allshootings",100,"development","train"
1912,"2019-03-27",2019,101,"development",365,1912,"gva_allshootings",100,"development","train"
1913,"2019-03-28",2019,96,"development",365,1913,"gva_allshootings",100,"development","train"
1914,"2019-03-29",2019,104,"development",365,1914,"gva_allshootings",100,"development","train"
1915,"2019-03-30",2019,105,"development",365,1915,"gva_allshootings",100,"development","train"
1916,"2019-03-31",2019,113,"development",365,1916,"gva_allshootings",100,"development","train"
1917,"2019-04-01",2019,88,"development",365,1917,"gva_allshootings",100,"development","train"
1918,"2019-04-02",2019,81,"development",365,1918,"gva_allshootings",100,"development","train"
1919,"2019-04-03",2019,79,"development",365,1919,"gva_allshootings",100,"development","train"
1920,"2019-04-04",2019,71,"development",365,1920,"gva_allshootings",100,"development","train"
1921,"2019-04-05",2019,63,"development",365,1921,"gva_allshootings",100,"development","train"
1922,"2019-04-06",2019,110,"development",365,1922,"gva_allshootings",100,"development","train"
1923,"2019-04-07",2019,140,"development",365,1923,"gva_allshootings",100,"development","train"
1924,"2019-04-08",2019,99,"development",365,1924,"gva_allshootings",100,"development","train"
1925,"2019-04-09",2019,87,"development",365,1925,"gva_allshootings",100,"development","train"
1926,"2019-04-10",2019,100,"development",365,1926,"gva_allshootings",100,"development","train"
1927,"2019-04-11",2019,101,"development",365,1927,"gva_allshootings",100,"development","train"
1928,"2019-04-12",2019,81,"development",365,1928,"gva_allshootings",100,"development","train"
1929,"2019-04-13",2019,110,"development",365,1929,"gva_allshootings",100,"development","train"
1930,"2019-04-14",2019,110,"development",365,1930,"gva_allshootings",100,"development","train"
1931,"2019-04-15",2019,89,"development",365,1931,"gva_allshootings",100,"development","train"
1932,"2019-04-16",2019,96,"development",365,1932,"gva_allshootings",100,"development","train"
1933,"2019-04-17",2019,85,"development",365,1933,"gva_allshootings",100,"development","train"
1934,"2019-04-18",2019,92,"development",365,1934,"gva_allshootings",100,"development","train"
1935,"2019-04-19",2019,89,"development",365,1935,"gva_allshootings",100,"development","train"
1936,"2019-04-20",2019,108,"development",365,1936,"gva_allshootings",100,"development","train"
1937,"2019-04-21",2019,122,"development",365,1937,"gva_allshootings",100,"development","train"
1938,"2019-04-22",2019,101,"development",365,1938,"gva_allshootings",100,"development","train"
1939,"2019-04-23",2019,85,"development",365,1939,"gva_allshootings",100,"development","train"
1940,"2019-04-24",2019,88,"development",365,1940,"gva_allshootings",100,"development","train"
1941,"2019-04-25",2019,79,"development",365,1941,"gva_allshootings",100,"development","train"
1942,"2019-04-26",2019,96,"development",365,1942,"gva_allshootings",100,"development","train"
1943,"2019-04-27",2019,93,"development",365,1943,"gva_allshootings",100,"development","train"
1944,"2019-04-28",2019,106,"development",365,1944,"gva_allshootings",100,"development","train"
1945,"2019-04-29",2019,87,"development",365,1945,"gva_allshootings",100,"development","train"
1946,"2019-04-30",2019,76,"development",365,1946,"gva_allshootings",100,"development","train"
1947,"2019-05-01",2019,94,"development",365,1947,"gva_allshootings",100,"development","train"
1948,"2019-05-02",2019,83,"development",365,1948,"gva_allshootings",100,"development","train"
1949,"2019-05-03",2019,102,"development",365,1949,"gva_allshootings",100,"development","train"
1950,"2019-05-04",2019,121,"development",365,1950,"gva_allshootings",100,"development","train"
1951,"2019-05-05",2019,105,"development",365,1951,"gva_allshootings",100,"development","train"
1952,"2019-05-06",2019,77,"development",365,1952,"gva_allshootings",100,"development","train"
1953,"2019-05-07",2019,89,"development",365,1953,"gva_allshootings",100,"development","train"
1954,"2019-05-08",2019,78,"development",365,1954,"gva_allshootings",100,"development","train"
1955,"2019-05-09",2019,96,"development",365,1955,"gva_allshootings",100,"development","train"
1956,"2019-05-10",2019,105,"development",365,1956,"gva_allshootings",100,"development","train"
1957,"2019-05-11",2019,106,"development",365,1957,"gva_allshootings",100,"development","train"
1958,"2019-05-12",2019,102,"development",365,1958,"gva_allshootings",100,"development","train"
1959,"2019-05-13",2019,73,"development",365,1959,"gva_allshootings",100,"development","train"
1960,"2019-05-14",2019,85,"development",365,1960,"gva_allshootings",100,"development","train"
1961,"2019-05-15",2019,75,"development",365,1961,"gva_allshootings",100,"development","train"
1962,"2019-05-16",2019,95,"development",365,1962,"gva_allshootings",100,"development","train"
1963,"2019-05-17",2019,103,"development",365,1963,"gva_allshootings",100,"development","train"
1964,"2019-05-18",2019,103,"development",365,1964,"gva_allshootings",100,"development","train"
1965,"2019-05-19",2019,117,"development",365,1965,"gva_allshootings",100,"development","train"
1966,"2019-05-20",2019,98,"development",365,1966,"gva_allshootings",100,"development","train"
1967,"2019-05-21",2019,108,"development",365,1967,"gva_allshootings",100,"development","train"
1968,"2019-05-22",2019,105,"development",365,1968,"gva_allshootings",100,"development","train"
1969,"2019-05-23",2019,91,"development",365,1969,"gva_allshootings",100,"development","train"
1970,"2019-05-24",2019,117,"development",365,1970,"gva_allshootings",100,"development","train"
1971,"2019-05-25",2019,131,"development",365,1971,"gva_allshootings",100,"development","train"
1972,"2019-05-26",2019,136,"development",365,1972,"gva_allshootings",100,"development","train"
1973,"2019-05-27",2019,109,"development",365,1973,"gva_allshootings",100,"development","train"
1974,"2019-05-28",2019,101,"development",365,1974,"gva_allshootings",100,"development","train"
1975,"2019-05-29",2019,117,"development",365,1975,"gva_allshootings",100,"development","train"
1976,"2019-05-30",2019,107,"development",365,1976,"gva_allshootings",100,"development","train"
1977,"2019-05-31",2019,106,"development",365,1977,"gva_allshootings",100,"development","train"
1978,"2019-06-01",2019,135,"development",365,1978,"gva_allshootings",100,"development","train"
1979,"2019-06-02",2019,125,"development",365,1979,"gva_allshootings",100,"development","train"
1980,"2019-06-03",2019,103,"development",365,1980,"gva_allshootings",100,"development","train"
1981,"2019-06-04",2019,110,"development",365,1981,"gva_allshootings",100,"development","train"
1982,"2019-06-05",2019,100,"development",365,1982,"gva_allshootings",100,"development","train"
1983,"2019-06-06",2019,81,"development",365,1983,"gva_allshootings",100,"development","train"
1984,"2019-06-07",2019,81,"development",365,1984,"gva_allshootings",100,"development","train"
1985,"2019-06-08",2019,130,"development",365,1985,"gva_allshootings",100,"development","train"
1986,"2019-06-09",2019,115,"development",365,1986,"gva_allshootings",100,"development","train"
1987,"2019-06-10",2019,80,"development",365,1987,"gva_allshootings",100,"development","train"
1988,"2019-06-11",2019,98,"development",365,1988,"gva_allshootings",100,"development","train"
1989,"2019-06-12",2019,82,"development",365,1989,"gva_allshootings",100,"development","train"
1990,"2019-06-13",2019,86,"development",365,1990,"gva_allshootings",100,"development","train"
1991,"2019-06-14",2019,89,"development",365,1991,"gva_allshootings",100,"development","train"
1992,"2019-06-15",2019,127,"development",365,1992,"gva_allshootings",100,"development","train"
1993,"2019-06-16",2019,128,"development",365,1993,"gva_allshootings",100,"development","train"
1994,"2019-06-17",2019,109,"development",365,1994,"gva_allshootings",100,"development","train"
1995,"2019-06-18",2019,81,"development",365,1995,"gva_allshootings",100,"development","train"
1996,"2019-06-19",2019,89,"development",365,1996,"gva_allshootings",100,"development","train"
1997,"2019-06-20",2019,96,"development",365,1997,"gva_allshootings",100,"development","train"
1998,"2019-06-21",2019,109,"development",365,1998,"gva_allshootings",100,"development","train"
1999,"2019-06-22",2019,144,"development",365,1999,"gva_allshootings",100,"development","train"
2000,"2019-06-23",2019,146,"development",365,2000,"gva_allshootings",100,"development","train"
2001,"2019-06-24",2019,110,"development",365,2001,"gva_allshootings",100,"development","train"
2002,"2019-06-25",2019,96,"development",365,2002,"gva_allshootings",100,"development","train"
2003,"2019-06-26",2019,101,"development",365,2003,"gva_allshootings",100,"development","train"
2004,"2019-06-27",2019,121,"development",365,2004,"gva_allshootings",100,"development","train"
2005,"2019-06-28",2019,111,"development",365,2005,"gva_allshootings",100,"development","train"
2006,"2019-06-29",2019,115,"development",365,2006,"gva_allshootings",100,"development","train"
2007,"2019-06-30",2019,134,"development",365,2007,"gva_allshootings",100,"development","train"
2008,"2019-07-01",2019,109,"development",365,2008,"gva_allshootings",100,"development","train"
2009,"2019-07-02",2019,107,"development",365,2009,"gva_allshootings",100,"development","train"
2010,"2019-07-03",2019,108,"development",365,2010,"gva_allshootings",100,"development","train"
2011,"2019-07-04",2019,173,"development",365,2011,"gva_allshootings",100,"development","train"
2012,"2019-07-05",2019,155,"development",365,2012,"gva_allshootings",100,"development","train"
2013,"2019-07-06",2019,132,"development",365,2013,"gva_allshootings",100,"development","train"
2014,"2019-07-07",2019,125,"development",365,2014,"gva_allshootings",100,"development","train"
2015,"2019-07-08",2019,108,"development",365,2015,"gva_allshootings",100,"development","train"
2016,"2019-07-09",2019,110,"development",365,2016,"gva_allshootings",100,"development","train"
2017,"2019-07-10",2019,126,"development",365,2017,"gva_allshootings",100,"development","train"
2018,"2019-07-11",2019,108,"development",365,2018,"gva_allshootings",100,"development","train"
2019,"2019-07-12",2019,89,"development",365,2019,"gva_allshootings",100,"development","train"
2020,"2019-07-13",2019,119,"development",365,2020,"gva_allshootings",100,"development","train"
2021,"2019-07-14",2019,145,"development",365,2021,"gva_allshootings",100,"development","train"
2022,"2019-07-15",2019,89,"development",365,2022,"gva_allshootings",100,"development","train"
2023,"2019-07-16",2019,105,"development",365,2023,"gva_allshootings",100,"development","train"
2024,"2019-07-17",2019,94,"development",365,2024,"gva_allshootings",100,"development","train"
2025,"2019-07-18",2019,103,"development",365,2025,"gva_allshootings",100,"development","train"
2026,"2019-07-19",2019,115,"development",365,2026,"gva_allshootings",100,"development","train"
2027,"2019-07-20",2019,142,"development",365,2027,"gva_allshootings",100,"development","train"
2028,"2019-07-21",2019,161,"development",365,2028,"gva_allshootings",100,"development","train"
2029,"2019-07-22",2019,107,"development",365,2029,"gva_allshootings",100,"development","train"
2030,"2019-07-23",2019,102,"development",365,2030,"gva_allshootings",100,"development","train"
2031,"2019-07-24",2019,105,"development",365,2031,"gva_allshootings",100,"development","train"
2032,"2019-07-25",2019,97,"development",365,2032,"gva_allshootings",100,"development","train"
2033,"2019-07-26",2019,110,"development",365,2033,"gva_allshootings",100,"development","train"
2034,"2019-07-27",2019,131,"development",365,2034,"gva_allshootings",100,"development","train"
2035,"2019-07-28",2019,147,"development",365,2035,"gva_allshootings",100,"development","train"
2036,"2019-07-29",2019,116,"development",365,2036,"gva_allshootings",100,"development","train"
2037,"2019-07-30",2019,118,"development",365,2037,"gva_allshootings",100,"development","train"
2038,"2019-07-31",2019,88,"development",365,2038,"gva_allshootings",100,"development","train"
2039,"2019-08-01",2019,102,"development",365,2039,"gva_allshootings",100,"development","train"
2040,"2019-08-02",2019,109,"development",365,2040,"gva_allshootings",100,"development","train"
2041,"2019-08-03",2019,153,"development",365,2041,"gva_allshootings",100,"development","train"
2042,"2019-08-04",2019,129,"development",365,2042,"gva_allshootings",100,"development","train"
2043,"2019-08-05",2019,101,"development",365,2043,"gva_allshootings",100,"development","train"
2044,"2019-08-06",2019,90,"development",365,2044,"gva_allshootings",100,"development","train"
2045,"2019-08-07",2019,96,"development",365,2045,"gva_allshootings",100,"development","train"
2046,"2019-08-08",2019,100,"development",365,2046,"gva_allshootings",100,"development","train"
2047,"2019-08-09",2019,107,"development",365,2047,"gva_allshootings",100,"development","train"
2048,"2019-08-10",2019,110,"development",365,2048,"gva_allshootings",100,"development","train"
2049,"2019-08-11",2019,143,"development",365,2049,"gva_allshootings",100,"development","train"
2050,"2019-08-12",2019,122,"development",365,2050,"gva_allshootings",100,"development","train"
2051,"2019-08-13",2019,98,"development",365,2051,"gva_allshootings",100,"development","train"
2052,"2019-08-14",2019,102,"development",365,2052,"gva_allshootings",100,"development","train"
2053,"2019-08-15",2019,108,"development",365,2053,"gva_allshootings",100,"development","train"
2054,"2019-08-16",2019,96,"development",365,2054,"gva_allshootings",100,"development","train"
2055,"2019-08-17",2019,119,"development",365,2055,"gva_allshootings",100,"development","train"
2056,"2019-08-18",2019,113,"development",365,2056,"gva_allshootings",100,"development","train"
2057,"2019-08-19",2019,95,"development",365,2057,"gva_allshootings",100,"development","train"
2058,"2019-08-20",2019,93,"development",365,2058,"gva_allshootings",100,"development","train"
2059,"2019-08-21",2019,100,"development",365,2059,"gva_allshootings",100,"development","train"
2060,"2019-08-22",2019,104,"development",365,2060,"gva_allshootings",100,"development","train"
2061,"2019-08-23",2019,99,"development",365,2061,"gva_allshootings",100,"development","train"
2062,"2019-08-24",2019,148,"development",365,2062,"gva_allshootings",100,"development","train"
2063,"2019-08-25",2019,118,"development",365,2063,"gva_allshootings",100,"development","train"
2064,"2019-08-26",2019,94,"development",365,2064,"gva_allshootings",100,"development","train"
2065,"2019-08-27",2019,117,"development",365,2065,"gva_allshootings",100,"development","train"
2066,"2019-08-28",2019,70,"development",365,2066,"gva_allshootings",100,"development","train"
2067,"2019-08-29",2019,109,"development",365,2067,"gva_allshootings",100,"development","train"
2068,"2019-08-30",2019,100,"development",365,2068,"gva_allshootings",100,"development","train"
2069,"2019-08-31",2019,125,"development",365,2069,"gva_allshootings",100,"development","train"
2070,"2019-09-01",2019,131,"development",365,2070,"gva_allshootings",100,"development","train"
2071,"2019-09-02",2019,127,"development",365,2071,"gva_allshootings",100,"development","train"
2072,"2019-09-03",2019,95,"development",365,2072,"gva_allshootings",100,"development","train"
2073,"2019-09-04",2019,95,"development",365,2073,"gva_allshootings",100,"development","train"
2074,"2019-09-05",2019,90,"development",365,2074,"gva_allshootings",100,"development","train"
2075,"2019-09-06",2019,100,"development",365,2075,"gva_allshootings",100,"development","train"
2076,"2019-09-07",2019,113,"development",365,2076,"gva_allshootings",100,"development","train"
2077,"2019-09-08",2019,136,"development",365,2077,"gva_allshootings",100,"development","train"
2078,"2019-09-09",2019,90,"development",365,2078,"gva_allshootings",100,"development","train"
2079,"2019-09-10",2019,86,"development",365,2079,"gva_allshootings",100,"development","train"
2080,"2019-09-11",2019,96,"development",365,2080,"gva_allshootings",100,"development","train"
2081,"2019-09-12",2019,88,"development",365,2081,"gva_allshootings",100,"development","train"
2082,"2019-09-13",2019,97,"development",365,2082,"gva_allshootings",100,"development","train"
2083,"2019-09-14",2019,110,"development",365,2083,"gva_allshootings",100,"development","train"
2084,"2019-09-15",2019,131,"development",365,2084,"gva_allshootings",100,"development","train"
2085,"2019-09-16",2019,99,"development",365,2085,"gva_allshootings",100,"development","train"
2086,"2019-09-17",2019,83,"development",365,2086,"gva_allshootings",100,"development","train"
2087,"2019-09-18",2019,88,"development",365,2087,"gva_allshootings",100,"development","train"
2088,"2019-09-19",2019,78,"development",365,2088,"gva_allshootings",100,"development","train"
2089,"2019-09-20",2019,114,"development",365,2089,"gva_allshootings",100,"development","train"
2090,"2019-09-21",2019,109,"development",365,2090,"gva_allshootings",100,"development","train"
2091,"2019-09-22",2019,134,"development",365,2091,"gva_allshootings",100,"development","train"
2092,"2019-09-23",2019,98,"development",365,2092,"gva_allshootings",100,"development","train"
2093,"2019-09-24",2019,97,"development",365,2093,"gva_allshootings",100,"development","train"
2094,"2019-09-25",2019,80,"development",365,2094,"gva_allshootings",100,"development","train"
2095,"2019-09-26",2019,82,"development",365,2095,"gva_allshootings",100,"development","train"
2096,"2019-09-27",2019,96,"development",365,2096,"gva_allshootings",100,"development","train"
2097,"2019-09-28",2019,118,"development",365,2097,"gva_allshootings",100,"development","train"
2098,"2019-09-29",2019,109,"development",365,2098,"gva_allshootings",100,"development","train"
2099,"2019-09-30",2019,88,"development",365,2099,"gva_allshootings",100,"development","train"
2100,"2019-10-01",2019,109,"development",365,2100,"gva_allshootings",100,"development","train"
2101,"2019-10-02",2019,76,"development",365,2101,"gva_allshootings",100,"development","train"
2102,"2019-10-03",2019,90,"development",365,2102,"gva_allshootings",100,"development","train"
2103,"2019-10-04",2019,90,"development",365,2103,"gva_allshootings",100,"development","train"
2104,"2019-10-05",2019,102,"development",365,2104,"gva_allshootings",100,"development","train"
2105,"2019-10-06",2019,126,"development",365,2105,"gva_allshootings",100,"development","train"
2106,"2019-10-07",2019,98,"development",365,2106,"gva_allshootings",100,"development","train"
2107,"2019-10-08",2019,98,"development",365,2107,"gva_allshootings",100,"development","train"
2108,"2019-10-09",2019,85,"development",365,2108,"gva_allshootings",100,"development","train"
2109,"2019-10-10",2019,81,"development",365,2109,"gva_allshootings",100,"development","train"
2110,"2019-10-11",2019,88,"development",365,2110,"gva_allshootings",100,"development","train"
2111,"2019-10-12",2019,117,"development",365,2111,"gva_allshootings",100,"development","train"
2112,"2019-10-13",2019,110,"development",365,2112,"gva_allshootings",100,"development","train"
2113,"2019-10-14",2019,106,"development",365,2113,"gva_allshootings",100,"development","train"
2114,"2019-10-15",2019,85,"development",365,2114,"gva_allshootings",100,"development","train"
2115,"2019-10-16",2019,85,"development",365,2115,"gva_allshootings",100,"development","train"
2116,"2019-10-17",2019,90,"development",365,2116,"gva_allshootings",100,"development","train"
2117,"2019-10-18",2019,108,"development",365,2117,"gva_allshootings",100,"development","train"
2118,"2019-10-19",2019,122,"development",365,2118,"gva_allshootings",100,"development","train"
2119,"2019-10-20",2019,116,"development",365,2119,"gva_allshootings",100,"development","train"
2120,"2019-10-21",2019,98,"development",365,2120,"gva_allshootings",100,"development","train"
2121,"2019-10-22",2019,90,"development",365,2121,"gva_allshootings",100,"development","train"
2122,"2019-10-23",2019,88,"development",365,2122,"gva_allshootings",100,"development","train"
2123,"2019-10-24",2019,90,"development",365,2123,"gva_allshootings",100,"development","train"
2124,"2019-10-25",2019,94,"development",365,2124,"gva_allshootings",100,"development","train"
2125,"2019-10-26",2019,102,"development",365,2125,"gva_allshootings",100,"development","train"
2126,"2019-10-27",2019,113,"development",365,2126,"gva_allshootings",100,"development","train"
2127,"2019-10-28",2019,98,"development",365,2127,"gva_allshootings",100,"development","train"
2128,"2019-10-29",2019,85,"development",365,2128,"gva_allshootings",100,"development","train"
2129,"2019-10-30",2019,97,"development",365,2129,"gva_allshootings",100,"development","train"
2130,"2019-10-31",2019,84,"development",365,2130,"gva_allshootings",100,"development","train"
2131,"2019-11-01",2019,133,"development",365,2131,"gva_allshootings",100,"development","train"
2132,"2019-11-02",2019,103,"development",365,2132,"gva_allshootings",100,"development","train"
2133,"2019-11-03",2019,122,"development",365,2133,"gva_allshootings",100,"development","train"
2134,"2019-11-04",2019,92,"development",365,2134,"gva_allshootings",100,"development","train"
2135,"2019-11-05",2019,84,"development",365,2135,"gva_allshootings",100,"development","train"
2136,"2019-11-06",2019,97,"development",365,2136,"gva_allshootings",100,"development","train"
2137,"2019-11-07",2019,80,"development",365,2137,"gva_allshootings",100,"development","train"
2138,"2019-11-08",2019,84,"development",365,2138,"gva_allshootings",100,"development","train"
2139,"2019-11-09",2019,117,"development",365,2139,"gva_allshootings",100,"development","train"
2140,"2019-11-10",2019,125,"development",365,2140,"gva_allshootings",100,"development","train"
2141,"2019-11-11",2019,96,"development",365,2141,"gva_allshootings",100,"development","train"
2142,"2019-11-12",2019,76,"development",365,2142,"gva_allshootings",100,"development","train"
2143,"2019-11-13",2019,65,"development",365,2143,"gva_allshootings",100,"development","train"
2144,"2019-11-14",2019,78,"development",365,2144,"gva_allshootings",100,"development","train"
2145,"2019-11-15",2019,87,"development",365,2145,"gva_allshootings",100,"development","train"
2146,"2019-11-16",2019,118,"development",365,2146,"gva_allshootings",100,"development","train"
2147,"2019-11-17",2019,142,"development",365,2147,"gva_allshootings",100,"development","train"
2148,"2019-11-18",2019,78,"development",365,2148,"gva_allshootings",100,"development","train"
2149,"2019-11-19",2019,102,"development",365,2149,"gva_allshootings",100,"development","train"
2150,"2019-11-20",2019,100,"development",365,2150,"gva_allshootings",100,"development","train"
2151,"2019-11-21",2019,76,"development",365,2151,"gva_allshootings",100,"development","train"
2152,"2019-11-22",2019,86,"development",365,2152,"gva_allshootings",100,"development","train"
2153,"2019-11-23",2019,111,"development",365,2153,"gva_allshootings",100,"development","train"
2154,"2019-11-24",2019,99,"development",365,2154,"gva_allshootings",100,"development","train"
2155,"2019-11-25",2019,115,"development",365,2155,"gva_allshootings",100,"development","train"
2156,"2019-11-26",2019,77,"development",365,2156,"gva_allshootings",100,"development","train"
2157,"2019-11-27",2019,92,"development",365,2157,"gva_allshootings",100,"development","train"
2158,"2019-11-28",2019,112,"development",365,2158,"gva_allshootings",100,"development","train"
2159,"2019-11-29",2019,101,"development",365,2159,"gva_allshootings",100,"development","train"
2160,"2019-11-30",2019,109,"development",365,2160,"gva_allshootings",100,"development","train"
2161,"2019-12-01",2019,115,"development",365,2161,"gva_allshootings",100,"development","train"
2162,"2019-12-02",2019,115,"development",365,2162,"gva_allshootings",100,"development","train"
2163,"2019-12-03",2019,83,"development",365,2163,"gva_allshootings",100,"development","train"
2164,"2019-12-04",2019,83,"development",365,2164,"gva_allshootings",100,"development","train"
2165,"2019-12-05",2019,79,"development",365,2165,"gva_allshootings",100,"development","train"
2166,"2019-12-06",2019,98,"development",365,2166,"gva_allshootings",100,"development","train"
2167,"2019-12-07",2019,115,"development",365,2167,"gva_allshootings",100,"development","train"
2168,"2019-12-08",2019,134,"development",365,2168,"gva_allshootings",100,"development","train"
2169,"2019-12-09",2019,91,"development",365,2169,"gva_allshootings",100,"development","train"
2170,"2019-12-10",2019,93,"development",365,2170,"gva_allshootings",100,"development","train"
2171,"2019-12-11",2019,83,"development",365,2171,"gva_allshootings",100,"development","train"
2172,"2019-12-12",2019,88,"development",365,2172,"gva_allshootings",100,"development","train"
2173,"2019-12-13",2019,77,"development",365,2173,"gva_allshootings",100,"development","train"
2174,"2019-12-14",2019,124,"development",365,2174,"gva_allshootings",100,"development","train"
2175,"2019-12-15",2019,101,"development",365,2175,"gva_allshootings",100,"development","train"
2176,"2019-12-16",2019,82,"development",365,2176,"gva_allshootings",100,"development","train"
2177,"2019-12-17",2019,79,"development",365,2177,"gva_allshootings",100,"development","train"
2178,"2019-12-18",2019,96,"development",365,2178,"gva_allshootings",100,"development","train"
2179,"2019-12-19",2019,100,"development",365,2179,"gva_allshootings",100,"development","train"
2180,"2019-12-20",2019,84,"development",365,2180,"gva_allshootings",100,"development","train"
2181,"2019-12-21",2019,105,"development",365,2181,"gva_allshootings",100,"development","train"
2182,"2019-12-22",2019,120,"development",365,2182,"gva_allshootings",100,"development","train"
2183,"2019-12-23",2019,114,"development",365,2183,"gva_allshootings",100,"development","train"
2184,"2019-12-24",2019,104,"development",365,2184,"gva_allshootings",100,"development","train"
2185,"2019-12-25",2019,104,"development",365,2185,"gva_allshootings",100,"development","train"
2186,"2019-12-26",2019,82,"development",365,2186,"gva_allshootings",100,"development","train"
2187,"2019-12-27",2019,123,"development",365,2187,"gva_allshootings",100,"development","train"
2188,"2019-12-28",2019,125,"development",365,2188,"gva_allshootings",100,"development","train"
2189,"2019-12-29",2019,126,"development",365,2189,"gva_allshootings",100,"development","train"
2190,"2019-12-30",2019,102,"development",365,2190,"gva_allshootings",100,"development","train"
2191,"2019-12-31",2019,148,"development",365,2191,"gva_allshootings",100,"development","train"
2192,"2020-01-01",2020,190,"development",365,2192,"gva_allshootings",100,"development","validation"
2193,"2020-01-02",2020,97,"development",365,2193,"gva_allshootings",100,"development","validation"
2194,"2020-01-03",2020,87,"development",365,2194,"gva_allshootings",100,"development","validation"
2195,"2020-01-04",2020,102,"development",365,2195,"gva_allshootings",100,"development","validation"
2196,"2020-01-05",2020,84,"development",365,2196,"gva_allshootings",100,"development","validation"
2197,"2020-01-06",2020,102,"development",365,2197,"gva_allshootings",100,"development","validation"
2198,"2020-01-07",2020,86,"development",365,2198,"gva_allshootings",100,"development","validation"
2199,"2020-01-08",2020,71,"development",365,2199,"gva_allshootings",100,"development","validation"
2200,"2020-01-09",2020,84,"development",365,2200,"gva_allshootings",100,"development","validation"
2201,"2020-01-10",2020,88,"development",365,2201,"gva_allshootings",100,"development","validation"
2202,"2020-01-11",2020,139,"development",365,2202,"gva_allshootings",100,"development","validation"
2203,"2020-01-12",2020,121,"development",365,2203,"gva_allshootings",100,"development","validation"
2204,"2020-01-13",2020,86,"development",365,2204,"gva_allshootings",100,"development","validation"
2205,"2020-01-14",2020,91,"development",365,2205,"gva_allshootings",100,"development","validation"
2206,"2020-01-15",2020,106,"development",365,2206,"gva_allshootings",100,"development","validation"
2207,"2020-01-16",2020,89,"development",365,2207,"gva_allshootings",100,"development","validation"
2208,"2020-01-17",2020,84,"development",365,2208,"gva_allshootings",100,"development","validation"
2209,"2020-01-18",2020,100,"development",365,2209,"gva_allshootings",100,"development","validation"
2210,"2020-01-19",2020,114,"development",365,2210,"gva_allshootings",100,"development","validation"
2211,"2020-01-20",2020,102,"development",365,2211,"gva_allshootings",100,"development","validation"
2212,"2020-01-21",2020,78,"development",365,2212,"gva_allshootings",100,"development","validation"
2213,"2020-01-22",2020,93,"development",365,2213,"gva_allshootings",100,"development","validation"
2214,"2020-01-23",2020,78,"development",365,2214,"gva_allshootings",100,"development","validation"
2215,"2020-01-24",2020,109,"development",365,2215,"gva_allshootings",100,"development","validation"
2216,"2020-01-25",2020,110,"development",365,2216,"gva_allshootings",100,"development","validation"
2217,"2020-01-26",2020,97,"development",365,2217,"gva_allshootings",100,"development","validation"
2218,"2020-01-27",2020,83,"development",365,2218,"gva_allshootings",100,"development","validation"
2219,"2020-01-28",2020,97,"development",365,2219,"gva_allshootings",100,"development","validation"
2220,"2020-01-29",2020,70,"development",365,2220,"gva_allshootings",100,"development","validation"
2221,"2020-01-30",2020,84,"development",365,2221,"gva_allshootings",100,"development","validation"
2222,"2020-01-31",2020,82,"development",365,2222,"gva_allshootings",100,"development","validation"
2223,"2020-02-01",2020,91,"development",365,2223,"gva_allshootings",100,"development","validation"
2224,"2020-02-02",2020,104,"development",365,2224,"gva_allshootings",100,"development","validation"
2225,"2020-02-03",2020,91,"development",365,2225,"gva_allshootings",100,"development","validation"
2226,"2020-02-04",2020,82,"development",365,2226,"gva_allshootings",100,"development","validation"
2227,"2020-02-05",2020,77,"development",365,2227,"gva_allshootings",100,"development","validation"
2228,"2020-02-06",2020,62,"development",365,2228,"gva_allshootings",100,"development","validation"
2229,"2020-02-07",2020,80,"development",365,2229,"gva_allshootings",100,"development","validation"
2230,"2020-02-08",2020,105,"development",365,2230,"gva_allshootings",100,"development","validation"
2231,"2020-02-09",2020,103,"development",365,2231,"gva_allshootings",100,"development","validation"
2232,"2020-02-10",2020,86,"development",365,2232,"gva_allshootings",100,"development","validation"
2233,"2020-02-11",2020,86,"development",365,2233,"gva_allshootings",100,"development","validation"
2234,"2020-02-12",2020,68,"development",365,2234,"gva_allshootings",100,"development","validation"
2235,"2020-02-13",2020,83,"development",365,2235,"gva_allshootings",100,"development","validation"
2236,"2020-02-14",2020,92,"development",365,2236,"gva_allshootings",100,"development","validation"
2237,"2020-02-15",2020,94,"development",365,2237,"gva_allshootings",100,"development","validation"
2238,"2020-02-16",2020,133,"development",365,2238,"gva_allshootings",100,"development","validation"
2239,"2020-02-17",2020,85,"development",365,2239,"gva_allshootings",100,"development","validation"
2240,"2020-02-18",2020,97,"development",365,2240,"gva_allshootings",100,"development","validation"
2241,"2020-02-19",2020,87,"development",365,2241,"gva_allshootings",100,"development","validation"
2242,"2020-02-20",2020,79,"development",365,2242,"gva_allshootings",100,"development","validation"
2243,"2020-02-21",2020,82,"development",365,2243,"gva_allshootings",100,"development","validation"
2244,"2020-02-22",2020,98,"development",365,2244,"gva_allshootings",100,"development","validation"
2245,"2020-02-23",2020,108,"development",365,2245,"gva_allshootings",100,"development","validation"
2246,"2020-02-24",2020,71,"development",365,2246,"gva_allshootings",100,"development","validation"
2247,"2020-02-25",2020,81,"development",365,2247,"gva_allshootings",100,"development","validation"
2248,"2020-02-26",2020,66,"development",365,2248,"gva_allshootings",100,"development","validation"
2249,"2020-02-27",2020,66,"development",365,2249,"gva_allshootings",100,"development","validation"
2250,"2020-02-28",2020,67,"development",365,2250,"gva_allshootings",100,"development","validation"
2251,"2020-02-29",2020,83,"development",365,2251,"gva_allshootings",100,"development","validation"
2252,"2020-03-01",2020,120,"development",365,2252,"gva_allshootings",100,"development","validation"
2253,"2020-03-02",2020,90,"development",365,2253,"gva_allshootings",100,"development","validation"
2254,"2020-03-03",2020,77,"development",365,2254,"gva_allshootings",100,"development","validation"
2255,"2020-03-04",2020,64,"development",365,2255,"gva_allshootings",100,"development","validation"
2256,"2020-03-05",2020,85,"development",365,2256,"gva_allshootings",100,"development","validation"
2257,"2020-03-06",2020,71,"development",365,2257,"gva_allshootings",100,"development","validation"
2258,"2020-03-07",2020,82,"development",365,2258,"gva_allshootings",100,"development","validation"
2259,"2020-03-08",2020,98,"development",365,2259,"gva_allshootings",100,"development","validation"
2260,"2020-03-09",2020,96,"development",365,2260,"gva_allshootings",100,"development","validation"
2261,"2020-03-10",2020,81,"development",365,2261,"gva_allshootings",100,"development","validation"
2262,"2020-03-11",2020,85,"development",365,2262,"gva_allshootings",100,"development","validation"
2263,"2020-03-12",2020,66,"development",365,2263,"gva_allshootings",100,"development","validation"
2264,"2020-03-13",2020,77,"development",365,2264,"gva_allshootings",100,"development","validation"
2265,"2020-03-14",2020,105,"development",365,2265,"gva_allshootings",100,"development","validation"
2266,"2020-03-15",2020,112,"development",365,2266,"gva_allshootings",100,"development","validation"
2267,"2020-03-16",2020,87,"development",365,2267,"gva_allshootings",100,"development","validation"
2268,"2020-03-17",2020,89,"development",365,2268,"gva_allshootings",100,"development","validation"
2269,"2020-03-18",2020,91,"development",365,2269,"gva_allshootings",100,"development","validation"
2270,"2020-03-19",2020,97,"development",365,2270,"gva_allshootings",100,"development","validation"
2271,"2020-03-20",2020,95,"development",365,2271,"gva_allshootings",100,"development","validation"
2272,"2020-03-21",2020,97,"development",365,2272,"gva_allshootings",100,"development","validation"
2273,"2020-03-22",2020,74,"development",365,2273,"gva_allshootings",100,"development","validation"
2274,"2020-03-23",2020,81,"development",365,2274,"gva_allshootings",100,"development","validation"
2275,"2020-03-24",2020,92,"development",365,2275,"gva_allshootings",100,"development","validation"
2276,"2020-03-25",2020,95,"development",365,2276,"gva_allshootings",100,"development","validation"
2277,"2020-03-26",2020,99,"development",365,2277,"gva_allshootings",100,"development","validation"
2278,"2020-03-27",2020,89,"development",365,2278,"gva_allshootings",100,"development","validation"
2279,"2020-03-28",2020,94,"development",365,2279,"gva_allshootings",100,"development","validation"
2280,"2020-03-29",2020,117,"development",365,2280,"gva_allshootings",100,"development","validation"
2281,"2020-03-30",2020,118,"development",365,2281,"gva_allshootings",100,"development","validation"
2282,"2020-03-31",2020,102,"development",365,2282,"gva_allshootings",100,"development","validation"
2283,"2020-04-01",2020,108,"development",365,2283,"gva_allshootings",100,"development","validation"
2284,"2020-04-02",2020,98,"development",365,2284,"gva_allshootings",100,"development","validation"
2285,"2020-04-03",2020,76,"development",365,2285,"gva_allshootings",100,"development","validation"
2286,"2020-04-04",2020,120,"development",365,2286,"gva_allshootings",100,"development","validation"
2287,"2020-04-05",2020,112,"development",365,2287,"gva_allshootings",100,"development","validation"
2288,"2020-04-06",2020,116,"development",365,2288,"gva_allshootings",100,"development","validation"
2289,"2020-04-07",2020,119,"development",365,2289,"gva_allshootings",100,"development","validation"
2290,"2020-04-08",2020,111,"development",365,2290,"gva_allshootings",100,"development","validation"
2291,"2020-04-09",2020,112,"development",365,2291,"gva_allshootings",100,"development","validation"
2292,"2020-04-10",2020,115,"development",365,2292,"gva_allshootings",100,"development","validation"
2293,"2020-04-11",2020,119,"development",365,2293,"gva_allshootings",100,"development","validation"
2294,"2020-04-12",2020,105,"development",365,2294,"gva_allshootings",100,"development","validation"
2295,"2020-04-13",2020,93,"development",365,2295,"gva_allshootings",100,"development","validation"
2296,"2020-04-14",2020,83,"development",365,2296,"gva_allshootings",100,"development","validation"
2297,"2020-04-15",2020,88,"development",365,2297,"gva_allshootings",100,"development","validation"
2298,"2020-04-16",2020,88,"development",365,2298,"gva_allshootings",100,"development","validation"
2299,"2020-04-17",2020,104,"development",365,2299,"gva_allshootings",100,"development","validation"
2300,"2020-04-18",2020,114,"development",365,2300,"gva_allshootings",100,"development","validation"
2301,"2020-04-19",2020,120,"development",365,2301,"gva_allshootings",100,"development","validation"
2302,"2020-04-20",2020,94,"development",365,2302,"gva_allshootings",100,"development","validation"
2303,"2020-04-21",2020,83,"development",365,2303,"gva_allshootings",100,"development","validation"
2304,"2020-04-22",2020,96,"development",365,2304,"gva_allshootings",100,"development","validation"
2305,"2020-04-23",2020,98,"development",365,2305,"gva_allshootings",100,"development","validation"
2306,"2020-04-24",2020,118,"development",365,2306,"gva_allshootings",100,"development","validation"
2307,"2020-04-25",2020,108,"development",365,2307,"gva_allshootings",100,"development","validation"
2308,"2020-04-26",2020,106,"development",365,2308,"gva_allshootings",100,"development","validation"
2309,"2020-04-27",2020,115,"development",365,2309,"gva_allshootings",100,"development","validation"
2310,"2020-04-28",2020,103,"development",365,2310,"gva_allshootings",100,"development","validation"
2311,"2020-04-29",2020,106,"development",365,2311,"gva_allshootings",100,"development","validation"
2312,"2020-04-30",2020,90,"development",365,2312,"gva_allshootings",100,"development","validation"
2313,"2020-05-01",2020,115,"development",365,2313,"gva_allshootings",100,"development","validation"
2314,"2020-05-02",2020,112,"development",365,2314,"gva_allshootings",100,"development","validation"
2315,"2020-05-03",2020,155,"development",365,2315,"gva_allshootings",100,"development","validation"
2316,"2020-05-04",2020,114,"development",365,2316,"gva_allshootings",100,"development","validation"
2317,"2020-05-05",2020,97,"development",365,2317,"gva_allshootings",100,"development","validation"
2318,"2020-05-06",2020,117,"development",365,2318,"gva_allshootings",100,"development","validation"
2319,"2020-05-07",2020,106,"development",365,2319,"gva_allshootings",100,"development","validation"
2320,"2020-05-08",2020,93,"development",365,2320,"gva_allshootings",100,"development","validation"
2321,"2020-05-09",2020,129,"development",365,2321,"gva_allshootings",100,"development","validation"
2322,"2020-05-10",2020,115,"development",365,2322,"gva_allshootings",100,"development","validation"
2323,"2020-05-11",2020,89,"development",365,2323,"gva_allshootings",100,"development","validation"
2324,"2020-05-12",2020,110,"development",365,2324,"gva_allshootings",100,"development","validation"
2325,"2020-05-13",2020,105,"development",365,2325,"gva_allshootings",100,"development","validation"
2326,"2020-05-14",2020,106,"development",365,2326,"gva_allshootings",100,"development","validation"
2327,"2020-05-15",2020,136,"development",365,2327,"gva_allshootings",100,"development","validation"
2328,"2020-05-16",2020,136,"development",365,2328,"gva_allshootings",100,"development","validation"
2329,"2020-05-17",2020,131,"development",365,2329,"gva_allshootings",100,"development","validation"
2330,"2020-05-18",2020,119,"development",365,2330,"gva_allshootings",100,"development","validation"
2331,"2020-05-19",2020,115,"development",365,2331,"gva_allshootings",100,"development","validation"
2332,"2020-05-20",2020,123,"development",365,2332,"gva_allshootings",100,"development","validation"
2333,"2020-05-21",2020,118,"development",365,2333,"gva_allshootings",100,"development","validation"
2334,"2020-05-22",2020,121,"development",365,2334,"gva_allshootings",100,"development","validation"
2335,"2020-05-23",2020,141,"development",365,2335,"gva_allshootings",100,"development","validation"
2336,"2020-05-24",2020,168,"development",365,2336,"gva_allshootings",100,"development","validation"
2337,"2020-05-25",2020,147,"development",365,2337,"gva_allshootings",100,"development","validation"
2338,"2020-05-26",2020,135,"development",365,2338,"gva_allshootings",100,"development","validation"
2339,"2020-05-27",2020,137,"development",365,2339,"gva_allshootings",100,"development","validation"
2340,"2020-05-28",2020,141,"development",365,2340,"gva_allshootings",100,"development","validation"
2341,"2020-05-29",2020,151,"development",365,2341,"gva_allshootings",100,"development","validation"
2342,"2020-05-30",2020,172,"development",365,2342,"gva_allshootings",100,"development","validation"
2343,"2020-05-31",2020,201,"development",365,2343,"gva_allshootings",100,"development","validation"
2344,"2020-06-01",2020,141,"development",365,2344,"gva_allshootings",100,"development","validation"
2345,"2020-06-02",2020,157,"development",365,2345,"gva_allshootings",100,"development","validation"
2346,"2020-06-03",2020,135,"development",365,2346,"gva_allshootings",100,"development","validation"
2347,"2020-06-04",2020,133,"development",365,2347,"gva_allshootings",100,"development","validation"
2348,"2020-06-05",2020,121,"development",365,2348,"gva_allshootings",100,"development","validation"
2349,"2020-06-06",2020,166,"development",365,2349,"gva_allshootings",100,"development","validation"
2350,"2020-06-07",2020,166,"development",365,2350,"gva_allshootings",100,"development","validation"
2351,"2020-06-08",2020,173,"development",365,2351,"gva_allshootings",100,"development","validation"
2352,"2020-06-09",2020,132,"development",365,2352,"gva_allshootings",100,"development","validation"
2353,"2020-06-10",2020,120,"development",365,2353,"gva_allshootings",100,"development","validation"
2354,"2020-06-11",2020,116,"development",365,2354,"gva_allshootings",100,"development","validation"
2355,"2020-06-12",2020,130,"development",365,2355,"gva_allshootings",100,"development","validation"
2356,"2020-06-13",2020,156,"development",365,2356,"gva_allshootings",100,"development","validation"
2357,"2020-06-14",2020,173,"development",365,2357,"gva_allshootings",100,"development","validation"
2358,"2020-06-15",2020,141,"development",365,2358,"gva_allshootings",100,"development","validation"
2359,"2020-06-16",2020,162,"development",365,2359,"gva_allshootings",100,"development","validation"
2360,"2020-06-17",2020,145,"development",365,2360,"gva_allshootings",100,"development","validation"
2361,"2020-06-18",2020,133,"development",365,2361,"gva_allshootings",100,"development","validation"
2362,"2020-06-19",2020,179,"development",365,2362,"gva_allshootings",100,"development","validation"
2363,"2020-06-20",2020,217,"development",365,2363,"gva_allshootings",100,"development","validation"
2364,"2020-06-21",2020,187,"development",365,2364,"gva_allshootings",100,"development","validation"
2365,"2020-06-22",2020,181,"development",365,2365,"gva_allshootings",100,"development","validation"
2366,"2020-06-23",2020,134,"development",365,2366,"gva_allshootings",100,"development","validation"
2367,"2020-06-24",2020,157,"development",365,2367,"gva_allshootings",100,"development","validation"
2368,"2020-06-25",2020,120,"development",365,2368,"gva_allshootings",100,"development","validation"
2369,"2020-06-26",2020,164,"development",365,2369,"gva_allshootings",100,"development","validation"
2370,"2020-06-27",2020,206,"development",365,2370,"gva_allshootings",100,"development","validation"
2371,"2020-06-28",2020,172,"development",365,2371,"gva_allshootings",100,"development","validation"
2372,"2020-06-29",2020,140,"development",365,2372,"gva_allshootings",100,"development","validation"
2373,"2020-06-30",2020,140,"development",365,2373,"gva_allshootings",100,"development","validation"
2374,"2020-07-01",2020,143,"development",365,2374,"gva_allshootings",100,"development","validation"
2375,"2020-07-02",2020,119,"development",365,2375,"gva_allshootings",100,"development","validation"
2376,"2020-07-03",2020,174,"development",365,2376,"gva_allshootings",100,"development","validation"
2377,"2020-07-04",2020,229,"development",365,2377,"gva_allshootings",100,"development","validation"
2378,"2020-07-05",2020,289,"development",365,2378,"gva_allshootings",100,"development","validation"
2379,"2020-07-06",2020,139,"development",365,2379,"gva_allshootings",100,"development","validation"
2380,"2020-07-07",2020,138,"development",365,2380,"gva_allshootings",100,"development","validation"
2381,"2020-07-08",2020,141,"development",365,2381,"gva_allshootings",100,"development","validation"
2382,"2020-07-09",2020,135,"development",365,2382,"gva_allshootings",100,"development","validation"
2383,"2020-07-10",2020,147,"development",365,2383,"gva_allshootings",100,"development","validation"
2384,"2020-07-11",2020,202,"development",365,2384,"gva_allshootings",100,"development","validation"
2385,"2020-07-12",2020,185,"development",365,2385,"gva_allshootings",100,"development","validation"
2386,"2020-07-13",2020,166,"development",365,2386,"gva_allshootings",100,"development","validation"
2387,"2020-07-14",2020,169,"development",365,2387,"gva_allshootings",100,"development","validation"
2388,"2020-07-15",2020,151,"development",365,2388,"gva_allshootings",100,"development","validation"
2389,"2020-07-16",2020,152,"development",365,2389,"gva_allshootings",100,"development","validation"
2390,"2020-07-17",2020,148,"development",365,2390,"gva_allshootings",100,"development","validation"
2391,"2020-07-18",2020,195,"development",365,2391,"gva_allshootings",100,"development","validation"
2392,"2020-07-19",2020,153,"development",365,2392,"gva_allshootings",100,"development","validation"
2393,"2020-07-20",2020,143,"development",365,2393,"gva_allshootings",100,"development","validation"
2394,"2020-07-21",2020,149,"development",365,2394,"gva_allshootings",100,"development","validation"
2395,"2020-07-22",2020,139,"development",365,2395,"gva_allshootings",100,"development","validation"
2396,"2020-07-23",2020,146,"development",365,2396,"gva_allshootings",100,"development","validation"
2397,"2020-07-24",2020,157,"development",365,2397,"gva_allshootings",100,"development","validation"
2398,"2020-07-25",2020,174,"development",365,2398,"gva_allshootings",100,"development","validation"
2399,"2020-07-26",2020,223,"development",365,2399,"gva_allshootings",100,"development","validation"
2400,"2020-07-27",2020,144,"development",365,2400,"gva_allshootings",100,"development","validation"
2401,"2020-07-28",2020,155,"development",365,2401,"gva_allshootings",100,"development","validation"
2402,"2020-07-29",2020,129,"development",365,2402,"gva_allshootings",100,"development","validation"
2403,"2020-07-30",2020,159,"development",365,2403,"gva_allshootings",100,"development","validation"
2404,"2020-07-31",2020,149,"development",365,2404,"gva_allshootings",100,"development","validation"
2405,"2020-08-01",2020,179,"development",365,2405,"gva_allshootings",100,"development","validation"
2406,"2020-08-02",2020,166,"development",365,2406,"gva_allshootings",100,"development","validation"
2407,"2020-08-03",2020,132,"development",365,2407,"gva_allshootings",100,"development","validation"
2408,"2020-08-04",2020,137,"development",365,2408,"gva_allshootings",100,"development","validation"
2409,"2020-08-05",2020,117,"development",365,2409,"gva_allshootings",100,"development","validation"
2410,"2020-08-06",2020,107,"development",365,2410,"gva_allshootings",100,"development","validation"
2411,"2020-08-07",2020,153,"development",365,2411,"gva_allshootings",100,"development","validation"
2412,"2020-08-08",2020,184,"development",365,2412,"gva_allshootings",100,"development","validation"
2413,"2020-08-09",2020,205,"development",365,2413,"gva_allshootings",100,"development","validation"
2414,"2020-08-10",2020,132,"development",365,2414,"gva_allshootings",100,"development","validation"
2415,"2020-08-11",2020,143,"development",365,2415,"gva_allshootings",100,"development","validation"
2416,"2020-08-12",2020,131,"development",365,2416,"gva_allshootings",100,"development","validation"
2417,"2020-08-13",2020,138,"development",365,2417,"gva_allshootings",100,"development","validation"
2418,"2020-08-14",2020,178,"development",365,2418,"gva_allshootings",100,"development","validation"
2419,"2020-08-15",2020,174,"development",365,2419,"gva_allshootings",100,"development","validation"
2420,"2020-08-16",2020,199,"development",365,2420,"gva_allshootings",100,"development","validation"
2421,"2020-08-17",2020,155,"development",365,2421,"gva_allshootings",100,"development","validation"
2422,"2020-08-18",2020,122,"development",365,2422,"gva_allshootings",100,"development","validation"
2423,"2020-08-19",2020,146,"development",365,2423,"gva_allshootings",100,"development","validation"
2424,"2020-08-20",2020,150,"development",365,2424,"gva_allshootings",100,"development","validation"
2425,"2020-08-21",2020,137,"development",365,2425,"gva_allshootings",100,"development","validation"
2426,"2020-08-22",2020,181,"development",365,2426,"gva_allshootings",100,"development","validation"
2427,"2020-08-23",2020,183,"development",365,2427,"gva_allshootings",100,"development","validation"
2428,"2020-08-24",2020,138,"development",365,2428,"gva_allshootings",100,"development","validation"
2429,"2020-08-25",2020,149,"development",365,2429,"gva_allshootings",100,"development","validation"
2430,"2020-08-26",2020,139,"development",365,2430,"gva_allshootings",100,"development","validation"
2431,"2020-08-27",2020,131,"development",365,2431,"gva_allshootings",100,"development","validation"
2432,"2020-08-28",2020,138,"development",365,2432,"gva_allshootings",100,"development","validation"
2433,"2020-08-29",2020,189,"development",365,2433,"gva_allshootings",100,"development","validation"
2434,"2020-08-30",2020,198,"development",365,2434,"gva_allshootings",100,"development","validation"
2435,"2020-08-31",2020,153,"development",365,2435,"gva_allshootings",100,"development","validation"
2436,"2020-09-01",2020,117,"development",365,2436,"gva_allshootings",100,"development","validation"
2437,"2020-09-02",2020,140,"development",365,2437,"gva_allshootings",100,"development","validation"
2438,"2020-09-03",2020,141,"development",365,2438,"gva_allshootings",100,"development","validation"
2439,"2020-09-04",2020,133,"development",365,2439,"gva_allshootings",100,"development","validation"
2440,"2020-09-05",2020,162,"development",365,2440,"gva_allshootings",100,"development","validation"
2441,"2020-09-06",2020,178,"development",365,2441,"gva_allshootings",100,"development","validation"
2442,"2020-09-07",2020,166,"development",365,2442,"gva_allshootings",100,"development","validation"
2443,"2020-09-08",2020,126,"development",365,2443,"gva_allshootings",100,"development","validation"
2444,"2020-09-09",2020,120,"development",365,2444,"gva_allshootings",100,"development","validation"
2445,"2020-09-10",2020,121,"development",365,2445,"gva_allshootings",100,"development","validation"
2446,"2020-09-11",2020,141,"development",365,2446,"gva_allshootings",100,"development","validation"
2447,"2020-09-12",2020,175,"development",365,2447,"gva_allshootings",100,"development","validation"
2448,"2020-09-13",2020,177,"development",365,2448,"gva_allshootings",100,"development","validation"
2449,"2020-09-14",2020,131,"development",365,2449,"gva_allshootings",100,"development","validation"
2450,"2020-09-15",2020,144,"development",365,2450,"gva_allshootings",100,"development","validation"
2451,"2020-09-16",2020,130,"development",365,2451,"gva_allshootings",100,"development","validation"
2452,"2020-09-17",2020,133,"development",365,2452,"gva_allshootings",100,"development","validation"
2453,"2020-09-18",2020,118,"development",365,2453,"gva_allshootings",100,"development","validation"
2454,"2020-09-19",2020,138,"development",365,2454,"gva_allshootings",100,"development","validation"
2455,"2020-09-20",2020,137,"development",365,2455,"gva_allshootings",100,"development","validation"
2456,"2020-09-21",2020,126,"development",365,2456,"gva_allshootings",100,"development","validation"
2457,"2020-09-22",2020,120,"development",365,2457,"gva_allshootings",100,"development","validation"
2458,"2020-09-23",2020,116,"development",365,2458,"gva_allshootings",100,"development","validation"
2459,"2020-09-24",2020,138,"development",365,2459,"gva_allshootings",100,"development","validation"
2460,"2020-09-25",2020,125,"development",365,2460,"gva_allshootings",100,"development","validation"
2461,"2020-09-26",2020,183,"development",365,2461,"gva_allshootings",100,"development","validation"
2462,"2020-09-27",2020,180,"development",365,2462,"gva_allshootings",100,"development","validation"
2463,"2020-09-28",2020,132,"development",365,2463,"gva_allshootings",100,"development","validation"
2464,"2020-09-29",2020,125,"development",365,2464,"gva_allshootings",100,"development","validation"
2465,"2020-09-30",2020,126,"development",365,2465,"gva_allshootings",100,"development","validation"
2466,"2020-10-01",2020,121,"development",365,2466,"gva_allshootings",100,"development","validation"
2467,"2020-10-02",2020,147,"development",365,2467,"gva_allshootings",100,"development","validation"
2468,"2020-10-03",2020,160,"development",365,2468,"gva_allshootings",100,"development","validation"
2469,"2020-10-04",2020,143,"development",365,2469,"gva_allshootings",100,"development","validation"
2470,"2020-10-05",2020,150,"development",365,2470,"gva_allshootings",100,"development","validation"
2471,"2020-10-06",2020,135,"development",365,2471,"gva_allshootings",100,"development","validation"
2472,"2020-10-07",2020,130,"development",365,2472,"gva_allshootings",100,"development","validation"
2473,"2020-10-08",2020,130,"development",365,2473,"gva_allshootings",100,"development","validation"
2474,"2020-10-09",2020,173,"development",365,2474,"gva_allshootings",100,"development","validation"
2475,"2020-10-10",2020,161,"development",365,2475,"gva_allshootings",100,"development","validation"
2476,"2020-10-11",2020,190,"development",365,2476,"gva_allshootings",100,"development","validation"
2477,"2020-10-12",2020,123,"development",365,2477,"gva_allshootings",100,"development","validation"
2478,"2020-10-13",2020,150,"development",365,2478,"gva_allshootings",100,"development","validation"
2479,"2020-10-14",2020,146,"development",365,2479,"gva_allshootings",100,"development","validation"
2480,"2020-10-15",2020,135,"development",365,2480,"gva_allshootings",100,"development","validation"
2481,"2020-10-16",2020,128,"development",365,2481,"gva_allshootings",100,"development","validation"
2482,"2020-10-17",2020,184,"development",365,2482,"gva_allshootings",100,"development","validation"
2483,"2020-10-18",2020,162,"development",365,2483,"gva_allshootings",100,"development","validation"
2484,"2020-10-19",2020,132,"development",365,2484,"gva_allshootings",100,"development","validation"
2485,"2020-10-20",2020,146,"development",365,2485,"gva_allshootings",100,"development","validation"
2486,"2020-10-21",2020,145,"development",365,2486,"gva_allshootings",100,"development","validation"
2487,"2020-10-22",2020,152,"development",365,2487,"gva_allshootings",100,"development","validation"
2488,"2020-10-23",2020,153,"development",365,2488,"gva_allshootings",100,"development","validation"
2489,"2020-10-24",2020,170,"development",365,2489,"gva_allshootings",100,"development","validation"
2490,"2020-10-25",2020,178,"development",365,2490,"gva_allshootings",100,"development","validation"
2491,"2020-10-26",2020,117,"development",365,2491,"gva_allshootings",100,"development","validation"
2492,"2020-10-27",2020,125,"development",365,2492,"gva_allshootings",100,"development","validation"
2493,"2020-10-28",2020,124,"development",365,2493,"gva_allshootings",100,"development","validation"
2494,"2020-10-29",2020,123,"development",365,2494,"gva_allshootings",100,"development","validation"
2495,"2020-10-30",2020,127,"development",365,2495,"gva_allshootings",100,"development","validation"
2496,"2020-10-31",2020,206,"development",365,2496,"gva_allshootings",100,"development","validation"
2497,"2020-11-01",2020,178,"development",365,2497,"gva_allshootings",100,"development","validation"
2498,"2020-11-02",2020,128,"development",365,2498,"gva_allshootings",100,"development","validation"
2499,"2020-11-03",2020,121,"development",365,2499,"gva_allshootings",100,"development","validation"
2500,"2020-11-04",2020,125,"development",365,2500,"gva_allshootings",100,"development","validation"
2501,"2020-11-05",2020,138,"development",365,2501,"gva_allshootings",100,"development","validation"
2502,"2020-11-06",2020,146,"development",365,2502,"gva_allshootings",100,"development","validation"
2503,"2020-11-07",2020,159,"development",365,2503,"gva_allshootings",100,"development","validation"
2504,"2020-11-08",2020,180,"development",365,2504,"gva_allshootings",100,"development","validation"
2505,"2020-11-09",2020,156,"development",365,2505,"gva_allshootings",100,"development","validation"
2506,"2020-11-10",2020,128,"development",365,2506,"gva_allshootings",100,"development","validation"
2507,"2020-11-11",2020,105,"development",365,2507,"gva_allshootings",100,"development","validation"
2508,"2020-11-12",2020,119,"development",365,2508,"gva_allshootings",100,"development","validation"
2509,"2020-11-13",2020,130,"development",365,2509,"gva_allshootings",100,"development","validation"
2510,"2020-11-14",2020,163,"development",365,2510,"gva_allshootings",100,"development","validation"
2511,"2020-11-15",2020,157,"development",365,2511,"gva_allshootings",100,"development","validation"
2512,"2020-11-16",2020,127,"development",365,2512,"gva_allshootings",100,"development","validation"
2513,"2020-11-17",2020,125,"development",365,2513,"gva_allshootings",100,"development","validation"
2514,"2020-11-18",2020,111,"development",365,2514,"gva_allshootings",100,"development","validation"
2515,"2020-11-19",2020,108,"development",365,2515,"gva_allshootings",100,"development","validation"
2516,"2020-11-20",2020,168,"development",365,2516,"gva_allshootings",100,"development","validation"
2517,"2020-11-21",2020,168,"development",365,2517,"gva_allshootings",100,"development","validation"
2518,"2020-11-22",2020,142,"development",365,2518,"gva_allshootings",100,"development","validation"
2519,"2020-11-23",2020,125,"development",365,2519,"gva_allshootings",100,"development","validation"
2520,"2020-11-24",2020,133,"development",365,2520,"gva_allshootings",100,"development","validation"
2521,"2020-11-25",2020,120,"development",365,2521,"gva_allshootings",100,"development","validation"
2522,"2020-11-26",2020,132,"development",365,2522,"gva_allshootings",100,"development","validation"
2523,"2020-11-27",2020,149,"development",365,2523,"gva_allshootings",100,"development","validation"
2524,"2020-11-28",2020,148,"development",365,2524,"gva_allshootings",100,"development","validation"
2525,"2020-11-29",2020,173,"development",365,2525,"gva_allshootings",100,"development","validation"
2526,"2020-11-30",2020,124,"development",365,2526,"gva_allshootings",100,"development","validation"
2527,"2020-12-01",2020,121,"development",365,2527,"gva_allshootings",100,"development","validation"
2528,"2020-12-02",2020,121,"development",365,2528,"gva_allshootings",100,"development","validation"
2529,"2020-12-03",2020,100,"development",365,2529,"gva_allshootings",100,"development","validation"
2530,"2020-12-04",2020,125,"development",365,2530,"gva_allshootings",100,"development","validation"
2531,"2020-12-05",2020,145,"development",365,2531,"gva_allshootings",100,"development","validation"
2532,"2020-12-06",2020,144,"development",365,2532,"gva_allshootings",100,"development","validation"
2533,"2020-12-07",2020,120,"development",365,2533,"gva_allshootings",100,"development","validation"
2534,"2020-12-08",2020,111,"development",365,2534,"gva_allshootings",100,"development","validation"
2535,"2020-12-09",2020,119,"development",365,2535,"gva_allshootings",100,"development","validation"
2536,"2020-12-10",2020,135,"development",365,2536,"gva_allshootings",100,"development","validation"
2537,"2020-12-11",2020,126,"development",365,2537,"gva_allshootings",100,"development","validation"
2538,"2020-12-12",2020,155,"development",365,2538,"gva_allshootings",100,"development","validation"
2539,"2020-12-13",2020,152,"development",365,2539,"gva_allshootings",100,"development","validation"
2540,"2020-12-14",2020,106,"development",365,2540,"gva_allshootings",100,"development","validation"
2541,"2020-12-15",2020,132,"development",365,2541,"gva_allshootings",100,"development","validation"
2542,"2020-12-16",2020,102,"development",365,2542,"gva_allshootings",100,"development","validation"
2543,"2020-12-17",2020,98,"development",365,2543,"gva_allshootings",100,"development","validation"
2544,"2020-12-18",2020,106,"development",365,2544,"gva_allshootings",100,"development","validation"
2545,"2020-12-19",2020,138,"development",365,2545,"gva_allshootings",100,"development","validation"
2546,"2020-12-20",2020,144,"development",365,2546,"gva_allshootings",100,"development","validation"
2547,"2020-12-21",2020,131,"development",365,2547,"gva_allshootings",100,"development","validation"
2548,"2020-12-22",2020,145,"development",365,2548,"gva_allshootings",100,"development","validation"
2549,"2020-12-23",2020,117,"development",365,2549,"gva_allshootings",100,"development","validation"
2550,"2020-12-24",2020,117,"development",365,2550,"gva_allshootings",100,"development","validation"
2551,"2020-12-25",2020,123,"development",365,2551,"gva_allshootings",100,"development","validation"
2552,"2020-12-26",2020,113,"development",365,2552,"gva_allshootings",100,"development","validation"
2553,"2020-12-27",2020,146,"development",365,2553,"gva_allshootings",100,"development","validation"
2554,"2020-12-28",2020,125,"development",365,2554,"gva_allshootings",100,"development","validation"
2555,"2020-12-29",2020,124,"development",365,2555,"gva_allshootings",100,"development","validation"
2556,"2020-12-30",2020,124,"development",365,2556,"gva_allshootings",100,"development","validation"
2557,"2020-12-31",2020,127,"development",365,2557,"gva_allshootings",100,"development","validation"
2558,"2021-01-01",2021,190,"development",365,2558,"gva_allshootings",100,"development","validation"
2559,"2021-01-02",2021,126,"development",365,2559,"gva_allshootings",100,"development","validation"
2560,"2021-01-03",2021,128,"development",365,2560,"gva_allshootings",100,"development","validation"
2561,"2021-01-04",2021,120,"development",365,2561,"gva_allshootings",100,"development","validation"
2562,"2021-01-05",2021,108,"development",365,2562,"gva_allshootings",100,"development","validation"
2563,"2021-01-06",2021,104,"development",365,2563,"gva_allshootings",100,"development","validation"
2564,"2021-01-07",2021,78,"development",365,2564,"gva_allshootings",100,"development","validation"
2565,"2021-01-08",2021,118,"development",365,2565,"gva_allshootings",100,"development","validation"
2566,"2021-01-09",2021,128,"development",365,2566,"gva_allshootings",100,"development","validation"
2567,"2021-01-10",2021,144,"development",365,2567,"gva_allshootings",100,"development","validation"
2568,"2021-01-11",2021,103,"development",365,2568,"gva_allshootings",100,"development","validation"
2569,"2021-01-12",2021,115,"development",365,2569,"gva_allshootings",100,"development","validation"
2570,"2021-01-13",2021,100,"development",365,2570,"gva_allshootings",100,"development","validation"
2571,"2021-01-14",2021,105,"development",365,2571,"gva_allshootings",100,"development","validation"
2572,"2021-01-15",2021,131,"development",365,2572,"gva_allshootings",100,"development","validation"
2573,"2021-01-16",2021,112,"development",365,2573,"gva_allshootings",100,"development","validation"
2574,"2021-01-17",2021,140,"development",365,2574,"gva_allshootings",100,"development","validation"
2575,"2021-01-18",2021,137,"development",365,2575,"gva_allshootings",100,"development","validation"
2576,"2021-01-19",2021,116,"development",365,2576,"gva_allshootings",100,"development","validation"
2577,"2021-01-20",2021,116,"development",365,2577,"gva_allshootings",100,"development","validation"
2578,"2021-01-21",2021,121,"development",365,2578,"gva_allshootings",100,"development","validation"
2579,"2021-01-22",2021,132,"development",365,2579,"gva_allshootings",100,"development","validation"
2580,"2021-01-23",2021,141,"development",365,2580,"gva_allshootings",100,"development","validation"
2581,"2021-01-24",2021,134,"development",365,2581,"gva_allshootings",100,"development","validation"
2582,"2021-01-25",2021,116,"development",365,2582,"gva_allshootings",100,"development","validation"
2583,"2021-01-26",2021,122,"development",365,2583,"gva_allshootings",100,"development","validation"
2584,"2021-01-27",2021,99,"development",365,2584,"gva_allshootings",100,"development","validation"
2585,"2021-01-28",2021,102,"development",365,2585,"gva_allshootings",100,"development","validation"
2586,"2021-01-29",2021,112,"development",365,2586,"gva_allshootings",100,"development","validation"
2587,"2021-01-30",2021,134,"development",365,2587,"gva_allshootings",100,"development","validation"
2588,"2021-01-31",2021,124,"development",365,2588,"gva_allshootings",100,"development","validation"
2589,"2021-02-01",2021,108,"development",365,2589,"gva_allshootings",100,"development","validation"
2590,"2021-02-02",2021,99,"development",365,2590,"gva_allshootings",100,"development","validation"
2591,"2021-02-03",2021,94,"development",365,2591,"gva_allshootings",100,"development","validation"
2592,"2021-02-04",2021,115,"development",365,2592,"gva_allshootings",100,"development","validation"
2593,"2021-02-05",2021,127,"development",365,2593,"gva_allshootings",100,"development","validation"
2594,"2021-02-06",2021,141,"development",365,2594,"gva_allshootings",100,"development","validation"
2595,"2021-02-07",2021,133,"development",365,2595,"gva_allshootings",100,"development","validation"
2596,"2021-02-08",2021,113,"development",365,2596,"gva_allshootings",100,"development","validation"
2597,"2021-02-09",2021,76,"development",365,2597,"gva_allshootings",100,"development","validation"
2598,"2021-02-10",2021,91,"development",365,2598,"gva_allshootings",100,"development","validation"
2599,"2021-02-11",2021,90,"development",365,2599,"gva_allshootings",100,"development","validation"
2600,"2021-02-12",2021,89,"development",365,2600,"gva_allshootings",100,"development","validation"
2601,"2021-02-13",2021,102,"development",365,2601,"gva_allshootings",100,"development","validation"
2602,"2021-02-14",2021,110,"development",365,2602,"gva_allshootings",100,"development","validation"
2603,"2021-02-15",2021,88,"development",365,2603,"gva_allshootings",100,"development","validation"
2604,"2021-02-16",2021,109,"development",365,2604,"gva_allshootings",100,"development","validation"
2605,"2021-02-17",2021,97,"development",365,2605,"gva_allshootings",100,"development","validation"
2606,"2021-02-18",2021,100,"development",365,2606,"gva_allshootings",100,"development","validation"
2607,"2021-02-19",2021,100,"development",365,2607,"gva_allshootings",100,"development","validation"
2608,"2021-02-20",2021,131,"development",365,2608,"gva_allshootings",100,"development","validation"
2609,"2021-02-21",2021,141,"development",365,2609,"gva_allshootings",100,"development","validation"
2610,"2021-02-22",2021,102,"development",365,2610,"gva_allshootings",100,"development","validation"
2611,"2021-02-23",2021,114,"development",365,2611,"gva_allshootings",100,"development","validation"
2612,"2021-02-24",2021,120,"development",365,2612,"gva_allshootings",100,"development","validation"
2613,"2021-02-25",2021,118,"development",365,2613,"gva_allshootings",100,"development","validation"
2614,"2021-02-26",2021,115,"development",365,2614,"gva_allshootings",100,"development","validation"
2615,"2021-02-27",2021,166,"development",365,2615,"gva_allshootings",100,"development","validation"
2616,"2021-02-28",2021,159,"development",365,2616,"gva_allshootings",100,"development","validation"
2617,"2021-03-01",2021,105,"development",365,2617,"gva_allshootings",100,"development","validation"
2618,"2021-03-02",2021,85,"development",365,2618,"gva_allshootings",100,"development","validation"
2619,"2021-03-03",2021,102,"development",365,2619,"gva_allshootings",100,"development","validation"
2620,"2021-03-04",2021,109,"development",365,2620,"gva_allshootings",100,"development","validation"
2621,"2021-03-05",2021,95,"development",365,2621,"gva_allshootings",100,"development","validation"
2622,"2021-03-06",2021,128,"development",365,2622,"gva_allshootings",100,"development","validation"
2623,"2021-03-07",2021,144,"development",365,2623,"gva_allshootings",100,"development","validation"
2624,"2021-03-08",2021,99,"development",365,2624,"gva_allshootings",100,"development","validation"
2625,"2021-03-09",2021,118,"development",365,2625,"gva_allshootings",100,"development","validation"
2626,"2021-03-10",2021,119,"development",365,2626,"gva_allshootings",100,"development","validation"
2627,"2021-03-11",2021,123,"development",365,2627,"gva_allshootings",100,"development","validation"
2628,"2021-03-12",2021,126,"development",365,2628,"gva_allshootings",100,"development","validation"
2629,"2021-03-13",2021,138,"development",365,2629,"gva_allshootings",100,"development","validation"
2630,"2021-03-14",2021,124,"development",365,2630,"gva_allshootings",100,"development","validation"
2631,"2021-03-15",2021,97,"development",365,2631,"gva_allshootings",100,"development","validation"
2632,"2021-03-16",2021,91,"development",365,2632,"gva_allshootings",100,"development","validation"
2633,"2021-03-17",2021,90,"development",365,2633,"gva_allshootings",100,"development","validation"
2634,"2021-03-18",2021,77,"development",365,2634,"gva_allshootings",100,"development","validation"
2635,"2021-03-19",2021,96,"development",365,2635,"gva_allshootings",100,"development","validation"
2636,"2021-03-20",2021,133,"development",365,2636,"gva_allshootings",100,"development","validation"
2637,"2021-03-21",2021,122,"development",365,2637,"gva_allshootings",100,"development","validation"
2638,"2021-03-22",2021,109,"development",365,2638,"gva_allshootings",100,"development","validation"
2639,"2021-03-23",2021,95,"development",365,2639,"gva_allshootings",100,"development","validation"
2640,"2021-03-24",2021,105,"development",365,2640,"gva_allshootings",100,"development","validation"
2641,"2021-03-25",2021,102,"development",365,2641,"gva_allshootings",100,"development","validation"
2642,"2021-03-26",2021,121,"development",365,2642,"gva_allshootings",100,"development","validation"
2643,"2021-03-27",2021,136,"development",365,2643,"gva_allshootings",100,"development","validation"
2644,"2021-03-28",2021,127,"development",365,2644,"gva_allshootings",100,"development","validation"
2645,"2021-03-29",2021,122,"development",365,2645,"gva_allshootings",100,"development","validation"
2646,"2021-03-30",2021,117,"development",365,2646,"gva_allshootings",100,"development","validation"
2647,"2021-03-31",2021,98,"development",365,2647,"gva_allshootings",100,"development","validation"
2648,"2021-04-01",2021,96,"development",365,2648,"gva_allshootings",100,"development","validation"
2649,"2021-04-02",2021,101,"development",365,2649,"gva_allshootings",100,"development","validation"
2650,"2021-04-03",2021,163,"development",365,2650,"gva_allshootings",100,"development","validation"
2651,"2021-04-04",2021,167,"development",365,2651,"gva_allshootings",100,"development","validation"
2652,"2021-04-05",2021,129,"development",365,2652,"gva_allshootings",100,"development","validation"
2653,"2021-04-06",2021,129,"development",365,2653,"gva_allshootings",100,"development","validation"
2654,"2021-04-07",2021,139,"development",365,2654,"gva_allshootings",100,"development","validation"
2655,"2021-04-08",2021,113,"development",365,2655,"gva_allshootings",100,"development","validation"
2656,"2021-04-09",2021,146,"development",365,2656,"gva_allshootings",100,"development","validation"
2657,"2021-04-10",2021,157,"development",365,2657,"gva_allshootings",100,"development","validation"
2658,"2021-04-11",2021,140,"development",365,2658,"gva_allshootings",100,"development","validation"
2659,"2021-04-12",2021,135,"development",365,2659,"gva_allshootings",100,"development","validation"
2660,"2021-04-13",2021,117,"development",365,2660,"gva_allshootings",100,"development","validation"
2661,"2021-04-14",2021,121,"development",365,2661,"gva_allshootings",100,"development","validation"
2662,"2021-04-15",2021,103,"development",365,2662,"gva_allshootings",100,"development","validation"
2663,"2021-04-16",2021,95,"development",365,2663,"gva_allshootings",100,"development","validation"
2664,"2021-04-17",2021,150,"development",365,2664,"gva_allshootings",100,"development","validation"
2665,"2021-04-18",2021,158,"development",365,2665,"gva_allshootings",100,"development","validation"
2666,"2021-04-19",2021,113,"development",365,2666,"gva_allshootings",100,"development","validation"
2667,"2021-04-20",2021,104,"development",365,2667,"gva_allshootings",100,"development","validation"
2668,"2021-04-21",2021,99,"development",365,2668,"gva_allshootings",100,"development","validation"
2669,"2021-04-22",2021,109,"development",365,2669,"gva_allshootings",100,"development","validation"
2670,"2021-04-23",2021,123,"development",365,2670,"gva_allshootings",100,"development","validation"
2671,"2021-04-24",2021,149,"development",365,2671,"gva_allshootings",100,"development","validation"
2672,"2021-04-25",2021,186,"development",365,2672,"gva_allshootings",100,"development","validation"
2673,"2021-04-26",2021,152,"development",365,2673,"gva_allshootings",100,"development","validation"
2674,"2021-04-27",2021,141,"development",365,2674,"gva_allshootings",100,"development","validation"
2675,"2021-04-28",2021,124,"development",365,2675,"gva_allshootings",100,"development","validation"
2676,"2021-04-29",2021,137,"development",365,2676,"gva_allshootings",100,"development","validation"
2677,"2021-04-30",2021,111,"development",365,2677,"gva_allshootings",100,"development","validation"
2678,"2021-05-01",2021,181,"development",365,2678,"gva_allshootings",100,"development","validation"
2679,"2021-05-02",2021,202,"development",365,2679,"gva_allshootings",100,"development","validation"
2680,"2021-05-03",2021,114,"development",365,2680,"gva_allshootings",100,"development","validation"
2681,"2021-05-04",2021,127,"development",365,2681,"gva_allshootings",100,"development","validation"
2682,"2021-05-05",2021,142,"development",365,2682,"gva_allshootings",100,"development","validation"
2683,"2021-05-06",2021,139,"development",365,2683,"gva_allshootings",100,"development","validation"
2684,"2021-05-07",2021,138,"development",365,2684,"gva_allshootings",100,"development","validation"
2685,"2021-05-08",2021,149,"development",365,2685,"gva_allshootings",100,"development","validation"
2686,"2021-05-09",2021,144,"development",365,2686,"gva_allshootings",100,"development","validation"
2687,"2021-05-10",2021,123,"development",365,2687,"gva_allshootings",100,"development","validation"
2688,"2021-05-11",2021,128,"development",365,2688,"gva_allshootings",100,"development","validation"
2689,"2021-05-12",2021,125,"development",365,2689,"gva_allshootings",100,"development","validation"
2690,"2021-05-13",2021,144,"development",365,2690,"gva_allshootings",100,"development","validation"
2691,"2021-05-14",2021,155,"development",365,2691,"gva_allshootings",100,"development","validation"
2692,"2021-05-15",2021,174,"development",365,2692,"gva_allshootings",100,"development","validation"
2693,"2021-05-16",2021,197,"development",365,2693,"gva_allshootings",100,"development","validation"
2694,"2021-05-17",2021,148,"development",365,2694,"gva_allshootings",100,"development","validation"
2695,"2021-05-18",2021,140,"development",365,2695,"gva_allshootings",100,"development","validation"
2696,"2021-05-19",2021,146,"development",365,2696,"gva_allshootings",100,"development","validation"
2697,"2021-05-20",2021,142,"development",365,2697,"gva_allshootings",100,"development","validation"
2698,"2021-05-21",2021,157,"development",365,2698,"gva_allshootings",100,"development","validation"
2699,"2021-05-22",2021,193,"development",365,2699,"gva_allshootings",100,"development","validation"
2700,"2021-05-23",2021,190,"development",365,2700,"gva_allshootings",100,"development","validation"
2701,"2021-05-24",2021,160,"development",365,2701,"gva_allshootings",100,"development","validation"
2702,"2021-05-25",2021,129,"development",365,2702,"gva_allshootings",100,"development","validation"
2703,"2021-05-26",2021,130,"development",365,2703,"gva_allshootings",100,"development","validation"
2704,"2021-05-27",2021,131,"development",365,2704,"gva_allshootings",100,"development","validation"
2705,"2021-05-28",2021,142,"development",365,2705,"gva_allshootings",100,"development","validation"
2706,"2021-05-29",2021,161,"development",365,2706,"gva_allshootings",100,"development","validation"
2707,"2021-05-30",2021,165,"development",365,2707,"gva_allshootings",100,"development","validation"
2708,"2021-05-31",2021,165,"development",365,2708,"gva_allshootings",100,"development","validation"
2709,"2021-06-01",2021,141,"development",365,2709,"gva_allshootings",100,"development","validation"
2710,"2021-06-02",2021,115,"development",365,2710,"gva_allshootings",100,"development","validation"
2711,"2021-06-03",2021,135,"development",365,2711,"gva_allshootings",100,"development","validation"
2712,"2021-06-04",2021,152,"development",365,2712,"gva_allshootings",100,"development","validation"
2713,"2021-06-05",2021,176,"development",365,2713,"gva_allshootings",100,"development","validation"
2714,"2021-06-06",2021,199,"development",365,2714,"gva_allshootings",100,"development","validation"
2715,"2021-06-07",2021,159,"development",365,2715,"gva_allshootings",100,"development","validation"
2716,"2021-06-08",2021,123,"development",365,2716,"gva_allshootings",100,"development","validation"
2717,"2021-06-09",2021,134,"development",365,2717,"gva_allshootings",100,"development","validation"
2718,"2021-06-10",2021,145,"development",365,2718,"gva_allshootings",100,"development","validation"
2719,"2021-06-11",2021,148,"development",365,2719,"gva_allshootings",100,"development","validation"
2720,"2021-06-12",2021,159,"development",365,2720,"gva_allshootings",100,"development","validation"
2721,"2021-06-13",2021,200,"development",365,2721,"gva_allshootings",100,"development","validation"
2722,"2021-06-14",2021,155,"development",365,2722,"gva_allshootings",100,"development","validation"
2723,"2021-06-15",2021,130,"development",365,2723,"gva_allshootings",100,"development","validation"
2724,"2021-06-16",2021,149,"development",365,2724,"gva_allshootings",100,"development","validation"
2725,"2021-06-17",2021,166,"development",365,2725,"gva_allshootings",100,"development","validation"
2726,"2021-06-18",2021,137,"development",365,2726,"gva_allshootings",100,"development","validation"
2727,"2021-06-19",2021,194,"development",365,2727,"gva_allshootings",100,"development","validation"
2728,"2021-06-20",2021,209,"development",365,2728,"gva_allshootings",100,"development","validation"
2729,"2021-06-21",2021,131,"development",365,2729,"gva_allshootings",100,"development","validation"
2730,"2021-06-22",2021,132,"development",365,2730,"gva_allshootings",100,"development","validation"
2731,"2021-06-23",2021,161,"development",365,2731,"gva_allshootings",100,"development","validation"
2732,"2021-06-24",2021,112,"development",365,2732,"gva_allshootings",100,"development","validation"
2733,"2021-06-25",2021,145,"development",365,2733,"gva_allshootings",100,"development","validation"
2734,"2021-06-26",2021,140,"development",365,2734,"gva_allshootings",100,"development","validation"
2735,"2021-06-27",2021,188,"development",365,2735,"gva_allshootings",100,"development","validation"
2736,"2021-06-28",2021,132,"development",365,2736,"gva_allshootings",100,"development","validation"
2737,"2021-06-29",2021,135,"development",365,2737,"gva_allshootings",100,"development","validation"
2738,"2021-06-30",2021,110,"development",365,2738,"gva_allshootings",100,"development","validation"
2739,"2021-07-01",2021,135,"development",365,2739,"gva_allshootings",100,"development","validation"
2740,"2021-07-02",2021,140,"development",365,2740,"gva_allshootings",100,"development","validation"
2741,"2021-07-03",2021,170,"development",365,2741,"gva_allshootings",100,"development","validation"
2742,"2021-07-04",2021,268,"development",365,2742,"gva_allshootings",100,"development","validation"
2743,"2021-07-05",2021,235,"development",365,2743,"gva_allshootings",100,"development","validation"
2744,"2021-07-06",2021,150,"development",365,2744,"gva_allshootings",100,"development","validation"
2745,"2021-07-07",2021,165,"development",365,2745,"gva_allshootings",100,"development","validation"
2746,"2021-07-08",2021,149,"development",365,2746,"gva_allshootings",100,"development","validation"
2747,"2021-07-09",2021,147,"development",365,2747,"gva_allshootings",100,"development","validation"
2748,"2021-07-10",2021,162,"development",365,2748,"gva_allshootings",100,"development","validation"
2749,"2021-07-11",2021,171,"development",365,2749,"gva_allshootings",100,"development","validation"
2750,"2021-07-12",2021,131,"development",365,2750,"gva_allshootings",100,"development","validation"
2751,"2021-07-13",2021,131,"development",365,2751,"gva_allshootings",100,"development","validation"
2752,"2021-07-14",2021,116,"development",365,2752,"gva_allshootings",100,"development","validation"
2753,"2021-07-15",2021,129,"development",365,2753,"gva_allshootings",100,"development","validation"
2754,"2021-07-16",2021,135,"development",365,2754,"gva_allshootings",100,"development","validation"
2755,"2021-07-17",2021,160,"development",365,2755,"gva_allshootings",100,"development","validation"
2756,"2021-07-18",2021,207,"development",365,2756,"gva_allshootings",100,"development","validation"
2757,"2021-07-19",2021,135,"development",365,2757,"gva_allshootings",100,"development","validation"
2758,"2021-07-20",2021,144,"development",365,2758,"gva_allshootings",100,"development","validation"
2759,"2021-07-21",2021,127,"development",365,2759,"gva_allshootings",100,"development","validation"
2760,"2021-07-22",2021,129,"development",365,2760,"gva_allshootings",100,"development","validation"
2761,"2021-07-23",2021,160,"development",365,2761,"gva_allshootings",100,"development","validation"
2762,"2021-07-24",2021,180,"development",365,2762,"gva_allshootings",100,"development","validation"
2763,"2021-07-25",2021,172,"development",365,2763,"gva_allshootings",100,"development","validation"
2764,"2021-07-26",2021,149,"development",365,2764,"gva_allshootings",100,"development","validation"
2765,"2021-07-27",2021,136,"development",365,2765,"gva_allshootings",100,"development","validation"
2766,"2021-07-28",2021,109,"development",365,2766,"gva_allshootings",100,"development","validation"
2767,"2021-07-29",2021,118,"development",365,2767,"gva_allshootings",100,"development","validation"
2768,"2021-07-30",2021,117,"development",365,2768,"gva_allshootings",100,"development","validation"
2769,"2021-07-31",2021,185,"development",365,2769,"gva_allshootings",100,"development","validation"
2770,"2021-08-01",2021,157,"development",365,2770,"gva_allshootings",100,"development","validation"
2771,"2021-08-02",2021,130,"development",365,2771,"gva_allshootings",100,"development","validation"
2772,"2021-08-03",2021,129,"development",365,2772,"gva_allshootings",100,"development","validation"
2773,"2021-08-04",2021,124,"development",365,2773,"gva_allshootings",100,"development","validation"
2774,"2021-08-05",2021,119,"development",365,2774,"gva_allshootings",100,"development","validation"
2775,"2021-08-06",2021,141,"development",365,2775,"gva_allshootings",100,"development","validation"
2776,"2021-08-07",2021,196,"development",365,2776,"gva_allshootings",100,"development","validation"
2777,"2021-08-08",2021,176,"development",365,2777,"gva_allshootings",100,"development","validation"
2778,"2021-08-09",2021,130,"development",365,2778,"gva_allshootings",100,"development","validation"
2779,"2021-08-10",2021,114,"development",365,2779,"gva_allshootings",100,"development","validation"
2780,"2021-08-11",2021,124,"development",365,2780,"gva_allshootings",100,"development","validation"
2781,"2021-08-12",2021,136,"development",365,2781,"gva_allshootings",100,"development","validation"
2782,"2021-08-13",2021,135,"development",365,2782,"gva_allshootings",100,"development","validation"
2783,"2021-08-14",2021,193,"development",365,2783,"gva_allshootings",100,"development","validation"
2784,"2021-08-15",2021,141,"development",365,2784,"gva_allshootings",100,"development","validation"
2785,"2021-08-16",2021,128,"development",365,2785,"gva_allshootings",100,"development","validation"
2786,"2021-08-17",2021,125,"development",365,2786,"gva_allshootings",100,"development","validation"
2787,"2021-08-18",2021,123,"development",365,2787,"gva_allshootings",100,"development","validation"
2788,"2021-08-19",2021,115,"development",365,2788,"gva_allshootings",100,"development","validation"
2789,"2021-08-20",2021,114,"development",365,2789,"gva_allshootings",100,"development","validation"
2790,"2021-08-21",2021,148,"development",365,2790,"gva_allshootings",100,"development","validation"
2791,"2021-08-22",2021,168,"development",365,2791,"gva_allshootings",100,"development","validation"
2792,"2021-08-23",2021,142,"development",365,2792,"gva_allshootings",100,"development","validation"
2793,"2021-08-24",2021,127,"development",365,2793,"gva_allshootings",100,"development","validation"
2794,"2021-08-25",2021,109,"development",365,2794,"gva_allshootings",100,"development","validation"
2795,"2021-08-26",2021,120,"development",365,2795,"gva_allshootings",100,"development","validation"
2796,"2021-08-27",2021,125,"development",365,2796,"gva_allshootings",100,"development","validation"
2797,"2021-08-28",2021,158,"development",365,2797,"gva_allshootings",100,"development","validation"
2798,"2021-08-29",2021,164,"development",365,2798,"gva_allshootings",100,"development","validation"
2799,"2021-08-30",2021,125,"development",365,2799,"gva_allshootings",100,"development","validation"
2800,"2021-08-31",2021,124,"development",365,2800,"gva_allshootings",100,"development","validation"
2801,"2021-09-01",2021,108,"development",365,2801,"gva_allshootings",100,"development","validation"
2802,"2021-09-02",2021,116,"development",365,2802,"gva_allshootings",100,"development","validation"
2803,"2021-09-03",2021,166,"development",365,2803,"gva_allshootings",100,"development","validation"
2804,"2021-09-04",2021,161,"development",365,2804,"gva_allshootings",100,"development","validation"
2805,"2021-09-05",2021,177,"development",365,2805,"gva_allshootings",100,"development","validation"
2806,"2021-09-06",2021,157,"development",365,2806,"gva_allshootings",100,"development","validation"
2807,"2021-09-07",2021,122,"development",365,2807,"gva_allshootings",100,"development","validation"
2808,"2021-09-08",2021,136,"development",365,2808,"gva_allshootings",100,"development","validation"
2809,"2021-09-09",2021,115,"development",365,2809,"gva_allshootings",100,"development","validation"
2810,"2021-09-10",2021,124,"development",365,2810,"gva_allshootings",100,"development","validation"
2811,"2021-09-11",2021,163,"development",365,2811,"gva_allshootings",100,"development","validation"
2812,"2021-09-12",2021,175,"development",365,2812,"gva_allshootings",100,"development","validation"
2813,"2021-09-13",2021,117,"development",365,2813,"gva_allshootings",100,"development","validation"
2814,"2021-09-14",2021,116,"development",365,2814,"gva_allshootings",100,"development","validation"
2815,"2021-09-15",2021,105,"development",365,2815,"gva_allshootings",100,"development","validation"
2816,"2021-09-16",2021,120,"development",365,2816,"gva_allshootings",100,"development","validation"
2817,"2021-09-17",2021,129,"development",365,2817,"gva_allshootings",100,"development","validation"
2818,"2021-09-18",2021,166,"development",365,2818,"gva_allshootings",100,"development","validation"
2819,"2021-09-19",2021,184,"development",365,2819,"gva_allshootings",100,"development","validation"
2820,"2021-09-20",2021,139,"development",365,2820,"gva_allshootings",100,"development","validation"
2821,"2021-09-21",2021,144,"development",365,2821,"gva_allshootings",100,"development","validation"
2822,"2021-09-22",2021,113,"development",365,2822,"gva_allshootings",100,"development","validation"
2823,"2021-09-23",2021,124,"development",365,2823,"gva_allshootings",100,"development","validation"
2824,"2021-09-24",2021,118,"development",365,2824,"gva_allshootings",100,"development","validation"
2825,"2021-09-25",2021,181,"development",365,2825,"gva_allshootings",100,"development","validation"
2826,"2021-09-26",2021,172,"development",365,2826,"gva_allshootings",100,"development","validation"
2827,"2021-09-27",2021,143,"development",365,2827,"gva_allshootings",100,"development","validation"
2828,"2021-09-28",2021,96,"development",365,2828,"gva_allshootings",100,"development","validation"
2829,"2021-09-29",2021,115,"development",365,2829,"gva_allshootings",100,"development","validation"
2830,"2021-09-30",2021,117,"development",365,2830,"gva_allshootings",100,"development","validation"
2831,"2021-10-01",2021,148,"development",365,2831,"gva_allshootings",100,"development","validation"
2832,"2021-10-02",2021,185,"development",365,2832,"gva_allshootings",100,"development","validation"
2833,"2021-10-03",2021,170,"development",365,2833,"gva_allshootings",100,"development","validation"
2834,"2021-10-04",2021,132,"development",365,2834,"gva_allshootings",100,"development","validation"
2835,"2021-10-05",2021,137,"development",365,2835,"gva_allshootings",100,"development","validation"
2836,"2021-10-06",2021,121,"development",365,2836,"gva_allshootings",100,"development","validation"
2837,"2021-10-07",2021,146,"development",365,2837,"gva_allshootings",100,"development","validation"
2838,"2021-10-08",2021,141,"development",365,2838,"gva_allshootings",100,"development","validation"
2839,"2021-10-09",2021,177,"development",365,2839,"gva_allshootings",100,"development","validation"
2840,"2021-10-10",2021,189,"development",365,2840,"gva_allshootings",100,"development","validation"
2841,"2021-10-11",2021,117,"development",365,2841,"gva_allshootings",100,"development","validation"
2842,"2021-10-12",2021,134,"development",365,2842,"gva_allshootings",100,"development","validation"
2843,"2021-10-13",2021,123,"development",365,2843,"gva_allshootings",100,"development","validation"
2844,"2021-10-14",2021,119,"development",365,2844,"gva_allshootings",100,"development","validation"
2845,"2021-10-15",2021,127,"development",365,2845,"gva_allshootings",100,"development","validation"
2846,"2021-10-16",2021,147,"development",365,2846,"gva_allshootings",100,"development","validation"
2847,"2021-10-17",2021,154,"development",365,2847,"gva_allshootings",100,"development","validation"
2848,"2021-10-18",2021,124,"development",365,2848,"gva_allshootings",100,"development","validation"
2849,"2021-10-19",2021,112,"development",365,2849,"gva_allshootings",100,"development","validation"
2850,"2021-10-20",2021,123,"development",365,2850,"gva_allshootings",100,"development","validation"
2851,"2021-10-21",2021,108,"development",365,2851,"gva_allshootings",100,"development","validation"
2852,"2021-10-22",2021,121,"development",365,2852,"gva_allshootings",100,"development","validation"
2853,"2021-10-23",2021,156,"development",365,2853,"gva_allshootings",100,"development","validation"
2854,"2021-10-24",2021,187,"development",365,2854,"gva_allshootings",100,"development","validation"
2855,"2021-10-25",2021,127,"development",365,2855,"gva_allshootings",100,"development","validation"
2856,"2021-10-26",2021,106,"development",365,2856,"gva_allshootings",100,"development","validation"
2857,"2021-10-27",2021,105,"development",365,2857,"gva_allshootings",100,"development","validation"
2858,"2021-10-28",2021,123,"development",365,2858,"gva_allshootings",100,"development","validation"
2859,"2021-10-29",2021,116,"development",365,2859,"gva_allshootings",100,"development","validation"
2860,"2021-10-30",2021,187,"development",365,2860,"gva_allshootings",100,"development","validation"
2861,"2021-10-31",2021,193,"development",365,2861,"gva_allshootings",100,"development","validation"
2862,"2021-11-01",2021,144,"development",365,2862,"gva_allshootings",100,"development","validation"
2863,"2021-11-02",2021,109,"development",365,2863,"gva_allshootings",100,"development","validation"
2864,"2021-11-03",2021,107,"development",365,2864,"gva_allshootings",100,"development","validation"
2865,"2021-11-04",2021,100,"development",365,2865,"gva_allshootings",100,"development","validation"
2866,"2021-11-05",2021,143,"development",365,2866,"gva_allshootings",100,"development","validation"
2867,"2021-11-06",2021,138,"development",365,2867,"gva_allshootings",100,"development","validation"
2868,"2021-11-07",2021,158,"development",365,2868,"gva_allshootings",100,"development","validation"
2869,"2021-11-08",2021,124,"development",365,2869,"gva_allshootings",100,"development","validation"
2870,"2021-11-09",2021,115,"development",365,2870,"gva_allshootings",100,"development","validation"
2871,"2021-11-10",2021,101,"development",365,2871,"gva_allshootings",100,"development","validation"
2872,"2021-11-11",2021,112,"development",365,2872,"gva_allshootings",100,"development","validation"
2873,"2021-11-12",2021,111,"development",365,2873,"gva_allshootings",100,"development","validation"
2874,"2021-11-13",2021,153,"development",365,2874,"gva_allshootings",100,"development","validation"
2875,"2021-11-14",2021,139,"development",365,2875,"gva_allshootings",100,"development","validation"
2876,"2021-11-15",2021,103,"development",365,2876,"gva_allshootings",100,"development","validation"
2877,"2021-11-16",2021,145,"development",365,2877,"gva_allshootings",100,"development","validation"
2878,"2021-11-17",2021,109,"development",365,2878,"gva_allshootings",100,"development","validation"
2879,"2021-11-18",2021,117,"development",365,2879,"gva_allshootings",100,"development","validation"
2880,"2021-11-19",2021,110,"development",365,2880,"gva_allshootings",100,"development","validation"
2881,"2021-11-20",2021,147,"development",365,2881,"gva_allshootings",100,"development","validation"
2882,"2021-11-21",2021,142,"development",365,2882,"gva_allshootings",100,"development","validation"
2883,"2021-11-22",2021,110,"development",365,2883,"gva_allshootings",100,"development","validation"
2884,"2021-11-23",2021,110,"development",365,2884,"gva_allshootings",100,"development","validation"
2885,"2021-11-24",2021,104,"development",365,2885,"gva_allshootings",100,"development","validation"
2886,"2021-11-25",2021,111,"development",365,2886,"gva_allshootings",100,"development","validation"
2887,"2021-11-26",2021,120,"development",365,2887,"gva_allshootings",100,"development","validation"
2888,"2021-11-27",2021,140,"development",365,2888,"gva_allshootings",100,"development","validation"
2889,"2021-11-28",2021,162,"development",365,2889,"gva_allshootings",100,"development","validation"
2890,"2021-11-29",2021,123,"development",365,2890,"gva_allshootings",100,"development","validation"
2891,"2021-11-30",2021,109,"development",365,2891,"gva_allshootings",100,"development","validation"
2892,"2021-12-01",2021,111,"development",365,2892,"gva_allshootings",100,"development","validation"
2893,"2021-12-02",2021,108,"development",365,2893,"gva_allshootings",100,"development","validation"
2894,"2021-12-03",2021,135,"development",365,2894,"gva_allshootings",100,"development","validation"
2895,"2021-12-04",2021,141,"development",365,2895,"gva_allshootings",100,"development","validation"
2896,"2021-12-05",2021,134,"development",365,2896,"gva_allshootings",100,"development","validation"
2897,"2021-12-06",2021,115,"development",365,2897,"gva_allshootings",100,"development","validation"
2898,"2021-12-07",2021,82,"development",365,2898,"gva_allshootings",100,"development","validation"
2899,"2021-12-08",2021,93,"development",365,2899,"gva_allshootings",100,"development","validation"
2900,"2021-12-09",2021,92,"development",365,2900,"gva_allshootings",100,"development","validation"
2901,"2021-12-10",2021,123,"development",365,2901,"gva_allshootings",100,"development","validation"
2902,"2021-12-11",2021,151,"development",365,2902,"gva_allshootings",100,"development","validation"
2903,"2021-12-12",2021,159,"development",365,2903,"gva_allshootings",100,"development","validation"
2904,"2021-12-13",2021,107,"development",365,2904,"gva_allshootings",100,"development","validation"
2905,"2021-12-14",2021,123,"development",365,2905,"gva_allshootings",100,"development","validation"
2906,"2021-12-15",2021,120,"development",365,2906,"gva_allshootings",100,"development","validation"
2907,"2021-12-16",2021,109,"development",365,2907,"gva_allshootings",100,"development","validation"
2908,"2021-12-17",2021,119,"development",365,2908,"gva_allshootings",100,"development","validation"
2909,"2021-12-18",2021,132,"development",365,2909,"gva_allshootings",100,"development","validation"
2910,"2021-12-19",2021,126,"development",365,2910,"gva_allshootings",100,"development","validation"
2911,"2021-12-20",2021,110,"development",365,2911,"gva_allshootings",100,"development","validation"
2912,"2021-12-21",2021,124,"development",365,2912,"gva_allshootings",100,"development","validation"
2913,"2021-12-22",2021,113,"development",365,2913,"gva_allshootings",100,"development","validation"
2914,"2021-12-23",2021,107,"development",365,2914,"gva_allshootings",100,"development","validation"
2915,"2021-12-24",2021,145,"development",365,2915,"gva_allshootings",100,"development","validation"
2916,"2021-12-25",2021,120,"development",365,2916,"gva_allshootings",100,"development","validation"
2917,"2021-12-26",2021,137,"development",365,2917,"gva_allshootings",100,"development","validation"
2918,"2021-12-27",2021,130,"development",365,2918,"gva_allshootings",100,"development","validation"
2919,"2021-12-28",2021,113,"development",365,2919,"gva_allshootings",100,"development","validation"
2920,"2021-12-29",2021,128,"development",365,2920,"gva_allshootings",100,"development","validation"
2921,"2021-12-30",2021,108,"development",365,2921,"gva_allshootings",100,"development","validation"
2922,"2021-12-31",2021,161,"development",365,2922,"gva_allshootings",100,"development","validation"
2923,"2022-01-01",2022,213,"test",365,2923,"gva_allshootings",100,"test","test"
2924,"2022-01-02",2022,104,"test",365,2924,"gva_allshootings",100,"test","test"
2925,"2022-01-03",2022,120,"test",365,2925,"gva_allshootings",100,"test","test"
2926,"2022-01-04",2022,107,"test",365,2926,"gva_allshootings",100,"test","test"
2927,"2022-01-05",2022,118,"test",365,2927,"gva_allshootings",100,"test","test"
2928,"2022-01-06",2022,99,"test",365,2928,"gva_allshootings",100,"test","test"
2929,"2022-01-07",2022,100,"test",365,2929,"gva_allshootings",100,"test","test"
2930,"2022-01-08",2022,126,"test",365,2930,"gva_allshootings",100,"test","test"
2931,"2022-01-09",2022,133,"test",365,2931,"gva_allshootings",100,"test","test"
2932,"2022-01-10",2022,111,"test",365,2932,"gva_allshootings",100,"test","test"
2933,"2022-01-11",2022,106,"test",365,2933,"gva_allshootings",100,"test","test"
2934,"2022-01-12",2022,110,"test",365,2934,"gva_allshootings",100,"test","test"
2935,"2022-01-13",2022,126,"test",365,2935,"gva_allshootings",100,"test","test"
2936,"2022-01-14",2022,99,"test",365,2936,"gva_allshootings",100,"test","test"
2937,"2022-01-15",2022,135,"test",365,2937,"gva_allshootings",100,"test","test"
2938,"2022-01-16",2022,144,"test",365,2938,"gva_allshootings",100,"test","test"
2939,"2022-01-17",2022,127,"test",365,2939,"gva_allshootings",100,"test","test"
2940,"2022-01-18",2022,117,"test",365,2940,"gva_allshootings",100,"test","test"
2941,"2022-01-19",2022,149,"test",365,2941,"gva_allshootings",100,"test","test"
2942,"2022-01-20",2022,86,"test",365,2942,"gva_allshootings",100,"test","test"
2943,"2022-01-21",2022,87,"test",365,2943,"gva_allshootings",100,"test","test"
2944,"2022-01-22",2022,134,"test",365,2944,"gva_allshootings",100,"test","test"
2945,"2022-01-23",2022,146,"test",365,2945,"gva_allshootings",100,"test","test"
2946,"2022-01-24",2022,99,"test",365,2946,"gva_allshootings",100,"test","test"
2947,"2022-01-25",2022,96,"test",365,2947,"gva_allshootings",100,"test","test"
2948,"2022-01-26",2022,103,"test",365,2948,"gva_allshootings",100,"test","test"
2949,"2022-01-27",2022,106,"test",365,2949,"gva_allshootings",100,"test","test"
2950,"2022-01-28",2022,98,"test",365,2950,"gva_allshootings",100,"test","test"
2951,"2022-01-29",2022,117,"test",365,2951,"gva_allshootings",100,"test","test"
2952,"2022-01-30",2022,133,"test",365,2952,"gva_allshootings",100,"test","test"
2953,"2022-01-31",2022,104,"test",365,2953,"gva_allshootings",100,"test","test"
2954,"2022-02-01",2022,134,"test",365,2954,"gva_allshootings",100,"test","test"
2955,"2022-02-02",2022,81,"test",365,2955,"gva_allshootings",100,"test","test"
2956,"2022-02-03",2022,81,"test",365,2956,"gva_allshootings",100,"test","test"
2957,"2022-02-04",2022,96,"test",365,2957,"gva_allshootings",100,"test","test"
2958,"2022-02-05",2022,142,"test",365,2958,"gva_allshootings",100,"test","test"
2959,"2022-02-06",2022,141,"test",365,2959,"gva_allshootings",100,"test","test"
2960,"2022-02-07",2022,103,"test",365,2960,"gva_allshootings",100,"test","test"
2961,"2022-02-08",2022,118,"test",365,2961,"gva_allshootings",100,"test","test"
2962,"2022-02-09",2022,113,"test",365,2962,"gva_allshootings",100,"test","test"
2963,"2022-02-10",2022,125,"test",365,2963,"gva_allshootings",100,"test","test"
2964,"2022-02-11",2022,123,"test",365,2964,"gva_allshootings",100,"test","test"
2965,"2022-02-12",2022,134,"test",365,2965,"gva_allshootings",100,"test","test"
2966,"2022-02-13",2022,143,"test",365,2966,"gva_allshootings",100,"test","test"
2967,"2022-02-14",2022,88,"test",365,2967,"gva_allshootings",100,"test","test"
2968,"2022-02-15",2022,130,"test",365,2968,"gva_allshootings",100,"test","test"
2969,"2022-02-16",2022,100,"test",365,2969,"gva_allshootings",100,"test","test"
2970,"2022-02-17",2022,118,"test",365,2970,"gva_allshootings",100,"test","test"
2971,"2022-02-18",2022,95,"test",365,2971,"gva_allshootings",100,"test","test"
2972,"2022-02-19",2022,131,"test",365,2972,"gva_allshootings",100,"test","test"
2973,"2022-02-20",2022,136,"test",365,2973,"gva_allshootings",100,"test","test"
2974,"2022-02-21",2022,110,"test",365,2974,"gva_allshootings",100,"test","test"
2975,"2022-02-22",2022,103,"test",365,2975,"gva_allshootings",100,"test","test"
2976,"2022-02-23",2022,100,"test",365,2976,"gva_allshootings",100,"test","test"
2977,"2022-02-24",2022,84,"test",365,2977,"gva_allshootings",100,"test","test"
2978,"2022-02-25",2022,88,"test",365,2978,"gva_allshootings",100,"test","test"
2979,"2022-02-26",2022,126,"test",365,2979,"gva_allshootings",100,"test","test"
2980,"2022-02-27",2022,146,"test",365,2980,"gva_allshootings",100,"test","test"
2981,"2022-02-28",2022,98,"test",365,2981,"gva_allshootings",100,"test","test"
2982,"2022-03-01",2022,85,"test",365,2982,"gva_allshootings",100,"test","test"
2983,"2022-03-02",2022,102,"test",365,2983,"gva_allshootings",100,"test","test"
2984,"2022-03-03",2022,107,"test",365,2984,"gva_allshootings",100,"test","test"
2985,"2022-03-04",2022,106,"test",365,2985,"gva_allshootings",100,"test","test"
2986,"2022-03-05",2022,150,"test",365,2986,"gva_allshootings",100,"test","test"
2987,"2022-03-06",2022,169,"test",365,2987,"gva_allshootings",100,"test","test"
2988,"2022-03-07",2022,99,"test",365,2988,"gva_allshootings",100,"test","test"
2989,"2022-03-08",2022,96,"test",365,2989,"gva_allshootings",100,"test","test"
2990,"2022-03-09",2022,96,"test",365,2990,"gva_allshootings",100,"test","test"
2991,"2022-03-10",2022,87,"test",365,2991,"gva_allshootings",100,"test","test"
2992,"2022-03-11",2022,98,"test",365,2992,"gva_allshootings",100,"test","test"
2993,"2022-03-12",2022,133,"test",365,2993,"gva_allshootings",100,"test","test"
2994,"2022-03-13",2022,137,"test",365,2994,"gva_allshootings",100,"test","test"
2995,"2022-03-14",2022,101,"test",365,2995,"gva_allshootings",100,"test","test"
2996,"2022-03-15",2022,128,"test",365,2996,"gva_allshootings",100,"test","test"
2997,"2022-03-16",2022,124,"test",365,2997,"gva_allshootings",100,"test","test"
2998,"2022-03-17",2022,139,"test",365,2998,"gva_allshootings",100,"test","test"
2999,"2022-03-18",2022,165,"test",365,2999,"gva_allshootings",100,"test","test"
3000,"2022-03-19",2022,148,"test",365,3000,"gva_allshootings",100,"test","test"
3001,"2022-03-20",2022,156,"test",365,3001,"gva_allshootings",100,"test","test"
3002,"2022-03-21",2022,121,"test",365,3002,"gva_allshootings",100,"test","test"
3003,"2022-03-22",2022,108,"test",365,3003,"gva_allshootings",100,"test","test"
3004,"2022-03-23",2022,99,"test",365,3004,"gva_allshootings",100,"test","test"
3005,"2022-03-24",2022,106,"test",365,3005,"gva_allshootings",100,"test","test"
3006,"2022-03-25",2022,143,"test",365,3006,"gva_allshootings",100,"test","test"
3007,"2022-03-26",2022,124,"test",365,3007,"gva_allshootings",100,"test","test"
3008,"2022-03-27",2022,128,"test",365,3008,"gva_allshootings",100,"test","test"
3009,"2022-03-28",2022,99,"test",365,3009,"gva_allshootings",100,"test","test"
3010,"2022-03-29",2022,121,"test",365,3010,"gva_allshootings",100,"test","test"
3011,"2022-03-30",2022,122,"test",365,3011,"gva_allshootings",100,"test","test"
3012,"2022-03-31",2022,124,"test",365,3012,"gva_allshootings",100,"test","test"
3013,"2022-04-01",2022,105,"test",365,3013,"gva_allshootings",100,"test","test"
3014,"2022-04-02",2022,126,"test",365,3014,"gva_allshootings",100,"test","test"
3015,"2022-04-03",2022,141,"test",365,3015,"gva_allshootings",100,"test","test"
3016,"2022-04-04",2022,111,"test",365,3016,"gva_allshootings",100,"test","test"
3017,"2022-04-05",2022,93,"test",365,3017,"gva_allshootings",100,"test","test"
3018,"2022-04-06",2022,115,"test",365,3018,"gva_allshootings",100,"test","test"
3019,"2022-04-07",2022,106,"test",365,3019,"gva_allshootings",100,"test","test"
3020,"2022-04-08",2022,126,"test",365,3020,"gva_allshootings",100,"test","test"
3021,"2022-04-09",2022,128,"test",365,3021,"gva_allshootings",100,"test","test"
3022,"2022-04-10",2022,167,"test",365,3022,"gva_allshootings",100,"test","test"
3023,"2022-04-11",2022,121,"test",365,3023,"gva_allshootings",100,"test","test"
3024,"2022-04-12",2022,125,"test",365,3024,"gva_allshootings",100,"test","test"
3025,"2022-04-13",2022,126,"test",365,3025,"gva_allshootings",100,"test","test"
3026,"2022-04-14",2022,146,"test",365,3026,"gva_allshootings",100,"test","test"
3027,"2022-04-15",2022,132,"test",365,3027,"gva_allshootings",100,"test","test"
3028,"2022-04-16",2022,152,"test",365,3028,"gva_allshootings",100,"test","test"
3029,"2022-04-17",2022,163,"test",365,3029,"gva_allshootings",100,"test","test"
3030,"2022-04-18",2022,112,"test",365,3030,"gva_allshootings",100,"test","test"
3031,"2022-04-19",2022,78,"test",365,3031,"gva_allshootings",100,"test","test"
3032,"2022-04-20",2022,94,"test",365,3032,"gva_allshootings",100,"test","test"
3033,"2022-04-21",2022,112,"test",365,3033,"gva_allshootings",100,"test","test"
3034,"2022-04-22",2022,134,"test",365,3034,"gva_allshootings",100,"test","test"
3035,"2022-04-23",2022,158,"test",365,3035,"gva_allshootings",100,"test","test"
3036,"2022-04-24",2022,177,"test",365,3036,"gva_allshootings",100,"test","test"
3037,"2022-04-25",2022,124,"test",365,3037,"gva_allshootings",100,"test","test"
3038,"2022-04-26",2022,110,"test",365,3038,"gva_allshootings",100,"test","test"
3039,"2022-04-27",2022,106,"test",365,3039,"gva_allshootings",100,"test","test"
3040,"2022-04-28",2022,100,"test",365,3040,"gva_allshootings",100,"test","test"
3041,"2022-04-29",2022,119,"test",365,3041,"gva_allshootings",100,"test","test"
3042,"2022-04-30",2022,162,"test",365,3042,"gva_allshootings",100,"test","test"
3043,"2022-05-01",2022,158,"test",365,3043,"gva_allshootings",100,"test","test"
3044,"2022-05-02",2022,103,"test",365,3044,"gva_allshootings",100,"test","test"
3045,"2022-05-03",2022,116,"test",365,3045,"gva_allshootings",100,"test","test"
3046,"2022-05-04",2022,127,"test",365,3046,"gva_allshootings",100,"test","test"
3047,"2022-05-05",2022,151,"test",365,3047,"gva_allshootings",100,"test","test"
3048,"2022-05-06",2022,128,"test",365,3048,"gva_allshootings",100,"test","test"
3049,"2022-05-07",2022,156,"test",365,3049,"gva_allshootings",100,"test","test"
3050,"2022-05-08",2022,173,"test",365,3050,"gva_allshootings",100,"test","test"
3051,"2022-05-09",2022,120,"test",365,3051,"gva_allshootings",100,"test","test"
3052,"2022-05-10",2022,149,"test",365,3052,"gva_allshootings",100,"test","test"
3053,"2022-05-11",2022,123,"test",365,3053,"gva_allshootings",100,"test","test"
3054,"2022-05-12",2022,123,"test",365,3054,"gva_allshootings",100,"test","test"
3055,"2022-05-13",2022,131,"test",365,3055,"gva_allshootings",100,"test","test"
3056,"2022-05-14",2022,164,"test",365,3056,"gva_allshootings",100,"test","test"
3057,"2022-05-15",2022,179,"test",365,3057,"gva_allshootings",100,"test","test"
3058,"2022-05-16",2022,146,"test",365,3058,"gva_allshootings",100,"test","test"
3059,"2022-05-17",2022,123,"test",365,3059,"gva_allshootings",100,"test","test"
3060,"2022-05-18",2022,97,"test",365,3060,"gva_allshootings",100,"test","test"
3061,"2022-05-19",2022,121,"test",365,3061,"gva_allshootings",100,"test","test"
3062,"2022-05-20",2022,117,"test",365,3062,"gva_allshootings",100,"test","test"
3063,"2022-05-21",2022,169,"test",365,3063,"gva_allshootings",100,"test","test"
3064,"2022-05-22",2022,164,"test",365,3064,"gva_allshootings",100,"test","test"
3065,"2022-05-23",2022,133,"test",365,3065,"gva_allshootings",100,"test","test"
3066,"2022-05-24",2022,113,"test",365,3066,"gva_allshootings",100,"test","test"
3067,"2022-05-25",2022,110,"test",365,3067,"gva_allshootings",100,"test","test"
3068,"2022-05-26",2022,116,"test",365,3068,"gva_allshootings",100,"test","test"
3069,"2022-05-27",2022,106,"test",365,3069,"gva_allshootings",100,"test","test"
3070,"2022-05-28",2022,158,"test",365,3070,"gva_allshootings",100,"test","test"
3071,"2022-05-29",2022,170,"test",365,3071,"gva_allshootings",100,"test","test"
3072,"2022-05-30",2022,182,"test",365,3072,"gva_allshootings",100,"test","test"
3073,"2022-05-31",2022,139,"test",365,3073,"gva_allshootings",100,"test","test"
3074,"2022-06-01",2022,136,"test",365,3074,"gva_allshootings",100,"test","test"
3075,"2022-06-02",2022,129,"test",365,3075,"gva_allshootings",100,"test","test"
3076,"2022-06-03",2022,141,"test",365,3076,"gva_allshootings",100,"test","test"
3077,"2022-06-04",2022,148,"test",365,3077,"gva_allshootings",100,"test","test"
3078,"2022-06-05",2022,170,"test",365,3078,"gva_allshootings",100,"test","test"
3079,"2022-06-06",2022,101,"test",365,3079,"gva_allshootings",100,"test","test"
3080,"2022-06-07",2022,124,"test",365,3080,"gva_allshootings",100,"test","test"
3081,"2022-06-08",2022,116,"test",365,3081,"gva_allshootings",100,"test","test"
3082,"2022-06-09",2022,119,"test",365,3082,"gva_allshootings",100,"test","test"
3083,"2022-06-10",2022,138,"test",365,3083,"gva_allshootings",100,"test","test"
3084,"2022-06-11",2022,147,"test",365,3084,"gva_allshootings",100,"test","test"
3085,"2022-06-12",2022,175,"test",365,3085,"gva_allshootings",100,"test","test"
3086,"2022-06-13",2022,143,"test",365,3086,"gva_allshootings",100,"test","test"
3087,"2022-06-14",2022,134,"test",365,3087,"gva_allshootings",100,"test","test"
3088,"2022-06-15",2022,140,"test",365,3088,"gva_allshootings",100,"test","test"
3089,"2022-06-16",2022,110,"test",365,3089,"gva_allshootings",100,"test","test"
3090,"2022-06-17",2022,106,"test",365,3090,"gva_allshootings",100,"test","test"
3091,"2022-06-18",2022,162,"test",365,3091,"gva_allshootings",100,"test","test"
3092,"2022-06-19",2022,187,"test",365,3092,"gva_allshootings",100,"test","test"
3093,"2022-06-20",2022,139,"test",365,3093,"gva_allshootings",100,"test","test"
3094,"2022-06-21",2022,127,"test",365,3094,"gva_allshootings",100,"test","test"
3095,"2022-06-22",2022,111,"test",365,3095,"gva_allshootings",100,"test","test"
3096,"2022-06-23",2022,119,"test",365,3096,"gva_allshootings",100,"test","test"
3097,"2022-06-24",2022,142,"test",365,3097,"gva_allshootings",100,"test","test"
3098,"2022-06-25",2022,174,"test",365,3098,"gva_allshootings",100,"test","test"
3099,"2022-06-26",2022,194,"test",365,3099,"gva_allshootings",100,"test","test"
3100,"2022-06-27",2022,141,"test",365,3100,"gva_allshootings",100,"test","test"
3101,"2022-06-28",2022,140,"test",365,3101,"gva_allshootings",100,"test","test"
3102,"2022-06-29",2022,124,"test",365,3102,"gva_allshootings",100,"test","test"
3103,"2022-06-30",2022,129,"test",365,3103,"gva_allshootings",100,"test","test"
3104,"2022-07-01",2022,136,"test",365,3104,"gva_allshootings",100,"test","test"
3105,"2022-07-02",2022,175,"test",365,3105,"gva_allshootings",100,"test","test"
3106,"2022-07-03",2022,196,"test",365,3106,"gva_allshootings",100,"test","test"
3107,"2022-07-04",2022,236,"test",365,3107,"gva_allshootings",100,"test","test"
3108,"2022-07-05",2022,194,"test",365,3108,"gva_allshootings",100,"test","test"
3109,"2022-07-06",2022,126,"test",365,3109,"gva_allshootings",100,"test","test"
3110,"2022-07-07",2022,122,"test",365,3110,"gva_allshootings",100,"test","test"
3111,"2022-07-08",2022,117,"test",365,3111,"gva_allshootings",100,"test","test"
3112,"2022-07-09",2022,149,"test",365,3112,"gva_allshootings",100,"test","test"
3113,"2022-07-10",2022,161,"test",365,3113,"gva_allshootings",100,"test","test"
3114,"2022-07-11",2022,143,"test",365,3114,"gva_allshootings",100,"test","test"
3115,"2022-07-12",2022,134,"test",365,3115,"gva_allshootings",100,"test","test"
3116,"2022-07-13",2022,120,"test",365,3116,"gva_allshootings",100,"test","test"
3117,"2022-07-14",2022,122,"test",365,3117,"gva_allshootings",100,"test","test"
3118,"2022-07-15",2022,143,"test",365,3118,"gva_allshootings",100,"test","test"
3119,"2022-07-16",2022,177,"test",365,3119,"gva_allshootings",100,"test","test"
3120,"2022-07-17",2022,198,"test",365,3120,"gva_allshootings",100,"test","test"
3121,"2022-07-18",2022,128,"test",365,3121,"gva_allshootings",100,"test","test"
3122,"2022-07-19",2022,146,"test",365,3122,"gva_allshootings",100,"test","test"
3123,"2022-07-20",2022,133,"test",365,3123,"gva_allshootings",100,"test","test"
3124,"2022-07-21",2022,137,"test",365,3124,"gva_allshootings",100,"test","test"
3125,"2022-07-22",2022,152,"test",365,3125,"gva_allshootings",100,"test","test"
3126,"2022-07-23",2022,196,"test",365,3126,"gva_allshootings",100,"test","test"
3127,"2022-07-24",2022,180,"test",365,3127,"gva_allshootings",100,"test","test"
3128,"2022-07-25",2022,131,"test",365,3128,"gva_allshootings",100,"test","test"
3129,"2022-07-26",2022,131,"test",365,3129,"gva_allshootings",100,"test","test"
3130,"2022-07-27",2022,125,"test",365,3130,"gva_allshootings",100,"test","test"
3131,"2022-07-28",2022,114,"test",365,3131,"gva_allshootings",100,"test","test"
3132,"2022-07-29",2022,124,"test",365,3132,"gva_allshootings",100,"test","test"
3133,"2022-07-30",2022,176,"test",365,3133,"gva_allshootings",100,"test","test"
3134,"2022-07-31",2022,192,"test",365,3134,"gva_allshootings",100,"test","test"
3135,"2022-08-01",2022,143,"test",365,3135,"gva_allshootings",100,"test","test"
3136,"2022-08-02",2022,127,"test",365,3136,"gva_allshootings",100,"test","test"
3137,"2022-08-03",2022,124,"test",365,3137,"gva_allshootings",100,"test","test"
3138,"2022-08-04",2022,108,"test",365,3138,"gva_allshootings",100,"test","test"
3139,"2022-08-05",2022,147,"test",365,3139,"gva_allshootings",100,"test","test"
3140,"2022-08-06",2022,173,"test",365,3140,"gva_allshootings",100,"test","test"
3141,"2022-08-07",2022,196,"test",365,3141,"gva_allshootings",100,"test","test"
3142,"2022-08-08",2022,145,"test",365,3142,"gva_allshootings",100,"test","test"
3143,"2022-08-09",2022,109,"test",365,3143,"gva_allshootings",100,"test","test"
3144,"2022-08-10",2022,120,"test",365,3144,"gva_allshootings",100,"test","test"
3145,"2022-08-11",2022,123,"test",365,3145,"gva_allshootings",100,"test","test"
3146,"2022-08-12",2022,130,"test",365,3146,"gva_allshootings",100,"test","test"
3147,"2022-08-13",2022,170,"test",365,3147,"gva_allshootings",100,"test","test"
3148,"2022-08-14",2022,187,"test",365,3148,"gva_allshootings",100,"test","test"
3149,"2022-08-15",2022,110,"test",365,3149,"gva_allshootings",100,"test","test"
3150,"2022-08-16",2022,118,"test",365,3150,"gva_allshootings",100,"test","test"
3151,"2022-08-17",2022,113,"test",365,3151,"gva_allshootings",100,"test","test"
3152,"2022-08-18",2022,119,"test",365,3152,"gva_allshootings",100,"test","test"
3153,"2022-08-19",2022,130,"test",365,3153,"gva_allshootings",100,"test","test"
3154,"2022-08-20",2022,163,"test",365,3154,"gva_allshootings",100,"test","test"
3155,"2022-08-21",2022,175,"test",365,3155,"gva_allshootings",100,"test","test"
3156,"2022-08-22",2022,135,"test",365,3156,"gva_allshootings",100,"test","test"
3157,"2022-08-23",2022,114,"test",365,3157,"gva_allshootings",100,"test","test"
3158,"2022-08-24",2022,116,"test",365,3158,"gva_allshootings",100,"test","test"
3159,"2022-08-25",2022,120,"test",365,3159,"gva_allshootings",100,"test","test"
3160,"2022-08-26",2022,146,"test",365,3160,"gva_allshootings",100,"test","test"
3161,"2022-08-27",2022,185,"test",365,3161,"gva_allshootings",100,"test","test"
3162,"2022-08-28",2022,190,"test",365,3162,"gva_allshootings",100,"test","test"
3163,"2022-08-29",2022,123,"test",365,3163,"gva_allshootings",100,"test","test"
3164,"2022-08-30",2022,111,"test",365,3164,"gva_allshootings",100,"test","test"
3165,"2022-08-31",2022,121,"test",365,3165,"gva_allshootings",100,"test","test"
3166,"2022-09-01",2022,116,"test",365,3166,"gva_allshootings",100,"test","test"
3167,"2022-09-02",2022,146,"test",365,3167,"gva_allshootings",100,"test","test"
3168,"2022-09-03",2022,161,"test",365,3168,"gva_allshootings",100,"test","test"
3169,"2022-09-04",2022,172,"test",365,3169,"gva_allshootings",100,"test","test"
3170,"2022-09-05",2022,145,"test",365,3170,"gva_allshootings",100,"test","test"
3171,"2022-09-06",2022,132,"test",365,3171,"gva_allshootings",100,"test","test"
3172,"2022-09-07",2022,109,"test",365,3172,"gva_allshootings",100,"test","test"
3173,"2022-09-08",2022,107,"test",365,3173,"gva_allshootings",100,"test","test"
3174,"2022-09-09",2022,139,"test",365,3174,"gva_allshootings",100,"test","test"
3175,"2022-09-10",2022,148,"test",365,3175,"gva_allshootings",100,"test","test"
3176,"2022-09-11",2022,166,"test",365,3176,"gva_allshootings",100,"test","test"
3177,"2022-09-12",2022,112,"test",365,3177,"gva_allshootings",100,"test","test"
3178,"2022-09-13",2022,114,"test",365,3178,"gva_allshootings",100,"test","test"
3179,"2022-09-14",2022,131,"test",365,3179,"gva_allshootings",100,"test","test"
3180,"2022-09-15",2022,107,"test",365,3180,"gva_allshootings",100,"test","test"
3181,"2022-09-16",2022,98,"test",365,3181,"gva_allshootings",100,"test","test"
3182,"2022-09-17",2022,175,"test",365,3182,"gva_allshootings",100,"test","test"
3183,"2022-09-18",2022,158,"test",365,3183,"gva_allshootings",100,"test","test"
3184,"2022-09-19",2022,128,"test",365,3184,"gva_allshootings",100,"test","test"
3185,"2022-09-20",2022,114,"test",365,3185,"gva_allshootings",100,"test","test"
3186,"2022-09-21",2022,109,"test",365,3186,"gva_allshootings",100,"test","test"
3187,"2022-09-22",2022,106,"test",365,3187,"gva_allshootings",100,"test","test"
3188,"2022-09-23",2022,138,"test",365,3188,"gva_allshootings",100,"test","test"
3189,"2022-09-24",2022,188,"test",365,3189,"gva_allshootings",100,"test","test"
3190,"2022-09-25",2022,160,"test",365,3190,"gva_allshootings",100,"test","test"
3191,"2022-09-26",2022,119,"test",365,3191,"gva_allshootings",100,"test","test"
3192,"2022-09-27",2022,121,"test",365,3192,"gva_allshootings",100,"test","test"
3193,"2022-09-28",2022,105,"test",365,3193,"gva_allshootings",100,"test","test"
3194,"2022-09-29",2022,100,"test",365,3194,"gva_allshootings",100,"test","test"
3195,"2022-09-30",2022,121,"test",365,3195,"gva_allshootings",100,"test","test"
3196,"2022-10-01",2022,127,"test",365,3196,"gva_allshootings",100,"test","test"
3197,"2022-10-02",2022,163,"test",365,3197,"gva_allshootings",100,"test","test"
3198,"2022-10-03",2022,99,"test",365,3198,"gva_allshootings",100,"test","test"
3199,"2022-10-04",2022,102,"test",365,3199,"gva_allshootings",100,"test","test"
3200,"2022-10-05",2022,109,"test",365,3200,"gva_allshootings",100,"test","test"
3201,"2022-10-06",2022,105,"test",365,3201,"gva_allshootings",100,"test","test"
3202,"2022-10-07",2022,125,"test",365,3202,"gva_allshootings",100,"test","test"
3203,"2022-10-08",2022,159,"test",365,3203,"gva_allshootings",100,"test","test"
3204,"2022-10-09",2022,162,"test",365,3204,"gva_allshootings",100,"test","test"
3205,"2022-10-10",2022,138,"test",365,3205,"gva_allshootings",100,"test","test"
3206,"2022-10-11",2022,108,"test",365,3206,"gva_allshootings",100,"test","test"
3207,"2022-10-12",2022,122,"test",365,3207,"gva_allshootings",100,"test","test"
3208,"2022-10-13",2022,104,"test",365,3208,"gva_allshootings",100,"test","test"
3209,"2022-10-14",2022,99,"test",365,3209,"gva_allshootings",100,"test","test"
3210,"2022-10-15",2022,162,"test",365,3210,"gva_allshootings",100,"test","test"
3211,"2022-10-16",2022,119,"test",365,3211,"gva_allshootings",100,"test","test"
3212,"2022-10-17",2022,111,"test",365,3212,"gva_allshootings",100,"test","test"
3213,"2022-10-18",2022,100,"test",365,3213,"gva_allshootings",100,"test","test"
3214,"2022-10-19",2022,95,"test",365,3214,"gva_allshootings",100,"test","test"
3215,"2022-10-20",2022,84,"test",365,3215,"gva_allshootings",100,"test","test"
3216,"2022-10-21",2022,131,"test",365,3216,"gva_allshootings",100,"test","test"
3217,"2022-10-22",2022,149,"test",365,3217,"gva_allshootings",100,"test","test"
3218,"2022-10-23",2022,162,"test",365,3218,"gva_allshootings",100,"test","test"
3219,"2022-10-24",2022,120,"test",365,3219,"gva_allshootings",100,"test","test"
3220,"2022-10-25",2022,110,"test",365,3220,"gva_allshootings",100,"test","test"
3221,"2022-10-26",2022,89,"test",365,3221,"gva_allshootings",100,"test","test"
3222,"2022-10-27",2022,111,"test",365,3222,"gva_allshootings",100,"test","test"
3223,"2022-10-28",2022,125,"test",365,3223,"gva_allshootings",100,"test","test"
3224,"2022-10-29",2022,163,"test",365,3224,"gva_allshootings",100,"test","test"
3225,"2022-10-30",2022,174,"test",365,3225,"gva_allshootings",100,"test","test"
3226,"2022-10-31",2022,138,"test",365,3226,"gva_allshootings",100,"test","test"
3227,"2022-11-01",2022,128,"test",365,3227,"gva_allshootings",100,"test","test"
3228,"2022-11-02",2022,113,"test",365,3228,"gva_allshootings",100,"test","test"
3229,"2022-11-03",2022,86,"test",365,3229,"gva_allshootings",100,"test","test"
3230,"2022-11-04",2022,121,"test",365,3230,"gva_allshootings",100,"test","test"
3231,"2022-11-05",2022,165,"test",365,3231,"gva_allshootings",100,"test","test"
3232,"2022-11-06",2022,154,"test",365,3232,"gva_allshootings",100,"test","test"
3233,"2022-11-07",2022,117,"test",365,3233,"gva_allshootings",100,"test","test"
3234,"2022-11-08",2022,107,"test",365,3234,"gva_allshootings",100,"test","test"
3235,"2022-11-09",2022,102,"test",365,3235,"gva_allshootings",100,"test","test"
3236,"2022-11-10",2022,103,"test",365,3236,"gva_allshootings",100,"test","test"
3237,"2022-11-11",2022,122,"test",365,3237,"gva_allshootings",100,"test","test"
3238,"2022-11-12",2022,138,"test",365,3238,"gva_allshootings",100,"test","test"
3239,"2022-11-13",2022,131,"test",365,3239,"gva_allshootings",100,"test","test"
3240,"2022-11-14",2022,104,"test",365,3240,"gva_allshootings",100,"test","test"
3241,"2022-11-15",2022,110,"test",365,3241,"gva_allshootings",100,"test","test"
3242,"2022-11-16",2022,96,"test",365,3242,"gva_allshootings",100,"test","test"
3243,"2022-11-17",2022,118,"test",365,3243,"gva_allshootings",100,"test","test"
3244,"2022-11-18",2022,94,"test",365,3244,"gva_allshootings",100,"test","test"
3245,"2022-11-19",2022,118,"test",365,3245,"gva_allshootings",100,"test","test"
3246,"2022-11-20",2022,119,"test",365,3246,"gva_allshootings",100,"test","test"
3247,"2022-11-21",2022,96,"test",365,3247,"gva_allshootings",100,"test","test"
3248,"2022-11-22",2022,104,"test",365,3248,"gva_allshootings",100,"test","test"
3249,"2022-11-23",2022,132,"test",365,3249,"gva_allshootings",100,"test","test"
3250,"2022-11-24",2022,106,"test",365,3250,"gva_allshootings",100,"test","test"
3251,"2022-11-25",2022,117,"test",365,3251,"gva_allshootings",100,"test","test"
3252,"2022-11-26",2022,130,"test",365,3252,"gva_allshootings",100,"test","test"
3253,"2022-11-27",2022,157,"test",365,3253,"gva_allshootings",100,"test","test"
3254,"2022-11-28",2022,103,"test",365,3254,"gva_allshootings",100,"test","test"
3255,"2022-11-29",2022,89,"test",365,3255,"gva_allshootings",100,"test","test"
3256,"2022-11-30",2022,104,"test",365,3256,"gva_allshootings",100,"test","test"
3257,"2022-12-01",2022,110,"test",365,3257,"gva_allshootings",100,"test","test"
3258,"2022-12-02",2022,99,"test",365,3258,"gva_allshootings",100,"test","test"
3259,"2022-12-03",2022,132,"test",365,3259,"gva_allshootings",100,"test","test"
3260,"2022-12-04",2022,107,"test",365,3260,"gva_allshootings",100,"test","test"
3261,"2022-12-05",2022,102,"test",365,3261,"gva_allshootings",100,"test","test"
3262,"2022-12-06",2022,99,"test",365,3262,"gva_allshootings",100,"test","test"
3263,"2022-12-07",2022,115,"test",365,3263,"gva_allshootings",100,"test","test"
3264,"2022-12-08",2022,100,"test",365,3264,"gva_allshootings",100,"test","test"
3265,"2022-12-09",2022,107,"test",365,3265,"gva_allshootings",100,"test","test"
3266,"2022-12-10",2022,125,"test",365,3266,"gva_allshootings",100,"test","test"
3267,"2022-12-11",2022,132,"test",365,3267,"gva_allshootings",100,"test","test"
3268,"2022-12-12",2022,116,"test",365,3268,"gva_allshootings",100,"test","test"
3269,"2022-12-13",2022,105,"test",365,3269,"gva_allshootings",100,"test","test"
3270,"2022-12-14",2022,96,"test",365,3270,"gva_allshootings",100,"test","test"
3271,"2022-12-15",2022,92,"test",365,3271,"gva_allshootings",100,"test","test"
3272,"2022-12-16",2022,100,"test",365,3272,"gva_allshootings",100,"test","test"
3273,"2022-12-17",2022,122,"test",365,3273,"gva_allshootings",100,"test","test"
3274,"2022-12-18",2022,147,"test",365,3274,"gva_allshootings",100,"test","test"
3275,"2022-12-19",2022,114,"test",365,3275,"gva_allshootings",100,"test","test"
3276,"2022-12-20",2022,100,"test",365,3276,"gva_allshootings",100,"test","test"
3277,"2022-12-21",2022,100,"test",365,3277,"gva_allshootings",100,"test","test"
3278,"2022-12-22",2022,106,"test",365,3278,"gva_allshootings",100,"test","test"
3279,"2022-12-23",2022,85,"test",365,3279,"gva_allshootings",100,"test","test"
3280,"2022-12-24",2022,90,"test",365,3280,"gva_allshootings",100,"test","test"
3281,"2022-12-25",2022,93,"test",365,3281,"gva_allshootings",100,"test","test"
3282,"2022-12-26",2022,97,"test",365,3282,"gva_allshootings",100,"test","test"
3283,"2022-12-27",2022,102,"test",365,3283,"gva_allshootings",100,"test","test"
3284,"2022-12-28",2022,102,"test",365,3284,"gva_allshootings",100,"test","test"
3285,"2022-12-29",2022,133,"test",365,3285,"gva_allshootings",100,"test","test"
3286,"2022-12-30",2022,126,"test",365,3286,"gva_allshootings",100,"test","test"
3287,"2022-12-31",2022,150,"test",365,3287,"gva_allshootings",100,"test","test"
3288,"2023-01-01",2023,246,"test",365,3288,"gva_allshootings",100,"test","test"
3289,"2023-01-02",2023,128,"test",365,3289,"gva_allshootings",100,"test","test"
3290,"2023-01-03",2023,121,"test",365,3290,"gva_allshootings",100,"test","test"
3291,"2023-01-04",2023,108,"test",365,3291,"gva_allshootings",100,"test","test"
3292,"2023-01-05",2023,96,"test",365,3292,"gva_allshootings",100,"test","test"
3293,"2023-01-06",2023,110,"test",365,3293,"gva_allshootings",100,"test","test"
3294,"2023-01-07",2023,139,"test",365,3294,"gva_allshootings",100,"test","test"
3295,"2023-01-08",2023,126,"test",365,3295,"gva_allshootings",100,"test","test"
3296,"2023-01-09",2023,113,"test",365,3296,"gva_allshootings",100,"test","test"
3297,"2023-01-10",2023,98,"test",365,3297,"gva_allshootings",100,"test","test"
3298,"2023-01-11",2023,110,"test",365,3298,"gva_allshootings",100,"test","test"
3299,"2023-01-12",2023,82,"test",365,3299,"gva_allshootings",100,"test","test"
3300,"2023-01-13",2023,101,"test",365,3300,"gva_allshootings",100,"test","test"
3301,"2023-01-14",2023,123,"test",365,3301,"gva_allshootings",100,"test","test"
3302,"2023-01-15",2023,134,"test",365,3302,"gva_allshootings",100,"test","test"
3303,"2023-01-16",2023,123,"test",365,3303,"gva_allshootings",100,"test","test"
3304,"2023-01-17",2023,100,"test",365,3304,"gva_allshootings",100,"test","test"
3305,"2023-01-18",2023,96,"test",365,3305,"gva_allshootings",100,"test","test"
3306,"2023-01-19",2023,94,"test",365,3306,"gva_allshootings",100,"test","test"
3307,"2023-01-20",2023,105,"test",365,3307,"gva_allshootings",100,"test","test"
3308,"2023-01-21",2023,145,"test",365,3308,"gva_allshootings",100,"test","test"
3309,"2023-01-22",2023,142,"test",365,3309,"gva_allshootings",100,"test","test"
3310,"2023-01-23",2023,89,"test",365,3310,"gva_allshootings",100,"test","test"
3311,"2023-01-24",2023,106,"test",365,3311,"gva_allshootings",100,"test","test"
3312,"2023-01-25",2023,81,"test",365,3312,"gva_allshootings",100,"test","test"
3313,"2023-01-26",2023,71,"test",365,3313,"gva_allshootings",100,"test","test"
3314,"2023-01-27",2023,104,"test",365,3314,"gva_allshootings",100,"test","test"
3315,"2023-01-28",2023,141,"test",365,3315,"gva_allshootings",100,"test","test"
3316,"2023-01-29",2023,132,"test",365,3316,"gva_allshootings",100,"test","test"
3317,"2023-01-30",2023,102,"test",365,3317,"gva_allshootings",100,"test","test"
3318,"2023-01-31",2023,77,"test",365,3318,"gva_allshootings",100,"test","test"
3319,"2023-02-01",2023,108,"test",365,3319,"gva_allshootings",100,"test","test"
3320,"2023-02-02",2023,72,"test",365,3320,"gva_allshootings",100,"test","test"
3321,"2023-02-03",2023,105,"test",365,3321,"gva_allshootings",100,"test","test"
3322,"2023-02-04",2023,126,"test",365,3322,"gva_allshootings",100,"test","test"
3323,"2023-02-05",2023,154,"test",365,3323,"gva_allshootings",100,"test","test"
3324,"2023-02-06",2023,94,"test",365,3324,"gva_allshootings",100,"test","test"
3325,"2023-02-07",2023,116,"test",365,3325,"gva_allshootings",100,"test","test"
3326,"2023-02-08",2023,109,"test",365,3326,"gva_allshootings",100,"test","test"
3327,"2023-02-09",2023,94,"test",365,3327,"gva_allshootings",100,"test","test"
3328,"2023-02-10",2023,88,"test",365,3328,"gva_allshootings",100,"test","test"
3329,"2023-02-11",2023,126,"test",365,3329,"gva_allshootings",100,"test","test"
3330,"2023-02-12",2023,127,"test",365,3330,"gva_allshootings",100,"test","test"
3331,"2023-02-13",2023,117,"test",365,3331,"gva_allshootings",100,"test","test"
3332,"2023-02-14",2023,99,"test",365,3332,"gva_allshootings",100,"test","test"
3333,"2023-02-15",2023,102,"test",365,3333,"gva_allshootings",100,"test","test"
3334,"2023-02-16",2023,96,"test",365,3334,"gva_allshootings",100,"test","test"
3335,"2023-02-17",2023,103,"test",365,3335,"gva_allshootings",100,"test","test"
3336,"2023-02-18",2023,138,"test",365,3336,"gva_allshootings",100,"test","test"
3337,"2023-02-19",2023,143,"test",365,3337,"gva_allshootings",100,"test","test"
3338,"2023-02-20",2023,103,"test",365,3338,"gva_allshootings",100,"test","test"
3339,"2023-02-21",2023,125,"test",365,3339,"gva_allshootings",100,"test","test"
3340,"2023-02-22",2023,91,"test",365,3340,"gva_allshootings",100,"test","test"
3341,"2023-02-23",2023,101,"test",365,3341,"gva_allshootings",100,"test","test"
3342,"2023-02-24",2023,94,"test",365,3342,"gva_allshootings",100,"test","test"
3343,"2023-02-25",2023,96,"test",365,3343,"gva_allshootings",100,"test","test"
3344,"2023-02-26",2023,137,"test",365,3344,"gva_allshootings",100,"test","test"
3345,"2023-02-27",2023,98,"test",365,3345,"gva_allshootings",100,"test","test"
3346,"2023-02-28",2023,107,"test",365,3346,"gva_allshootings",100,"test","test"
3347,"2023-03-01",2023,93,"test",365,3347,"gva_allshootings",100,"test","test"
3348,"2023-03-02",2023,87,"test",365,3348,"gva_allshootings",100,"test","test"
3349,"2023-03-03",2023,101,"test",365,3349,"gva_allshootings",100,"test","test"
3350,"2023-03-04",2023,121,"test",365,3350,"gva_allshootings",100,"test","test"
3351,"2023-03-05",2023,138,"test",365,3351,"gva_allshootings",100,"test","test"
3352,"2023-03-06",2023,116,"test",365,3352,"gva_allshootings",100,"test","test"
3353,"2023-03-07",2023,112,"test",365,3353,"gva_allshootings",100,"test","test"
3354,"2023-03-08",2023,86,"test",365,3354,"gva_allshootings",100,"test","test"
3355,"2023-03-09",2023,78,"test",365,3355,"gva_allshootings",100,"test","test"
3356,"2023-03-10",2023,93,"test",365,3356,"gva_allshootings",100,"test","test"
3357,"2023-03-11",2023,119,"test",365,3357,"gva_allshootings",100,"test","test"
3358,"2023-03-12",2023,114,"test",365,3358,"gva_allshootings",100,"test","test"
3359,"2023-03-13",2023,91,"test",365,3359,"gva_allshootings",100,"test","test"
3360,"2023-03-14",2023,92,"test",365,3360,"gva_allshootings",100,"test","test"
3361,"2023-03-15",2023,109,"test",365,3361,"gva_allshootings",100,"test","test"
3362,"2023-03-16",2023,94,"test",365,3362,"gva_allshootings",100,"test","test"
3363,"2023-03-17",2023,113,"test",365,3363,"gva_allshootings",100,"test","test"
3364,"2023-03-18",2023,126,"test",365,3364,"gva_allshootings",100,"test","test"
3365,"2023-03-19",2023,128,"test",365,3365,"gva_allshootings",100,"test","test"
3366,"2023-03-20",2023,102,"test",365,3366,"gva_allshootings",100,"test","test"
3367,"2023-03-21",2023,97,"test",365,3367,"gva_allshootings",100,"test","test"
3368,"2023-03-22",2023,93,"test",365,3368,"gva_allshootings",100,"test","test"
3369,"2023-03-23",2023,101,"test",365,3369,"gva_allshootings",100,"test","test"
3370,"2023-03-24",2023,107,"test",365,3370,"gva_allshootings",100,"test","test"
3371,"2023-03-25",2023,141,"test",365,3371,"gva_allshootings",100,"test","test"
3372,"2023-03-26",2023,145,"test",365,3372,"gva_allshootings",100,"test","test"
3373,"2023-03-27",2023,124,"test",365,3373,"gva_allshootings",100,"test","test"
3374,"2023-03-28",2023,112,"test",365,3374,"gva_allshootings",100,"test","test"
3375,"2023-03-29",2023,97,"test",365,3375,"gva_allshootings",100,"test","test"
3376,"2023-03-30",2023,109,"test",365,3376,"gva_allshootings",100,"test","test"
3377,"2023-03-31",2023,107,"test",365,3377,"gva_allshootings",100,"test","test"
3378,"2023-04-01",2023,149,"test",365,3378,"gva_allshootings",100,"test","test"
3379,"2023-04-02",2023,127,"test",365,3379,"gva_allshootings",100,"test","test"
3380,"2023-04-03",2023,106,"test",365,3380,"gva_allshootings",100,"test","test"
3381,"2023-04-04",2023,107,"test",365,3381,"gva_allshootings",100,"test","test"
3382,"2023-04-05",2023,111,"test",365,3382,"gva_allshootings",100,"test","test"
3383,"2023-04-06",2023,107,"test",365,3383,"gva_allshootings",100,"test","test"
3384,"2023-04-07",2023,135,"test",365,3384,"gva_allshootings",100,"test","test"
3385,"2023-04-08",2023,152,"test",365,3385,"gva_allshootings",100,"test","test"
3386,"2023-04-09",2023,156,"test",365,3386,"gva_allshootings",100,"test","test"
3387,"2023-04-10",2023,136,"test",365,3387,"gva_allshootings",100,"test","test"
3388,"2023-04-11",2023,108,"test",365,3388,"gva_allshootings",100,"test","test"
3389,"2023-04-12",2023,113,"test",365,3389,"gva_allshootings",100,"test","test"
3390,"2023-04-13",2023,144,"test",365,3390,"gva_allshootings",100,"test","test"
3391,"2023-04-14",2023,147,"test",365,3391,"gva_allshootings",100,"test","test"
3392,"2023-04-15",2023,159,"test",365,3392,"gva_allshootings",100,"test","test"
3393,"2023-04-16",2023,145,"test",365,3393,"gva_allshootings",100,"test","test"
3394,"2023-04-17",2023,105,"test",365,3394,"gva_allshootings",100,"test","test"
3395,"2023-04-18",2023,104,"test",365,3395,"gva_allshootings",100,"test","test"
3396,"2023-04-19",2023,96,"test",365,3396,"gva_allshootings",100,"test","test"
3397,"2023-04-20",2023,95,"test",365,3397,"gva_allshootings",100,"test","test"
3398,"2023-04-21",2023,116,"test",365,3398,"gva_allshootings",100,"test","test"
3399,"2023-04-22",2023,128,"test",365,3399,"gva_allshootings",100,"test","test"
3400,"2023-04-23",2023,152,"test",365,3400,"gva_allshootings",100,"test","test"
3401,"2023-04-24",2023,115,"test",365,3401,"gva_allshootings",100,"test","test"
3402,"2023-04-25",2023,104,"test",365,3402,"gva_allshootings",100,"test","test"
3403,"2023-04-26",2023,84,"test",365,3403,"gva_allshootings",100,"test","test"
3404,"2023-04-27",2023,102,"test",365,3404,"gva_allshootings",100,"test","test"
3405,"2023-04-28",2023,110,"test",365,3405,"gva_allshootings",100,"test","test"
3406,"2023-04-29",2023,159,"test",365,3406,"gva_allshootings",100,"test","test"
3407,"2023-04-30",2023,140,"test",365,3407,"gva_allshootings",100,"test","test"
3408,"2023-05-01",2023,111,"test",365,3408,"gva_allshootings",100,"test","test"
3409,"2023-05-02",2023,122,"test",365,3409,"gva_allshootings",100,"test","test"
3410,"2023-05-03",2023,114,"test",365,3410,"gva_allshootings",100,"test","test"
3411,"2023-05-04",2023,98,"test",365,3411,"gva_allshootings",100,"test","test"
3412,"2023-05-05",2023,143,"test",365,3412,"gva_allshootings",100,"test","test"
3413,"2023-05-06",2023,173,"test",365,3413,"gva_allshootings",100,"test","test"
3414,"2023-05-07",2023,136,"test",365,3414,"gva_allshootings",100,"test","test"
3415,"2023-05-08",2023,111,"test",365,3415,"gva_allshootings",100,"test","test"
3416,"2023-05-09",2023,140,"test",365,3416,"gva_allshootings",100,"test","test"
3417,"2023-05-10",2023,121,"test",365,3417,"gva_allshootings",100,"test","test"
3418,"2023-05-11",2023,129,"test",365,3418,"gva_allshootings",100,"test","test"
3419,"2023-05-12",2023,139,"test",365,3419,"gva_allshootings",100,"test","test"
3420,"2023-05-13",2023,187,"test",365,3420,"gva_allshootings",100,"test","test"
3421,"2023-05-14",2023,171,"test",365,3421,"gva_allshootings",100,"test","test"
3422,"2023-05-15",2023,106,"test",365,3422,"gva_allshootings",100,"test","test"
3423,"2023-05-16",2023,112,"test",365,3423,"gva_allshootings",100,"test","test"
3424,"2023-05-17",2023,113,"test",365,3424,"gva_allshootings",100,"test","test"
3425,"2023-05-18",2023,124,"test",365,3425,"gva_allshootings",100,"test","test"
3426,"2023-05-19",2023,127,"test",365,3426,"gva_allshootings",100,"test","test"
3427,"2023-05-20",2023,170,"test",365,3427,"gva_allshootings",100,"test","test"
3428,"2023-05-21",2023,162,"test",365,3428,"gva_allshootings",100,"test","test"
3429,"2023-05-22",2023,120,"test",365,3429,"gva_allshootings",100,"test","test"
3430,"2023-05-23",2023,140,"test",365,3430,"gva_allshootings",100,"test","test"
3431,"2023-05-24",2023,120,"test",365,3431,"gva_allshootings",100,"test","test"
3432,"2023-05-25",2023,116,"test",365,3432,"gva_allshootings",100,"test","test"
3433,"2023-05-26",2023,130,"test",365,3433,"gva_allshootings",100,"test","test"
3434,"2023-05-27",2023,166,"test",365,3434,"gva_allshootings",100,"test","test"
3435,"2023-05-28",2023,180,"test",365,3435,"gva_allshootings",100,"test","test"
3436,"2023-05-29",2023,174,"test",365,3436,"gva_allshootings",100,"test","test"
3437,"2023-05-30",2023,127,"test",365,3437,"gva_allshootings",100,"test","test"
3438,"2023-05-31",2023,132,"test",365,3438,"gva_allshootings",100,"test","test"
3439,"2023-06-01",2023,126,"test",365,3439,"gva_allshootings",100,"test","test"
3440,"2023-06-02",2023,124,"test",365,3440,"gva_allshootings",100,"test","test"
3441,"2023-06-03",2023,164,"test",365,3441,"gva_allshootings",100,"test","test"
3442,"2023-06-04",2023,183,"test",365,3442,"gva_allshootings",100,"test","test"
3443,"2023-06-05",2023,128,"test",365,3443,"gva_allshootings",100,"test","test"
3444,"2023-06-06",2023,118,"test",365,3444,"gva_allshootings",100,"test","test"
3445,"2023-06-07",2023,123,"test",365,3445,"gva_allshootings",100,"test","test"
3446,"2023-06-08",2023,102,"test",365,3446,"gva_allshootings",100,"test","test"
3447,"2023-06-09",2023,154,"test",365,3447,"gva_allshootings",100,"test","test"
3448,"2023-06-10",2023,160,"test",365,3448,"gva_allshootings",100,"test","test"
3449,"2023-06-11",2023,182,"test",365,3449,"gva_allshootings",100,"test","test"
3450,"2023-06-12",2023,110,"test",365,3450,"gva_allshootings",100,"test","test"
3451,"2023-06-13",2023,115,"test",365,3451,"gva_allshootings",100,"test","test"
3452,"2023-06-14",2023,106,"test",365,3452,"gva_allshootings",100,"test","test"
3453,"2023-06-15",2023,116,"test",365,3453,"gva_allshootings",100,"test","test"
3454,"2023-06-16",2023,121,"test",365,3454,"gva_allshootings",100,"test","test"
3455,"2023-06-17",2023,177,"test",365,3455,"gva_allshootings",100,"test","test"
3456,"2023-06-18",2023,183,"test",365,3456,"gva_allshootings",100,"test","test"
3457,"2023-06-19",2023,161,"test",365,3457,"gva_allshootings",100,"test","test"
3458,"2023-06-20",2023,129,"test",365,3458,"gva_allshootings",100,"test","test"
3459,"2023-06-21",2023,102,"test",365,3459,"gva_allshootings",100,"test","test"
3460,"2023-06-22",2023,137,"test",365,3460,"gva_allshootings",100,"test","test"
3461,"2023-06-23",2023,120,"test",365,3461,"gva_allshootings",100,"test","test"
3462,"2023-06-24",2023,151,"test",365,3462,"gva_allshootings",100,"test","test"
3463,"2023-06-25",2023,179,"test",365,3463,"gva_allshootings",100,"test","test"
3464,"2023-06-26",2023,118,"test",365,3464,"gva_allshootings",100,"test","test"
3465,"2023-06-27",2023,131,"test",365,3465,"gva_allshootings",100,"test","test"
3466,"2023-06-28",2023,118,"test",365,3466,"gva_allshootings",100,"test","test"
3467,"2023-06-29",2023,131,"test",365,3467,"gva_allshootings",100,"test","test"
3468,"2023-06-30",2023,142,"test",365,3468,"gva_allshootings",100,"test","test"
3469,"2023-07-01",2023,155,"test",365,3469,"gva_allshootings",100,"test","test"
3470,"2023-07-02",2023,158,"test",365,3470,"gva_allshootings",100,"test","test"
3471,"2023-07-03",2023,164,"test",365,3471,"gva_allshootings",100,"test","test"
3472,"2023-07-04",2023,222,"test",365,3472,"gva_allshootings",100,"test","test"
3473,"2023-07-05",2023,206,"test",365,3473,"gva_allshootings",100,"test","test"
3474,"2023-07-06",2023,98,"test",365,3474,"gva_allshootings",100,"test","test"
3475,"2023-07-07",2023,148,"test",365,3475,"gva_allshootings",100,"test","test"
3476,"2023-07-08",2023,145,"test",365,3476,"gva_allshootings",100,"test","test"
3477,"2023-07-09",2023,157,"test",365,3477,"gva_allshootings",100,"test","test"
3478,"2023-07-10",2023,122,"test",365,3478,"gva_allshootings",100,"test","test"
3479,"2023-07-11",2023,117,"test",365,3479,"gva_allshootings",100,"test","test"
3480,"2023-07-12",2023,117,"test",365,3480,"gva_allshootings",100,"test","test"
3481,"2023-07-13",2023,118,"test",365,3481,"gva_allshootings",100,"test","test"
3482,"2023-07-14",2023,128,"test",365,3482,"gva_allshootings",100,"test","test"
3483,"2023-07-15",2023,157,"test",365,3483,"gva_allshootings",100,"test","test"
3484,"2023-07-16",2023,163,"test",365,3484,"gva_allshootings",100,"test","test"
3485,"2023-07-17",2023,132,"test",365,3485,"gva_allshootings",100,"test","test"
3486,"2023-07-18",2023,109,"test",365,3486,"gva_allshootings",100,"test","test"
3487,"2023-07-19",2023,122,"test",365,3487,"gva_allshootings",100,"test","test"
3488,"2023-07-20",2023,131,"test",365,3488,"gva_allshootings",100,"test","test"
3489,"2023-07-21",2023,116,"test",365,3489,"gva_allshootings",100,"test","test"
3490,"2023-07-22",2023,146,"test",365,3490,"gva_allshootings",100,"test","test"
3491,"2023-07-23",2023,164,"test",365,3491,"gva_allshootings",100,"test","test"
3492,"2023-07-24",2023,122,"test",365,3492,"gva_allshootings",100,"test","test"
3493,"2023-07-25",2023,124,"test",365,3493,"gva_allshootings",100,"test","test"
3494,"2023-07-26",2023,107,"test",365,3494,"gva_allshootings",100,"test","test"
3495,"2023-07-27",2023,122,"test",365,3495,"gva_allshootings",100,"test","test"
3496,"2023-07-28",2023,130,"test",365,3496,"gva_allshootings",100,"test","test"
3497,"2023-07-29",2023,152,"test",365,3497,"gva_allshootings",100,"test","test"
3498,"2023-07-30",2023,164,"test",365,3498,"gva_allshootings",100,"test","test"
3499,"2023-07-31",2023,124,"test",365,3499,"gva_allshootings",100,"test","test"
3500,"2023-08-01",2023,113,"test",365,3500,"gva_allshootings",100,"test","test"
3501,"2023-08-02",2023,101,"test",365,3501,"gva_allshootings",100,"test","test"
3502,"2023-08-03",2023,133,"test",365,3502,"gva_allshootings",100,"test","test"
3503,"2023-08-04",2023,128,"test",365,3503,"gva_allshootings",100,"test","test"
3504,"2023-08-05",2023,139,"test",365,3504,"gva_allshootings",100,"test","test"
3505,"2023-08-06",2023,153,"test",365,3505,"gva_allshootings",100,"test","test"
3506,"2023-08-07",2023,113,"test",365,3506,"gva_allshootings",100,"test","test"
3507,"2023-08-08",2023,127,"test",365,3507,"gva_allshootings",100,"test","test"
3508,"2023-08-09",2023,97,"test",365,3508,"gva_allshootings",100,"test","test"
3509,"2023-08-10",2023,103,"test",365,3509,"gva_allshootings",100,"test","test"
3510,"2023-08-11",2023,121,"test",365,3510,"gva_allshootings",100,"test","test"
3511,"2023-08-12",2023,151,"test",365,3511,"gva_allshootings",100,"test","test"
3512,"2023-08-13",2023,124,"test",365,3512,"gva_allshootings",100,"test","test"
3513,"2023-08-14",2023,105,"test",365,3513,"gva_allshootings",100,"test","test"
3514,"2023-08-15",2023,99,"test",365,3514,"gva_allshootings",100,"test","test"
3515,"2023-08-16",2023,102,"test",365,3515,"gva_allshootings",100,"test","test"
3516,"2023-08-17",2023,104,"test",365,3516,"gva_allshootings",100,"test","test"
3517,"2023-08-18",2023,128,"test",365,3517,"gva_allshootings",100,"test","test"
3518,"2023-08-19",2023,179,"test",365,3518,"gva_allshootings",100,"test","test"
3519,"2023-08-20",2023,185,"test",365,3519,"gva_allshootings",100,"test","test"
3520,"2023-08-21",2023,106,"test",365,3520,"gva_allshootings",100,"test","test"
3521,"2023-08-22",2023,106,"test",365,3521,"gva_allshootings",100,"test","test"
3522,"2023-08-23",2023,114,"test",365,3522,"gva_allshootings",100,"test","test"
3523,"2023-08-24",2023,92,"test",365,3523,"gva_allshootings",100,"test","test"
3524,"2023-08-25",2023,126,"test",365,3524,"gva_allshootings",100,"test","test"
3525,"2023-08-26",2023,156,"test",365,3525,"gva_allshootings",100,"test","test"
3526,"2023-08-27",2023,158,"test",365,3526,"gva_allshootings",100,"test","test"
3527,"2023-08-28",2023,126,"test",365,3527,"gva_allshootings",100,"test","test"
3528,"2023-08-29",2023,98,"test",365,3528,"gva_allshootings",100,"test","test"
3529,"2023-08-30",2023,114,"test",365,3529,"gva_allshootings",100,"test","test"
3530,"2023-08-31",2023,95,"test",365,3530,"gva_allshootings",100,"test","test"
3531,"2023-09-01",2023,133,"test",365,3531,"gva_allshootings",100,"test","test"
3532,"2023-09-02",2023,151,"test",365,3532,"gva_allshootings",100,"test","test"
3533,"2023-09-03",2023,142,"test",365,3533,"gva_allshootings",100,"test","test"
3534,"2023-09-04",2023,135,"test",365,3534,"gva_allshootings",100,"test","test"
3535,"2023-09-05",2023,94,"test",365,3535,"gva_allshootings",100,"test","test"
3536,"2023-09-06",2023,88,"test",365,3536,"gva_allshootings",100,"test","test"
3537,"2023-09-07",2023,111,"test",365,3537,"gva_allshootings",100,"test","test"
3538,"2023-09-08",2023,93,"test",365,3538,"gva_allshootings",100,"test","test"
3539,"2023-09-09",2023,152,"test",365,3539,"gva_allshootings",100,"test","test"
3540,"2023-09-10",2023,137,"test",365,3540,"gva_allshootings",100,"test","test"
3541,"2023-09-11",2023,86,"test",365,3541,"gva_allshootings",100,"test","test"
3542,"2023-09-12",2023,106,"test",365,3542,"gva_allshootings",100,"test","test"
3543,"2023-09-13",2023,104,"test",365,3543,"gva_allshootings",100,"test","test"
3544,"2023-09-14",2023,98,"test",365,3544,"gva_allshootings",100,"test","test"
3545,"2023-09-15",2023,117,"test",365,3545,"gva_allshootings",100,"test","test"
3546,"2023-09-16",2023,140,"test",365,3546,"gva_allshootings",100,"test","test"
3547,"2023-09-17",2023,136,"test",365,3547,"gva_allshootings",100,"test","test"
3548,"2023-09-18",2023,103,"test",365,3548,"gva_allshootings",100,"test","test"
3549,"2023-09-19",2023,121,"test",365,3549,"gva_allshootings",100,"test","test"
3550,"2023-09-20",2023,103,"test",365,3550,"gva_allshootings",100,"test","test"
3551,"2023-09-21",2023,94,"test",365,3551,"gva_allshootings",100,"test","test"
3552,"2023-09-22",2023,99,"test",365,3552,"gva_allshootings",100,"test","test"
3553,"2023-09-23",2023,154,"test",365,3553,"gva_allshootings",100,"test","test"
3554,"2023-09-24",2023,139,"test",365,3554,"gva_allshootings",100,"test","test"
3555,"2023-09-25",2023,95,"test",365,3555,"gva_allshootings",100,"test","test"
3556,"2023-09-26",2023,85,"test",365,3556,"gva_allshootings",100,"test","test"
3557,"2023-09-27",2023,93,"test",365,3557,"gva_allshootings",100,"test","test"
3558,"2023-09-28",2023,107,"test",365,3558,"gva_allshootings",100,"test","test"
3559,"2023-09-29",2023,127,"test",365,3559,"gva_allshootings",100,"test","test"
3560,"2023-09-30",2023,149,"test",365,3560,"gva_allshootings",100,"test","test"
3561,"2023-10-01",2023,156,"test",365,3561,"gva_allshootings",100,"test","test"
3562,"2023-10-02",2023,94,"test",365,3562,"gva_allshootings",100,"test","test"
3563,"2023-10-03",2023,115,"test",365,3563,"gva_allshootings",100,"test","test"
3564,"2023-10-04",2023,96,"test",365,3564,"gva_allshootings",100,"test","test"
3565,"2023-10-05",2023,82,"test",365,3565,"gva_allshootings",100,"test","test"
3566,"2023-10-06",2023,101,"test",365,3566,"gva_allshootings",100,"test","test"
3567,"2023-10-07",2023,134,"test",365,3567,"gva_allshootings",100,"test","test"
3568,"2023-10-08",2023,122,"test",365,3568,"gva_allshootings",100,"test","test"
3569,"2023-10-09",2023,111,"test",365,3569,"gva_allshootings",100,"test","test"
3570,"2023-10-10",2023,94,"test",365,3570,"gva_allshootings",100,"test","test"
3571,"2023-10-11",2023,97,"test",365,3571,"gva_allshootings",100,"test","test"
3572,"2023-10-12",2023,102,"test",365,3572,"gva_allshootings",100,"test","test"
3573,"2023-10-13",2023,98,"test",365,3573,"gva_allshootings",100,"test","test"
3574,"2023-10-14",2023,130,"test",365,3574,"gva_allshootings",100,"test","test"
3575,"2023-10-15",2023,127,"test",365,3575,"gva_allshootings",100,"test","test"
3576,"2023-10-16",2023,99,"test",365,3576,"gva_allshootings",100,"test","test"
3577,"2023-10-17",2023,91,"test",365,3577,"gva_allshootings",100,"test","test"
3578,"2023-10-18",2023,102,"test",365,3578,"gva_allshootings",100,"test","test"
3579,"2023-10-19",2023,112,"test",365,3579,"gva_allshootings",100,"test","test"
3580,"2023-10-20",2023,101,"test",365,3580,"gva_allshootings",100,"test","test"
3581,"2023-10-21",2023,137,"test",365,3581,"gva_allshootings",100,"test","test"
3582,"2023-10-22",2023,154,"test",365,3582,"gva_allshootings",100,"test","test"
3583,"2023-10-23",2023,110,"test",365,3583,"gva_allshootings",100,"test","test"
3584,"2023-10-24",2023,90,"test",365,3584,"gva_allshootings",100,"test","test"
3585,"2023-10-25",2023,97,"test",365,3585,"gva_allshootings",100,"test","test"
3586,"2023-10-26",2023,104,"test",365,3586,"gva_allshootings",100,"test","test"
3587,"2023-10-27",2023,120,"test",365,3587,"gva_allshootings",100,"test","test"
3588,"2023-10-28",2023,144,"test",365,3588,"gva_allshootings",100,"test","test"
3589,"2023-10-29",2023,167,"test",365,3589,"gva_allshootings",100,"test","test"
3590,"2023-10-30",2023,97,"test",365,3590,"gva_allshootings",100,"test","test"
3591,"2023-10-31",2023,95,"test",365,3591,"gva_allshootings",100,"test","test"
3592,"2023-11-01",2023,99,"test",365,3592,"gva_allshootings",100,"test","test"
3593,"2023-11-02",2023,79,"test",365,3593,"gva_allshootings",100,"test","test"
3594,"2023-11-03",2023,113,"test",365,3594,"gva_allshootings",100,"test","test"
3595,"2023-11-04",2023,148,"test",365,3595,"gva_allshootings",100,"test","test"
3596,"2023-11-05",2023,137,"test",365,3596,"gva_allshootings",100,"test","test"
3597,"2023-11-06",2023,87,"test",365,3597,"gva_allshootings",100,"test","test"
3598,"2023-11-07",2023,99,"test",365,3598,"gva_allshootings",100,"test","test"
3599,"2023-11-08",2023,75,"test",365,3599,"gva_allshootings",100,"test","test"
3600,"2023-11-09",2023,105,"test",365,3600,"gva_allshootings",100,"test","test"
3601,"2023-11-10",2023,110,"test",365,3601,"gva_allshootings",100,"test","test"
3602,"2023-11-11",2023,117,"test",365,3602,"gva_allshootings",100,"test","test"
3603,"2023-11-12",2023,123,"test",365,3603,"gva_allshootings",100,"test","test"
3604,"2023-11-13",2023,108,"test",365,3604,"gva_allshootings",100,"test","test"
3605,"2023-11-14",2023,98,"test",365,3605,"gva_allshootings",100,"test","test"
3606,"2023-11-15",2023,83,"test",365,3606,"gva_allshootings",100,"test","test"
3607,"2023-11-16",2023,101,"test",365,3607,"gva_allshootings",100,"test","test"
3608,"2023-11-17",2023,95,"test",365,3608,"gva_allshootings",100,"test","test"
3609,"2023-11-18",2023,120,"test",365,3609,"gva_allshootings",100,"test","test"
3610,"2023-11-19",2023,120,"test",365,3610,"gva_allshootings",100,"test","test"
3611,"2023-11-20",2023,94,"test",365,3611,"gva_allshootings",100,"test","test"
3612,"2023-11-21",2023,98,"test",365,3612,"gva_allshootings",100,"test","test"
3613,"2023-11-22",2023,95,"test",365,3613,"gva_allshootings",100,"test","test"
3614,"2023-11-23",2023,111,"test",365,3614,"gva_allshootings",100,"test","test"
3615,"2023-11-24",2023,102,"test",365,3615,"gva_allshootings",100,"test","test"
3616,"2023-11-25",2023,117,"test",365,3616,"gva_allshootings",100,"test","test"
3617,"2023-11-26",2023,125,"test",365,3617,"gva_allshootings",100,"test","test"
3618,"2023-11-27",2023,105,"test",365,3618,"gva_allshootings",100,"test","test"
3619,"2023-11-28",2023,96,"test",365,3619,"gva_allshootings",100,"test","test"
3620,"2023-11-29",2023,86,"test",365,3620,"gva_allshootings",100,"test","test"
3621,"2023-11-30",2023,102,"test",365,3621,"gva_allshootings",100,"test","test"
3622,"2023-12-01",2023,103,"test",365,3622,"gva_allshootings",100,"test","test"
3623,"2023-12-02",2023,125,"test",365,3623,"gva_allshootings",100,"test","test"
3624,"2023-12-03",2023,154,"test",365,3624,"gva_allshootings",100,"test","test"
3625,"2023-12-04",2023,88,"test",365,3625,"gva_allshootings",100,"test","test"
3626,"2023-12-05",2023,85,"test",365,3626,"gva_allshootings",100,"test","test"
3627,"2023-12-06",2023,98,"test",365,3627,"gva_allshootings",100,"test","test"
3628,"2023-12-07",2023,80,"test",365,3628,"gva_allshootings",100,"test","test"
3629,"2023-12-08",2023,105,"test",365,3629,"gva_allshootings",100,"test","test"
3630,"2023-12-09",2023,123,"test",365,3630,"gva_allshootings",100,"test","test"
3631,"2023-12-10",2023,106,"test",365,3631,"gva_allshootings",100,"test","test"
3632,"2023-12-11",2023,76,"test",365,3632,"gva_allshootings",100,"test","test"
3633,"2023-12-12",2023,78,"test",365,3633,"gva_allshootings",100,"test","test"
3634,"2023-12-13",2023,88,"test",365,3634,"gva_allshootings",100,"test","test"
3635,"2023-12-14",2023,99,"test",365,3635,"gva_allshootings",100,"test","test"
3636,"2023-12-15",2023,99,"test",365,3636,"gva_allshootings",100,"test","test"
3637,"2023-12-16",2023,113,"test",365,3637,"gva_allshootings",100,"test","test"
3638,"2023-12-17",2023,120,"test",365,3638,"gva_allshootings",100,"test","test"
3639,"2023-12-18",2023,97,"test",365,3639,"gva_allshootings",100,"test","test"
3640,"2023-12-19",2023,91,"test",365,3640,"gva_allshootings",100,"test","test"
3641,"2023-12-20",2023,115,"test",365,3641,"gva_allshootings",100,"test","test"
3642,"2023-12-21",2023,88,"test",365,3642,"gva_allshootings",100,"test","test"
3643,"2023-12-22",2023,102,"test",365,3643,"gva_allshootings",100,"test","test"
3644,"2023-12-23",2023,129,"test",365,3644,"gva_allshootings",100,"test","test"
3645,"2023-12-24",2023,139,"test",365,3645,"gva_allshootings",100,"test","test"
3646,"2023-12-25",2023,101,"test",365,3646,"gva_allshootings",100,"test","test"
3647,"2023-12-26",2023,103,"test",365,3647,"gva_allshootings",100,"test","test"
3648,"2023-12-27",2023,95,"test",365,3648,"gva_allshootings",100,"test","test"
3649,"2023-12-28",2023,80,"test",365,3649,"gva_allshootings",100,"test","test"
3650,"2023-12-29",2023,121,"test",365,3650,"gva_allshootings",100,"test","test"
3651,"2023-12-30",2023,146,"test",365,3651,"gva_allshootings",100,"test","test"
3652,"2023-12-31",2023,137,"test",365,3652,"gva_allshootings",100,"test","test"
