date,anomaly,anomaly_lag1
2014-01-01,-1.6884792255281473,0.0
2014-01-02,-2.0088362047531882,-1.6884792255281473
2014-01-03,-6.60980741061141,-2.0088362047531882
2014-01-04,-2.714566493857304,-6.60980741061141
2014-01-05,0.5625053476802839,-2.714566493857304
2014-01-06,-0.10962013682009998,0.5625053476802839
2014-01-07,-8.83373718092726,-0.10962013682009998
2014-01-08,-5.695988222177924,-8.83373718092726
2014-01-09,-2.685615722924729,-5.695988222177924
2014-01-10,0.2168268538762275,-2.685615722924729
2014-01-11,5.749092401030876,0.2168268538762275
2014-01-12,5.073031253788949,5.749092401030876
2014-01-13,5.816680102011851,5.073031253788949
2014-01-14,4.993393298699891,5.816680102011851
2014-01-15,2.1309017769158167,4.993393298699891
2014-01-16,1.8373936806318572,2.1309017769158167
2014-01-17,1.7607697602240433,1.8373936806318572
2014-01-18,0.957929789133882,1.7607697602240433
2014-01-19,1.5245553585326448,0.957929789133882
2014-01-20,4.721273227924688,1.5245553585326448
2014-01-21,-2.020760437318359,4.721273227924688
2014-01-22,-5.7524971337638675,-2.020760437318359
2014-01-23,-6.327988829385604,-5.7524971337638675
2014-01-24,-6.613178086479067,-6.327988829385604
2014-01-25,-1.262423450365847,-6.613178086479067
2014-01-26,-0.5426980562242215,-1.262423450365847
2014-01-27,-0.37526496997802333,-0.5426980562242215
2014-01-28,-8.207342189720476,-0.37526496997802333
2014-01-29,-6.7310272144978125,-8.207342189720476
2014-01-30,-3.5771957615247105,-6.7310272144978125
2014-01-31,0.8842913455275924,-3.5771957615247105
2014-02-01,1.728972807045182,0.8842913455275924
2014-02-02,1.9186347652581028,1.728972807045182
2014-02-03,-1.9079963980287638,1.9186347652581028
2014-02-04,-3.779721554272159,-1.9079963980287638
2014-02-05,-3.763913364317231,-3.779721554272159
2014-02-06,-7.082545303400613,-3.763913364317231
2014-02-07,-5.991302382765648,-7.082545303400613
2014-02-08,-4.27575495349429,-5.991302382765648
2014-02-09,-3.510407381468763,-4.27575495349429
2014-02-10,-5.451976298611521,-3.510407381468763
2014-02-11,-6.823982194496955,-5.451976298611521
2014-02-12,-5.4153017111876185,-6.823982194496955
2014-02-13,-1.3706537538895265,-5.4153017111876185
2014-02-14,0.4147778939699857,-1.3706537538895265
2014-02-15,-1.1612222011682225,0.4147778939699857
2014-02-16,-1.291665412525798,-1.1612222011682225
2014-02-17,-1.536884458775926,-1.291665412525798
2014-02-18,2.0008026179789136,-1.536884458775926
2014-02-19,2.124869012809292,2.0008026179789136
2014-02-20,4.744475678145692,2.124869012809292
2014-02-21,3.2431372348931635,4.744475678145692
2014-02-22,3.4729308009540167,3.2431372348931635
2014-02-23,3.050152597658518,3.4729308009540167
2014-02-24,-0.9169675313559676,3.050152597658518
2014-02-25,-3.325060389854357,-0.9169675313559676
2014-02-26,-5.697747788135379,-3.325060389854357
2014-02-27,-4.767855630581896,-5.697747788135379
2014-02-28,-4.542460507135222,-4.767855630581896
2014-03-01,-1.3695908847819,-4.542460507135222
2014-03-02,-2.217648048920201,-1.3695908847819
2014-03-03,-7.263410289876208,-2.217648048920201
2014-03-04,-7.489344222811872,-7.263410289876208
2014-03-05,-4.0220743267902375,-7.489344222811872
2014-03-06,-5.29929095112571,-4.0220743267902375
2014-03-07,-2.1725424973383323,-5.29929095112571
2014-03-08,2.025442928614376,-2.1725424973383323
2014-03-09,0.2523190102143604,2.025442928614376
2014-03-10,2.622822323699393,0.2523190102143604
2014-03-11,6.031833319728164,2.622822323699393
2014-03-12,2.6882956322363234,6.031833319728164
2014-03-13,-4.393367195521701,2.6882956322363234
2014-03-14,-0.030997340216887746,-4.393367195521701
2014-03-15,2.3528050357569534,-0.030997340216887746
2014-03-16,-2.6102696309844897,2.3528050357569534
2014-03-17,-4.725553661690447,-2.6102696309844897
2014-03-18,-1.4850402054156493,-4.725553661690447
2014-03-19,-1.4720368183108568,-1.4850402054156493
2014-03-20,0.8927125004650636,-1.4720368183108568
2014-03-21,0.9427542929263903,0.8927125004650636
2014-03-22,2.324146941238563,0.9427542929263903
2014-03-23,-3.533598279031046,2.324146941238563
2014-03-24,-5.403763320067606,-3.533598279031046
2014-03-25,-5.570696367850777,-5.403763320067606
2014-03-26,-6.692583294657167,-5.570696367850777
2014-03-27,-2.2788002881634086,-6.692583294657167
2014-03-28,2.198193707844991,-2.2788002881634086
2014-03-29,0.20802763665615345,2.198193707844991
2014-03-30,-1.6721214707247969,0.20802763665615345
2014-03-31,0.9490899284412944,-1.6721214707247969
2014-04-01,1.0646589806242237,0.9490899284412944
2014-04-02,-0.765820420410574,1.0646589806242237
2014-04-03,1.0633666907214607,-0.765820420410574
2014-04-04,-3.0845682370442127,1.0633666907214607
2014-04-05,-2.5790930468408617,-3.0845682370442127
2014-04-06,-1.1107726334035992,-2.5790930468408617
2014-04-07,-0.30626374348062646,-1.1107726334035992
2014-04-08,2.478510287233977,-0.30626374348062646
2014-04-09,1.6941403310808338,2.478510287233977
2014-04-10,1.708279588273139,1.6941403310808338
2014-04-11,4.632530901263772,1.708279588273139
2014-04-12,4.392663956408501,4.632530901263772
2014-04-13,4.0837342445944715,4.392663956408501
2014-04-14,2.524374721788499,4.0837342445944715
2014-04-15,-2.193049034318553,2.524374721788499
2014-04-16,-4.604507038270873,-2.193049034318553
2014-04-17,-4.006879832080872,-4.604507038270873
2014-04-18,-4.0343803693463665,-4.006879832080872
2014-04-19,0.7459961795677009,-4.0343803693463665
2014-04-20,0.24481372910277646,0.7459961795677009
2014-04-21,1.9811156908709788,0.24481372910277646
2014-04-22,1.8862512805775815,1.9811156908709788
2014-04-23,-1.2153591885601405,1.8862512805775815
2014-04-24,0.34331037731361597,-1.2153591885601405
2014-04-25,0.646452388719654,0.34331037731361597
2014-04-26,-0.45514315724894994,0.646452388719654
2014-04-27,-0.9691144912252422,-0.45514315724894994
2014-04-28,-0.05004923283104012,-0.9691144912252422
2014-04-29,-2.185627062383985,-0.05004923283104012
2014-04-30,-2.1959992082019464,-2.185627062383985
2014-05-01,1.9048879081164725,-2.1959992082019464
2014-05-02,1.3757870193375206,1.9048879081164725
2014-05-03,2.365006303448862,1.3757870193375206
2014-05-04,0.8304714646024561,2.365006303448862
2014-05-05,0.17312804047437028,0.8304714646024561
2014-05-06,0.13642437030734428,0.17312804047437028
2014-05-07,-0.2274008881130846,0.13642437030734428
2014-05-08,-0.4494593709955328,-0.2274008881130846
2014-05-09,-0.590024770297276,-0.4494593709955328
2014-05-10,3.0274444413942696,-0.590024770297276
2014-05-11,4.368218168720099,3.0274444413942696
2014-05-12,5.535208884052428,4.368218168720099
2014-05-13,1.7461174607361372,5.535208884052428
2014-05-14,0.18731116609623225,1.7461174607361372
2014-05-15,1.365633400529193,0.18731116609623225
2014-05-16,-0.7276872889106129,1.365633400529193
2014-05-17,-0.9864270590254449,-0.7276872889106129
2014-05-18,-2.241796953567619,-0.9864270590254449
2014-05-19,-0.6706124882127487,-2.241796953567619
2014-05-20,1.186609151615075,-0.6706124882127487
2014-05-21,0.3164453962339582,1.186609151615075
2014-05-22,-0.8069353210837673,0.3164453962339582
2014-05-23,-1.147626713231669,-0.8069353210837673
2014-05-24,-0.8846133846944852,-1.147626713231669
2014-05-25,1.6425207936398702,-0.8846133846944852
2014-05-26,2.7392803783309883,1.6425207936398702
2014-05-27,2.1676337394956575,2.7392803783309883
2014-05-28,-1.916241337533727,2.1676337394956575
2014-05-29,-2.445308225876115,-1.916241337533727
2014-05-30,-0.17000652043927267,-2.445308225876115
2014-05-31,0.19293719917700905,-0.17000652043927267
2014-06-01,0.5767451399604484,0.19293719917700905
2014-06-02,0.7401829070887426,0.5767451399604484
2014-06-03,1.8898966167036324,0.7401829070887426
2014-06-04,0.4472174323418687,1.8898966167036324
2014-06-05,-0.502096981651234,0.4472174323418687
2014-06-06,0.1829338007070478,-0.502096981651234
2014-06-07,1.645979340400469,0.1829338007070478
2014-06-08,1.5435327511146033,1.645979340400469
2014-06-09,-0.73781941364291,1.5435327511146033
2014-06-10,-0.7923589187321778,-0.73781941364291
2014-06-11,-2.0878935734682904,-0.7923589187321778
2014-06-12,-1.709500791108101,-2.0878935734682904
2014-06-13,-0.7972732174545558,-1.709500791108101
2014-06-14,-0.9650364388559921,-0.7972732174545558
2014-06-15,0.3355351704849228,-0.9650364388559921
2014-06-16,0.7081966025992564,0.3355351704849228
2014-06-17,2.773249045552836,0.7081966025992564
2014-06-18,2.2147994221187135,2.773249045552836
2014-06-19,-0.282114508424692,2.2147994221187135
2014-06-20,0.370854312007928,-0.282114508424692
2014-06-21,-1.093996629685021,0.370854312007928
2014-06-22,-1.301039921980446,-1.093996629685021
2014-06-23,-0.4897463856629834,-1.301039921980446
2014-06-24,0.1790067277312465,-0.4897463856629834
2014-06-25,-0.031149091361097826,0.1790067277312465
2014-06-26,-0.31366619377380056,-0.031149091361097826
2014-06-27,0.05971961312714492,-0.31366619377380056
2014-06-28,0.618306513361964,0.05971961312714492
2014-06-29,0.823760676430229,0.618306513361964
2014-06-30,1.1124119889478379,0.823760676430229
2014-07-01,1.3774670564566236,1.1124119889478379
2014-07-02,1.4555655354378647,1.3774670564566236
2014-07-03,0.44394660012944487,1.4555655354378647
2014-07-04,-2.483005065940262,0.44394660012944487
2014-07-05,-1.1243280659629051,-2.483005065940262
2014-07-06,0.133037917744045,-1.1243280659629051
2014-07-07,1.6455861209120455,0.133037917744045
2014-07-08,1.5441630446105243,1.6455861209120455
2014-07-09,0.5162848734707677,1.5441630446105243
2014-07-10,-0.605237935847486,0.5162848734707677
2014-07-11,-0.5117939558970072,-0.605237935847486
2014-07-12,-0.18836067636661077,-0.5117939558970072
2014-07-13,0.3454406655965081,-0.18836067636661077
2014-07-14,0.08456946987298823,0.3454406655965081
2014-07-15,-1.017794122663088,0.08456946987298823
2014-07-16,-2.4046442856922594,-1.017794122663088
2014-07-17,-2.5565145725517584,-2.4046442856922594
2014-07-18,-2.7404955141512293,-2.5565145725517584
2014-07-19,-3.928538669034778,-2.7404955141512293
2014-07-20,-2.135615894976839,-3.928538669034778
2014-07-21,-0.7840420117089117,-2.135615894976839
2014-07-22,0.4481280800696378,-0.7840420117089117
2014-07-23,0.6444727044661912,0.4481280800696378
2014-07-24,-1.2236332106566465,0.6444727044661912
2014-07-25,-0.23559105178725634,-1.2236332106566465
2014-07-26,-0.729024239593217,-0.23559105178725634
2014-07-27,0.2840893922214761,-0.729024239593217
2014-07-28,-0.907815091453758,0.2840893922214761
2014-07-29,-3.0808328594765046,-0.907815091453758
2014-07-30,-1.8072335836495963,-3.0808328594765046
2014-07-31,-1.6360198747919013,-1.8072335836495963
2014-08-01,-2.3756573831231966,-1.6360198747919013
2014-08-02,-3.5656363354841343,-2.3756573831231966
2014-08-03,-2.895189225036874,-3.5656363354841343
2014-08-04,-0.5950178075629314,-2.895189225036874
2014-08-05,-0.08796528856929349,-0.5950178075629314
2014-08-06,-1.0404123982380964,-0.08796528856929349
2014-08-07,-0.8402505083399783,-1.0404123982380964
2014-08-08,-0.6771298263076436,-0.8402505083399783
2014-08-09,-0.5402877337247608,-0.6771298263076436
2014-08-10,-0.13892107485187502,-0.5402877337247608
2014-08-11,-0.37716030629249264,-0.13892107485187502
2014-08-12,-2.663169809802147,-0.37716030629249264
2014-08-13,-1.8951871914431506,-2.663169809802147
2014-08-14,-2.72388109142498,-1.8951871914431506
2014-08-15,-2.6969220237995337,-2.72388109142498
2014-08-16,-1.1601199171964585,-2.6969220237995337
2014-08-17,-1.4253662056529997,-1.1601199171964585
2014-08-18,-1.3660836753655186,-1.4253662056529997
2014-08-19,-0.8631416682251705,-1.3660836753655186
2014-08-20,-0.2911022057706357,-0.8631416682251705
2014-08-21,-0.9637215423808911,-0.2911022057706357
2014-08-22,-1.0389139729723316,-0.9637215423808911
2014-08-23,-1.6339534898528367,-1.0389139729723316
2014-08-24,-0.42454307159481114,-1.6339534898528367
2014-08-25,0.47514394930354775,-0.42454307159481114
2014-08-26,1.0315952176068357,0.47514394930354775
2014-08-27,1.5792396004561846,1.0315952176068357
2014-08-28,0.006072830358458803,1.5792396004561846
2014-08-29,-0.5204893443502091,0.006072830358458803
2014-08-30,-0.16901964325814817,-0.5204893443502091
2014-08-31,1.8415463882197942,-0.16901964325814817
2014-09-01,2.0487356069666647,1.8415463882197942
2014-09-02,2.7358857677945716,2.0487356069666647
2014-09-03,1.2623420021918603,2.7358857677945716
2014-09-04,1.1961351995207778,1.2623420021918603
2014-09-05,1.9112932730849472,1.1961351995207778
2014-09-06,2.3356177826300146,1.9112932730849472
2014-09-07,0.21324856064533293,2.3356177826300146
2014-09-08,-1.4690694899972345,0.21324856064533293
2014-09-09,-1.1872604467053367,-1.4690694899972345
2014-09-10,0.3713752830053255,-1.1872604467053367
2014-09-11,-0.06184938757136802,0.3713752830053255
2014-09-12,-2.441972038005923,-0.06184938757136802
2014-09-13,-4.353400397467232,-2.441972038005923
2014-09-14,-3.419943377067189,-4.353400397467232
2014-09-15,-1.922804873858902,-3.419943377067189
2014-09-16,-1.031814389892062,-1.922804873858902
2014-09-17,-0.47492031944710605,-1.031814389892062
2014-09-18,-1.2803823056540722,-0.47492031944710605
2014-09-19,-2.559501342777453,-1.2803823056540722
2014-09-20,-0.04488245349631587,-2.559501342777453
2014-09-21,0.21566664624582157,-0.04488245349631587
2014-09-22,-1.5047734588056394,0.21566664624582157
2014-09-23,-1.926608245925489,-1.5047734588056394
2014-09-24,-0.9708647338150826,-1.926608245925489
2014-09-25,-2.8841139318101914,-0.9708647338150826
2014-09-26,0.007754591212840092,-2.8841139318101914
2014-09-27,1.4256960906742309,0.007754591212840092
2014-09-28,1.971740214569914,1.4256960906742309
2014-09-29,0.43943567041550063,1.971740214569914
2014-09-30,-0.8564703606912876,0.43943567041550063
2014-10-01,-0.5149856946834894,-0.8564703606912876
2014-10-02,1.9875280907308834,-0.5149856946834894
2014-10-03,0.8858768506128346,1.9875280907308834
2014-10-04,-1.6545245596663192,0.8858768506128346
2014-10-05,-2.4185209539615844,-1.6545245596663192
2014-10-06,0.12114098956875041,-2.4185209539615844
2014-10-07,1.4723752912550852,0.12114098956875041
2014-10-08,1.070292346375271,1.4723752912550852
2014-10-09,-0.04069145736139521,1.070292346375271
2014-10-10,-1.4086117531196396,-0.04069145736139521
2014-10-11,-3.2163553653475314,-1.4086117531196396
2014-10-12,-0.9695610302028052,-3.2163553653475314
2014-10-13,-0.45608164526021816,-0.9695610302028052
2014-10-14,1.3859702349023333,-0.45608164526021816
2014-10-15,1.3950062736285178,1.3859702349023333
2014-10-16,0.24294271245499893,1.3950062736285178
2014-10-17,1.2542283026084755,0.24294271245499893
2014-10-18,0.40015662266347013,1.2542283026084755
2014-10-19,-2.8346395960879245,0.40015662266347013
2014-10-20,-0.8329537083871219,-2.8346395960879245
2014-10-21,-0.009327786179988242,-0.8329537083871219
2014-10-22,-1.516671008255298,-0.009327786179988242
2014-10-23,-1.766942164059643,-1.516671008255298
2014-10-24,1.0790882164452118,-1.766942164059643
2014-10-25,2.587742745996501,1.0790882164452118
2014-10-26,1.684805353481707,2.587742745996501
2014-10-27,2.1702059017284983,1.684805353481707
2014-10-28,3.0889612703285936,2.1702059017284983
2014-10-29,2.2863977225324668,3.0889612703285936
2014-10-30,-0.32535475091527993,2.2863977225324668
2014-10-31,-2.6341669486408934,-0.32535475091527993
2014-11-01,-6.28251228502055,-2.6341669486408934
2014-11-02,-5.26829405431188,-6.28251228502055
2014-11-03,0.10148346000508937,-5.26829405431188
2014-11-04,1.8743137845403313,0.10148346000508937
2014-11-05,1.5651148750050667,1.8743137845403313
2014-11-06,0.42510196234397907,1.5651148750050667
2014-11-07,-1.6127108507719325,0.42510196234397907
2014-11-08,-1.3846997881086842,-1.6127108507719325
2014-11-09,-0.5915641331595856,-1.3846997881086842
2014-11-10,1.592883748518759,-0.5915641331595856
2014-11-11,1.5831455549633764,1.592883748518759
2014-11-12,-1.586422051210471,1.5831455549633764
2014-11-13,-6.630997253975369,-1.586422051210471
2014-11-14,-7.588819398372209,-6.630997253975369
2014-11-15,-6.468241673929915,-7.588819398372209
2014-11-16,-5.880823093666355,-6.468241673929915
2014-11-17,-3.9721453943856098,-5.880823093666355
2014-11-18,-5.861109770443505,-3.9721453943856098
2014-11-19,-6.208499376941209,-5.861109770443505
2014-11-20,-2.6365242518578804,-6.208499376941209
2014-11-21,-4.837507912633832,-2.6365242518578804
2014-11-22,-1.9228014597616865,-4.837507912633832
2014-11-23,2.8010013895681594,-1.9228014597616865
2014-11-24,4.768051957118011,2.8010013895681594
2014-11-25,2.458210474825366,4.768051957118011
2014-11-26,-0.33056501774433295,2.458210474825366
2014-11-27,-2.8795298790787767,-0.33056501774433295
2014-11-28,-2.975729841646437,-2.8795298790787767
2014-11-29,0.21467950966592,-2.975729841646437
2014-11-30,3.229059484526021,0.21467950966592
2014-12-01,2.977057743404721,3.229059484526021
2014-12-02,-2.8288849144622255,2.977057743404721
2014-12-03,-0.6043514449509143,-2.8288849144622255
2014-12-04,-0.6801253292884101,-0.6043514449509143
2014-12-05,0.15510008016714782,-0.6801253292884101
2014-12-06,0.7572035268109479,0.15510008016714782
2014-12-07,-1.332516103447456,0.7572035268109479
2014-12-08,-2.656936410567314,-1.332516103447456
2014-12-09,-0.9070204158639054,-2.656936410567314
2014-12-10,-1.7136469050176748,-0.9070204158639054
2014-12-11,-2.049058145620078,-1.7136469050176748
2014-12-12,-1.2376147415129481,-2.049058145620078
2014-12-13,0.20625199334801486,-1.2376147415129481
2014-12-14,1.0785571527782873,0.20625199334801486
2014-12-15,1.7588750112896523,1.0785571527782873
2014-12-16,0.3955510713983568,1.7588750112896523
2014-12-17,-0.14631443277329423,0.3955510713983568
2014-12-18,-2.062736187898276,-0.14631443277329423
2014-12-19,-2.659240860197936,-2.062736187898276
2014-12-20,-3.8091917674598834,-2.659240860197936
2014-12-21,-2.1009449906715107,-3.8091917674598834
2014-12-22,0.7108580074317624,-2.1009449906715107
2014-12-23,2.2824362309731936,0.7108580074317624
2014-12-24,3.4141680478022316,2.2824362309731936
2014-12-25,4.078305802598795,3.4141680478022316
2014-12-26,2.404084429500236,4.078305802598795
2014-12-27,3.4846501241693932,2.404084429500236
2014-12-28,0.8689941838310823,3.4846501241693932
2014-12-29,-1.0749652753639227,0.8689941838310823
2014-12-30,-3.9123998457208655,-1.0749652753639227
2014-12-31,-5.8266793954135485,-3.9123998457208655
2015-01-01,-3.3724502699955723,-5.8266793954135485
2015-01-02,-2.2595083867593933,-3.3724502699955723
2015-01-03,-1.2474496029588769,-2.2595083867593933
2015-01-04,2.379745812244042,-1.2474496029588769
2015-01-05,0.48153326908669597,2.379745812244042
2015-01-06,-3.2357835287539167,0.48153326908669597
2015-01-07,-4.842423840699753,-3.2357835287539167
2015-01-08,-7.170135068093125,-4.842423840699753
2015-01-09,-4.1257398180643365,-7.170135068093125
2015-01-10,-6.42588255667186,-4.1257398180643365
2015-01-11,-2.6548372783900143,-6.42588255667186
2015-01-12,-2.185396874442697,-2.6548372783900143
2015-01-13,-3.471530859725483,-2.185396874442697
2015-01-14,-4.521291292820276,-3.471530859725483
2015-01-15,-1.3351788849249282,-4.521291292820276
2015-01-16,1.2053357695667073,-1.3351788849249282
2015-01-17,0.20285869507409449,1.2053357695667073
2015-01-18,2.5097395099198176,0.20285869507409449
2015-01-19,2.5602327111696668,2.5097395099198176
2015-01-20,1.544541066601005,2.5602327111696668
2015-01-21,-0.27670666275786254,1.544541066601005
2015-01-22,-0.15249713376386673,-0.27670666275786254
2015-01-23,-1.1488781778861217,-0.15249713376386673
2015-01-24,1.1001621410286913,-1.1488781778861217
2015-01-25,2.347297335570038,1.1001621410286913
2015-01-26,-0.6696887490887515,2.347297335570038
2015-01-27,-0.6978089203399676,-0.6696887490887515
2015-01-28,0.3492245114170639,-0.6978089203399676
2015-01-29,0.5023750605797485,0.3492245114170639
2015-01-30,-0.8626145826208845,0.5023750605797485
2015-01-31,-3.1452846627454174,-0.8626145826208845
2015-02-01,-0.3516890336993886,-3.1452846627454174
2015-02-02,-2.4473424839663034,-0.3516890336993886
2015-02-03,-4.572112220159064,-2.4473424839663034
2015-02-04,-0.43970087174889133,-4.572112220159064
2015-02-05,-2.1101388038208504,-0.43970087174889133
2015-02-06,-3.3280468545898576,-2.1101388038208504
2015-02-07,0.8332064073067416,-3.3280468545898576
2015-02-08,2.5868096793909237,0.8332064073067416
2015-02-09,-0.5908623969806556,2.5868096793909237
2015-02-10,0.5929047768796883,-0.5908623969806556
2015-02-11,0.7342391085020116,0.5929047768796883
2015-02-12,-0.6037194981576285,0.7342391085020116
2015-02-13,-3.465069472607211,-0.6037194981576285
2015-02-14,0.0364945434012165,-3.465069472607211
2015-02-15,-4.27838869548053,0.0364945434012165
2015-02-16,-6.8131752367243505,-4.27838869548053
2015-02-17,-6.177422204380891,-6.8131752367243505
2015-02-18,-5.216467288949731,-6.177422204380891
2015-02-19,-7.8474164060118055,-5.216467288949731
2015-02-20,-7.304955552464446,-7.8474164060118055
2015-02-21,-2.599365350422246,-7.304955552464446
2015-02-22,-1.3383411742269566,-2.599365350422246
2015-02-23,-6.292970463354927,-1.3383411742269566
2015-02-24,-7.67570589743663,-6.292970463354927
2015-02-25,-4.354532985511026,-7.67570589743663
2015-02-26,-6.396506836739307,-4.354532985511026
2015-02-27,-7.908703614035878,-6.396506836739307
2015-02-28,-7.35063010382602,-7.908703614035878
2015-03-01,-6.537222735867733,-7.35063010382602
2015-03-02,-4.3051351223431595,-6.537222735867733
2015-03-03,-3.7820245608172622,-4.3051351223431595
2015-03-04,-0.684070179378573,-3.7820245608172622
2015-03-05,-4.26674857704877,-0.684070179378573
2015-03-06,-5.706426421653115,-4.26674857704877
2015-03-07,-0.9050140588688386,-5.706426421653115
2015-03-08,-0.9457049514269901,-0.9050140588688386
2015-03-09,0.7099198375152914,-0.9457049514269901
2015-03-10,1.0880756846094244,0.7099198375152914
2015-03-11,3.2272831646092386,1.0880756846094244
2015-03-12,1.745586221688236,3.2272831646092386
2015-03-13,1.0667155345713721,1.745586221688236
2015-03-14,3.499199143754158,1.0667155345713721
2015-03-15,2.3478412301726723,3.499199143754158
2015-03-16,5.15787928318304,2.3478412301726723
2015-03-17,4.405470123211312,5.15787928318304
2015-03-18,-1.1493628527786273,4.405470123211312
2015-03-19,-1.389203312623163,-1.1493628527786273
2015-03-20,-2.5286939111171503,-1.389203312623163
2015-03-21,-0.7856841765668879,-2.5286939111171503
2015-03-22,-2.5141157268069394,-0.7856841765668879
2015-03-23,-3.0905786306339413,-2.5141157268069394
2015-03-24,-1.8510228857346165,-3.0905786306339413
2015-03-25,0.3533987717562556,-1.8510228857346165
2015-03-26,3.5427838201308375,0.3533987717562556
2015-03-27,-1.2207858103971216,3.5427838201308375
2015-03-28,-3.5839159095283293,-1.2207858103971216
2015-03-29,-1.6439889093624611,-3.5839159095283293
2015-03-30,0.8023356130394222,-1.6439889093624611
2015-03-31,0.6172388426088229,0.8023356130394222
2015-04-01,0.9896848337783084,0.6172388426088229
2015-04-02,3.9151516581830146,0.9896848337783084
2015-04-03,3.158299472520841,3.9151516581830146
2015-04-04,1.2057109770199037,3.158299472520841
2015-04-05,0.036005195144660364,1.2057109770199037
2015-04-06,1.7016368805571032,0.036005195144660364
2015-04-07,0.7233122647923834,1.7016368805571032
2015-04-08,-3.0205589992189714,0.7233122647923834
2015-04-09,-1.678041675123923,-3.0205589992189714
2015-04-10,-0.6964773920784638,-1.678041675123923
2015-04-11,0.24359605121206482,-0.6964773920784638
2015-04-12,2.2413712987042618,0.24359605121206482
2015-04-13,2.3914901908199115,2.2413712987042618
2015-04-14,0.43905931330866416,2.3914901908199115
2015-04-15,2.6253584113898234,0.43905931330866416
2015-04-16,1.4763616277063776,2.6253584113898234
2015-04-17,2.937380767712304,1.4763616277063776
2015-04-18,3.9696527226908636,2.937380767712304
2015-04-19,0.35488966457287235,3.9696527226908636
2015-04-20,-1.1587022998527565,0.35488966457287235
2015-04-21,-1.077002199511649,-1.1587022998527565
2015-04-22,0.09555841604810969,-1.077002199511649
2015-04-23,-3.459412963120637,0.09555841604810969
2015-04-24,-3.60984370748473,-3.459412963120637
2015-04-25,-2.3020481283434284,-3.60984370748473
2015-04-26,-0.4414926918921756,-2.3020481283434284
2015-04-27,-1.250810458133205,-0.4414926918921756
2015-04-28,-0.20434085640911662,-1.250810458133205
2015-04-29,0.976937570501228,-0.20434085640911662
2015-04-30,-0.18017707790204887,0.976937570501228
2015-05-01,-0.8655360836105189,-0.18017707790204887
2015-05-02,1.1304922933809536,-0.8655360836105189
2015-05-03,2.5468056829731642,1.1304922933809536
2015-05-04,2.852601764499043,2.5468056829731642
2015-05-05,1.4455168719118048,2.852601764499043
2015-05-06,1.2757211645162392,1.4455168719118048
2015-05-07,2.5217201046480318,1.2757211645162392
2015-05-08,2.3384413528927817,2.5217201046480318
2015-05-09,-0.20470936181744076,2.3384413528927817
2015-05-10,1.7411983193673821,-0.20470936181744076
2015-05-11,1.9006897302506058,1.7411983193673821
2015-05-12,1.7113205696780756,1.9006897302506058
2015-05-13,-2.346436830887441,1.7113205696780756
2015-05-14,-0.8192038287331364,-2.346436830887441
2015-05-15,-0.7463624629661545,-0.8192038287331364
2015-05-16,0.8801720699311654,-0.7463624629661545
2015-05-17,1.6452172015743487,0.8801720699311654
2015-05-18,0.6275929119959806,1.6452172015743487
2015-05-19,-0.5014294478818286,0.6275929119959806
2015-05-20,-2.39126054848834,-0.5014294478818286
2015-05-21,-4.239811067054563,-2.39126054848834
2015-05-22,-2.3522300470403343,-4.239811067054563
2015-05-23,-1.8730662168511107,-2.3522300470403343
2015-05-24,-0.3735482347461924,-1.8730662168511107
2015-05-25,1.0186324792655155,-0.3735482347461924
2015-05-26,1.715288651340295,1.0186324792655155
2015-05-27,1.460084618502896,1.715288651340295
2015-05-28,2.0576986831487964,1.460084618502896
2015-05-29,1.1279079064920343,2.0576986831487964
2015-05-30,0.9955570783197755,1.1279079064920343
2015-05-31,0.17804578242416516,0.9955570783197755
2015-06-01,-3.978270371932003,0.17804578242416516
2015-06-02,-5.112454114627907,-3.978270371932003
2015-06-03,-2.8390589158713415,-5.112454114627907
2015-06-04,-3.394974915124523,-2.8390589158713415
2015-06-05,-2.5673503425612645,-3.394974915124523
2015-06-06,-0.7644291775763031,-2.5673503425612645
2015-06-07,-0.8255821901062532,-0.7644291775763031
2015-06-08,1.3314334750029186,-0.8255821901062532
2015-06-09,2.3099572151057965,1.3314334750029186
2015-06-10,1.300919261205775,2.3099572151057965
2015-06-11,1.6933887429743153,1.300919261205775
2015-06-12,1.1191445036178562,1.6933887429743153
2015-06-13,1.4420235767543372,1.1191445036178562
2015-06-14,1.46174742877586,1.4420235767543372
2015-06-15,0.31526629768244174,1.46174742877586
2015-06-16,-0.8624342143604132,0.31526629768244174
2015-06-17,-1.134300075439924,-0.8624342143604132
2015-06-18,-1.3220154692980397,-1.134300075439924
2015-06-19,0.6775545712030233,-1.3220154692980397
2015-06-20,-0.5086699899569117,0.6775545712030233
2015-06-21,1.4696021293635828,-0.5086699899569117
2015-06-22,1.3897563551653647,1.4696021293635828
2015-06-23,2.422869953530399,1.3897563551653647
2015-06-24,0.8507750834706462,2.422869953530399
2015-06-25,0.37412495207220064,0.8507750834706462
2015-06-26,-1.49194954434257,0.37412495207220064
2015-06-27,-3.315461358951449,-1.49194954434257
2015-06-28,-2.5460161340010155,-3.315461358951449
2015-06-29,-1.3544192615222017,-2.5460161340010155
2015-06-30,0.5009331885341878,-1.3544192615222017
2015-07-01,-1.0101234295826733,0.5009331885341878
2015-07-02,-2.0180642473956407,-1.0101234295826733
2015-07-03,-1.8629820451652814,-2.0180642473956407
2015-07-04,-2.3777310225069646,-1.8629820451652814
2015-07-05,-0.9146072800270206,-2.3777310225069646
2015-07-06,-0.8642733542311364,-0.9146072800270206
2015-07-07,-0.3419009525109138,-0.8642733542311364
2015-07-08,-0.9866539150585555,-0.3419009525109138
2015-07-09,-1.9000543199108257,-0.9866539150585555
2015-07-10,-0.9072027755579323,-1.9000543199108257
2015-07-11,-0.1568818566208953,-0.9072027755579323
2015-07-12,0.6945762419374227,-0.1568818566208953
2015-07-13,0.24957717025007684,0.6945762419374227
2015-07-14,-0.5082950595996069,0.24957717025007684
2015-07-15,-1.236822044069499,-0.5082950595996069
2015-07-16,-2.0535584532206967,-1.236822044069499
2015-07-17,-0.8234225353232167,-2.0535584532206967
2015-07-18,0.7771880432427731,-0.8234225353232167
2015-07-19,2.6854220341710158,0.7771880432427731
2015-07-20,2.4721400512486014,2.6854220341710158
2015-07-21,0.41368291073162555,2.4721400512486014
2015-07-22,-0.24349549800688908,0.41368291073162555
2015-07-23,-0.23432770918427367,-0.24349549800688908
2015-07-24,0.2210410396018857,-0.23432770918427367
2015-07-25,0.4648225986781022,0.2210410396018857
2015-07-26,0.2044814481006821,0.4648225986781022
2015-07-27,0.6720935287261305,0.2044814481006821
2015-07-28,2.5205199654231794,0.6720935287261305
2015-07-29,2.258877585197746,2.5205199654231794
2015-07-30,1.4215151236927,2.258877585197746
2015-07-31,1.0546729897375722,1.4215151236927
2015-08-01,0.5691202797516749,1.0546729897375722
2015-08-02,1.2243326407309643,0.5691202797516749
2015-08-03,1.267375407848339,1.2243326407309643
2015-08-04,1.5348684385590958,1.267375407848339
2015-08-05,1.116378041316952,1.5348684385590958
2015-08-06,-0.5837422844842186,1.116378041316952
2015-08-07,-0.4194645724558005,-0.5837422844842186
2015-08-08,-0.7438309638464237,-0.4194645724558005
2015-08-09,-0.2211563997020102,-0.7438309638464237
2015-08-10,-0.38618064051888623,-0.2211563997020102
2015-08-11,-0.6969121160132788,-0.38618064051888623
2015-08-12,0.004668866516363558,-0.6969121160132788
2015-08-13,0.1621033980087631,0.004668866516363558
2015-08-14,1.5307207700021157,0.1621033980087631
2015-08-15,2.7341017611022247,1.5307207700021157
2015-08-16,2.872765294799405,2.7341017611022247
2015-08-17,2.6158954282663394,2.872765294799405
2015-08-18,1.0384664797534076,2.6158954282663394
2015-08-19,-0.333875897801179,1.0384664797534076
2015-08-20,-2.1623534984283395,-0.333875897801179
2015-08-21,-0.3738559787821323,-2.1623534984283395
2015-08-22,-0.30147860585754366,-0.3738559787821323
2015-08-23,-0.560013469170313,-0.30147860585754366
2015-08-24,0.060668924268683845,-0.560013469170313
2015-08-25,0.09561964733870781,0.060668924268683845
2015-08-26,-0.7998422177602786,0.09561964733870781
2015-08-27,-0.09201169220151979,-0.7998422177602786
2015-08-28,0.14619692549806532,-0.09201169220151979
2015-08-29,0.45944860807998844,0.14619692549806532
2015-08-30,0.7504219286136217,0.45944860807998844
2015-08-31,1.7934595216220683,0.7504219286136217
2015-09-01,1.4058193711858988,1.7934595216220683
2015-09-02,2.054706863968305,1.4058193711858988
2015-09-03,2.4712354871970303,2.054706863968305
2015-09-04,0.8386377848361851,2.4712354871970303
2015-09-05,0.6239096122783294,0.8386377848361851
2015-09-06,2.4609538736331182,0.6239096122783294
2015-09-07,3.476123431379563,2.4609538736331182
2015-09-08,4.475501347644959,3.476123431379563
2015-09-09,3.3155316939358217,4.475501347644959
2015-09-10,0.5557599779381066,3.3155316939358217
2015-09-11,-0.06950192118046904,0.5557599779381066
2015-09-12,-1.0726855850586627,-0.06950192118046904
2015-09-13,-1.4932142547578224,-1.0726855850586627
2015-09-14,-0.862756200231615,-1.4932142547578224
2015-09-15,0.7101837507533012,-0.862756200231615
2015-09-16,1.2733562409248982,0.7101837507533012
2015-09-17,2.3879545512871236,1.2733562409248982
2015-09-18,2.102968263115319,2.3879545512871236
2015-09-19,1.687861635505898,2.102968263115319
2015-09-20,2.0227493975895174,1.687861635505898
2015-09-21,-0.38112756264766395,2.0227493975895174
2015-09-22,-1.1367279572544506,-0.38112756264766395
2015-09-23,0.9676006475595169,-1.1367279572544506
2015-09-24,1.5453710469501707,0.9676006475595169
2015-09-25,0.208957422895082,1.5453710469501707
2015-09-26,-0.36308305097950827,0.208957422895082
2015-09-27,-1.2352139403495557,-0.36308305097950827
2015-09-28,1.068120772998043,-1.2352139403495557
2015-09-29,2.003965143011157,1.068120772998043
2015-09-30,1.6172628347585578,2.003965143011157
2015-10-01,-2.6597633575583597,1.6172628347585578
2015-10-02,-4.441841092309448,-2.6597633575583597
2015-10-03,-5.360969064588821,-4.441841092309448
2015-10-04,-4.21233221219993,-5.360969064588821
2015-10-05,-2.307869454478648,-4.21233221219993
2015-10-06,-0.26510513245813766,-2.307869454478648
2015-10-07,0.956553160955188,-0.26510513245813766
2015-10-08,1.8697752832935748,0.956553160955188
2015-10-09,3.367271314096724,1.8697752832935748
2015-10-10,0.5456798704584379,3.367271314096724
2015-10-11,2.682713921105417,0.5456798704584379
2015-10-12,4.302620976001953,2.682713921105417
2015-10-13,3.2262347973457812,4.302620976001953
2015-10-14,1.9699412793697588,3.2262347973457812
2015-10-15,1.0086567389852912,1.9699412793697588
2015-10-16,-0.7796012379069454,1.0086567389852912
2015-10-17,-3.0881708700905937,-0.7796012379069454
2015-10-18,-4.0887782273882385,-3.0881708700905937
2015-10-19,-2.9023748597900965,-4.0887782273882385
2015-10-20,1.2266119586242537,-2.9023748597900965
2015-10-21,2.949203754667996,1.2266119586242537
2015-10-22,2.3359660134613516,2.949203754667996
2015-10-23,0.21930395796724486,2.3359660134613516
2015-10-24,-0.42928820547826274,0.21930395796724486
2015-10-25,0.6190767687472755,-0.42928820547826274
2015-10-26,-0.9950291863321504,0.6190767687472755
2015-10-27,-1.0656782761412023,-0.9950291863321504
2015-10-28,1.7495610635033616,-1.0656782761412023
2015-10-29,2.5948775570722806,1.7495610635033616
2015-10-30,0.3128045045138834,2.5948775570722806
2015-10-31,-1.2092445081031482,0.3128045045138834
2015-11-01,0.7426169807498747,-1.2092445081031482
2015-11-02,1.4529055320376565,0.7426169807498747
2015-11-03,2.830749230429081,1.4529055320376565
2015-11-04,2.593445118563082,2.830749230429081
2015-11-05,3.331092124229472,2.593445118563082
2015-11-06,4.3210688703067515,3.331092124229472
2015-11-07,2.8962860468495784,4.3210688703067515
2015-11-08,-1.0527452896598732,2.8962860468495784
2015-11-09,-0.9140046709051908,-1.0527452896598732
2015-11-10,-0.17743683059189289,-0.9140046709051908
2015-11-11,1.7460204256976066,-0.17743683059189289
2015-11-12,1.437673088396561,1.7460204256976066
2015-11-13,0.4707607605023988,1.437673088396561
2015-11-14,-1.3580024387031278,0.4707607605023988
2015-11-15,-0.016225127911300572,-1.3580024387031278
2015-11-16,2.2652989332209263,-0.016225127911300572
2015-11-17,0.5820428165761287,2.2652989332209263
2015-11-18,1.5782904363817276,0.5820428165761287
2015-11-19,3.4962576034103936,1.5782904363817276
2015-11-20,3.1487911566219546,3.4962576034103936
2015-11-21,0.17583231487392512,3.1487911566219546
2015-11-22,-1.1435873956458644,0.17583231487392512
2015-11-23,-2.954220947556971,-1.1435873956458644
2015-11-24,-2.036394785384576,-2.954220947556971
2015-11-25,-0.3638164124548838,-2.036394785384576
2015-11-26,2.606870349370455,-0.3638164124548838
2015-11-27,3.3995807724207068,2.606870349370455
2015-11-28,0.7955214510112681,3.3995807724207068
2015-11-29,-2.03671656065466,0.7955214510112681
2015-11-30,-2.532264196963122,-2.03671656065466
2015-12-01,-0.7148760725208227,-2.532264196963122
2015-12-02,1.656947557099306,-0.7148760725208227
2015-12-03,0.49761339475953065,1.656947557099306
2015-12-04,-0.2810560428354627,0.49761339475953065
2015-12-05,0.9952241753067546,-0.2810560428354627
2015-12-06,2.6294889456320445,0.9952241753067546
2015-12-07,2.808848943088222,2.6294889456320445
2015-12-08,2.3967347373127295,2.808848943088222
2015-12-09,3.6460302563181015,2.3967347373127295
2015-12-10,5.359569227350474,3.6460302563181015
2015-12-11,5.186308969167929,5.359569227350474
2015-12-12,6.690616902747653,5.186308969167929
2015-12-13,6.589705974733746,6.690616902747653
2015-12-14,5.767388590213654,6.589705974733746
2015-12-15,5.423714721734327,5.767388590213654
2015-12-16,2.3190257353073545,5.423714721734327
2015-12-17,2.084605939512125,2.3190257353073545
2015-12-18,1.6212348565691497,2.084605939512125
2015-12-19,-1.8986410670231693,1.6212348565691497
2015-12-20,-0.09988463198935603,-1.8986410670231693
2015-12-21,3.867720986577716,-0.09988463198935603
2015-12-22,4.8750772421784,3.867720986577716
2015-12-23,7.402705103775676,4.8750772421784
2015-12-24,7.722234231876689,7.402705103775676
2015-12-25,6.74542059060293,7.722234231876689
2015-12-26,5.432316073760837,6.74542059060293
2015-12-27,4.34287142716836,5.432316073760837
2015-12-28,-0.4935704490541297,4.34287142716836
2015-12-29,-0.03360022882824527,-0.4935704490541297
2015-12-30,0.16898588333808007,-0.03360022882824527
2015-12-31,0.8756990947622518,0.16898588333808007
2016-01-01,-1.4032672296646524,0.8756990947622518
2016-01-02,-1.3019075594584621,-1.4032672296646524
2016-01-03,0.5474831788405029,-1.3019075594584621
2016-01-04,-2.207224198097222,0.5474831788405029
2016-01-05,-4.853420195235953,-2.207224198097222
2016-01-06,-1.9399200334074838,-4.853420195235953
2016-01-07,0.6574727466839088,-1.9399200334074838
2016-01-08,0.6468246009865026,0.6574727466839088
2016-01-09,0.5368248148208765,0.6468246009865026
2016-01-10,1.6873542582195578,0.5368248148208765
2016-01-11,-2.124744207035308,1.6873542582195578
2016-01-12,-0.3418601629638961,-2.124744207035308
2016-01-13,-2.9882837035724323,-0.3418601629638961
2016-01-14,0.6642309408922374,-2.9882837035724323
2016-01-15,2.4256277334825174,0.6642309408922374
2016-01-16,1.355387475874877,2.4256277334825174
2016-01-17,-2.055259195308532,1.355387475874877
2016-01-18,-5.33162553661586,-2.055259195308532
2016-01-19,-4.404089936193313,-5.33162553661586
2016-01-20,-2.6495644142676604,-4.404089936193313
2016-01-21,-0.5920117299760638,-2.6495644142676604
2016-01-22,-3.729332707703888,-0.5920117299760638
2016-01-23,-4.695724093087776,-3.729332707703888
2016-01-24,-1.7689174866858899,-4.695724093087776
2016-01-25,0.8993138815886523,-1.7689174866858899
2016-01-26,2.0822243843135246,0.8993138815886523
2016-01-27,1.5547246887603425,2.0822243843135246
2016-01-28,0.9006205817376431,1.5547246887603425
2016-01-29,1.107132040931351,0.9006205817376431
2016-01-30,1.831801136096799,1.107132040931351
2016-01-31,5.164022472725111,1.831801136096799
2016-02-01,5.0254567780896515,5.164022472725111
2016-02-02,2.478303844885817,5.0254567780896515
2016-02-03,3.1779394861491066,2.478303844885817
2016-02-04,2.7130395625840977,3.1779394861491066
2016-02-05,0.4731083523322007,2.7130395625840977
2016-02-06,0.19759947426226254,0.4731083523322007
2016-02-07,2.6183149905538974,0.19759947426226254
2016-02-08,1.1830868252027125,2.6183149905538974
2016-02-09,-0.912372221179208,1.1830868252027125
2016-02-10,-0.3777260400799812,-0.912372221179208
2016-02-11,-1.2162262482715145,-0.3777260400799812
2016-02-12,-1.6216098807843087,-1.2162262482715145
2016-02-13,-5.4198781592669825,-1.6216098807843087
2016-02-14,-6.031344132917295,-5.4198781592669825
2016-02-15,0.060701273495685944,-6.031344132917295
2016-02-16,5.555387327908536,0.060701273495685944
2016-02-17,0.9122365339851911,5.555387327908536
2016-02-18,-0.3812035867780666,0.9122365339851911
2016-02-19,1.5705773892312151,-0.3812035867780666
2016-02-20,5.9077641993452765,1.5705773892312151
2016-02-21,3.566405073569482,5.9077641993452765
2016-02-22,2.6435616179136856,3.566405073569482
2016-02-23,0.6533583887650327,2.6435616179136856
2016-02-24,4.4200541852934645,0.6533583887650327
2016-02-25,3.684246745616172,4.4200541852934645
2016-02-26,-1.9342524417031126,3.684246745616172
2016-02-27,0.25179276652255106,-1.9342524417031126
2016-02-28,5.272844560082979,0.25179276652255106
2016-02-29,5.362363613666912,5.272844560082979
2016-03-01,2.5784222716589107,5.362363613666912
2016-03-02,1.7092887794102465,2.5784222716589107
2016-03-03,-2.000926435841862,1.7092887794102465
2016-03-04,-1.658785805590652,-2.000926435841862
2016-03-05,-1.2587532055207455,-1.658785805590652
2016-03-06,0.1992258584010685,-1.2587532055207455
2016-03-07,2.975494634922546,0.1992258584010685
2016-03-08,5.477758513833802,2.975494634922546
2016-03-09,7.507930906946551,5.477758513833802
2016-03-10,7.241037042582353,7.507930906946551
2016-03-11,4.333797183425569,7.241037042582353
2016-03-12,2.5681633112001214,4.333797183425569
2016-03-13,3.3862725667117584,2.5681633112001214
2016-03-14,2.0787616024580906,3.3862725667117584
2016-03-15,3.7975897278572908,2.0787616024580906
2016-03-16,5.454074052890734,3.7975897278572908
2016-03-17,4.714752969351673,5.454074052890734
2016-03-18,2.29114829027239,4.714752969351673
2016-03-19,-1.1212482027407276,2.29114829027239
2016-03-20,-3.7998517050053575,-1.1212482027407276
2016-03-21,-1.9766803596921514,-3.7998517050053575
2016-03-22,1.0570945854984273,-1.9766803596921514
2016-03-23,4.215885077036842,1.0570945854984273
2016-03-24,0.6524680582092032,4.215885077036842
2016-03-25,3.131201607100848,0.6524680582092032
2016-03-26,0.669596816283334,3.131201607100848
2016-03-27,-0.01007930146214524,0.669596816283334
2016-03-28,1.127365795911582,-0.01007930146214524
2016-03-29,-0.6163820705179718,1.127365795911582
2016-03-30,0.11475693981668182,-0.6163820705179718
2016-03-31,4.2395297148538,0.11475693981668182
2016-04-01,3.4290089487724673,4.2395297148538
2016-04-02,-0.07996319552466062,3.4290089487724673
2016-04-03,-1.2739167375612752,-0.07996319552466062
2016-04-04,-1.352205766592672,-1.2739167375612752
2016-04-05,-2.367959810239174,-1.352205766592672
2016-04-06,-1.1819617786409153,-2.367959810239174
2016-04-07,0.039937381339457435,-1.1819617786409153
2016-04-08,-3.5330571870163743,0.039937381339457435
2016-04-09,-5.520986182150852,-3.5330571870163743
2016-04-10,-3.6872209084570158,-5.520986182150852
2016-04-11,0.9239979791592772,-3.6872209084570158
2016-04-12,-1.3137838526133883,0.9239979791592772
2016-04-13,-2.6743843268154315,-1.3137838526133883
2016-04-14,-0.6201431397994217,-2.6743843268154315
2016-04-15,0.995389549112789,-0.6201431397994217
2016-04-16,2.582882318901548,0.995389549112789
2016-04-17,3.6357333845316075,2.582882318901548
2016-04-18,5.78094964389035,3.6357333845316075
2016-04-19,3.2608426846353518,5.78094964389035
2016-04-20,2.284424894593833,3.2608426846353518
2016-04-21,2.7731178783025054,2.284424894593833
2016-04-22,2.3662333657314836,2.7731178783025054
2016-04-23,1.0980156513570496,2.3662333657314836
2016-04-24,0.7530707961653622,1.0980156513570496
2016-04-25,1.790668631789314,0.7530707961653622
2016-04-26,0.10761767009843924,1.790668631789314
2016-04-27,-1.9533584365538947,0.10761767009843924
2016-04-28,-3.220063463624937,-1.9533584365538947
2016-04-29,-3.0775917624935696,-3.220063463624937
2016-04-30,-2.531099682369567,-3.0775917624935696
2016-05-01,-4.21407854426124,-2.531099682369567
2016-05-02,-2.901591421473579,-4.21407854426124
2016-05-03,-2.8234065085102635,-2.901591421473579
2016-05-04,-4.431628939877235,-2.8234065085102635
2016-05-05,-3.7616107899822104,-4.431628939877235
2016-05-06,-3.724815572704606,-3.7616107899822104
2016-05-07,-2.8827582334567543,-3.724815572704606
2016-05-08,-1.5198076038029642,-2.8827582334567543
2016-05-09,-1.3434966134144175,-1.5198076038029642
2016-05-10,-1.6763526689220936,-1.3434966134144175
2016-05-11,-0.08133713456184267,-1.6763526689220936
2016-05-12,0.7624566541177301,-0.08133713456184267
2016-05-13,-0.7288212020526815,0.7624566541177301
2016-05-14,-1.1570139624490905,-0.7288212020526815
2016-05-15,-4.6725683644018225,-1.1570139624490905
2016-05-16,-2.795734194495973,-4.6725683644018225
2016-05-17,-3.211497056980234,-2.795734194495973
2016-05-18,-3.717975466496099,-3.211497056980234
2016-05-19,-2.6771964326662085,-3.717975466496099
2016-05-20,-1.3649403328249878,-2.6771964326662085
2016-05-21,-2.3857357347342343,-1.3649403328249878
2016-05-22,-2.322497447461245,-2.3857357347342343
2016-05-23,0.03720667735308399,-2.322497447461245
2016-05-24,-0.23865811018639682,0.03720667735308399
2016-05-25,2.611565797152084,-0.23865811018639682
2016-05-26,2.0507774830323706,2.611565797152084
2016-05-27,1.5638000275128097,2.0507774830323706
2016-05-28,3.238766231207649,1.5638000275128097
2016-05-29,2.0146884123425286,3.238766231207649
2016-05-30,0.9497107255472264,2.0146884123425286
2016-05-31,2.009630351956312,0.9497107255472264
2016-06-01,1.1772046237381746,2.009630351956312
2016-06-02,-0.8974870441029856,1.1772046237381746
2016-06-03,-0.10252403611728374,-0.8974870441029856
2016-06-04,-0.12236585445371424,-0.10252403611728374
2016-06-05,-1.2651530658906764,-0.12236585445371424
2016-06-06,1.118368171837905,-1.2651530658906764
2016-06-07,0.8943083457371478,1.118368171837905
2016-06-08,-2.3453685346356723,0.8943083457371478
2016-06-09,-1.9457198287632018,-2.3453685346356723
2016-06-10,0.16401955993398448,-1.9457198287632018
2016-06-11,2.821936644259014,0.16401955993398448
2016-06-12,1.1596037215320008,2.821936644259014
2016-06-13,-0.7295659114516487,1.1596037215320008
2016-06-14,-0.07966648411693739,-0.7295659114516487
2016-06-15,1.0688998083903625,-0.07966648411693739
2016-06-16,-0.6243724642713617,1.0688998083903625
2016-06-17,0.7657818419739363,-0.6243724642713617
2016-06-18,1.7375338886797556,0.7657818419739363
2016-06-19,3.2685792344484663,1.7375338886797556
2016-06-20,3.6373373930657547,3.2685792344484663
2016-06-21,2.4790014430660894,3.6373373930657547
2016-06-22,0.6518254861053726,2.4790014430660894
2016-06-23,0.29844829960301533,0.6518254861053726
2016-06-24,0.2857071651021907,0.29844829960301533
2016-06-25,1.3861269809935208,0.2857071651021907
2016-06-26,1.1899160970981906,1.3861269809935208
2016-06-27,1.3405402258748909,1.1899160970981906
2016-06-28,-1.0266012677269585,1.3405402258748909
2016-06-29,-0.16121779388566748,-1.0266012677269585
2016-06-30,-0.15707275740066715,-0.16121779388566748
2016-07-01,-0.900484102617977,-0.15707275740066715
2016-07-02,-1.4964877328591795,-0.900484102617977
2016-07-03,-1.3109264723518428,-1.4964877328591795
2016-07-04,-0.6367375799236082,-1.3109264723518428
2016-07-05,0.40832230243897755,-0.6367375799236082
2016-07-06,1.7905706090195932,0.40832230243897755
2016-07-07,0.9445766950758807,1.7905706090195932
2016-07-08,0.5651990409992058,0.9445766950758807
2016-07-09,-1.928609187140145,0.5651990409992058
2016-07-10,-1.0789087439011447,-1.928609187140145
2016-07-11,-0.25009800832110934,-1.0789087439011447
2016-07-12,0.001386891036012722,-0.25009800832110934
2016-07-13,0.7273822930374141,0.001386891036012722
2016-07-14,1.4610062909873782,0.7273822930374141
2016-07-15,0.5939079376789924,1.4610062909873782
2016-07-16,0.7372806704678909,0.5939079376789924
2016-07-17,0.46891503393563755,0.7372806704678909
2016-07-18,1.829786046580529,0.46891503393563755
2016-07-19,0.2691410853747647,1.829786046580529
2016-07-20,0.5602185880842632,0.2691410853747647
2016-07-21,1.8898033644543328,0.5602185880842632
2016-07-22,2.9797364066378558,1.8898033644543328
2016-07-23,3.4409996745553495,2.9797364066378558
2016-07-24,3.091192815844595,3.4409996745553495
2016-07-25,2.8314721409652117,3.091192815844595
2016-07-26,1.8254544387571543,2.8314721409652117
2016-07-27,1.2868074524966022,1.8254544387571543
2016-07-28,1.6028279471419031,1.2868074524966022
2016-07-29,-0.1657651244975791,1.6028279471419031
2016-07-30,-0.5377778892696663,-0.1657651244975791
2016-07-31,-0.7674877864323993,-0.5377778892696663
2016-08-01,-0.963051020075655,-0.7674877864323993
2016-08-02,-0.973058925140286,-0.963051020075655
2016-08-03,-0.7171481074595181,-0.973058925140286
2016-08-04,-0.3420500869146929,-0.7171481074595181
2016-08-05,-0.4173513847944562,-0.3420500869146929
2016-08-06,0.6713317046900115,-0.4173513847944562
2016-08-07,0.6157347031649517,0.6713317046900115
2016-08-08,0.13086014631660367,0.6157347031649517
2016-08-09,0.19665286516880823,0.13086014631660367
2016-08-10,0.7849906761273621,0.19665286516880823
2016-08-11,2.1626833442826503,0.7849906761273621
2016-08-12,2.290335042269364,2.1626833442826503
2016-08-13,1.816863479412663,2.290335042269364
2016-08-14,1.8234502616192874,1.816863479412663
2016-08-15,0.37224823171770827,1.8234502616192874
2016-08-16,-0.0897922656323168,0.37224823171770827
2016-08-17,-0.48914468880915857,-0.0897922656323168
2016-08-18,-0.13046328146198524,-0.48914468880915857
2016-08-19,-0.21437004444695393,-0.13046328146198524
2016-08-20,-1.245003858823498,-0.21437004444695393
2016-08-21,-1.0243327940685056,-1.245003858823498
2016-08-22,-1.9764560751682452,-1.0243327940685056
2016-08-23,-0.7280591005503442,-1.9764560751682452
2016-08-24,0.06087300824873885,-0.7280591005503442
2016-08-25,0.46778963332555307,0.06087300824873885
2016-08-26,1.019363695595791,0.46778963332555307
2016-08-27,0.6589166773077855,1.019363695595791
2016-08-28,0.304743334036555,0.6589166773077855
2016-08-29,1.3275677404026582,0.304743334036555
2016-08-30,0.9758793768444057,1.3275677404026582
2016-08-31,0.9475980681869315,0.9758793768444057
2016-09-01,-1.2271959281723366,0.9475980681869315
2016-09-02,-1.22359388198601,-1.2271959281723366
2016-09-03,-2.3208244695588505,-1.22359388198601
2016-09-04,-1.0193168613514545,-2.3208244695588505
2016-09-05,0.293839085628981,-1.0193168613514545
2016-09-06,1.026588788153088,0.293839085628981
2016-09-07,1.6972179970761891,1.026588788153088
2016-09-08,1.9769587880413029,1.6972179970761891
2016-09-09,2.538593483625801,1.9769587880413029
2016-09-10,1.1065063518288398,2.538593483625801
2016-09-11,0.2126298234211705,1.1065063518288398
2016-09-12,-0.6119319383152161,0.2126298234211705
2016-09-13,0.8621662403061313,-0.6119319383152161
2016-09-14,2.257339903803973,0.8621662403061313
2016-09-15,-0.8917937073687943,2.257339903803973
2016-09-16,-0.5095635459207359,-0.8917937073687943
2016-09-17,0.8009000107885348,-0.5095635459207359
2016-09-18,2.3409123076879053,0.8009000107885348
2016-09-19,1.7300916933495993,2.3409123076879053
2016-09-20,2.7023264187380667,1.7300916933495993
2016-09-21,2.1355574615666466,2.7023264187380667
2016-09-22,2.192109437631906,2.1355574615666466
2016-09-23,2.36357166742587,2.192109437631906
2016-09-24,0.25807841565619855,2.36357166742587
2016-09-25,1.3239903719780928,0.25807841565619855
2016-09-26,0.7192845084611995,1.3239903719780928
2016-09-27,0.7807371121914239,0.7192845084611995
2016-09-28,-0.7966553326868784,0.7807371121914239
2016-09-29,-2.604764052521691,-0.7966553326868784
2016-09-30,-3.6545927267414005,-2.604764052521691
2016-10-01,-2.892099623850295,-3.6545927267414005
2016-10-02,-2.5506278029549017,-2.892099623850295
2016-10-03,-0.4102639598731455,-2.5506278029549017
2016-10-04,-0.24344339449933006,-0.4102639598731455
2016-10-05,0.08701482617681587,-0.24344339449933006
2016-10-06,0.8282181040782497,0.08701482617681587
2016-10-07,2.263260288464206,0.8282181040782497
2016-10-08,0.5199083358133723,2.263260288464206
2016-10-09,-0.608301515270621,0.5199083358133723
2016-10-10,-1.0418982815833118,-0.608301515270621
2016-10-11,-1.0829012577105606,-1.0418982815833118
2016-10-12,-0.5087186669768681,-1.0829012577105606
2016-10-13,-0.5057567557905314,-0.5087186669768681
2016-10-14,-1.4177134781812035,-0.5057567557905314
2016-10-15,0.18503164730505134,-1.4177134781812035
2016-10-16,1.6976616014709365,0.18503164730505134
2016-10-17,4.577612672301525,1.6976616014709365
2016-10-18,4.733302492846927,4.577612672301525
2016-10-19,6.843881865552898,4.733302492846927
2016-10-20,4.02190282395445,6.843881865552898
2016-10-21,2.217972218218332,4.02190282395445
2016-10-22,-1.4801789789510589,2.217972218218332
2016-10-23,0.9779506776654808,-1.4801789789510589
2016-10-24,0.3009795608879169,0.9779506776654808
2016-10-25,-2.012505918493474,0.3009795608879169
2016-10-26,-1.8419967869995273,-2.012505918493474
2016-10-27,-0.42675744735496396,-1.8419967869995273
2016-10-28,-0.03790424230724448,-0.42675744735496396
2016-10-29,3.169474618267761,-0.03790424230724448
2016-10-30,3.960559007925808,3.169474618267761
2016-10-31,-0.16069222297297986,3.960559007925808
2016-11-01,1.0026470004968084,-0.16069222297297986
2016-11-02,3.878525859177789,1.0026470004968084
2016-11-03,5.383000444312824,3.878525859177789
2016-11-04,2.0926226309512925,5.383000444312824
2016-11-05,1.8506448785797602,2.0926226309512925
2016-11-06,1.4016635028992166,1.8506448785797602
2016-11-07,-0.20062533102492,1.4016635028992166
2016-11-08,2.750421389074127,-0.20062533102492
2016-11-09,2.7215290432447157,2.750421389074127
2016-11-10,2.3098260099788885,2.7215290432447157
2016-11-11,3.2600102135258267,2.3098260099788885
2016-11-12,-0.21993210402707405,3.2600102135258267
2016-11-13,2.1830523699835327,-0.21993210402707405
2016-11-14,3.6459258545085547,2.1830523699835327
2016-11-15,2.7352058618662203,3.6459258545085547
2016-11-16,3.164049021333109,2.7352058618662203
2016-11-17,3.833512773506858,3.164049021333109
2016-11-18,5.073300002583093,3.833512773506858
2016-11-19,1.0681293158773835,5.073300002583093
2016-11-20,-4.035956723388743,1.0681293158773835
2016-11-21,-3.144724934425595,-4.035956723388743
2016-11-22,-1.7962064697906834,-3.144724934425595
2016-11-23,-0.8111621069978121,-1.7962064697906834
2016-11-24,1.1239808988170918,-0.8111621069978121
2016-11-25,1.3881526658130605,1.1239808988170918
2016-11-26,-0.9295815853869459,1.3881526658130605
2016-11-27,-0.6526688282027959,-0.9295815853869459
2016-11-28,0.698236903667988,-0.6526688282027959
2016-11-29,3.8451918526749345,0.698236903667988
2016-11-30,1.933417619309581,3.8451918526749345
2016-12-01,1.071425323386792,1.933417619309581
2016-12-02,-0.0096254883842134,1.071425323386792
2016-12-03,-1.712079827737221,-0.0096254883842134
2016-12-04,-2.618012639584663,-1.712079827737221
2016-12-05,-1.7783704132097344,-2.618012639584663
2016-12-06,-0.9178315119272898,-1.7783704132097344
2016-12-07,-2.2573500610326698,-0.9178315119272898
2016-12-08,-3.1810638491627676,-2.2573500610326698
2016-12-09,-5.026056418978379,-3.1810638491627676
2016-12-10,-5.102005405185745,-5.026056418978379
2016-12-11,-2.188907399217188,-5.102005405185745
2016-12-12,-0.13728471813078535,-2.188907399217188
2016-12-13,-1.1423321957222297,-0.13728471813078535
2016-12-14,-1.519511751895457,-1.1423321957222297
2016-12-15,-5.12533827710216,-1.519511751895457
2016-12-16,-4.9449700687608855,-5.12533827710216
2016-12-17,-0.8909678321588759,-4.9449700687608855
2016-12-18,0.3703351480750737,-0.8909678321588759
2016-12-19,-5.022842232816657,0.3703351480750737
2016-12-20,-2.07540207443573,-5.022842232816657
2016-12-21,0.8902788967802628,-2.07540207443573
2016-12-22,1.9938116187705044,0.8902788967802628
2016-12-23,0.9128236837898223,1.9938116187705044
2016-12-24,2.0230834654736656,0.9128236837898223
2016-12-25,2.770165091340981,2.0230834654736656
2016-12-26,3.6953016236523295,2.770165091340981
2016-12-27,6.064650853944836,3.6953016236523295
2016-12-28,3.9039385509028826,6.064650853944836
2016-12-29,3.229999326978205,3.9039385509028826
2016-12-30,-0.8235770169233735,3.229999326978205
2016-12-31,0.6128926808093845,-0.8235770169233735
2017-01-01,1.6518516948441384,0.6128926808093845
2017-01-02,0.5965412512964504,1.6518516948441384
2017-01-03,1.3950529823565323,0.5965412512964504
2017-01-04,0.11552657749740199,1.3950529823565323
2017-01-05,-3.986408819848154,0.11552657749740199
2017-01-06,-5.822856951711517,-3.986408819848154
2017-01-07,-5.891338008228191,-5.822856951711517
2017-01-08,-5.182854819902846,-5.891338008228191
2017-01-09,-3.931530924579331,-5.182854819902846
2017-01-10,2.7113459852102513,-3.931530924579331
2017-01-11,5.066775958424879,2.7113459852102513
2017-01-12,6.78316569019019,5.066775958424879
2017-01-13,4.6517369789508365,6.78316569019019
2017-01-14,-0.14611032074168162,4.6517369789508365
2017-01-15,1.0765067407214004,-0.14611032074168162
2017-01-16,1.9075074345098304,1.0765067407214004
2017-01-17,1.636260970151654,1.9075074345098304
2017-01-18,1.4785088997853812,1.636260970151654
2017-01-19,2.9253826594633594,1.4785088997853812
2017-01-20,2.6416455133435086,2.9253826594633594
2017-01-21,4.23590967643552,2.6416455133435086
2017-01-22,2.6324046242506114,4.23590967643552
2017-01-23,1.139746434316568,2.6324046242506114
2017-01-24,1.0585902692603357,1.139746434316568
2017-01-25,3.266635494825467,1.0585902692603357
2017-01-26,2.723796256081881,3.266635494825467
2017-01-27,-0.7192153319221808,2.723796256081881
2017-01-28,-0.48696990430165354,-0.7192153319221808
2017-01-29,1.1193347296593759,-0.48696990430165354
2017-01-30,1.5038797296852169,1.1193347296593759
2017-01-31,1.960299618536899,1.5038797296852169
2017-02-01,3.818011069713228,1.960299618536899
2017-02-02,0.9689967094152896,3.818011069713228
2017-02-03,-2.305617907852962,0.9689967094152896
2017-02-04,-2.2444578521004948,-2.305617907852962
2017-02-05,1.7465313099330277,-2.2444578521004948
2017-02-06,4.528519846547683,1.7465313099330277
2017-02-07,4.413558010202294,4.528519846547683
2017-02-08,6.438412574944182,4.413558010202294
2017-02-09,0.9688066826470594,6.438412574944182
2017-02-10,-0.4767953265329281,0.9688066826470594
2017-02-11,3.8180033277367587,-0.4767953265329281
2017-02-12,2.749020936175361,3.8180033277367587
2017-02-13,1.2746409720670406,2.749020936175361
2017-02-14,0.9173632093784663,1.2746409720670406
2017-02-15,1.457185244540154,0.9173632093784663
2017-02-16,-1.0490594145940497,1.457185244540154
2017-02-17,1.5491548380182825,-1.0490594145940497
2017-02-18,6.520761252932378,1.5491548380182825
2017-02-19,6.88298690319192,6.520761252932378
2017-02-20,4.721104426853034,6.88298690319192
2017-02-21,3.433002798491922,4.721104426853034
2017-02-22,5.6108832311505,3.433002798491922
2017-02-23,7.140328399106295,5.6108832311505
2017-02-24,6.407024195634725,7.140328399106295
2017-02-25,3.3632539844993152,6.407024195634725
2017-02-26,-0.33797529589132314,3.3632539844993152
2017-02-27,2.3454845969258606,-0.33797529589132314
2017-02-28,4.928687372906145,2.3454845969258606
2017-03-01,7.792663510254296,4.928687372906145
2017-03-02,3.9437790451852814,7.792663510254296
2017-03-03,-1.127422699390168,3.9437790451852814
2017-03-04,-3.779520024259649,-1.127422699390168
2017-03-05,-2.3455489906992355,-3.779520024259649
2017-03-06,1.2529324201255838,-2.3455489906992355
2017-03-07,4.402121411658566,1.2529324201255838
2017-03-08,4.874460508759154,4.402121411658566
2017-03-09,5.086962236687991,4.874460508759154
2017-03-10,1.0120674116001178,5.086962236687991
2017-03-11,-3.908394188027783,1.0120674116001178
2017-03-12,-5.531042527019107,-3.908394188027783
2017-03-13,-3.722736378562031,-5.531042527019107
2017-03-14,-4.969777071344087,-3.722736378562031
2017-03-15,-6.64947004180251,-4.969777071344087
2017-03-16,-2.9027205099917275,-6.64947004180251
2017-03-17,0.024911695083079003,-2.9027205099917275
2017-03-18,-0.5853504432646667,0.024911695083079003
2017-03-19,0.5226891382558443,-0.5853504432646667
2017-03-20,2.2170144653047736,0.5226891382558443
2017-03-21,3.4776043446326987,2.2170144653047736
2017-03-22,-0.43779721594861426,3.4776043446326987
2017-03-23,-1.7102270277383884,-0.43779721594861426
2017-03-24,2.690445573417401,-1.7102270277383884
2017-03-25,2.42723537982244,2.690445573417401
2017-03-26,-0.3069576483283149,2.42723537982244
2017-03-27,1.1706309424467258,-0.3069576483283149
2017-03-28,0.45186485572503204,1.1706309424467258
2017-03-29,2.3862075746085836,0.45186485572503204
2017-03-30,-0.46943274269997753,2.3862075746085836
2017-03-31,-1.6935160694904536,-0.46943274269997753
2017-04-01,-0.5774299542258278,-1.6935160694904536
2017-04-02,2.670580820540823,-0.5774299542258278
2017-04-03,1.6365828230896098,2.670580820540823
2017-04-04,1.634046033896843,1.6365828230896098
2017-04-05,1.1924684836658603,1.634046033896843
2017-04-06,-0.6274220646342095,1.1924684836658603
2017-04-07,-2.025291664887038,-0.6274220646342095
2017-04-08,0.04893427896096731,-2.025291664887038
2017-04-09,3.1220617374924156,0.04893427896096731
2017-04-10,5.217069660661972,3.1220617374924156
2017-04-11,4.661072783373388,5.217069660661972
2017-04-12,3.330719799221324,4.661072783373388
2017-04-13,1.617653582753727,3.330719799221324
2017-04-14,1.9872495925227291,1.617653582753727
2017-04-15,3.205089538587343,1.9872495925227291
2017-04-16,6.5778094043351265,3.205089538587343
2017-04-17,3.170679630173524,6.5778094043351265
2017-04-18,2.13159687987804,3.170679630173524
2017-04-19,-0.38637196934646606,2.13159687987804
2017-04-20,2.9043793961141513,-0.38637196934646606
2017-04-21,0.4794610890095507,2.9043793961141513
2017-04-22,-1.2632833626488913,0.4794610890095507
2017-04-23,-0.023321960018258845,-1.2632833626488913
2017-04-24,-1.0139802121382968,-0.023321960018258845
2017-04-25,-0.884674808798444,-1.0139802121382968
2017-04-26,0.13658383344391498,-0.884674808798444
2017-04-27,1.7024470392814801,0.13658383344391498
2017-04-28,5.535990063963169,1.7024470392814801
2017-04-29,4.875593206488818,5.535990063963169
2017-04-30,0.28435239469360785,4.875593206488818
2017-05-01,2.095580772645945,0.28435239469360785
2017-05-02,2.1679276604957414,2.095580772645945
2017-05-03,0.08455128793696977,2.1679276604957414
2017-05-04,-2.248432361664349,0.08455128793696977
2017-05-05,-2.6784748550788873,-2.248432361664349
2017-05-06,-1.5849820412748687,-2.6784748550788873
2017-05-07,-4.016645976013809,-1.5849820412748687
2017-05-08,-3.5531822251837446,-4.016645976013809
2017-05-09,-2.213189196357256,-3.5531822251837446
2017-05-10,-1.6742101604671584,-2.213189196357256
2017-05-11,-2.179661872644948,-1.6742101604671584
2017-05-12,-2.1309751904046554,-2.179661872644948
2017-05-13,-2.8204802641863025,-2.1309751904046554
2017-05-14,-0.3525026911943577,-2.8204802641863025
2017-05-15,-0.034780249936163445,-0.3525026911943577
2017-05-16,1.7596963718960064,-0.034780249936163445
2017-05-17,4.443562599712922,1.7596963718960064
2017-05-18,4.977437793071472,4.443562599712922
2017-05-19,4.05524066587205,4.977437793071472
2017-05-20,-0.06964731167344619,4.05524066587205
2017-05-21,-1.0307107568167133,-0.06964731167344619
2017-05-22,-3.0698101918179965,-1.0307107568167133
2017-05-23,-2.272032090687718,-3.0698101918179965
2017-05-24,-2.427529620475252,-2.272032090687718
2017-05-25,-3.3002920295245572,-2.427529620475252
2017-05-26,-0.5048768088458481,-3.3002920295245572
2017-05-27,-0.7162338923554292,-0.5048768088458481
2017-05-28,-0.7190334781748852,-0.7162338923554292
2017-05-29,-2.903943179340438,-0.7190334781748852
2017-05-30,-3.655735579384466,-2.903943179340438
2017-05-31,-0.5178177129222686,-3.655735579384466
2017-06-01,0.5775724408911622,-0.5178177129222686
2017-06-02,0.059417653727832594,0.5775724408911622
2017-06-03,-0.38011372455800163,0.059417653727832594
2017-06-04,-0.6002489585578216,-0.38011372455800163
2017-06-05,-2.5301218006791553,-0.6002489585578216
2017-06-06,-4.04302276599409,-2.5301218006791553
2017-06-07,-3.007795220095912,-4.04302276599409
2017-06-08,-2.0643266077271756,-3.007795220095912
2017-06-09,0.0024080941130351368,-2.0643266077271756
2017-06-10,1.4417672446597567,0.0024080941130351368
2017-06-11,2.801248101816095,1.4417672446597567
2017-06-12,3.327003862459634,2.801248101816095
2017-06-13,3.369014269618868,3.327003862459634
2017-06-14,1.8514061671419386,3.369014269618868
2017-06-15,1.0415331022325969,1.8514061671419386
2017-06-16,-0.47443007785575997,1.0415331022325969
2017-06-17,0.21709599488065442,-0.47443007785575997
2017-06-18,2.1831551615189206,0.21709599488065442
2017-06-19,2.006096453312641,2.1831551615189206
2017-06-20,0.6649597928765947,2.006096453312641
2017-06-21,0.6298916846893335,0.6649597928765947
2017-06-22,1.1872744523732244,0.6298916846893335
2017-06-23,1.156375641224298,1.1872744523732244
2017-06-24,-0.45636038705675763,1.156375641224298
2017-06-25,-0.4986775298305908,-0.45636038705675763
2017-06-26,-0.5621667108368824,-0.4986775298305908
2017-06-27,-1.490435505797364,-0.5621667108368824
2017-06-28,-1.550876526968957,-1.490435505797364
2017-06-29,-0.4786178137455722,-1.550876526968957
2017-06-30,0.870219641481447,-0.4786178137455722
2017-07-01,-0.04900657332621051,0.870219641481447
2017-07-02,1.732918172459582,-0.04900657332621051
2017-07-03,0.9670076135730855,1.732918172459582
2017-07-04,0.5711831450214753,0.9670076135730855
2017-07-05,0.35333480890782837,0.5711831450214753
2017-07-06,-0.608637366640651,0.35333480890782837
2017-07-07,0.8832283132595103,-0.608637366640651
2017-07-08,1.346955185251683,0.8832283132595103
2017-07-09,0.4437926294169933,1.346955185251683
2017-07-10,0.35422431854754827,0.4437926294169933
2017-07-11,0.2861377917762081,0.35422431854754827
2017-07-12,0.19416259147206597,0.2861377917762081
2017-07-13,0.5570228786264987,0.19416259147206597
2017-07-14,-2.2822350802821303,0.5570228786264987
2017-07-15,-0.012520079229789262,-2.2822350802821303
2017-07-16,0.04520059538323263,-0.012520079229789262
2017-07-17,-0.6427606945786459,0.04520059538323263
2017-07-18,0.48060065958196624,-0.6427606945786459
2017-07-19,1.774873947304417,0.48060065958196624
2017-07-20,2.238324125705686,1.774873947304417
2017-07-21,1.7920696739167339,2.238324125705686
2017-07-22,1.6918716167811145,1.7920696739167339
2017-07-23,-0.644151907736498,1.6918716167811145
2017-07-24,-3.0971595808738135,-0.644151907736498
2017-07-25,-3.018010907009593,-3.0971595808738135
2017-07-26,-1.4476385105342722,-3.018010907009593
2017-07-27,-1.157482479546879,-1.4476385105342722
2017-07-28,-1.1092628680825083,-1.157482479546879
2017-07-29,-2.484142063199359,-1.1092628680825083
2017-07-30,-1.7820009052628325,-2.484142063199359
2017-07-31,-0.7017902987836274,-1.7820009052628325
2017-08-01,0.5865970119129971,-0.7017902987836274
2017-08-02,-0.38580179567027667,0.5865970119129971
2017-08-03,-0.004496360507400794,-0.38580179567027667
2017-08-04,-1.246620703116189,-0.004496360507400794
2017-08-05,-2.1160935202135542,-1.246620703116189
2017-08-06,-2.336586131433546,-2.1160935202135542
2017-08-07,-4.3068482332624205,-2.336586131433546
2017-08-08,-2.708257023825741,-4.3068482332624205
2017-08-09,-1.0314976613359303,-2.708257023825741
2017-08-10,-0.9314753664754529,-1.0314976613359303
2017-08-11,-1.4738511025696381,-0.9314753664754529
2017-08-12,-1.93338697629646,-1.4738511025696381
2017-08-13,-1.0235222483200894,-1.93338697629646
2017-08-14,-1.826673232066138,-1.0235222483200894
2017-08-15,-2.2269116825379,-1.826673232066138
2017-08-16,0.6433961117590741,-2.2269116825379
2017-08-17,-0.4388098457770944,0.6433961117590741
2017-08-18,-0.2676348646106061,-0.4388098457770944
2017-08-19,0.38463496052353713,-0.2676348646106061
2017-08-20,-0.040223198531752664,0.38463496052353713
2017-08-21,0.7205597399355514,-0.040223198531752664
2017-08-22,1.408242180078341,0.7205597399355514
2017-08-23,-1.1875212251165388,1.408242180078341
2017-08-24,-1.975732316682712,-1.1875212251165388
2017-08-25,-3.204897415742988,-1.975732316682712
2017-08-26,-2.8127687948026785,-3.204897415742988
2017-08-27,-3.0085577108157917,-2.8127687948026785
2017-08-28,-3.1222622265184814,-3.0085577108157917
2017-08-29,-4.335380761103053,-3.1222622265184814
2017-08-30,-1.7699503568052,-4.335380761103053
2017-08-31,0.6542661400295148,-1.7699503568052
2017-09-01,-1.475566357873048,0.6542661400295148
2017-09-02,-1.7862445321020157,-1.475566357873048
2017-09-03,-0.46909543317525454,-1.7862445321020157
2017-09-04,0.24442889135118084,-0.46909543317525454
2017-09-05,0.7157400155875329,0.24442889135118084
2017-09-06,-3.597060604133171,0.7157400155875329
2017-09-07,-3.2665859791685246,-3.597060604133171
2017-09-08,-3.3436299863777923,-3.2665859791685246
2017-09-09,-3.7636823701800006,-3.3436299863777923
2017-09-10,-2.448893589797157,-3.7636823701800006
2017-09-11,-1.3187263265579252,-2.448893589797157
2017-09-12,-1.0474529066719,-1.3187263265579252
2017-09-13,-0.46756792590570195,-1.0474529066719
2017-09-14,0.5277298390651792,-0.46756792590570195
2017-09-15,0.726833181983912,0.5277298390651792
2017-09-16,1.523304534616728,0.726833181983912
2017-09-17,1.1193919866542383,1.523304534616728
2017-09-18,-0.7625953356437303,1.1193919866542383
2017-09-19,0.7609743552577078,-0.7625953356437303
2017-09-20,2.2372271638770043,0.7609743552577078
2017-09-21,1.8289034611372381,2.2372271638770043
2017-09-22,1.4062916911426548,1.8289034611372381
2017-09-23,3.1148602132265286,1.4062916911426548
2017-09-24,4.438132163806425,3.1148602132265286
2017-09-25,4.5739005459560955,4.438132163806425
2017-09-26,3.652428841471371,4.5739005459560955
2017-09-27,3.6137002271788843,3.652428841471371
2017-09-28,1.4045220139494388,3.6137002271788843
2017-09-29,-1.539778393700322,1.4045220139494388
2017-09-30,-1.9285489542797054,-1.539778393700322
2017-10-01,-1.0508698725531898,-1.9285489542797054
2017-10-02,0.627135122788795,-1.0508698725531898
2017-10-03,-0.08175500047299777,0.627135122788795
2017-10-04,1.1942861952457795,-0.08175500047299777
2017-10-05,3.112502830940174,1.1942861952457795
2017-10-06,3.6721234094239734,3.112502830940174
2017-10-07,4.286853057542573,3.6721234094239734
2017-10-08,3.0900441560960563,4.286853057542573
2017-10-09,4.101190652255979,3.0900441560960563
2017-10-10,2.251160739124415,4.101190652255979
2017-10-11,0.6488979955625004,2.251160739124415
2017-10-12,-0.9504296961800537,0.6488979955625004
2017-10-13,0.6800093578421595,-0.9504296961800537
2017-10-14,1.6877282493800991,0.6800093578421595
2017-10-15,4.056743605583017,1.6877282493800991
2017-10-16,1.5254659802936763,4.056743605583017
2017-10-17,-0.43677479977001404,1.5254659802936763
2017-10-18,1.8442103972239656,-0.43677479977001404
2017-10-19,1.838266298431208,1.8442103972239656
2017-10-20,2.367873592543592,1.838266298431208
2017-10-21,4.2169390183701685,2.367873592543592
2017-10-22,3.4932566029132643,4.2169390183701685
2017-10-23,4.362530431597029,3.4932566029132643
2017-10-24,4.154889664221841,4.362530431597029
2017-10-25,2.05558142231501,4.154889664221841
2017-10-26,1.068466160100115,2.05558142231501
2017-10-27,-0.41955624925392204,1.068466160100115
2017-10-28,-1.5318246655555836,-0.41955624925392204
2017-10-29,-1.3307687717798407,-1.5318246655555836
2017-10-30,-1.7908149370579887,-1.3307687717798407
2017-10-31,-2.78328794140201,-1.7908149370579887
2017-11-01,-1.0656560285572612,-2.78328794140201
2017-11-02,3.2987173210759186,-1.0656560285572612
2017-11-03,3.1037585375645524,3.2987173210759186
2017-11-04,0.0033727297316450138,3.1037585375645524
2017-11-05,1.4585998801756972,0.0033727297316450138
2017-11-06,1.646922024391549,1.4585998801756972
2017-11-07,-1.9333933740397702,1.646922024391549
2017-11-08,-3.672290274147981,-1.9333933740397702
2017-11-09,-2.3893924682164625,-3.672290274147981
2017-11-10,-3.305565062236153,-2.3893924682164625
2017-11-11,-5.3014459652020856,-3.305565062236153
2017-11-12,-3.314240045005715,-5.3014459652020856
2017-11-13,-2.3116590947199387,-3.314240045005715
2017-11-14,-0.7955412184342547,-2.3116590947199387
2017-11-15,-0.10536680319568589,-0.7955412184342547
2017-11-16,0.9281738039551548,-0.10536680319568589
2017-11-17,-0.2949995825965704,0.9281738039551548
2017-11-18,1.8627785439308486,-0.2949995825965704
2017-11-19,0.45034240175579143,1.8627785439308486
2017-11-20,-1.3941250791588113,0.45034240175579143
2017-11-21,2.3719026354530355,-1.3941250791588113
2017-11-22,1.7971571751917783,2.3719026354530355
2017-11-23,-0.09703377072139718,1.7971571751917783
2017-11-24,2.6155183480177,-0.09703377072139718
2017-11-25,3.927496927772624,2.6155183480177
2017-11-26,1.1053191601253671,3.927496927772624
2017-11-27,1.58499959351688,1.1053191601253671
2017-11-28,3.5461936330174733,1.58499959351688
2017-11-29,4.070005259407389,3.5461936330174733
2017-11-30,2.582006744091688,4.070005259407389
2017-12-01,2.3340380950076156,2.582006744091688
2017-12-02,2.27576865327304,2.3340380950076156
2017-12-03,2.017778854945673,2.27576865327304
2017-12-04,3.891229375985634,2.017778854945673
2017-12-05,3.7541693666200953,3.891229375985634
2017-12-06,1.5395199694169466,3.7541693666200953
2017-12-07,-1.7867043144091934,1.5395199694169466
2017-12-08,-2.931807144796889,-1.7867043144091934
2017-12-09,-2.2194299298246096,-2.931807144796889
2017-12-10,-0.9149912690300847,-2.2194299298246096
2017-12-11,1.2660400963654455,-0.9149912690300847
2017-12-12,0.5992001499038051,1.2660400963654455
2017-12-13,-2.083199919785388,0.5992001499038051
2017-12-14,-2.690315649703616,-2.083199919785388
2017-12-15,-3.610514854273947,-2.690315649703616
2017-12-16,-0.8796299006802376,-3.610514854273947
2017-12-17,-1.0750631401155903,-0.8796299006802376
2017-12-18,1.6492596755970705,-1.0750631401155903
2017-12-19,4.117594713742085,1.6492596755970705
2017-12-20,1.9237968571523196,4.117594713742085
2017-12-21,0.17971685007306037,1.9237968571523196
2017-12-22,1.9301961666871914,0.17971685007306037
2017-12-23,1.0821259931241758,1.9301961666871914
2017-12-24,-1.2837636998709845,1.0821259931241758
2017-12-25,-3.0453756865428816,-1.2837636998709845
2017-12-26,-5.634178238545267,-3.0453756865428816
2017-12-27,-6.303043774486244,-5.634178238545267
2017-12-28,-7.312391545227864,-6.303043774486244
2017-12-29,-5.045596092323593,-7.312391545227864
2017-12-30,-5.641045140446822,-5.045596092323593
2017-12-31,-8.256979292000935,-5.641045140446822
2018-01-01,-9.42167467537303,-8.256979292000935
2018-01-02,-7.503458748703552,-9.42167467537303
2018-01-03,-4.067821888377699,-7.503458748703552
2018-01-04,-4.869168355284398,-4.067821888377699
2018-01-05,-6.300266110437606,-4.869168355284398
2018-01-06,-6.949744231959707,-6.300266110437606
2018-01-07,-4.7991973670699695,-6.949744231959707
2018-01-08,-1.3828548199028468,-4.7991973670699695
2018-01-09,0.9371350526698942,-1.3828548199028468
2018-01-10,1.7363718383643354,0.9371350526698942
2018-01-11,5.322825596480721,1.7363718383643354
2018-01-12,3.3637241183184217,5.322825596480721
2018-01-13,3.377590133035635,3.3637241183184217
2018-01-14,-3.332770093233927,3.377590133035635
2018-01-15,-2.868994810467844,-3.332770093233927
2018-01-16,-2.3489558540113693,-2.868994810467844
2018-01-17,-3.9511226906549646,-2.3489558540113693
2018-01-18,-3.0286265707420235,-3.9511226906549646
2018-01-19,0.30356259741578884,-3.0286265707420235
2018-01-20,4.301831656052918,0.30356259741578884
2018-01-21,4.330842458234899,4.301831656052918
2018-01-22,4.248433579783185,4.330842458234899
2018-01-23,5.978629578060105,4.248433579783185
2018-01-24,1.936977032445444,5.978629578060105
2018-01-25,-0.4096830160328582,1.936977032445444
2018-01-26,1.1828448600115602,-0.4096830160328582
2018-01-27,5.666927377488368,1.1828448600115602
2018-01-28,5.814891522792454,5.666927377488368
2018-01-29,3.3925508620275253,5.814891522792454
2018-01-30,0.020942811381183608,3.3925508620275253
2018-01-31,1.1145912421149762,0.020942811381183608
2018-02-01,3.362375082122742,1.1145912421149762
2018-02-02,0.21470508583721307,3.362375082122742
2018-02-03,-1.1998268013379676,0.21470508583721307
2018-02-04,1.824828600846765,-1.1998268013379676
2018-02-05,-1.5581222578022356,1.824828600846765
2018-02-06,-0.7678607118804465,-1.5581222578022356
2018-02-07,0.9773635944835766,-0.7678607118804465
2018-02-08,-0.7800982833805347,0.9773635944835766
2018-02-09,1.1037601469697067,-0.7800982833805347
2018-02-10,1.6686028120399785,1.1037601469697067
2018-02-11,2.6375483122248657,1.6686028120399785
2018-02-12,1.607966127488701,2.6375483122248657
2018-02-13,-1.9311501344479545,1.607966127488701
2018-02-14,3.5148813065863256,-1.9311501344479545
2018-02-15,6.689967043919678,3.5148813065863256
2018-02-16,5.382688258622082,6.689967043919678
2018-02-17,0.9526708669738151,5.382688258622082
2018-02-18,1.2369970336976313,0.9526708669738151
2018-02-19,3.213390212395642,1.2369970336976313
2018-02-20,7.507971024577954,3.213390212395642
2018-02-21,5.677056573052419,7.507971024577954
2018-02-22,1.972206912639642,5.677056573052419
2018-02-23,-0.7417812182670255,1.972206912639642
2018-02-24,2.5363933786750565,-0.7417812182670255
2018-02-25,0.9980006235892843,2.5363933786750565
2018-02-26,2.017764104315502,0.9980006235892843
2018-02-27,2.986229167763503,2.017764104315502
2018-02-28,4.081427807239133,2.986229167763503
2018-03-01,3.160295361340128,4.081427807239133
2018-03-02,-0.13646914509393362,3.160295361340128
2018-03-03,0.10773759016515762,-0.13646914509393362
2018-03-04,-0.5547009963382419,0.10773759016515762
2018-03-05,-0.2045975946289141,-0.5547009963382419
2018-03-06,0.20970594649580135,-0.2045975946289141
2018-03-07,-2.67657558937556,0.20970594649580135
2018-03-08,-2.84570495142699,-2.67657558937556
2018-03-09,-1.3120036371486175,-2.84570495142699
2018-03-10,-1.3746957735084662,-1.3120036371486175
2018-03-11,-0.6412794000236465,-1.3746957735084662
2018-03-12,-2.314496508404836,-0.6412794000236465
2018-03-13,-3.5753734002786794,-2.314496508404836
2018-03-14,-2.902145220258253,-3.5753734002786794
2018-03-15,-0.7845269187414962,-2.902145220258253
2018-03-16,-2.308097966041366,-0.7845269187414962
2018-03-17,-1.0498556265301582,-2.308097966041366
2018-03-18,-0.5505003915583584,-1.0498556265301582
2018-03-19,-0.33563557735946065,-0.5505003915583584
2018-03-20,-3.6793660931233547,-0.33563557735946065
2018-03-21,-4.115777247921594,-3.6793660931233547
2018-03-22,-1.512978188027208,-4.115777247921594
2018-03-23,-1.7826158591758234,-1.512978188027208
2018-03-24,-1.0135875186198287,-1.7826158591758234
2018-03-25,-2.824781166196174,-1.0135875186198287
2018-03-26,-1.075933863426557,-2.824781166196174
2018-03-27,-1.235263576684608,-1.075933863426557
2018-03-28,-0.14368840177238304,-1.235263576684608
2018-03-29,1.3235395291070322,-0.14368840177238304
2018-03-30,2.1218805975275306,1.3235395291070322
2018-03-31,0.6328541476760414,2.1218805975275306
2018-04-01,0.39092578517437876,0.6328541476760414
2018-04-02,-3.0057376903175035,0.39092578517437876
2018-04-03,-2.1799631955246617,-3.0057376903175035
2018-04-04,-1.4410315255654116,-2.1799631955246617
2018-04-05,-3.7255253115771603,-1.4410315255654116
2018-04-06,0.39667307497282256,-3.7255253115771603
2018-04-07,-3.7035750154558067,0.39667307497282256
2018-04-08,-5.504633456302737,-3.7035750154558067
2018-04-09,-3.065011685465185,-5.504633456302737
2018-04-10,-1.6360844241363754,-3.065011685465185
2018-04-11,-0.5850492435138919,-1.6360844241363754
2018-04-12,2.2648459626132587,-0.5850492435138919
2018-04-13,5.037405392474514,2.2648459626132587
2018-04-14,2.2722547631535464,5.037405392474514
2018-04-15,-4.767299292850095,2.2722547631535464
2018-04-16,-3.099129582221235,-4.767299292850095
2018-04-17,-4.41494601615533,-3.099129582221235
2018-04-18,-2.8658178047134806,-4.41494601615533
2018-04-19,-4.627323365416788,-2.8658178047134806
2018-04-20,-3.4994468706903983,-4.627323365416788
2018-04-21,-1.12560612919107,-3.4994468706903983
2018-04-22,-0.1769338280056658,-1.12560612919107
2018-04-23,0.3422416387407901,-0.1769338280056658
2018-04-24,0.3362783194025511,0.3422416387407901
2018-04-25,-2.0439302379608018,0.3362783194025511
2018-04-26,-0.4727233020266118,-2.0439302379608018
2018-04-27,-2.1182354839863593,-0.4727233020266118
2018-04-28,0.5056901673757856,-2.1182354839863593
2018-04-29,-2.4281296476993934,0.5056901673757856
2018-04-30,-2.0788327138896405,-2.4281296476993934
2018-05-01,2.2546293765756253,-2.0788327138896405
2018-05-02,5.3606887773519984,2.2546293765756253
2018-05-03,4.641738464772543,5.3606887773519984
2018-05-04,4.230574877218796,4.641738464772543
2018-05-05,2.653169405520905,4.230574877218796
2018-05-06,0.6552454664810783,2.653169405520905
2018-05-07,2.6223405803460675,0.6552454664810783
2018-05-08,2.293250039552554,2.6223405803460675
2018-05-09,2.7026329339426414,2.293250039552554
2018-05-10,1.195593355561798,2.7026329339426414
2018-05-11,0.6174425740975552,1.195593355561798
2018-05-12,-1.4882657798565684,0.6174425740975552
2018-05-13,-2.88625068817803,-1.4882657798565684
2018-05-14,1.3373628724044013,-2.88625068817803
2018-05-15,3.512789553579866,1.3373628724044013
2018-05-16,-0.5255156239674896,3.512789553579866
2018-05-17,-0.21124608694685074,-0.5255156239674896
2018-05-18,-1.5949510383659637,-0.21124608694685074
2018-05-19,-3.01404578707521,-1.5949510383659637
2018-05-20,0.26582321573089623,-3.01404578707521
2018-05-21,0.10382905704057677,0.26582321573089623
2018-05-22,-1.8256530046411628,0.10382905704057677
2018-05-23,1.3136969682574722,-1.8256530046411628
2018-05-24,2.052718569803963,1.3136969682574722
2018-05-25,2.9208041442086397,2.052718569803963
2018-05-26,3.578577172539881,2.9208041442086397
2018-05-27,1.8314393237769404,3.578577172539881
2018-05-28,-0.06877494663403695,1.8314393237769404
2018-05-29,3.1205656107319517,-0.06877494663403695
2018-05-30,0.7704278125493521,3.1205656107319517
2018-05-31,0.5715307875947956,0.7704278125493521
2018-06-01,1.8557523788435921,0.5715307875947956
2018-06-02,2.883926443800222,1.8557523788435921
2018-06-03,-1.0727714287979195,2.883926443800222
2018-06-04,-1.2224826710707497,-1.0727714287979195
2018-06-05,-0.4908250064702612,-1.2224826710707497
2018-06-06,-0.9070351755080496,-0.4908250064702612
2018-06-07,-0.7160682294030479,-0.9070351755080496
2018-06-08,1.0871728752097443,-0.7160682294030479
2018-06-09,1.6805880320654658,1.0871728752097443
2018-06-10,-1.1108697770568934,1.6805880320654658
2018-06-11,-1.9132296644713926,-1.1108697770568934
2018-06-12,-0.002055082731679148,-1.9132296644713926
2018-06-13,0.6270287473851546,-0.002055082731679148
2018-06-14,1.7254496004408024,0.6270287473851546
2018-06-15,-0.33644001048715577,1.7254496004408024
2018-06-16,1.3671417939125956,-0.33644001048715577
2018-06-17,1.9544279493791032,1.3671417939125956
2018-06-18,2.302183082925331,1.9544279493791032
2018-06-19,0.4596641885763428,2.302183082925331
2018-06-20,0.15234345368321248,0.4596641885763428
2018-06-21,-0.27993251386289025,0.15234345368321248
2018-06-22,-1.8795448710128002,-0.27993251386289025
2018-06-23,-2.872919675661507,-1.8795448710128002
2018-06-24,0.7693450347189849,-2.872919675661507
2018-06-25,-0.7364822277180194,0.7693450347189849
2018-06-26,-0.30308856044539184,-0.7364822277180194
2018-06-27,-1.5185489642107188,-0.30308856044539184
2018-06-28,0.5557418804767509,-1.5185489642107188
2018-06-29,2.3380316174850386,0.5557418804767509
2018-06-30,2.8330945122156765,2.3380316174850386
2018-07-01,3.0888424442539364,2.8330945122156765
2018-07-02,2.3655965592227672,3.0888424442539364
2018-07-03,2.9687656280508516,2.3655965592227672
2018-07-04,0.6700456062417443,2.9687656280508516
2018-07-05,2.541649183261501,0.6700456062417443
2018-07-06,0.5430689415289462,2.541649183261501
2018-07-07,-0.10250074568568017,0.5430689415289462
2018-07-08,0.7001092700500274,-0.10250074568568017
2018-07-09,1.618973601495586,0.7001092700500274
2018-07-10,2.4635314540180766,1.618973601495586
2018-07-11,0.9741419282808633,2.4635314540180766
2018-07-12,0.3755483205310105,0.9741419282808633
2018-07-13,0.4323072633214309,0.3755483205310105
2018-07-14,0.2753657470188003,0.4323072633214309
2018-07-15,-0.18346113403847567,0.2753657470188003
2018-07-16,1.7255521982787871,-0.18346113403847567
2018-07-17,0.8919859445113233,1.7255521982787871
2018-07-18,0.23096260373915392,0.8919859445113233
2018-07-19,0.39028242713895767,0.23096260373915392
2018-07-20,-0.20893543996132533,0.39028242713895767
2018-07-21,-1.5462964067451062,-0.20893543996132533
2018-07-22,-0.7264324163109224,-1.5462964067451062
2018-07-23,0.22347994334933438,-0.7264324163109224
2018-07-24,0.100151691101369,0.22347994334933438
2018-07-25,-0.5180109070095925,0.100151691101369
2018-07-26,0.4816272598897192,-0.5180109070095925
2018-07-27,-0.043108125875730575,0.4816272598897192
2018-07-28,-0.010710644711255742,-0.043108125875730575
2018-07-29,-0.4034802224547878,-0.010710644711255742
2018-07-30,-2.4680402020570402,-0.4034802224547878
2018-07-31,-1.804789264657464,-2.4680402020570402
2018-08-01,-0.6744164317271264,-1.804789264657464
2018-08-02,-0.12137573569095934,-0.6744164317271264
2018-08-03,0.040177889751130604,-0.12137573569095934
2018-08-04,0.6516212824060451,0.040177889751130604
2018-08-05,1.539542467376931,0.6516212824060451
2018-08-06,1.5707561643265358,1.539542467376931
2018-08-07,1.717040081111935,1.5707561643265358
2018-08-08,1.7470687259157276,1.717040081111935
2018-08-09,1.256196237319707,1.7470687259157276
2018-08-10,0.31557737395888,1.256196237319707
2018-08-11,-1.4653712680298256,0.31557737395888
2018-08-12,-0.8587230672995627,-1.4653712680298256
2018-08-13,-2.0512368294989938,-0.8587230672995627
2018-08-14,-1.0994757139689288,-2.0512368294989938
2018-08-15,0.40969638364617483,-1.0994757139689288
2018-08-16,0.9803144157921665,0.40969638364617483
2018-08-17,0.8534342079974659,0.9803144157921665
2018-08-18,0.33246854800573367,0.8534342079974659
2018-08-19,-2.21184901052093,0.33246854800573367
2018-08-20,-1.9245044808481944,-2.21184901052093
2018-08-21,-1.6727184400024013,-1.9245044808481944
2018-08-22,-0.6710752966538198,-1.6727184400024013
2018-08-23,-1.6590827556232604,-0.6710752966538198
2018-08-24,-1.1949670633218015,-1.6590827556232604
2018-08-25,-0.851950156177321,-1.1949670633218015
2018-08-26,0.5800957346699182,-0.851950156177321
2018-08-27,1.6806873770849333,0.5800957346699182
2018-08-28,2.7477481147431537,1.6806873770849333
2018-08-29,1.8135334064253867,2.7477481147431537
2018-08-30,0.9246721871451626,1.8135334064253867
2018-08-31,-0.46941534911216004,0.9246721871451626
2018-09-01,-0.5849769059599134,-0.46941534911216004
2018-09-02,0.19576167265496383,-0.5849769059599134
2018-09-03,0.7009149080863808,0.19576167265496383
2018-09-04,1.7618022108961644,0.7009149080863808
2018-09-05,2.03776690286778,1.7618022108961644
2018-09-06,1.3766725913166746,2.03776690286778
2018-09-07,-1.2997814290134067,1.3766725913166746
2018-09-08,-3.3495245055091267,-1.2997814290134067
2018-09-09,-4.898015358804613,-3.3495245055091267
2018-09-10,-4.0525130313690285,-4.898015358804613
2018-09-11,-2.091839046309734,-4.0525130313690285
2018-09-12,-0.42635673293870485,-2.091839046309734
2018-09-13,-0.8599153922966017,-0.42635673293870485
2018-09-14,-0.30401783415095324,-0.8599153922966017
2018-09-15,1.0088393867408911,-0.30401783415095324
2018-09-16,2.0933148758783626,1.0088393867408911
2018-09-17,1.870581231742139,2.0933148758783626
2018-09-18,1.015481189692361,1.870581231742139
2018-09-19,0.9472204772845946,1.015481189692361
2018-09-20,0.7846935547766938,0.9472204772845946
2018-09-21,-0.49084834858354714,0.7846935547766938
2018-09-22,-1.7165624970683075,-0.49084834858354714
2018-09-23,-3.558976394839656,-1.7165624970683075
2018-09-24,-2.2433569778688573,-3.558976394839656
2018-09-25,0.25559651286405843,-2.2433569778688573
2018-09-26,0.9089955426089099,0.25559651286405843
2018-09-27,-1.923424902086887,0.9089955426089099
2018-09-28,-3.0273290718830332,-1.923424902086887
2018-09-29,-0.9971723957685739,-3.0273290718830332
2018-09-30,-1.1158292024699845,-0.9971723957685739
2018-10-01,0.6655727334447422,-1.1158292024699845
2018-10-02,0.5240327442986195,0.6655727334447422
2018-10-03,2.0089378640564766,0.5240327442986195
2018-10-04,2.159746381388488,2.0089378640564766
2018-10-05,0.010434578613389785,2.159746381388488
2018-10-06,-0.126221988714601,0.010434578613389785
2018-10-07,1.5815790141092734,-0.126221988714601
2018-10-08,1.2448528427558299,1.5815790141092734
2018-10-09,2.1957097835900017,1.2448528427558299
2018-10-10,2.009795692588737,2.1957097835900017
2018-10-11,0.03990109794099073,2.009795692588737
2018-10-12,-2.6045144945254517,0.03990109794099073
2018-10-13,-4.830745554257115,-2.6045144945254517
2018-10-14,-3.232333798189705,-4.830745554257115
2018-10-15,-1.4398437780777913,-3.232333798189705
2018-10-16,-3.6482672151561704,-1.4398437780777913
2018-10-17,-3.408543155509415,-3.6482672151561704
2018-10-18,-4.2440005645133665,-3.408543155509415
2018-10-19,-1.7379487998107785,-4.2440005645133665
2018-10-20,-0.9614955904967397,-1.7379487998107785
2018-10-21,-4.45793171585941,-0.9614955904967397
2018-10-22,-4.517291483953334,-4.45793171585941
2018-10-23,-2.2582555042871513,-4.517291483953334
2018-10-24,-4.210777347153548,-2.2582555042871513
2018-10-25,-4.526114544592953,-4.210777347153548
2018-10-26,-4.202061244243216,-4.526114544592953
2018-10-27,-2.622244977278741,-4.202061244243216
2018-10-28,-1.6282052239837126,-2.622244977278741
2018-10-29,-1.1383178927726005,-1.6282052239837126
2018-10-30,-0.37292455443130884,-1.1383178927726005
2018-10-31,0.9987182633549708,-0.37292455443130884
2018-11-01,1.5840854399018913,0.9987182633549708
2018-11-02,2.729741105977677,1.5840854399018913
2018-11-03,1.1099632945449038,2.729741105977677
2018-11-04,-1.4023149641670114,1.1099632945449038
2018-11-05,-0.546570750641263,-1.4023149641670114
2018-11-06,0.7154845890244342,-0.546570750641263
2018-11-07,0.7067307210998373,0.7154845890244342
2018-11-08,-1.9084846898666985,0.7067307210998373
2018-11-09,-2.8846354878648603,-1.9084846898666985
2018-11-10,-4.820353066372658,-2.8846354878648603
2018-11-11,-4.417785158583676,-4.820353066372658
2018-11-12,-5.005863623082241,-4.417785158583676
2018-11-13,-5.511865919952617,-5.005863623082241
2018-11-14,-5.390577412849975,-5.511865919952617
2018-11-15,-5.235666699783069,-5.390577412849975
2018-11-16,-2.7435945517842453,-5.235666699783069
2018-11-17,-2.585071971428008,-2.7435945517842453
2018-11-18,-3.316849170650331,-2.585071971428008
2018-11-19,-2.9440733169618922,-3.316849170650331
2018-11-20,-2.8677548619923168,-2.9440733169618922
2018-11-21,-3.1880766820236963,-2.8677548619923168
2018-11-22,-6.19167426224359,-3.1880766820236963
2018-11-23,-4.361873481166072,-6.19167426224359
2018-11-24,-0.7709345992418654,-4.361873481166072
2018-11-25,0.5962663176381877,-0.7709345992418654
2018-11-26,-1.2672764965447476,0.5962663176381877
2018-11-27,-3.255331326855406,-1.2672764965447476
2018-11-28,-3.8258849605709457,-3.255331326855406
2018-11-29,-1.287078504811847,-3.8258849605709457
2018-11-30,-0.9630811566322012,-1.287078504811847
2018-12-01,-0.5185989267090337,-0.9630811566322012
2018-12-02,1.3861099149069591,-0.5185989267090337
2018-12-03,0.6842731672517741,1.3861099149069591
2018-12-04,-2.566785101780655,0.6842731672517741
2018-12-05,-5.232904056337507,-2.566785101780655
2018-12-06,-4.147863691389674,-5.232904056337507
2018-12-07,-3.4527849762499376,-4.147863691389674
2018-12-08,-4.626533101363591,-3.4527849762499376
2018-12-09,-4.47951265991768,-4.626533101363591
2018-12-10,-3.212716191470623,-4.47951265991768
2018-12-11,-2.204797545826903,-3.212716191470623
2018-12-12,-1.1459911634364226,-2.204797545826903
2018-12-13,0.9623016314038578,-1.1459911634364226
2018-12-14,-0.23705815228893098,0.9623016314038578
2018-12-15,1.9978615676495284,-0.23705815228893098
2018-12-16,1.0317454871170744,1.9978615676495284
2018-12-17,0.6729203138657955,1.0317454871170744
2018-12-18,-0.5150629717659075,0.6729203138657955
2018-12-19,0.5755057788920331,-0.5150629717659075
2018-12-20,2.397116402136807,0.5755057788920331
2018-12-21,3.707534843868304,2.397116402136807
2018-12-22,2.2534640053635098,3.707534843868304
2018-12-23,0.1523431596184878,2.2534640053635098
2018-12-24,-0.32181954268380825,0.1523431596184878
2018-12-25,0.470136205907998,-0.32181954268380825
2018-12-26,1.0612716063358099,0.470136205907998
2018-12-27,1.906159948367945,1.0612716063358099
2018-12-28,3.515736686416399,1.906159948367945
2018-12-29,1.1248278994033996,3.515736686416399
2018-12-30,-2.0272912624737094,1.1248278994033996
2018-12-31,1.4893495601190263,-2.0272912624737094
2019-01-01,2.778945800325008,1.4893495601190263
2019-01-02,-2.32910507755567,2.778945800325008
2019-01-03,-0.27495735890510214,-2.32910507755567
2019-01-04,2.4323828339606903,-0.27495735890510214
2019-01-05,2.7051113456120324,2.4323828339606903
2019-01-06,2.8131306387745227,2.7051113456120324
2019-01-07,1.0412369659186553,2.8131306387745227
2019-01-08,4.059027289714527,1.0412369659186553
2019-01-09,0.8552322605292533,4.059027289714527
2019-01-10,-2.856079040642904,0.8552322605292533
2019-01-11,-2.215850722030139,-2.856079040642904
2019-01-12,-2.1439284152906795,-2.215850722030139
2019-01-13,-3.617032410914728,-2.1439284152906795
2019-01-14,-3.7598641987147947,-3.617032410914728
2019-01-15,-2.8641344174999026,-3.7598641987147947
2019-01-16,-0.3414067330186078,-2.8641344174999026
2019-01-17,-1.4191681922061534,-0.3414067330186078
2019-01-18,0.685230719847429,-1.4191681922061534
2019-01-19,0.8271406739411249,0.685230719847429
2019-01-20,-0.7770721702138857,0.8271406739411249
2019-01-21,-7.157368503502435,-0.7770721702138857
2019-01-22,-2.0998601120472173,-7.157368503502435
2019-01-23,2.244710239900849,-2.0998601120472173
2019-01-24,4.420327601214835,2.244710239900849
2019-01-25,-1.6222993552262395,4.420327601214835
2019-01-26,-1.9436287697712737,-1.6222993552262395
2019-01-27,1.2319739131657201,-1.9436287697712737
2019-01-28,-0.12223360647331839,1.2319739131657201
2019-01-29,-2.4070354875071187,-0.12223360647331839
2019-01-30,-5.00677176979772,-2.4070354875071187
2019-01-31,-7.759969254265582,-5.00677176979772
2019-02-01,-4.607842084371572,-7.759969254265582
2019-02-02,-0.5817788852072551,-4.607842084371572
2019-02-03,3.2746302824262528,-0.5817788852072551
2019-02-04,6.055748973132184,3.2746302824262528
2019-02-05,6.03101941748215,6.055748973132184
2019-02-06,2.0883957514080747,6.03101941748215
2019-02-07,2.1312415675962963,2.0883957514080747
2019-02-08,-0.5045036608365836,2.1312415675962963
2019-02-09,-5.612372221179208,-0.5045036608365836
2019-02-10,-3.756009390648751,-5.612372221179208
2019-02-11,-2.4534547901536246,-3.756009390648751
2019-02-12,-1.0511858890573182,-2.4534547901536246
2019-02-13,-1.2832700930829077,-1.0511858890573182
2019-02-14,2.3129164668758806,-1.2832700930829077
2019-02-15,3.370835709896928,2.3129164668758806
2019-02-16,-1.049679890292085,3.370835709896928
2019-02-17,-3.748570084422255,-1.049679890292085
2019-02-18,-2.5640370924657616,-3.748570084422255
2019-02-19,-4.9140141309342456,-2.5640370924657616
2019-02-20,-4.376000019889472,-4.9140141309342456
2019-02-21,-0.7139465293260718,-4.376000019889472
2019-02-22,-1.1069037388598415,-0.7139465293260718
2019-02-23,-0.6743561924138713,-1.1069037388598415
2019-02-24,0.9473551160070107,-0.6743561924138713
2019-02-25,-2.1250603898543567,0.9473551160070107
2019-02-26,-3.029805699200528,-2.1250603898543567
2019-02-27,-3.4348670059696937,-3.029805699200528
2019-02-28,-3.913815212409265,-3.4348670059696937
2019-03-01,-4.188618806188312,-3.913815212409265
2019-03-02,-2.905341947575837,-4.188618806188312
2019-03-03,-3.8566884698141597,-2.905341947575837
2019-03-04,-7.2662832093682335,-3.8566884698141597
2019-03-05,-6.713801317483103,-7.2662832093682335
2019-03-06,-7.44923924481754,-6.713801317483103
2019-03-07,-4.623835155042571,-7.44923924481754
2019-03-08,-2.1931713423266794,-4.623835155042571
2019-03-09,-0.07694676020963083,-2.1931713423266794
2019-03-10,-1.4917588552044332,-0.07694676020963083
2019-03-11,1.0127019857054123,-1.4917588552044332
2019-03-12,-0.87158027262407,1.0127019857054123
2019-03-13,0.5849161550470702,-0.87158027262407
2019-03-14,3.324948885222616,0.5849161550470702
2019-03-15,4.538637507318484,3.324948885222616
2019-03-16,0.6760799036587383,4.538637507318484
2019-03-17,-0.6455122966439122,0.6760799036587383
2019-03-18,-0.9812139386110991,-0.6455122966439122
2019-03-19,-0.9092653601929664,-0.9812139386110991
2019-03-20,-0.47853879219264134,-0.9092653601929664
2019-03-21,-2.027359460951583,-0.47853879219264134
2019-03-22,-1.3683039377686763,-2.027359460951583
2019-03-23,-1.0772384031261852,-1.3683039377686763
2019-03-24,2.279070185620089,-1.0772384031261852
2019-03-25,0.9082074584160283,2.279070185620089
2019-03-26,-1.3989948768701965,0.9082074584160283
2019-03-27,-1.349741342972096,-1.3989948768701965
2019-03-28,0.63283693431862,-1.349741342972096
2019-03-29,1.6032706563045511,0.63283693431862
2019-03-30,3.2615910422017813,1.6032706563045511
2019-03-31,0.39314370300179097,3.2615910422017813
2019-04-01,-2.985185900451268,0.39314370300179097
2019-04-02,-1.336968300451939,-2.985185900451268
2019-04-03,1.6722601757266318,-1.336968300451939
2019-04-04,0.44314634413469184,1.6722601757266318
2019-04-05,-1.9387621264685766,0.44314634413469184
2019-04-06,2.448896446224115,-1.9387621264685766
2019-04-07,3.3297238470054134,2.448896446224115
2019-04-08,6.711292086613502,3.3297238470054134
2019-04-09,2.18183422973647,6.711292086613502
2019-04-10,0.7796342935471824,2.18183422973647
2019-04-11,-1.1058351793980692,0.7796342935471824
2019-04-12,1.043956614112741,-1.1058351793980692
2019-04-13,3.0370951546254954,1.043956614112741
2019-04-14,0.32003139190225355,3.0370951546254954
2019-04-15,0.38854351997307107,0.32003139190225355
2019-04-16,0.9943554229493965,0.38854351997307107
2019-04-17,1.5323135495116829,0.9943554229493965
2019-04-18,1.8939546875305735,1.5323135495116829
2019-04-19,1.910732477396037,1.8939546875305735
2019-04-20,-0.1670787217762307,1.910732477396037
2019-04-21,1.3929047291336463,-0.1670787217762307
2019-04-22,1.2682574853345627,1.3929047291336463
2019-04-23,2.867370904511214,1.2682574853345627
2019-04-24,1.4587188571481566,2.867370904511214
2019-04-25,0.6654803101260651,1.4587188571481566
2019-04-26,-0.5635195791724238,0.6654803101260651
2019-04-27,-1.6173047704393062,-0.5635195791724238
2019-04-28,-2.075178498601464,-1.6173047704393062
2019-04-29,-1.6902806301192483,-2.075178498601464
2019-04-30,-1.4298151337448621,-1.6902806301192483
2019-05-01,-1.9910789998462997,-1.4298151337448621
2019-05-02,0.6798201113747484,-1.9910789998462997
2019-05-03,-2.193938887864478,0.6798201113747484
2019-05-04,0.15922017194475188,-2.193938887864478
2019-05-05,-1.7074303876538626,0.15922017194475188
2019-05-06,0.5350800062949357,-1.7074303876538626
2019-05-07,-0.6996863069341812,0.5350800062949357
2019-05-08,-0.8288802603440337,-0.6996863069341812
2019-05-09,-2.230459103285901,-0.8288802603440337
2019-05-10,-1.0364645555033527,-2.230459103285901
2019-05-11,-2.1947601146304687,-1.0364645555033527
2019-05-12,-4.61887591429297,-2.1947601146304687
2019-05-13,-5.277564028405538,-4.61887591429297
2019-05-14,-3.8809411606876356,-5.277564028405538
2019-05-15,-0.5411918321491942,-3.8809411606876356
2019-05-16,0.2488380471803905,-0.5411918321491942
2019-05-17,0.1085057227739346,0.2488380471803905
2019-05-18,0.19574182616350913,0.1085057227739346
2019-05-19,0.5243202935866308,0.19574182616350913
2019-05-20,1.3003630295881874,0.5243202935866308
2019-05-21,-2.1081668064547703,1.3003630295881874
2019-05-22,-0.1464389405253397,-2.1081668064547703
2019-05-23,-0.4769958962720002,-0.1464389405253397
2019-05-24,0.36378371975225665,-0.4769958962720002
2019-05-25,0.0870916312820617,0.36378371975225665
2019-05-26,1.8719587650941734,0.0870916312820617
2019-05-27,0.341677172794519,1.8719587650941734
2019-05-28,-0.928650851494431,0.341677172794519
2019-05-29,-0.7079762713776657,-0.928650851494431
2019-05-30,-0.55501169107009,-0.7079762713776657
2019-05-31,0.9091729799422618,-0.55501169107009
2019-06-01,1.0834669600224958,0.9091729799422618
2019-06-02,-0.021657837482095123,1.0834669600224958
2019-06-03,-1.4230299603387666,-0.021657837482095123
2019-06-04,-0.8364433742765389,-1.4230299603387666
2019-06-05,0.39221532445011104,-0.8364433742765389
2019-06-06,0.630089953757721,0.39221532445011104
2019-06-07,0.39210136728774986,0.630089953757721
2019-06-08,0.2766247883431449,0.39210136728774986
2019-06-09,0.2662136783943178,0.2766247883431449
2019-06-10,-0.40114899112100916,0.2662136783943178
2019-06-11,0.43496061474267184,-0.40114899112100916
2019-06-12,-1.408156427095691,0.43496061474267184
2019-06-13,-3.721988832759623,-1.408156427095691
2019-06-14,-1.5770323023513384,-3.721988832759623
2019-06-15,-0.5134824096598548,-1.5770323023513384
2019-06-16,-2.1762915049498646,-0.5134824096598548
2019-06-17,-1.6816630537232753,-2.1762915049498646
2019-06-18,-1.330081653372497,-1.6816630537232753
2019-06-19,-1.3736346738848781,-1.330081653372497
2019-06-20,-0.6206658534522576,-1.3736346738848781
2019-06-21,-1.013127963707772,-0.6206658534522576
2019-06-22,-0.3368206872338076,-1.013127963707772
2019-06-23,0.40560004660175314,-0.3368206872338076
2019-06-24,-0.4651504594455885,0.40560004660175314
2019-06-25,-0.27665064255034316,-0.4651504594455885
2019-06-26,0.43121488171741,-0.27665064255034316
2019-06-27,0.8369688375325218,0.43121488171741
2019-06-28,1.8906953447993984,0.8369688375325218
2019-06-29,2.1304824964922773,1.8906953447993984
2019-06-30,0.44488355047834466,2.1304824964922773
2019-07-01,0.8433408930646892,0.44488355047834466
2019-07-02,1.3796606750448972,0.8433408930646892
2019-07-03,0.8587346042659499,1.3796606750448972
2019-07-04,1.6054127210297486,0.8587346042659499
2019-07-05,1.1429935472739103,1.6054127210297486
2019-07-06,0.9686118577647286,1.1429935472739103
2019-07-07,-0.37013259677151306,0.9686118577647286
2019-07-08,-1.7271916606635187,-0.37013259677151306
2019-07-09,0.6833996614749046,-1.7271916606635187
2019-07-10,1.3506048769756784,0.6833996614749046
2019-07-11,0.5155069748165404,1.3506048769756784
2019-07-12,0.40346972694259314,0.5155069748165404
2019-07-13,0.42175917645483196,0.40346972694259314
2019-07-14,0.8196263468119741,0.42175917645483196
2019-07-15,0.5007167356616273,0.8196263468119741
2019-07-16,1.3920465105848872,0.5007167356616273
2019-07-17,2.0791627800852637,1.3920465105848872
2019-07-18,-0.6051283993632243,2.0791627800852637
2019-07-19,1.7010373392382327,-0.6051283993632243
2019-07-20,2.4514575279807644,1.7010373392382327
2019-07-21,1.5601151754679246,2.4514575279807644
2019-07-22,0.17677337479559313,1.5601151754679246
2019-07-23,-3.3014424971884107,0.17677337479559313
2019-07-24,-0.996849343024795,-3.3014424971884107
2019-07-25,-0.4508961190054566,-0.996849343024795
2019-07-26,0.05391267871081689,-0.4508961190054566
2019-07-27,0.3699218637830071,0.05391267871081689
2019-07-28,0.6844289623208017,0.3699218637830071
2019-07-29,0.6326107806475914,0.6844289623208017
2019-07-30,1.137647491841614,0.6326107806475914
2019-07-31,-0.35049764107938736,1.137647491841614
2019-08-01,-0.5470120883972392,-0.35049764107938736
2019-08-02,-0.8310965216268434,-0.5470120883972392
2019-08-03,-0.14224196547120638,-0.8310965216268434
2019-08-04,0.18916006213717226,-0.14224196547120638
2019-08-05,-0.5380169948774636,0.18916006213717226
2019-08-06,-1.1979098129226877,-0.5380169948774636
2019-08-07,0.3435137108947684,-1.1979098129226877
2019-08-08,-0.01528908173680617,0.3435137108947684
2019-08-09,0.06633067372094735,-0.01528908173680617
2019-08-10,-0.402830071749497,0.06633067372094735
2019-08-11,-0.45120373959135524,-0.402830071749497
2019-08-12,0.7633038199806853,-0.45120373959135524
2019-08-13,-0.3317952576272251,0.7633038199806853
2019-08-14,0.36298550629994303,-0.3317952576272251
2019-08-15,0.3544740465210459,0.36298550629994303
2019-08-16,-0.13571453974040917,0.3544740465210459
2019-08-17,0.5016244872115302,-0.13571453974040917
2019-08-18,1.2407415573128693,0.5016244872115302
2019-08-19,2.092804557214334,1.2407415573128693
2019-08-20,1.027822303019437,2.092804557214334
2019-08-21,1.8450685300079404,1.027822303019437
2019-08-22,1.7877664820431813,1.8450685300079404
2019-08-23,-1.7702513181878938,1.7877664820431813
2019-08-24,-1.9922783352969837,-1.7702513181878938
2019-08-25,-1.9560866608308887,-1.9922783352969837
2019-08-26,-1.3986012663642091,-1.9560866608308887
2019-08-27,-1.4339972144352326,-1.3986012663642091
2019-08-28,-1.0820347187625343,-1.4339972144352326
2019-08-29,0.5160153092175267,-1.0820347187625343
2019-08-30,0.7962337176518837,0.5160153092175267
2019-08-31,0.20876458884026902,0.7962337176518837
2019-09-01,-0.6472313009961077,0.20876458884026902
2019-09-02,0.9743552610727524,-0.6472313009961077
2019-09-03,1.365858031147393,0.9743552610727524
2019-09-04,2.6147494704618337,1.365858031147393
2019-09-05,-0.11166432774235314,2.6147494704618337
2019-09-06,-1.5564194459118679,-0.11166432774235314
2019-09-07,0.6236932348955915,-1.5564194459118679
2019-09-08,-0.2806517030272227,0.6236932348955915
2019-09-09,0.3627912596028331,-0.2806517030272227
2019-09-10,0.8683763171314886,0.3627912596028331
2019-09-11,3.1715528875061922,0.8683763171314886
2019-09-12,2.3331055214563325,3.1715528875061922
2019-09-13,0.09241139157103036,2.3331055214563325
2019-09-14,0.6766440065936181,0.09241139157103036
2019-09-15,2.0756439368960122,0.6766440065936181
2019-09-16,1.055259033065539,2.0756439368960122
2019-09-17,0.2786474158165963,1.055259033065539
2019-09-18,-0.8723161215796147,0.2786474158165963
2019-09-19,-1.7702562548767284,-0.8723161215796147
2019-09-20,0.8660792838356399,-1.7702562548767284
2019-09-21,2.5029468944361013,0.8660792838356399
2019-09-22,3.77485425577554,2.5029468944361013
2019-09-23,3.796969830599848,3.77485425577554
2019-09-24,1.500489971458961,3.796969830599848
2019-09-25,2.9181611457492704,1.500489971458961
2019-09-26,2.8283337018643393,2.9181611457492704
2019-09-27,0.466337248895533,2.8283337018643393
2019-09-28,1.6278932652420952,0.466337248895533
2019-09-29,1.5382981316357685,1.6278932652420952
2019-09-30,0.4070249857409766,1.5382981316357685
2019-10-01,3.0447867975605645,0.4070249857409766
2019-10-02,4.724446394763978,3.0447867975605645
2019-10-03,-0.6868222186736188,4.724446394763978
2019-10-04,-0.5149175276084094,-0.6868222186736188
2019-10-05,-1.4278280894321123,-0.5149175276084094
2019-10-06,1.3638504001168374,-1.4278280894321123
2019-10-07,2.1895417855673913,1.3638504001168374
2019-10-08,-1.1872050683093207,2.1895417855673913
2019-10-09,-1.5945694304741151,-1.1872050683093207
2019-10-10,1.2585030348844972,-1.5945694304741151
2019-10-11,-0.6633046931655241,1.2585030348844972
2019-10-12,-1.9655279381655761,-0.6633046931655241
2019-10-13,-1.7781085325404662,-1.9655279381655761
2019-10-14,-0.22871435661783243,-1.7781085325404662
2019-10-15,-0.29320468810881517,-0.22871435661783243
2019-10-16,-0.3982155088480008,-0.29320468810881517
2019-10-17,-3.1941688018382672,-0.3982155088480008
2019-10-18,-2.342966438349975,-3.1941688018382672
2019-10-19,-0.8274007129441809,-2.342966438349975
2019-10-20,-0.22716260187212708,-0.8274007129441809
2019-10-21,1.9626473947920904,-0.22716260187212708
2019-10-22,0.8827085160466676,1.9626473947920904
2019-10-23,1.853740359208196,0.8827085160466676
2019-10-24,2.2853963860419033,1.853740359208196
2019-10-25,-0.158689518739798,2.2853963860419033
2019-10-26,-0.19875204052036138,-0.158689518739798
2019-10-27,1.0858212067957165,-0.19875204052036138
2019-10-28,-0.5982155652453464,1.0858212067957165
2019-10-29,-2.860241367436511,-0.5982155652453464
2019-10-30,-1.9862647819390649,-2.860241367436511
2019-10-31,-0.027445128578845766,-1.9862647819390649
2019-11-01,-0.6506611991880783,-0.027445128578845766
2019-11-02,-2.5802899178072254,-0.6506611991880783
2019-11-03,-1.6327461160031838,-2.5802899178072254
2019-11-04,-0.6843211689239916,-1.6327461160031838
2019-11-05,-0.32671552830413725,-0.6843211689239916
2019-11-06,-0.4860666002206541,-0.32671552830413725
2019-11-07,-1.8644171589415282,-0.4860666002206541
2019-11-08,-6.006933500621611,-1.8644171589415282
2019-11-09,-3.458575508547383,-6.006933500621611
2019-11-10,-1.27267985024029,-3.458575508547383
2019-11-11,0.0756998465869542,-1.27267985024029
2019-11-12,-4.658293819566212,0.0756998465869542
2019-11-13,-9.114140997512079,-4.658293819566212
2019-11-14,-6.210122397338082,-9.114140997512079
2019-11-15,-2.6559355725855514,-6.210122397338082
2019-11-16,-3.628186071949706,-2.6559355725855514
2019-11-17,-1.5321247118623413,-3.628186071949706
2019-11-18,-0.8016475160484694,-1.5321247118623413
2019-11-19,-0.08212915977471506,-0.8016475160484694
2019-11-20,-1.0543112218682216,-0.08212915977471506
2019-11-21,0.44243003979636497,-1.0543112218682216
2019-11-22,-0.7563071474555854,0.44243003979636497
2019-11-23,-2.1272302546924418,-0.7563071474555854
2019-11-24,-0.2488042993452785,-2.1272302546924418
2019-11-25,1.217052253522366,-0.2488042993452785
2019-11-26,2.5201071642618715,1.217052253522366
2019-11-27,1.1064060050990936,2.5201071642618715
2019-11-28,-1.8343647951107591,1.1064060050990936
2019-11-29,-2.4052791252875454,-1.8343647951107591
2019-11-30,-1.574042893964156,-2.4052791252875454
2019-12-01,-2.5673062690047943,-1.574042893964156
2019-12-02,-3.5802809847828034,-2.5673062690047943
2019-12-03,-3.0253442060677713,-3.5802809847828034
2019-12-04,-1.393982619877862,-3.0253442060677713
2019-12-05,-0.084506951890763,-1.393982619877862
2019-12-06,0.6013607139877839,-0.084506951890763
2019-12-07,-1.5317922151330816,0.6013607139877839
2019-12-08,0.11317734331066077,-1.5317922151330816
2019-12-09,3.2411698633501587,0.11317734331066077
2019-12-10,1.6647398581674342,3.2411698633501587
2019-12-11,-2.9441977526521352,1.6647398581674342
2019-12-12,-1.7892176370662056,-2.9441977526521352
2019-12-13,0.42910618155897695,-1.7892176370662056
2019-12-14,2.48600286115471,0.42910618155897695
2019-12-15,1.6093403680631784,2.48600286115471
2019-12-16,-1.8232700247753764,1.6093403680631784
2019-12-17,-2.5453837192262423,-1.8232700247753764
2019-12-18,-2.8395717618382967,-2.5453837192262423
2019-12-19,-4.589954407250678,-2.8395717618382967
2019-12-20,-1.9019528843161397,-4.589954407250678
2019-12-21,-1.4799522295546539,-1.9019528843161397
2019-12-22,0.7421920301825375,-1.4799522295546539
2019-12-23,3.088227337488188,0.7421920301825375
2019-12-24,2.8281287510080237,3.088227337488188
2019-12-25,2.14686836723168,2.8281287510080237
2019-12-26,2.5696480282592846,2.14686836723168
2019-12-27,2.8646914892159283,2.5696480282592846
2019-12-28,4.100948682279894,2.8646914892159283
2019-12-29,1.8447865343568632,4.100948682279894
2019-12-30,1.274466752004057,1.8447865343568632
2019-12-31,0.7826277400569785,1.274466752004057
2020-01-01,0.4704659657851926,0.7826277400569785
2020-01-02,2.356210330924165,0.4704659657851926
2020-01-03,3.320802723824991,2.356210330924165
2020-01-04,3.051824405832459,3.320802723824991
2020-01-05,1.6215539516099637,3.051824405832459
2020-01-06,3.776419159974109,1.6215539516099637
2020-01-07,2.796976366125482,3.776419159974109
2020-01-08,0.6888101232202155,2.796976366125482
2020-01-09,0.4230709368477643,0.6888101232202155
2020-01-10,5.243610721508079,0.4230709368477643
2020-01-11,6.16139850237524,5.243610721508079
2020-01-12,5.877271171058855,6.16139850237524
2020-01-13,1.7469799985992334,5.877271171058855
2020-01-14,2.968160620313127,1.7469799985992334
2020-01-15,4.846930732448392,2.968160620313127
2020-01-16,2.38465324629887,4.846930732448392
2020-01-17,-1.4447111084419346,2.38465324629887
2020-01-18,0.3740621572827957,-1.4447111084419346
2020-01-19,0.7377921734240617,0.3740621572827957
2020-01-20,-2.9645592436368444,0.7377921734240617
2020-01-21,-3.4287232087764776,-2.9645592436368444
2020-01-22,-2.194999719079276,-3.4287232087764776
2020-01-23,1.0772852140476952,-2.194999719079276
2020-01-24,3.545560279601598,1.0772852140476952
2020-01-25,2.4298206034087144,3.545560279601598
2020-01-26,1.6467538569091813,2.4298206034087144
2020-01-27,1.7651693630106016,1.6467538569091813
2020-01-28,1.3894520191730102,1.7651693630106016
2020-01-29,0.2657669943956742,1.3894520191730102
2020-01-30,-0.8049103427036146,0.2657669943956742
2020-01-31,1.800113475827489,-0.8049103427036146
2020-02-01,2.5731299942220183,1.800113475827489
2020-02-02,3.5345603081743375,2.5731299942220183
2020-02-03,5.283316942198745,3.5345603081743375
2020-02-04,4.489358073442424,5.283316942198745
2020-02-05,1.0443596449899049,4.489358073442424
2020-02-06,-0.8432485091917185,1.0443596449899049
2020-02-07,3.1461329843491406,-0.8432485091917185
2020-02-08,-0.19716136507650175,3.1461329843491406
2020-02-09,1.0548459794412683,-0.19716136507650175
2020-02-10,2.502728975431913,1.0548459794412683
2020-02-11,1.397424217085259,2.502728975431913
2020-02-12,0.45191648943285767,1.397424217085259
2020-02-13,-0.210260785947437,0.45191648943285767
2020-02-14,-2.454198321128257,-0.210260785947437
2020-02-15,-2.687489005718378,-2.454198321128257
2020-02-16,1.4748288997803045,-2.687489005718378
2020-02-17,3.3315746932406203,1.4748288997803045
2020-02-18,2.5334810047420993,3.3315746932406203
2020-02-19,0.2708876270802333,2.5334810047420993
2020-02-20,-2.457902812030112,0.2708876270802333
2020-02-21,-2.3287345334625766,-2.457902812030112
2020-02-22,0.965898743042951,-2.3287345334625766
2020-02-23,2.4197492884547955,0.965898743042951
2020-02-24,3.54487321321487,2.4197492884547955
2020-02-25,3.137194005181839,3.54487321321487
2020-02-26,0.34527186026172724,3.137194005181839
2020-02-27,-0.10725583740712837,0.34527186026172724
2020-02-28,-0.24008201695942008,-0.10725583740712837
2020-02-29,-2.1998907813692843,-0.24008201695942008
2020-03-01,0.3899010720725603,-2.1998907813692843
2020-03-02,4.121905118603629,0.3899010720725603
2020-03-03,5.224926718242938,4.121905118603629
2020-03-04,2.998194546012244,5.224926718242938
2020-03-05,1.858723526640578,2.998194546012244
2020-03-06,-0.5512394983724583,1.858723526640578
2020-03-07,-0.7071320455324708,-0.5512394983724583
2020-03-08,2.73587640421643,-0.7071320455324708
2020-03-09,6.52726906620198,2.73587640421643
2020-03-10,4.963063929862601,6.52726906620198
2020-03-11,3.118595528823708,4.963063929862601
2020-03-12,2.3881219461535848,3.118595528823708
2020-03-13,4.476655193392213,2.3881219461535848
2020-03-14,1.0709022436163116,4.476655193392213
2020-03-15,-0.4292975523909006,1.0709022436163116
2020-03-16,-2.2003209833036843,-0.4292975523909006
2020-03-17,0.3768005391551887,-2.2003209833036843
2020-03-18,0.8467842778628768,0.3768005391551887
2020-03-19,1.9930227383140813,0.8467842778628768
2020-03-20,6.002837023019462,1.9930227383140813
2020-03-21,0.4974664862230509,6.002837023019462
2020-03-22,-3.0694824569007464,0.4974664862230509
2020-03-23,-2.9931118205846685,-3.0694824569007464
2020-03-24,0.9118268999879009,-2.9931118205846685
2020-03-25,-0.508405424957063,0.9118268999879009
2020-03-26,1.3665978504094973,-0.508405424957063
2020-03-27,3.4897138733051776,1.3665978504094973
2020-03-28,0.5778311526851084,3.4897138733051776
2020-03-29,-0.4386157830308984,0.5778311526851084
2020-03-30,-0.06487077476449672,-0.4386157830308984
2020-03-31,-2.3808425705650222,-0.06487077476449672
2020-04-01,-1.04834368824925,-2.3808425705650222
2020-04-02,-0.14190735271183758,-1.04834368824925
2020-04-03,-0.02551963311453276,-0.14190735271183758
2020-04-04,-1.714563574245206,-0.02551963311453276
2020-04-05,0.28074753205658703,-1.714563574245206
2020-04-06,1.3996307756507076,0.28074753205658703
2020-04-07,4.075718146592819,1.3996307756507076
2020-04-08,3.5227856258067916,4.075718146592819
2020-04-09,-0.1694866992139347,3.5227856258067916
2020-04-10,-3.507282956026819,-0.1694866992139347
2020-04-11,-1.5457021242533397,-3.507282956026819
2020-04-12,1.3591220419057426,-1.5457021242533397
2020-04-13,-0.15504616756000134,1.3591220419057426
2020-04-14,-2.768023181164468,-0.15504616756000134
2020-04-15,-3.164693180980283,-2.768023181164468
2020-04-16,-3.779682313983664,-3.164693180980283
2020-04-17,-3.952167339356707,-3.779682313983664
2020-04-18,-4.4274267780331265,-3.952167339356707
2020-04-19,-0.6712152264297995,-4.4274267780331265
2020-04-20,-1.3497012687981018,-0.6712152264297995
2020-04-21,-0.5032006325558203,-1.3497012687981018
2020-04-22,-0.9996404708765839,-0.5032006325558203
2020-04-23,-0.7871963445064456,-0.9996404708765839
2020-04-24,-1.2349333403392924,-0.7871963445064456
2020-04-25,0.5645052398554978,-1.2349333403392924
2020-04-26,-2.425370954513763,0.5645052398554978
2020-04-27,-2.1884153134928814,-2.425370954513763
2020-04-28,0.6893470844619302,-2.1884153134928814
2020-04-29,-1.2144066539103222,0.6893470844619302
2020-04-30,-1.9685350494843552,-1.2144066539103222
2020-05-01,0.4562420348494115,-1.9685350494843552
2020-05-02,2.5279845867994317,0.4562420348494115
2020-05-03,3.703894422203284,2.5279845867994317
2020-05-04,1.696292466534349,3.703894422203284
2020-05-05,-1.3116624962903807,1.696292466534349
2020-05-06,-1.9571837216187729,-1.3116624962903807
2020-05-07,1.0248943001523465,-1.9571837216187729
2020-05-08,-3.265309154992209,1.0248943001523465
2020-05-09,-6.2606631077267245,-3.265309154992209
2020-05-10,-2.8736639408972744,-6.2606631077267245
2020-05-11,-3.423736307260912,-2.8736639408972744
2020-05-12,-3.424306530990853,-3.423736307260912
2020-05-13,-1.824374459550097,-3.424306530990853
2020-05-14,-0.3540149965752541,-1.824374459550097
2020-05-15,2.833119329496833,-0.3540149965752541
2020-05-16,0.2702430547284332,2.833119329496833
2020-05-17,-0.4145994354704103,0.2702430547284332
2020-05-18,-1.3007055595674533,-0.4145994354704103
2020-05-19,-2.3341767842691046,-1.3007055595674533
2020-05-20,-3.484278492080417,-2.3341767842691046
2020-05-21,-0.8025919911975217,-3.484278492080417
2020-05-22,1.2391364718769144,-0.8025919911975217
2020-05-23,0.06357689451957806,1.2391364718769144
2020-05-24,-0.898120364581433,0.06357689451957806
2020-05-25,-1.1214228274601192,-0.898120364581433
2020-05-26,0.7828353940975191,-1.1214228274601192
2020-05-27,1.398546666602779,0.7828353940975191
2020-05-28,0.4349399644030993,1.398546666602779
2020-05-29,1.3374391879371492,0.4349399644030993
2020-05-30,1.1346124835617033,1.3374391879371492
2020-05-31,-1.803916700784122,1.1346124835617033
2020-06-01,-1.421244187016738,-1.803916700784122
2020-06-02,0.7692140934357937,-1.421244187016738
2020-06-03,2.996131599870307,0.7692140934357937
2020-06-04,3.4485752003549717,2.996131599870307
2020-06-05,1.3815894366946395,3.4485752003549717
2020-06-06,1.8267445937613798,1.3815894366946395
2020-06-07,-0.4942128538492026,1.8267445937613798
2020-06-08,1.678209541889665,-0.4942128538492026
2020-06-09,4.395231567307119,1.678209541889665
2020-06-10,2.7307206974727634,4.395231567307119
2020-06-11,1.4763316804534297,2.7307206974727634
2020-06-12,0.7440918290811206,1.4763316804534297
2020-06-13,-1.849214308556096,0.7440918290811206
2020-06-14,-2.1525723786360698,-1.849214308556096
2020-06-15,-1.825205672478304,-2.1525723786360698
2020-06-16,-1.1634624332475767,-1.825205672478304
2020-06-17,-0.9002988198668084,-1.1634624332475767
2020-06-18,0.1843798038814102,-0.9002988198668084
2020-06-19,0.8296960907049298,0.1843798038814102
2020-06-20,0.8639144354649274,0.8296960907049298
2020-06-21,0.935878382052646,0.8639144354649274
2020-06-22,1.0842970476358802,0.935878382052646
2020-06-23,0.22150931304665597,1.0842970476358802
2020-06-24,0.11228420750136334,0.22150931304665597
2020-06-25,0.3052583150162717,0.11228420750136334
2020-06-26,0.22724805159663877,0.3052583150162717
2020-06-27,0.2202713530724075,0.22724805159663877
2020-06-28,0.7600585047652861,0.2202713530724075
2020-06-29,0.9986581109747251,0.7600585047652861
2020-06-30,-0.1447666560563038,0.9986581109747251
2020-07-01,-0.30699909744734677,-0.1447666560563038
2020-07-02,1.935156527740613,-0.30699909744734677
2020-07-03,1.84636411710007,1.935156527740613
2020-07-04,1.383117642413517,1.84636411710007
2020-07-05,2.6043926230180876,1.383117642413517
2020-07-06,1.7827112501778148,2.6043926230180876
2020-07-07,0.3756004799776396,1.7827112501778148
2020-07-08,0.8457574691274372,0.3756004799776396
2020-07-09,1.8169957766654394,0.8457574691274372
2020-07-10,-0.5284433871276181,1.8169957766654394
2020-07-11,1.1900260868184984,-0.5284433871276181
2020-07-12,1.2616764463617622,1.1900260868184984
2020-07-13,1.165644961082916,1.2616764463617622
2020-07-14,0.5257425888157129,1.165644961082916
2020-07-15,-0.3641065400872946,0.5257425888157129
2020-07-16,-1.2079106428723374,-0.3641065400872946
2020-07-17,0.16695019422519294,-1.2079106428723374
2020-07-18,1.3531572978731854,0.16695019422519294
2020-07-19,1.7253975486632864,1.3531572978731854
2020-07-20,1.2268163130067034,1.7253975486632864
2020-07-21,0.5218612755194809,1.2268163130067034
2020-07-22,0.31138066723764884,0.5218612755194809
2020-07-23,-0.3555877091054572,0.31138066723764884
2020-07-24,-1.5865734716424782,-0.3555877091054572
2020-07-25,-0.08755578044120088,-1.5865734716424782
2020-07-26,1.0698184511666673,-0.08755578044120088
2020-07-27,0.9271383728688881,1.0698184511666673
2020-07-28,0.3560854445565877,0.9271383728688881
2020-07-29,0.367326912730963,0.3560854445565877
2020-07-30,0.7714258335845212,0.367326912730963
2020-07-31,-1.2988218091831756,0.7714258335845212
2020-08-01,-0.4529165836744134,-1.2988218091831756
2020-08-02,0.24545193318442868,-0.4529165836744134
2020-08-03,-0.4967758220406968,0.24545193318442868
2020-08-04,-2.084449259613762,-0.4967758220406968
2020-08-05,-0.9136285306062444,-2.084449259613762
2020-08-06,-0.8899919767991302,-0.9136285306062444
2020-08-07,-0.8908837042807563,-0.8899919767991302
2020-08-08,-0.28248008119115137,-0.8908837042807563
2020-08-09,0.831192679026099,-0.28248008119115137
2020-08-10,1.648382609943287,0.831192679026099
2020-08-11,0.7204909968162606,1.648382609943287
2020-08-12,1.5255987444410275,0.7204909968162606
2020-08-13,0.5751881950279683,1.5255987444410275
2020-08-14,1.8939776659626184,0.5751881950279683
2020-08-15,1.384761158294751,1.8939776659626184
2020-08-16,-0.08244996987223514,1.384761158294751
2020-08-17,-0.4321643372062626,-0.08244996987223514
2020-08-18,0.7283784972350159,-0.4321643372062626
2020-08-19,-0.6295716990488162,0.7283784972350159
2020-08-20,-0.14707211115028224,-0.6295716990488162
2020-08-21,0.21506741275672742,-0.14707211115028224
2020-08-22,1.5167186921533686,0.21506741275672742
2020-08-23,1.528817838436212,1.5167186921533686
2020-08-24,1.9015141664700426,1.528817838436212
2020-08-25,1.4855766033358944,1.9015141664700426
2020-08-26,-0.42479349158104535,1.4855766033358944
2020-08-27,1.9975929958186454,-0.42479349158104535
2020-08-28,1.8111549162495841,1.9975929958186454
2020-08-29,-0.026620470559078988,1.8111549162495841
2020-08-30,-0.9489396510769997,-0.026620470559078988
2020-08-31,-1.360985178969221,-0.9489396510769997
2020-09-01,-1.5103396717090485,-1.360985178969221
2020-09-02,-0.83889894920421,-1.5103396717090485
2020-09-03,0.671212758983032,-0.83889894920421
2020-09-04,1.3195662823920824,0.671212758983032
2020-09-05,1.5536115778730346,1.3195662823920824
2020-09-06,2.9428245689183434,1.5536115778730346
2020-09-07,1.066711275256128,2.9428245689183434
2020-09-08,-0.32469581382012475,1.066711275256128
2020-09-09,-2.223764324026733,-0.32469581382012475
2020-09-10,-2.183669449618938,-2.223764324026733
2020-09-11,-1.9742367743037523,-2.183669449618938
2020-09-12,-2.2053135308695078,-1.9742367743037523
2020-09-13,-1.1266651971292367,-2.2053135308695078
2020-09-14,-0.7719258666200183,-1.1266651971292367
2020-09-15,-2.720335589478412,-0.7719258666200183
2020-09-16,-0.7689223876994328,-2.720335589478412
2020-09-17,-0.7646635879705146,-0.7689223876994328
2020-09-18,-1.548436192829159,-0.7646635879705146
2020-09-19,-4.063910374902728,-1.548436192829159
2020-09-20,-3.717011740517364,-4.063910374902728
2020-09-21,-4.394845847637078,-3.717011740517364
2020-09-22,-2.7498760846018064,-4.394845847637078
2020-09-23,-0.13922047321528933,-2.7498760846018064
2020-09-24,-0.8216527115413192,-0.13922047321528933
2020-09-25,-0.33909132398881514,-0.8216527115413192
2020-09-26,0.4342793378303834,-0.33909132398881514
2020-09-27,1.9151735134323757,0.4342793378303834
2020-09-28,0.5896942019563483,1.9151735134323757
2020-09-29,0.03215425151140173,0.5896942019563483
2020-09-30,0.960815753093139,0.03215425151140173
2020-10-01,1.0823574599139245,0.960815753093139
2020-10-02,-1.485994917742905,1.0823574599139245
2020-10-03,-1.4713808161296094,-1.485994917742905
2020-10-04,-1.2580245734031574,-1.4713808161296094
2020-10-05,-0.8010927229441756,-1.2580245734031574
2020-10-06,1.024805487739056,-0.8010927229441756
2020-10-07,1.834925231587267,1.024805487739056
2020-10-08,-0.611425686937403,1.834925231587267
2020-10-09,0.28776880530848903,-0.611425686937403
2020-10-10,1.730180312005107,0.28776880530848903
2020-10-11,0.8380915034062955,1.730180312005107
2020-10-12,-0.814613186108202,0.8380915034062955
2020-10-13,0.6858668222859939,-0.814613186108202
2020-10-14,3.345057979936686,0.6858668222859939
2020-10-15,2.7175032088355575,3.345057979936686
2020-10-16,-0.5041998256231695,2.7175032088355575
2020-10-17,-0.8567203163230871,-0.5041998256231695
2020-10-18,0.05408842873110407,-0.8567203163230871
2020-10-19,-0.7615990031130779,0.05408842873110407
2020-10-20,1.8310031341922977,-0.7615990031130779
2020-10-21,1.667713686677484,1.8310031341922977
2020-10-22,3.0392625929207098,1.667713686677484
2020-10-23,2.3584056931773736,3.0392625929207098
2020-10-24,-0.23376707820205156,2.3584056931773736
2020-10-25,-3.9460116061873727,-0.23376707820205156
2020-10-26,-3.058749630846476,-3.9460116061873727
2020-10-27,-3.408660239495606,-3.058749630846476
2020-10-28,-3.0629300954613288,-3.408660239495606
2020-10-29,-2.261342341401319,-3.0629300954613288
2020-10-30,-4.2999373726326215,-2.261342341401319
2020-10-31,-2.894508148515897,-4.2999373726326215
2020-11-01,-0.44647399226430845,-2.894508148515897
2020-11-02,-4.051463799560577,-0.44647399226430845
2020-11-03,-0.27749593624560537,-4.051463799560577
2020-11-04,2.2363661676627697,-0.27749593624560537
2020-11-05,5.30586721570489,2.2363661676627697
2020-11-06,4.358540441885774,5.30586721570489
2020-11-07,4.11106029462141,4.358540441885774
2020-11-08,3.67296533943607,4.11106029462141
2020-11-09,4.380370821941717,3.67296533943607
2020-11-10,4.707654345035765,4.380370821941717
2020-11-11,2.778107421385186,4.707654345035765
2020-11-12,3.0059210500577245,2.778107421385186
2020-11-13,-0.8414564200888569,3.0059210500577245
2020-11-14,0.38749772627691015,-0.8414564200888569
2020-11-15,3.942754982858982,0.38749772627691015
2020-11-16,2.304793592170751,3.942754982858982
2020-11-17,0.1686730630621824,2.304793592170751
2020-11-18,-3.0668240925565144,0.1686730630621824
2020-11-19,0.0837446209446014,-3.0668240925565144
2020-11-20,3.908510701637111,0.0837446209446014
2020-11-21,3.9555853034234225,3.908510701637111
2020-11-22,1.6546725374482,3.9555853034234225
2020-11-23,0.42523913395358376,1.6546725374482
2020-11-24,-0.48853202775995075,0.42523913395358376
2020-11-25,0.735619056712751,-0.48853202775995075
2020-11-26,3.6734173804868906,0.735619056712751
2020-11-27,2.4958316888602865,3.6734173804868906
2020-11-28,1.7578025706793634,2.4958316888602865
2020-11-29,0.5543955755291227,1.7578025706793634
2020-11-30,2.1270060370965505,0.5543955755291227
2020-12-01,0.14577899453467252,2.1270060370965505
2020-12-02,-1.0106596145476052,0.14577899453467252
2020-12-03,-0.48757103766483223,-1.0106596145476052
2020-12-04,0.5842624379748003,-0.48757103766483223
2020-12-05,-0.33111084754272285,0.5842624379748003
2020-12-06,-1.6439949038611061,-0.33111084754272285
2020-12-07,-1.136874362997509,-1.6439949038611061
2020-12-08,-0.7835457519549087,-1.136874362997509
2020-12-09,0.5452982862956653,-0.7835457519549087
2020-12-10,2.310714346623978,0.5452982862956653
2020-12-11,2.9998206256018407,2.310714346623978
2020-12-12,2.3892923242683883,2.9998206256018407
2020-12-13,3.1794878663253403,2.3892923242683883
2020-12-14,-1.2556027549978352,3.1794878663253403
2020-12-15,-3.2534665087464214,-1.2556027549978352
2020-12-16,-4.436800472070089,-3.2534665087464214
2020-12-17,-3.545879931434988,-4.436800472070089
2020-12-18,-2.837627623383045,-3.545879931434988
2020-12-19,-2.142800867770122,-2.837627623383045
2020-12-20,0.6866454953677866,-2.142800867770122
2020-12-21,2.810134119117388,0.6866454953677866
2020-12-22,2.0876068617901526,2.810134119117388
2020-12-23,2.906308688960453,2.0876068617901526
2020-12-24,1.9461444789173052,2.906308688960453
2020-12-25,3.0979830851362244,1.9461444789173052
2020-12-26,-2.097459493203927,3.0979830851362244
2020-12-27,0.609945579901403,-2.097459493203927
2020-12-28,1.458540412329976,0.609945579901403
2020-12-29,0.8246218709285662,1.458540412329976
2020-12-30,0.9192358062410525,0.8246218709285662
2020-12-31,0.6550850282757751,0.9192358062410525
2021-01-01,-0.9960283465209084,0.6550850282757751
2021-01-02,1.7839249121030687,-0.9960283465209084
2021-01-03,-0.5321445357406761,1.7839249121030687
2021-01-04,0.5582359880454886,-0.5321445357406761
2021-01-05,0.028275771672010834,0.5582359880454886
2021-01-06,0.8520137825180589,0.028275771672010834
2021-01-07,-0.16186541257152073,0.8520137825180589
2021-01-08,-1.827632482777717,-0.16186541257152073
2021-01-09,-1.2605898697706441,-1.827632482777717
2021-01-10,-1.4119218534660682,-1.2605898697706441
2021-01-11,-1.7849303497447193,-1.4119218534660682
2021-01-12,0.2715834771601993,-1.7849303497447193
2021-01-13,1.903236461887754,0.2715834771601993
2021-01-14,3.9648514165902733,1.903236461887754
2021-01-15,3.5332802670916186,3.9648514165902733
2021-01-16,2.7690379412316513,3.5332802670916186
2021-01-17,2.94194866405031,2.7690379412316513
2021-01-18,2.801673325845361,2.94194866405031
2021-01-19,2.2845346760093777,2.801673325845361
2021-01-20,1.1120695050704987,2.2845346760093777
2021-01-21,1.2127452503755396,1.1120695050704987
2021-01-22,0.5273374060499907,1.2127452503755396
2021-01-23,-2.0814531520329678,0.5273374060499907
2021-01-24,-1.669020899302229,-2.0814531520329678
2021-01-25,-0.8484627471600555,-1.669020899302229
2021-01-26,-1.6709297004848211,-0.8484627471600555
2021-01-27,-1.5731967176512398,-1.6709297004848211
2021-01-28,-3.0433297802065145,-1.5731967176512398
2021-01-29,-4.198969303432661,-3.0433297802065145
2021-01-30,-1.8963270955474618,-4.198969303432661
2021-01-31,-2.7743436079367307,-1.8963270955474618
2021-02-01,-1.6378317431099367,-2.7743436079367307
2021-02-02,-1.8084593402227664,-1.6378317431099367
2021-02-03,-0.7321949502521345,-1.8084593402227664
2021-02-04,0.9537841334217391,-0.7321949502521345
2021-02-05,-0.14033528779189444,0.9537841334217391
2021-02-06,-0.4940241038142628,-0.14033528779189444
2021-02-07,-2.332460604068647,-0.4940241038142628
2021-02-08,-3.2728594002367917,-2.332460604068647
2021-02-09,-2.9384322004966856,-3.2728594002367917
2021-02-10,-3.7265367949920805,-2.9384322004966856
2021-02-11,-5.196991501632425,-3.7265367949920805
2021-02-12,-6.418197264445117,-5.196991501632425
2021-02-13,-7.10736523268994,-6.418197264445117
2021-02-14,-6.296907731676343,-7.10736523268994
2021-02-15,-7.123580008820757,-6.296907731676343
2021-02-16,-3.9005588975309675,-7.123580008820757
2021-02-17,-5.531507002726289,-3.9005588975309675
2021-02-18,-6.466932645723259,-5.531507002726289
2021-02-19,-5.291263355339624,-6.466932645723259
2021-02-20,-3.642080681730216,-5.291263355339624
2021-02-21,-1.0228400143312428,-3.642080681730216
2021-02-22,1.0393217006437783,-1.0228400143312428
2021-02-23,3.810752390833285,1.0393217006437783
2021-02-24,4.200716026038036,3.810752390833285
2021-02-25,1.9069975212107935,4.200716026038036
2021-02-26,0.3115593473351507,1.9069975212107935
2021-02-27,2.92759421429918,0.3115593473351507
2021-02-28,2.1234133294728452,2.92759421429918
2021-03-01,0.9056934999130332,2.1234133294728452
2021-03-02,-2.42674835915805,0.9056934999130332
2021-03-03,2.2688544464216225,-2.42674835915805
2021-03-04,-0.49513532932686666,2.2688544464216225
2021-03-05,-0.6160763950425648,-0.49513532932686666
2021-03-06,-2.5897769904225036,-0.6160763950425648
2021-03-07,-1.3798847930984142,-2.5897769904225036
2021-03-08,0.15998274247166583,-1.3798847930984142
2021-03-09,4.716021181879305,0.15998274247166583
2021-03-10,2.9051387663053925,4.716021181879305
2021-03-11,5.831626494495485,2.9051387663053925
2021-03-12,4.485917142060523,5.831626494495485
2021-03-13,1.3957744797626854,4.485917142060523
2021-03-14,1.2528702916341987,1.3957744797626854
2021-03-15,-2.971290103850079,1.2528702916341987
2021-03-16,-3.808304791274045,-2.971290103850079
2021-03-17,-2.0061120898186795,-3.808304791274045
2021-03-18,-1.869218075115752,-2.0061120898186795
2021-03-19,-2.4294308203791095,-1.869218075115752
2021-03-20,1.022081683505395,-2.4294308203791095
2021-03-21,2.1906343342914374,1.022081683505395
2021-03-22,2.1184592473399078,2.1906343342914374
2021-03-23,3.1656778326545796,2.1184592473399078
2021-03-24,1.374209792652147,3.1656778326545796
2021-03-25,1.9932126290468453,1.374209792652147
2021-03-26,5.532028908031563,1.9932126290468453
2021-03-27,5.405584406769374,5.532028908031563
2021-03-28,2.987335383129375,5.405584406769374
2021-03-29,1.0821744825713555,2.987335383129375
2021-03-30,3.3686231001128464,1.0821744825713555
2021-03-31,3.5867321207887617,3.3686231001128464
2021-04-01,0.6273270261257748,3.5867321207887617
2021-04-02,-3.9418286934198803,0.6273270261257748
2021-04-03,-1.2634171769103903,-3.9418286934198803
2021-04-04,2.9682756099051164,-1.2634171769103903
2021-04-05,3.1960879252377326,2.9682756099051164
2021-04-06,4.4924331577029175,3.1960879252377326
2021-04-07,4.78794515000438,4.4924331577029175
2021-04-08,3.619771921153315,4.78794515000438
2021-04-09,0.9973461221873487,3.619771921153315
2021-04-10,2.5244119564220537,0.9973461221873487
2021-04-11,1.816398533114857,2.5244119564220537
2021-04-12,-0.31540222766595594,1.816398533114857
2021-04-13,0.9238583397340785,-0.31540222766595594
2021-04-14,0.20017616956512838,0.9238583397340785
2021-04-15,-2.3044244221158645,0.20017616956512838
2021-04-16,-3.6839279276193735,-2.3044244221158645
2021-04-17,-2.917014268482113,-3.6839279276193735
2021-04-18,1.170583436237916,-2.917014268482113
2021-04-19,-0.1226697976815231,1.170583436237916
2021-04-20,0.9125489928049476,-0.1226697976815231
2021-04-21,-1.3635585593875537,0.9125489928049476
2021-04-22,-5.404338171335554,-1.3635585593875537
2021-04-23,-1.7046042764608649,-5.404338171335554
2021-04-24,0.752617512784144,-1.7046042764608649
2021-04-25,-1.5736096588501498,0.752617512784144
2021-04-26,-0.6361152358425375,-1.5736096588501498
2021-04-27,1.078041661825431,-0.6361152358425375
2021-04-28,3.509619846796675,1.078041661825431
2021-04-29,2.2869685942861286,3.509619846796675
2021-04-30,0.1575685270617569,2.2869685942861286
2021-05-01,0.2437710518600095,0.1575685270617569
2021-05-02,4.261412665666374,0.2437710518600095
2021-05-03,1.0593186095502065,4.261412665666374
2021-05-04,0.8775242050367896,1.0593186095502065
2021-05-05,-1.013118081552518,0.8775242050367896
2021-05-06,-1.3857059295892435,-1.013118081552518
2021-05-07,-1.47548775471081,-1.3857059295892435
2021-05-08,-3.1781046657214898,-1.47548775471081
2021-05-09,-1.3638613783634599,-3.1781046657214898
2021-05-10,-3.252907161501285,-1.3638613783634599
2021-05-11,-2.3568076844339854,-3.252907161501285
2021-05-12,-3.0261147974367137,-2.3568076844339854
2021-05-13,-0.9934895713217735,-3.0261147974367137
2021-05-14,-0.06346442852631211,-0.9934895713217735
2021-05-15,0.2985186125250567,-0.06346442852631211
2021-05-16,-0.9452674336882761,0.2985186125250567
2021-05-17,-0.25953977877725476,-0.9452674336882761
2021-05-18,0.8763002542917411,-0.25953977877725476
2021-05-19,1.416460934744852,0.8763002542917411
2021-05-20,0.9296288000121781,1.416460934744852
2021-05-21,1.4166522214666373,0.9296288000121781
2021-05-22,2.6859292083888286,1.4166522214666373
2021-05-23,2.284431197833482,2.6859292083888286
2021-05-24,-0.6325968386758717,2.284431197833482
2021-05-25,0.5071536788518655,-0.6325968386758717
2021-05-26,3.477749871609167,0.5071536788518655
2021-05-27,0.6780784137459158,3.477749871609167
2021-05-28,-3.5960758773475847,0.6780784137459158
2021-05-29,-6.796187233114999,-3.5960758773475847
2021-05-30,-6.769903107822933,-6.796187233114999
2021-05-31,-2.664663628123922,-6.769903107822933
2021-06-01,-1.4862331433901212,-2.664663628123922
2021-06-02,-1.0094551487540708,-1.4862331433901212
2021-06-03,-0.21558425196234438,-1.0094551487540708
2021-06-04,0.39530429893959307,-0.21558425196234438
2021-06-05,3.2760829563011975,0.39530429893959307
2021-06-06,3.5345366962603064,3.2760829563011975
2021-06-07,2.3384302194077082,3.5345366962603064
2021-06-08,2.7363972805872003,2.3384302194077082
2021-06-09,2.8737627993870793,2.7363972805872003
2021-06-10,1.4571757244942953,2.8737627993870793
2021-06-11,-1.3717612053193766,1.4571757244942953
2021-06-12,0.10828617890224104,-1.3717612053193766
2021-06-13,1.3183420876126624,0.10828617890224104
2021-06-14,0.5262769013715165,1.3183420876126624
2021-06-15,1.0149560598334249,0.5262769013715165
2021-06-16,0.8366350720925347,1.0149560598334249
2021-06-17,1.241294547104027,0.8366350720925347
2021-06-18,1.936309246317266,1.241294547104027
2021-06-19,2.1444625339744827,1.936309246317266
2021-06-20,1.5027053978404006,2.1444625339744827
2021-06-21,0.5758068863439347,1.5027053978404006
2021-06-22,-1.7717741515564553,0.5758068863439347
2021-06-23,-1.860997678320688,-1.7717741515564553
2021-06-24,-2.034126674543831,-1.860997678320688
2021-06-25,-1.3849236518574781,-2.034126674543831
2021-06-26,-0.23310776564556862,-1.3849236518574781
2021-06-27,1.1139078240888833,-0.23310776564556862
2021-06-28,0.8969001017797493,1.1139078240888833
2021-06-29,1.7397896319628046,0.8969001017797493
2021-06-30,2.480664315731707,1.7397896319628046
2021-07-01,-0.36234680083396587,2.480664315731707
2021-07-02,-2.5948998213356598,-0.36234680083396587
2021-07-03,-4.118204382290411,-2.5948998213356598
2021-07-04,-1.6261281269537053,-4.118204382290411
2021-07-05,-0.635496628527537,-1.6261281269537053
2021-07-06,1.1618900377026786,-0.635496628527537
2021-07-07,1.132866369102323,1.1618900377026786
2021-07-08,-1.926881422814502,1.132866369102323
2021-07-09,-1.1754421172220975,-1.926881422814502
2021-07-10,-1.3769028789705489,-1.1754421172220975
2021-07-11,-1.714792921770844,-1.3769028789705489
2021-07-12,-1.4855685357254529,-1.714792921770844
2021-07-13,-2.435117762531724,-1.4855685357254529
2021-07-14,-0.3200840978622755,-2.435117762531724
2021-07-15,-0.47301645978821755,-0.3200840978622755
2021-07-16,-0.02646434773982916,-0.47301645978821755
2021-07-17,-0.04658696138319654,-0.02646434773982916
2021-07-18,-1.2370828978120356,-0.04658696138319654
2021-07-19,-1.6694900651050966,-1.2370828978120356
2021-07-20,-0.5645714275518118,-1.6694900651050966
2021-07-21,-1.537816572205293,-0.5645714275518118
2021-07-22,-1.3248812270658343,-1.537816572205293
2021-07-23,-1.025847874644461,-1.3248812270658343
2021-07-24,-1.034491535372262,-1.025847874644461
2021-07-25,-1.1283521686435123,-1.034491535372262
2021-07-26,1.2372632474802068,-1.1283521686435123
2021-07-27,0.7738515432038967,1.2372632474802068
2021-07-28,-0.6981977181342139,0.7738515432038967
2021-07-29,-1.429747027004943,-0.6981977181342139
2021-07-30,-1.4682470272897201,-1.429747027004943
2021-07-31,-2.4084087062293364,-1.4682470272897201
2021-08-01,-2.4589045392762467,-2.4084087062293364
2021-08-02,-1.9737025195585916,-2.4589045392762467
2021-08-03,-2.408012389462934,-1.9737025195585916
2021-08-04,-2.8350384900861996,-2.408012389462934
2021-08-05,-1.8932393320025935,-2.8350384900861996
2021-08-06,-0.18477641064760972,-1.8932393320025935
2021-08-07,-0.13539011537203496,-0.18477641064760972
2021-08-08,-1.1068092471969926,-0.13539011537203496
2021-08-09,-1.1458720150070774,-1.1068092471969926
2021-08-10,-0.0390244874682147,-1.1458720150070774
2021-08-11,0.926769373128397,-0.0390244874682147
2021-08-12,1.92690257902929,0.926769373128397
2021-08-13,1.5455573793944917,1.92690257902929
2021-08-14,-0.18644572431019138,1.5455573793944917
2021-08-15,-1.656591103427248,-0.18644572431019138
2021-08-16,-1.302932740360885,-1.656591103427248
2021-08-17,-1.3538046751462784,-1.302932740360885
2021-08-18,-0.8224435512703794,-1.3538046751462784
2021-08-19,0.42558635659385724,-0.8224435512703794
2021-08-20,-0.4793131675079678,0.42558635659385724
2021-08-21,-0.5498642517914396,-0.4793131675079678
2021-08-22,-1.6425334145442032,-0.5498642517914396
2021-08-23,0.39820783382865266,-1.6425334145442032
2021-08-24,1.9146503099977428,0.39820783382865266
2021-08-25,2.4500146835331233,1.9146503099977428
2021-08-26,2.7476241731394113,2.4500146835331233
2021-08-27,2.717709093734363,2.7476241731394113
2021-08-28,-0.23456832786284523,2.717709093734363
2021-08-29,-1.4127333981247692,-0.23456832786284523
2021-08-30,0.8514560547770132,-1.4127333981247692
2021-08-31,-0.080480499060454,0.8514560547770132
2021-09-01,-1.0397855926196862,-0.080480499060454
2021-09-02,-1.632056321140278,-1.0397855926196862
2021-09-03,-2.7981543783665686,-1.632056321140278
2021-09-04,-0.771393238948715,-2.7981543783665686
2021-09-05,-0.7777449895830976,-0.771393238948715
2021-09-06,1.006248599589684,-0.7777449895830976
2021-09-07,0.7333106082151368,1.006248599589684
2021-09-08,0.5947360942840487,0.7333106082151368
2021-09-09,-0.24475786138992897,0.5947360942840487
2021-09-10,-1.372988729404189,-0.24475786138992897
2021-09-11,0.006092701363481557,-1.372988729404189
2021-09-12,0.9305202060478517,0.006092701363481557
2021-09-13,0.5607671309712386,0.9305202060478517
2021-09-14,-0.11787512474040493,0.5607671309712386
2021-09-15,0.6536170496157634,-0.11787512474040493
2021-09-16,-1.259322145838288,0.6536170496157634
2021-09-17,-0.570163339095504,-1.259322145838288
2021-09-18,0.9213757088236941,-0.570163339095504
2021-09-19,0.27627942247590714,0.9213757088236941
2021-09-20,0.7959655299576657,0.27627942247590714
2021-09-21,1.167062716566401,0.7959655299576657
2021-09-22,-0.6455180296432813,1.167062716566401
2021-09-23,-0.7892762914270395,-0.6455180296432813
2021-09-24,-1.5394272984479687,-0.7892762914270395
2021-09-25,-1.2817354416343907,-1.5394272984479687
2021-09-26,-1.4179951502556203,-1.2817354416343907
2021-09-27,0.6855719955346233,-1.4179951502556203
2021-09-28,-0.5877220398251227,0.6855719955346233
2021-09-29,-1.0523947328937038,-0.5877220398251227
2021-09-30,-0.3764289956447517,-1.0523947328937038
2021-10-01,-0.2027830059554642,-0.3764289956447517
2021-10-02,1.4176211620855899,-0.2027830059554642
2021-10-03,2.649268784428761,1.4176211620855899
2021-10-04,1.5429935375415402,2.649268784428761
2021-10-05,-1.3900824844683066,1.5429935375415402
2021-10-06,-0.9477318129131526,-1.3900824844683066
2021-10-07,0.7161188279665632,-0.9477318129131526
2021-10-08,1.4363730082160153,0.7161188279665632
2021-10-09,0.30905001109775687,1.4363730082160153
2021-10-10,0.7044182365390986,0.30905001109775687
2021-10-11,-0.05410097031133588,0.7044182365390986
2021-10-12,-0.48166030631449,-0.05410097031133588
2021-10-13,0.5809400713892136,-0.48166030631449
2021-10-14,1.9580488284907511,0.5809400713892136
2021-10-15,3.5204457772479594,1.9580488284907511
2021-10-16,2.5437700133857124,3.5204457772479594
2021-10-17,-1.938843052096799,2.5437700133857124
2021-10-18,-2.3156655076364276,-1.938843052096799
2021-10-19,-0.24756617313032417,-2.3156655076364276
2021-10-20,2.1833854849944703,-0.24756617313032417
2021-10-21,2.2077352955159792,2.1833854849944703
2021-10-22,0.1565451241128511,2.2077352955159792
2021-10-23,-1.149982494980015,0.1565451241128511
2021-10-24,-0.9861651444648185,-1.149982494980015
2021-10-25,1.786294969367752,-0.9861651444648185
2021-10-26,-0.43194749036524244,1.786294969367752
2021-10-27,0.28840652220419666,-0.43194749036524244
2021-10-28,-0.13906354869932736,0.28840652220419666
2021-10-29,-1.2967460210042452,-0.13906354869932736
2021-10-30,-0.6278366537074203,-1.2967460210042452
2021-10-31,-0.210692284731897,-0.6278366537074203
2021-11-01,-1.3722744360029693,-0.210692284731897
2021-11-02,-3.497456412119531,-1.3722744360029693
2021-11-03,-4.686624089115903,-3.497456412119531
2021-11-04,-5.1528837335568785,-4.686624089115903
2021-11-05,-3.724647275977355,-5.1528837335568785
2021-11-06,-2.797131750168948,-3.724647275977355
2021-11-07,-1.4898566625609706,-2.797131750168948
2021-11-08,1.6781750826255455,-1.4898566625609706
2021-11-09,2.7976809547411383,1.6781750826255455
2021-11-10,2.7768547929861844,2.7976809547411383
2021-11-11,2.437644003774132,2.7768547929861844
2021-11-12,3.2304342052528177,2.437644003774132
2021-11-13,0.9686925081756146,3.2304342052528177
2021-11-14,-1.17951226290168,0.9686925081756146
2021-11-15,-1.2178797297727277,-1.17951226290168
2021-11-16,-0.3945769716394671,-1.2178797297727277
2021-11-17,2.6582579148181145,-0.3945769716394671
2021-11-18,2.516242866578213,2.6582579148181145
2021-11-19,-2.4187372259587896,2.516242866578213
2021-11-20,-1.7413846448258226,-2.4187372259587896
2021-11-21,2.8326058412441433,-1.7413846448258226
2021-11-22,1.1902285298970519,2.8326058412441433
2021-11-23,-2.577695611465968,1.1902285298970519
2021-11-24,-0.3613172259223215,-2.577695611465968
2021-11-25,1.7021608367695222,-0.3613172259223215
2021-11-26,-2.0370800125737025,1.7021608367695222
2021-11-27,-2.410967314445892,-2.0370800125737025
2021-11-28,-1.4738684145523304,-2.410967314445892
2021-11-29,-0.5742553403857864,-1.4738684145523304
2021-11-30,-0.40527350409859214,-0.5742553403857864
2021-12-01,1.9104600184822798,-0.40527350409859214
2021-12-02,4.577113017285449,1.9104600184822798
2021-12-03,1.9454934361245773,4.577113017285449
2021-12-04,1.1826461288294807,1.9454934361245773
2021-12-05,1.4139418588641492,1.1826461288294807
2021-12-06,3.8048767429433172,1.4139418588641492
2021-12-07,-2.2174178614619344,3.8048767429433172
2021-12-08,-1.9110212089127112,-2.2174178614619344
2021-12-09,-0.31674120179979,-1.9110212089127112
2021-12-10,2.9279249667506813,-0.31674120179979
2021-12-11,6.950631616530907,2.9279249667506813
2021-12-12,1.88575650977971,6.950631616530907
2021-12-13,2.4329324483635273,1.88575650977971
2021-12-14,3.9142345054153096,2.4329324483635273
2021-12-15,4.258151122975278,3.9142345054153096
2021-12-16,6.14125944782028,4.258151122975278
2021-12-17,4.978090944682758,6.14125944782028
2021-12-18,2.3895905959693566,4.978090944682758
2021-12-19,-0.08343941242130702,2.3895905959693566
2021-12-20,-2.129046989797009,-0.08343941242130702
2021-12-21,-0.4933958696787493,-2.129046989797009
2021-12-22,0.6561527333883289,-0.4933958696787493
2021-12-23,-0.04217597171553542,0.6561527333883289
2021-12-24,2.5213035183296357,-0.04217597171553542
2021-12-25,4.443869401357843,2.5213035183296357
2021-12-26,3.9650978731403597,4.443869401357843
2021-12-27,0.8798931438177896,3.9650978731403597
2021-12-28,2.4949507505322206,0.8798931438177896
2021-12-29,2.0887368963010213,2.4949507505322206
2021-12-30,2.741374714775515,2.0887368963010213
2021-12-31,4.260497440160393,2.741374714775515
2022-01-01,5.057953039208152,4.260497440160393
2022-01-02,3.042559865567391,5.057953039208152
2022-01-03,-2.5238715264335414,3.042559865567391
2022-01-04,-1.8120845910651633,-2.5238715264335414
2022-01-05,1.9074898357878334,-1.8120845910651633
2022-01-06,-1.0655663622596043,1.9074898357878334
2022-01-07,-4.344078442561181,-1.0655663622596043
2022-01-08,-1.879131965714635,-4.344078442561181
2022-01-09,2.1307234704568647,-1.879131965714635
2022-01-10,-0.2757274377473503,2.1307234704568647
2022-01-11,-2.209542552433447,-0.2757274377473503
2022-01-12,1.9401460417930847,-2.209542552433447
2022-01-13,3.7646635559932355,1.9401460417930847
2022-01-14,2.823900020519952,3.7646635559932355
2022-01-15,-4.335799360622965,2.823900020519952
2022-01-16,-0.8271357919637994,-4.335799360622965
2022-01-17,0.4874502152395547,-0.8271357919637994
2022-01-18,0.7732348563520822,0.4874502152395547
2022-01-19,3.1327249552234417,0.7732348563520822
2022-01-20,-0.25163266659444516,3.1327249552234417
2022-01-21,-5.21166012708051,-0.25163266659444516
2022-01-22,-2.4845550448290177,-5.21166012708051
2022-01-23,-0.9750415698199372,-2.4845550448290177
2022-01-24,-1.7720198651760657,-0.9750415698199372
2022-01-25,-0.6418443397143471,-1.7720198651760657
2022-01-26,-3.5165346642904054,-0.6418443397143471
2022-01-27,-1.7513766556036698,-3.5165346642904054
2022-01-28,-1.4291622517680451,-1.7513766556036698
2022-01-29,-3.22234055472532,-1.4291622517680451
2022-01-30,-2.6851585329828285,-3.22234055472532
2022-01-31,-1.820672460056689,-2.6851585329828285
2022-02-01,0.3514133447907867,-1.820672460056689
2022-02-02,0.9727195636035006,0.3514133447907867
2022-02-03,0.05818767642832006,0.9727195636035006
2022-02-04,0.5557489731321847,0.05818767642832006
2022-02-05,-4.717791337429951,0.5557489731321847
2022-02-06,-1.9686880128111608,-4.717791337429951
2022-02-07,0.0006314331598951951,-1.9686880128111608
2022-02-08,2.475330878977273,0.0006314331598951951
2022-02-09,3.8161696609304094,2.475330878977273
2022-02-10,5.787527320830052,3.8161696609304094
2022-02-11,6.934859584200048,5.787527320830052
2022-02-12,5.585318764510418,6.934859584200048
2022-02-13,0.27515803514873666,5.585318764510418
2022-02-14,-3.1181073180258774,0.27515803514873666
2022-02-15,-1.553776492791801,-3.1181073180258774
2022-02-16,3.2235362420760647,-1.553776492791801
2022-02-17,6.897448529848687,3.2235362420760647
2022-02-18,3.845476868237445,6.897448529848687
2022-02-19,-0.40770596133755393,3.845476868237445
2022-02-20,-1.16452121947582,-0.40770596133755393
2022-02-21,4.04737715216307,-1.16452121947582
2022-02-22,4.165588505193934,4.04737715216307
2022-02-23,2.0759023391269773,4.165588505193934
2022-02-24,-5.338373942938181,2.0759023391269773
2022-02-25,-3.308824609089103,-5.338373942938181
2022-02-26,-4.499712627845823,-3.308824609089103
2022-02-27,0.6846779785184146,-4.499712627845823
2022-02-28,0.6529893377458537,0.6846779785184146
2022-03-01,3.2780823313504683,0.6529893377458537
2022-03-02,4.8420210307075155,3.2780823313504683
2022-03-03,1.618182264415417,4.8420210307075155
2022-03-04,-1.2225396726567528,1.618182264415417
2022-03-05,2.5024344632821514,-1.2225396726567528
2022-03-06,6.273408118160745,2.5024344632821514
2022-03-07,4.793538164502413,6.273408118160745
2022-03-08,-1.6236780641467417,4.793538164502413
2022-03-09,-3.0026965016780904,-1.6236780641467417
2022-03-10,-0.34025937226751474,-3.0026965016780904
2022-03-11,-0.1786113545220954,-0.34025937226751474
2022-03-12,-2.3423145022000784,-0.1786113545220954
2022-03-13,-3.6267694705992595,-2.3423145022000784
2022-03-14,3.1047834250364743,-3.6267694705992595
2022-03-15,4.397686111248163,3.1047834250364743
2022-03-16,5.76273967615098,4.397686111248163
2022-03-17,3.6119851180406806,5.76273967615098
2022-03-18,4.713718843188282,3.6119851180406806
2022-03-19,3.8842196449776645,4.713718843188282
2022-03-20,3.531388818975923,3.8842196449776645
2022-03-21,4.011420270175615,3.531388818975923
2022-03-22,2.6718201573709313,4.011420270175615
2022-03-23,0.6303107178665758,2.6718201573709313
2022-03-24,-1.5103817275133127,0.6303107178665758
2022-03-25,1.9614649558307131,-1.5103817275133127
2022-03-26,-0.24573737945551194,1.9614649558307131
2022-03-27,-1.183557268515012,-0.24573737945551194
2022-03-28,-5.021661514492135,-1.183557268515012
2022-03-29,-3.841713831802999,-5.021661514492135
2022-03-30,-0.6733624221208669,-3.841713831802999
2022-03-31,1.83812819110934,-0.6733624221208669
2022-04-01,0.9181233032715871,1.83812819110934
2022-04-02,-0.5332454462637278,0.9181233032715871
2022-04-03,-0.9064368253074943,-0.5332454462637278
2022-04-04,-0.5779498295985037,-0.9064368253074943
2022-04-05,1.7028097452997797,-0.5779498295985037
2022-04-06,0.7983276768342501,1.7028097452997797
2022-04-07,1.1885656257024142,0.7983276768342501
2022-04-08,1.9969177329423535,1.1885656257024142
2022-04-09,0.33953846965374046,1.9969177329423535
2022-04-10,-0.8868600187589191,0.33953846965374046
2022-04-11,0.8845474472823857,-0.8868600187589191
2022-04-12,3.3037291063567955,0.8845474472823857
2022-04-13,3.6440237999202205,3.3037291063567955
2022-04-14,2.689111019616835,3.6440237999202205
2022-04-15,1.6557617205935469,2.689111019616835
2022-04-16,2.0528869637973806,1.6557617205935469
2022-04-17,-3.1172210937147913,2.0528869637973806
2022-04-18,-3.3317950539378853,-3.1172210937147913
2022-04-19,-3.3370441513526714,-3.3317950539378853
2022-04-20,-0.9061686907524465,-3.3370441513526714
2022-04-21,0.05929562882340777,-0.9061686907524465
2022-04-22,0.63526886072236,0.05929562882340777
2022-04-23,1.7414143378100766,0.63526886072236
2022-04-24,2.4312111012019306,1.7414143378100766
2022-04-25,-0.41642248201457677,2.4312111012019306
2022-04-26,-1.146766735325475,-0.41642248201457677
2022-04-27,-2.8697349669232772,-1.146766735325475
2022-04-28,-2.9066159339685793,-2.8697349669232772
2022-04-29,-0.6131348183302104,-2.9066159339685793
2022-04-30,0.532956324373029,-0.6131348183302104
2022-05-01,0.11305750480726928,0.532956324373029
2022-05-02,-1.2677496921412805,0.11305750480726928
2022-05-03,-1.4125531588055336,-1.2677496921412805
2022-05-04,-0.3530859293996115,-1.4125531588055336
2022-05-05,0.4552376578476896,-0.3530859293996115
2022-05-06,-1.612386384604754,0.4552376578476896
2022-05-07,-3.2781764827356294,-1.612386384604754
2022-05-08,-2.504681708120663,-3.2781764827356294
2022-05-09,0.416800462381111,-2.504681708120663
2022-05-10,1.2400607805876507,0.416800462381111
2022-05-11,1.4516721501058285,1.2400607805876507
2022-05-12,2.232003092945912,1.4516721501058285
2022-05-13,2.956458722370057,2.232003092945912
2022-05-14,3.02598748460709,2.956458722370057
2022-05-15,3.260669594944912,3.02598748460709
2022-05-16,2.132705679031477,3.260669594944912
2022-05-17,1.864762186062456,2.132705679031477
2022-05-18,0.7522051146847089,1.864762186062456
2022-05-19,1.1068435614253072,0.7522051146847089
2022-05-20,1.6573433811910827,1.1068435614253072
2022-05-21,3.170530194579357,1.6573433811910827
2022-05-22,1.630810283880038,3.170530194579357
2022-05-23,-1.9179472923423202,1.630810283880038
2022-05-24,-2.7319763629778366,-1.9179472923423202
2022-05-25,-1.1481720708896022,-2.7319763629778366
2022-05-26,-0.6797475430754236,-1.1481720708896022
2022-05-27,0.9162376691750783,-0.6797475430754236
2022-05-28,0.2520109892501408,0.9162376691750783
2022-05-29,1.1565532012179907,0.2520109892501408
2022-05-30,2.8795281227872005,1.1565532012179907
2022-05-31,4.381561811379697,2.8795281227872005
2022-06-01,0.4709540334454526,4.381561811379697
2022-06-02,0.9672770125696116,0.4709540334454526
2022-06-03,-0.7709100017038136,0.9672770125696116
2022-06-04,-0.031479568692258514,-0.7709100017038136
2022-06-05,0.4504366274490766,-0.031479568692258514
2022-06-06,0.6015480716481031,0.4504366274490766
2022-06-07,0.15208068476448192,0.6015480716481031
2022-06-08,0.531019824537562,0.15208068476448192
2022-06-09,1.5967204002143793,0.531019824537562
2022-06-10,1.354797234318495,1.5967204002143793
2022-06-11,-0.16431549694295366,1.354797234318495
2022-06-12,-0.08199303516187524,-0.16431549694295366
2022-06-13,3.3744951382848436,-0.08199303516187524
2022-06-14,2.577362733843078,3.3744951382848436
2022-06-15,2.4061659874445938,2.577362733843078
2022-06-16,0.6958905012548916,2.4061659874445938
2022-06-17,3.0806947539292597,0.6958905012548916
2022-06-18,-1.174549078398349,3.0806947539292597
2022-06-19,-0.6723937224888078,-1.174549078398349
2022-06-20,1.8442772696087555,-0.6723937224888078
2022-06-21,2.4985576619385585,1.8442772696087555
2022-06-22,-0.6236872849587304,2.4985576619385585
2022-06-23,-0.6642034694272024,-0.6236872849587304
2022-06-24,1.0827295819194573,-0.6642034694272024
2022-06-25,1.6561311568291814,1.0827295819194573
2022-06-26,1.7765096076739755,1.6561311568291814
2022-06-27,-1.0288015864592042,1.7765096076739755
2022-06-28,-0.9645269923257302,-1.0288015864592042
2022-06-29,0.9739157953547382,-0.9645269923257302
2022-06-30,0.8274068183170206,0.9739157953547382
2022-07-01,1.025036859972652,0.8274068183170206
2022-07-02,1.0915531259239057,1.025036859972652
2022-07-03,1.4820024429422687,1.0915531259239057
2022-07-04,1.0978636000369875,1.4820024429422687
2022-07-05,1.6059718306244786,1.0978636000369875
2022-07-06,0.8168021369787913,1.6059718306244786
2022-07-07,0.2787815707569251,0.8168021369787913
2022-07-08,0.4995922069683324,0.2787815707569251
2022-07-09,-0.7965382909552929,0.4995922069683324
2022-07-10,0.2555686825599593,-0.7965382909552929
2022-07-11,0.29306643707093427,0.2555686825599593
2022-07-12,1.585786169548591,0.29306643707093427
2022-07-13,1.382462382245939,1.585786169548591
2022-07-14,0.2709190045162158,1.382462382245939
2022-07-15,-0.8704311443797369,0.2709190045162158
2022-07-16,-0.3929586600459296,-0.8704311443797369
2022-07-17,0.522079015866029,-0.3929586600459296
2022-07-18,1.0709832862624211,0.522079015866029
2022-07-19,1.8924540920820803,1.0709832862624211
2022-07-20,2.5806198857884155,1.8924540920820803
2022-07-21,1.6561854960470332,2.5806198857884155
2022-07-22,2.4395448329134832,1.6561854960470332
2022-07-23,2.107347575200421,2.4395448329134832
2022-07-24,2.1944639972027122,2.107347575200421
2022-07-25,0.08746996165638375,2.1944639972027122
2022-07-26,-1.4271628124991116,0.08746996165638375
2022-07-27,-0.5813707939212325,-1.4271628124991116
2022-07-28,-0.015467625062859718,-0.5813707939212325
2022-07-29,-0.15322169091394033,-0.015467625062859718
2022-07-30,0.05129795719838887,-0.15322169091394033
2022-07-31,0.5580856060767648,0.05129795719838887
2022-08-01,-1.2493905785730417,0.5580856060767648
2022-08-02,1.7779003759946665,-1.2493905785730417
2022-08-03,0.9838180138462694,1.7779003759946665
2022-08-04,1.9054992555187644,0.9838180138462694
2022-08-05,1.3194804198071275,1.9054992555187644
2022-08-06,1.6771677465395667,1.3194804198071275
2022-08-07,1.592841528888564,1.6771677465395667
2022-08-08,2.058961176794736,1.592841528888564
2022-08-09,2.475017333493441,2.058961176794736
2022-08-10,0.8585970223559839,2.475017333493441
2022-08-11,0.03349119319044528,0.8585970223559839
2022-08-12,-0.6213911128011135,0.03349119319044528
2022-08-13,-1.3755387943387032,-0.6213911128011135
2022-08-14,-0.9558355898737905,-1.3755387943387032
2022-08-15,-1.0009551158367622,-0.9558355898737905
2022-08-16,-0.4196855842078339,-1.0009551158367622
2022-08-17,-0.6876206006891942,-0.4196855842078339
2022-08-18,-0.9498478946002643,-0.6876206006891942
2022-08-19,-0.37761943451265734,-0.9498478946002643
2022-08-20,0.4026930372490128,-0.37761943451265734
2022-08-21,-1.1533802807469722,0.4026930372490128
2022-08-22,-1.9765561653197972,-1.1533802807469722
2022-08-23,-0.3214405632757947,-1.9765561653197972
2022-08-24,0.34174441547861273,-0.3214405632757947
2022-08-25,1.2239547042156462,0.34174441547861273
2022-08-26,0.874925103852958,1.2239547042156462
2022-08-27,1.148526053403444,0.874925103852958
2022-08-28,0.5702920651050972,1.148526053403444
2022-08-29,0.8685489183178365,0.5702920651050972
2022-08-30,1.3283950413333723,0.8685489183178365
2022-08-31,1.1518876498537132,1.3283950413333723
2022-09-01,1.7834822460566322,1.1518876498537132
2022-09-02,0.2581194803074988,1.7834822460566322
2022-09-03,2.082404049761664,0.2581194803074988
2022-09-04,2.994066947193994,2.082404049761664
2022-09-05,1.876856871843996,2.994066947193994
2022-09-06,0.06064363578409982,1.876856871843996
2022-09-07,0.0009424593009692562,0.06064363578409982
2022-09-08,1.6283451945942868,0.0009424593009692562
2022-09-09,1.8083962234084159,1.6283451945942868
2022-09-10,0.8648602881759563,1.8083962234084159
2022-09-11,-0.4639176398981528,0.8648602881759563
2022-09-12,-0.1765118518632146,-0.4639176398981528
2022-09-13,0.2970649593062941,-0.1765118518632146
2022-09-14,0.13310729511481753,0.2970649593062941
2022-09-15,-0.8303539948516617,0.13310729511481753
2022-09-16,-0.3854855377721031,-0.8303539948516617
2022-09-17,0.22352849130780483,-0.3854855377721031
2022-09-18,1.6739093179240048,0.22352849130780483
2022-09-19,2.0154728040684633,1.6739093179240048
2022-09-20,1.5993781462968597,2.0154728040684633
2022-09-21,1.8399686110855318,1.5993781462968597
2022-09-22,0.8556195091364498,1.8399686110855318
2022-09-23,-1.7882421652636475,0.8556195091364498
2022-09-24,-0.38989265522149436,-1.7882421652636475
2022-09-25,0.25114977036147385,-0.38989265522149436
2022-09-26,0.04963670083021338,0.25114977036147385
2022-09-27,-1.3245624408666181,0.04963670083021338
2022-09-28,-1.1074738495459082,-1.3245624408666181
2022-09-29,-2.2800059014562697,-1.1074738495459082
2022-09-30,-3.135581012190771,-2.2800059014562697
2022-10-01,-3.3922349190888665,-3.135581012190771
2022-10-02,-3.4638679795896947,-3.3922349190888665
2022-10-03,-4.182582301403713,-3.4638679795896947
2022-10-04,-3.82246664860117,-4.182582301403713
2022-10-05,-1.9646429808488652,-3.82246664860117
2022-10-06,1.0634367496514807,-1.9646429808488652
2022-10-07,0.9226338227959324,1.0634367496514807
2022-10-08,-3.7494594633455156,0.9226338227959324
2022-10-09,-2.484021343607517,-3.7494594633455156
2022-10-10,-0.08451661351260732,-2.484021343607517
2022-10-11,0.4080500121085189,-0.08451661351260732
2022-10-12,0.9943479666948173,0.4080500121085189
2022-10-13,-0.8261953991381904,0.9943479666948173
2022-10-14,-0.5639780587894969,-0.8261953991381904
2022-10-15,0.24392044115695505,-0.5639780587894969
2022-10-16,-0.9958370186721984,0.24392044115695505
2022-10-17,-2.3241584605766334,-0.9958370186721984
2022-10-18,-4.005944721700543,-2.3241584605766334
2022-10-19,-3.351185614702195,-4.005944721700543
2022-10-20,-1.025714825243379,-3.351185614702195
2022-10-21,0.6828128549782329,-1.025714825243379
2022-10-22,1.548892590503751,0.6828128549782329
2022-10-23,0.43016228268286055,1.548892590503751
2022-10-24,0.09646153599019613,0.43016228268286055
2022-10-25,0.6582701503398308,0.09646153599019613
2022-10-26,-0.07755245417082678,0.6582701503398308
2022-10-27,0.07765161010492001,-0.07755245417082678
2022-10-28,-2.3474399706228026,0.07765161010492001
2022-10-29,-1.4757532598873888,-2.3474399706228026
2022-10-30,0.19419023357282714,-1.4757532598873888
2022-10-31,1.267280827987856,0.19419023357282714
2022-11-01,1.7301040541728325,1.267280827987856
2022-11-02,2.4932364524099424,1.7301040541728325
2022-11-03,2.0289912159513146,2.4932364524099424
2022-11-04,3.0673851392456055,2.0289912159513146
2022-11-05,3.5079276981694925,3.0673851392456055
2022-11-06,4.690458735870349,3.5079276981694925
2022-11-07,4.643235374667573,4.690458735870349
2022-11-08,0.5640075541870757,4.643235374667573
2022-11-09,-0.37294986221853094,0.5640075541870757
2022-11-10,3.168478371062709,-0.37294986221853094
2022-11-11,3.1305085332467275,3.168478371062709
2022-11-12,0.3085107305889085,3.1305085332467275
2022-11-13,-2.5529207286392768,0.3085107305889085
2022-11-14,-5.331528808920296,-2.5529207286392768
2022-11-15,-5.2489035146744865,-5.331528808920296
2022-11-16,-3.021774489736676,-5.2489035146744865
2022-11-17,-4.353531123444554,-3.021774489736676
2022-11-18,-5.202681642211861,-4.353531123444554
2022-11-19,-5.893918198037384,-5.202681642211861
2022-11-20,-5.53290481028601,-5.893918198037384
2022-11-21,-3.9446433831612353,-5.53290481028601
2022-11-22,-0.23831335221256542,-3.9446433831612353
2022-11-23,1.581042754614695,-0.23831335221256542
2022-11-24,1.5024883583589617,1.581042754614695
2022-11-25,1.6051598026433587,1.5024883583589617
2022-11-26,1.5679872056269182,1.6051598026433587
2022-11-27,2.205165053703023,1.5679872056269182
2022-11-28,1.1496062493566663,2.205165053703023
2022-11-29,0.8820011229027347,1.1496062493566663
2022-11-30,0.7957606220648006,0.8820011229027347
2022-12-01,-3.385920539945849,0.7957606220648006
2022-12-02,-0.3749035287331652,-3.385920539945849
2022-12-03,2.3691749252662526,-0.3749035287331652
2022-12-04,-1.6254200552449765,2.3691749252662526
2022-12-05,0.7491021484194752,-1.6254200552449765
2022-12-06,2.161340031464517,0.7491021484194752
2022-12-07,3.1252915490861537,2.161340031464517
2022-12-08,2.980188718698459,3.1252915490861537
2022-12-09,0.2657820660388864,2.980188718698459
2022-12-10,-0.758424567892546,0.2657820660388864
2022-12-11,-2.0486444951547207,-0.758424567892546
2022-12-12,-2.1478525905305283,-2.0486444951547207
2022-12-13,-1.549901057324167,-2.1478525905305283
2022-12-14,-2.416168803788414,-1.549901057324167
2022-12-15,-1.462117749827204,-2.416168803788414
2022-12-16,-0.9163413794806506,-1.462117749827204
2022-12-17,-1.970616397613005,-0.9163413794806506
2022-12-18,-3.250016436088555,-1.970616397613005
2022-12-19,-3.5190133524419895,-3.250016436088555
2022-12-20,-2.514052160427826,-3.5190133524419895
2022-12-21,-2.023385528417116,-2.514052160427826
2022-12-22,-0.008480151823666656,-2.023385528417116
2022-12-23,-2.0630653202160523,-0.008480151823666656
2022-12-24,-9.56266752613779,-2.0630653202160523
2022-12-25,-5.328622842695933,-9.56266752613779
2022-12-26,-3.7289041951119675,-5.328622842695933
2022-12-27,-2.7179351912390874,-3.7289041951119675
2022-12-28,2.3781979066852705,-2.7179351912390874
2022-12-29,4.361229140354795,2.3781979066852705
2022-12-30,5.8075587892325995,4.361229140354795
2022-12-31,4.1839721040693885,5.8075587892325995
2023-01-01,5.5539199471709235,4.1839721040693885
2023-01-02,4.877513329890038,5.5539199471709235
2023-01-03,5.29029600200493,4.877513329890038
2023-01-04,5.914906101799368,5.29029600200493
2023-01-05,3.416796971258361,5.914906101799368
2023-01-06,2.470731466075454,3.416796971258361
2023-01-07,2.663470678431582,2.470731466075454
2023-01-08,0.7762971966431725,2.663470678431582
2023-01-09,1.962781381522014,0.7762971966431725
2023-01-10,3.146609687381915,1.962781381522014
2023-01-11,3.221067582002955,3.146609687381915
2023-01-12,5.929494542310149,3.221067582002955
2023-01-13,3.881830050305542,5.929494542310149
2023-01-14,-1.9161206620033162,3.881830050305542
2023-01-15,0.6291437624380503,-1.9161206620033162
2023-01-16,3.1711061935584346,0.6291437624380503
2023-01-17,3.046912469634591,3.1711061935584346
2023-01-18,4.292883253456529,3.046912469634591
2023-01-19,1.6201086160300602,4.292883253456529
2023-01-20,0.8713249342328564,1.6201086160300602
2023-01-21,-0.8720530950225992,0.8713249342328564
2023-01-22,-0.7602530799893068,-0.8720530950225992
2023-01-23,-0.7602535656834325,-0.7602530799893068
2023-01-24,0.5189832372024246,-0.7602535656834325
2023-01-25,2.178631358320814,0.5189832372024246
2023-01-26,2.793806597343515,2.178631358320814
2023-01-27,0.18171538162487175,2.793806597343515
2023-01-28,2.793278285977561,0.18171538162487175
2023-01-29,1.8254360740233888,2.793278285977561
2023-01-30,-0.2661306115764166,1.8254360740233888
2023-01-31,-1.5568668757754072,-0.2661306115764166
2023-02-01,-3.353136810328138,-1.5568668757754072
2023-02-02,-2.335139795238279,-3.353136810328138
2023-02-03,-2.845328352527212,-2.335139795238279
2023-02-04,-3.0924413060818803,-2.845328352527212
2023-02-05,3.321815694627961,-3.0924413060818803
2023-02-06,4.503597406009936,3.321815694627961
2023-02-07,2.049649013304673,4.503597406009936
2023-02-08,4.3482367734964065,2.049649013304673
2023-02-09,5.050502649555022,4.3482367734964065
2023-02-10,4.551332905111335,5.050502649555022
2023-02-11,0.5159350754099746,4.551332905111335
2023-02-12,1.3060012877782563,0.5159350754099746
2023-02-13,3.521176649419678,1.3060012877782563
2023-02-14,3.5685524544663667,3.521176649419678
2023-02-15,6.1265751101037536,3.5685524544663667
2023-02-16,4.619089499573478,6.1265751101037536
2023-02-17,2.466528157563268,4.619089499573478
2023-02-18,-0.6247402982568674,2.466528157563268
2023-02-19,3.551756293057482,-0.6247402982568674
2023-02-20,6.275706288280127,3.551756293057482
2023-02-21,3.5253502648828223,6.275706288280127
2023-02-22,0.7801696840977596,3.5253502648828223
2023-02-23,1.2657679027257356,0.7801696840977596
2023-02-24,-0.5824277174986771,1.2657679027257356
2023-02-25,-4.000241361932951,-0.5824277174986771
2023-02-26,1.6889119843568667,-4.000241361932951
2023-02-27,0.9807482990975246,1.6889119843568667
2023-02-28,1.0348921298864948,0.9807482990975246
2023-03-01,0.9216190428292688,1.0348921298864948
2023-03-02,1.936229924192519,0.9216190428292688
2023-03-03,-0.43104214096203947,1.936229924192519
2023-03-04,0.8050714959058118,-0.43104214096203947
2023-03-05,2.246901888308004,0.8050714959058118
2023-03-06,2.7960554811390286,2.246901888308004
2023-03-07,0.6030521252056192,2.7960554811390286
2023-03-08,0.1237883267529487,0.6030521252056192
2023-03-09,0.2827223194180838,0.1237883267529487
2023-03-10,-1.3957919472416613,0.2827223194180838
2023-03-11,-0.22752552205053334,-1.3957919472416613
2023-03-12,-1.3337312550439253,-0.22752552205053334
2023-03-13,-2.4460042172383494,-1.3337312550439253
2023-03-14,-4.2543685915095475,-2.4460042172383494
2023-03-15,-2.274185657107577,-4.2543685915095475
2023-03-16,1.0592236471954488,-2.274185657107577
2023-03-17,0.2631743631285804,1.0592236471954488
2023-03-18,-1.8743887059327118,0.2631743631285804
2023-03-19,-6.103060603212614,-1.8743887059327118
2023-03-20,-3.0474115946745437,-6.103060603212614
2023-03-21,0.6109032070939188,-3.0474115946745437
2023-03-22,1.6405895472364944,0.6109032070939188
2023-03-23,2.6102486702967727,1.6405895472364944
2023-03-24,0.6479429881019919,2.6102486702967727
2023-03-25,-1.252702572607757,0.6479429881019919
2023-03-26,1.7453691355393175,-1.252702572607757
2023-03-27,1.627921531898639,1.7453691355393175
2023-03-28,-0.8671630656813799,1.627921531898639
2023-03-29,-2.385250543281799,-0.8671630656813799
2023-03-30,-3.148543394199461,-2.385250543281799
2023-03-31,1.4701861021744904,-3.148543394199461
2023-04-01,3.6092298182664164,1.4701861021744904
2023-04-02,-0.7582712994178128,3.6092298182664164
2023-04-03,1.393769999925184,-0.7582712994178128
2023-04-04,3.420292155923731,1.393769999925184
2023-04-05,2.0574116067268737,3.420292155923731
2023-04-06,3.107634812304778,2.0574116067268737
2023-04-07,-1.5596246535116491,3.107634812304778
2023-04-08,-2.229969547305838,-1.5596246535116491
2023-04-09,-0.6446394000463637,-2.229969547305838
2023-04-10,1.2226539419442866,-0.6446394000463637
2023-04-11,3.8069879850279906,1.2226539419442866
2023-04-12,5.161123108425048,3.8069879850279906
2023-04-13,6.313930728565517,5.161123108425048
2023-04-14,6.1396797890067,6.313930728565517
2023-04-15,4.070446312113713,6.1396797890067
2023-04-16,1.2890813795160987,4.070446312113713
2023-04-17,-0.730457908606208,1.2890813795160987
2023-04-18,-0.9873276289120326,-0.730457908606208
2023-04-19,0.5391709468893148,-0.9873276289120326
2023-04-20,3.0732521985960544,0.5391709468893148
2023-04-21,3.1480236536424364,3.0732521985960544
2023-04-22,0.49938468285265913,3.1480236536424364
2023-04-23,-2.4789579476087447,0.49938468285265913
2023-04-24,-2.7365241625002414,-2.4789579476087447
2023-04-25,-2.5361742917353625,-2.7365241625002414
2023-04-26,-2.9285661148497764,-2.5361742917353625
2023-04-27,-2.2165808821249318,-2.9285661148497764
2023-04-28,-2.762045096326386,-2.2165808821249318
2023-04-29,-3.752017962073746,-2.762045096326386
2023-04-30,-2.7038585670437243,-3.752017962073746
2023-05-01,-3.0907687619972815,-2.7038585670437243
2023-05-02,-3.7427238389871955,-3.0907687619972815
2023-05-03,-3.647196385279164,-3.7427238389871955
2023-05-04,-3.1769742437739663,-3.647196385279164
2023-05-05,-0.4865410391533453,-3.1769742437739663
2023-05-06,1.3401472244955561,-0.4865410391533453
2023-05-07,2.297107901959305,1.3401472244955561
2023-05-08,1.450850866853484,2.297107901959305
2023-05-09,-0.6427652046302645,1.450850866853484
2023-05-10,-0.18496507256643452,-0.6427652046302645
2023-05-11,2.462530474821444,-0.18496507256643452
2023-05-12,3.984536702046225,2.462530474821444
2023-05-13,1.8805538619770896,3.984536702046225
2023-05-14,0.23994818781288188,1.8805538619770896
2023-05-15,0.46211737157366006,0.23994818781288188
2023-05-16,2.2634192260842174,0.46211737157366006
2023-05-17,-1.8452688377224458,2.2634192260842174
2023-05-18,-1.780059621613119,-1.8452688377224458
2023-05-19,-0.6808503372303286,-1.780059621613119
2023-05-20,-1.8112191834418028,-0.6808503372303286
2023-05-21,-0.7169568788436015,-1.8112191834418028
2023-05-22,-0.10693532108376763,-0.7169568788436015
2023-05-23,-1.3980920700051953,-0.10693532108376763
2023-05-24,-0.2841997342291291,-1.3980920700051953
2023-05-25,-2.7534461143229016,-0.2841997342291291
2023-05-26,-1.618527274202622,-2.7534461143229016
2023-05-27,-0.22740245492006125,-1.618527274202622
2023-05-28,0.14911543599264396,-0.22740245492006125
2023-05-29,0.3237714018384669,0.14911543599264396
2023-05-30,-0.524608381866368,0.3237714018384669
2023-05-31,0.2637748413693561,-0.524608381866368
2023-06-01,2.0325879527836133,0.2637748413693561
2023-06-02,3.5582801149481007,2.0325879527836133
2023-06-03,-0.48311269043183797,3.5582801149481007
2023-06-04,-2.468708110574368,-0.48311269043183797
2023-06-05,-0.7014765059531985,-2.468708110574368
2023-06-06,-0.5580175953632716,-0.7014765059531985
2023-06-07,-2.007898632712251,-0.5580175953632716
2023-06-08,-1.75481264702397,-2.007898632712251
2023-06-09,-1.4302702926501507,-1.75481264702397
2023-06-10,0.08975069864114187,-1.4302702926501507
2023-06-11,-0.041047658266635444,0.08975069864114187
2023-06-12,-1.3143611840760419,-0.041047658266635444
2023-06-13,-2.4262287500295296,-1.3143611840760419
2023-06-14,-1.5759981761879471,-2.4262287500295296
2023-06-15,-0.5295113651924296,-1.5759981761879471
2023-06-16,-0.7049367996758208,-0.5295113651924296
2023-06-17,-0.4209598479321681,-0.7049367996758208
2023-06-18,0.031035202883966582,-0.4209598479321681
2023-06-19,0.3857241678938194,0.031035202883966582
2023-06-20,-0.624698945489486,0.3857241678938194
2023-06-21,-2.306612968878404,-0.624698945489486
2023-06-22,-2.935166085372381,-2.306612968878404
2023-06-23,-2.037936664877048,-2.935166085372381
2023-06-24,0.3793169655802647,-2.037936664877048
2023-06-25,1.231415541524114,0.3793169655802647
2023-06-26,-0.4302122123880717,1.231415541524114
2023-06-27,-0.2945720104509308,-0.4302122123880717
2023-06-28,-0.06773278343224513,-0.2945720104509308
2023-06-29,0.692426653679454,-0.06773278343224513
2023-06-30,0.5773551120088516,0.692426653679454
2023-07-01,0.06909063453314969,0.5773551120088516
2023-07-02,0.3125458870407613,0.06909063453314969
2023-07-03,1.4610096818254126,0.3125458870407613
2023-07-04,0.30975605091599456,1.4610096818254126
2023-07-05,1.8012148502728758,0.30975605091599456
2023-07-06,0.8367607719322571,1.8012148502728758
2023-07-07,0.1620287269099763,0.8367607719322571
2023-07-08,0.08490761544816679,0.1620287269099763
2023-07-09,-0.8703748990214765,0.08490761544816679
2023-07-10,-0.22230101754345355,-0.8703748990214765
2023-07-11,1.0176786397596633,-0.22230101754345355
2023-07-12,1.5077096442124986,1.0176786397596633
2023-07-13,1.575740562183893,1.5077096442124986
2023-07-14,1.3566480634614062,1.575740562183893
2023-07-15,1.4128160117733137,1.3566480634614062
2023-07-16,-1.2067125380190422,1.4128160117733137
2023-07-17,1.305636409868098,-1.2067125380190422
2023-07-18,0.8174155509987189,1.305636409868098
2023-07-19,0.14829690490524364,0.8174155509987189
2023-07-20,1.3389446014037212,0.14829690490524364
2023-07-21,-0.07266662391160036,1.3389446014037212
2023-07-22,-0.05425041010616533,-0.07266662391160036
2023-07-23,1.1967994883338238,-0.05425041010616533
2023-07-24,0.5796759930662079,1.1967994883338238
2023-07-25,1.5646157734454222,0.5796759930662079
2023-07-26,1.642433878297167,1.5646157734454222
2023-07-27,2.4591669516837307,1.642433878297167
2023-07-28,2.337479634502808,2.4591669516837307
2023-07-29,1.7109975438326999,2.337479634502808
2023-07-30,-0.30888818551102337,1.7109975438326999
2023-07-31,0.9364723692618739,-0.30888818551102337
2023-08-01,0.013794530010206677,0.9364723692618739
2023-08-02,-0.5939713923610741,0.013794530010206677
2023-08-03,-0.6100806417897175,-0.5939713923610741
2023-08-04,-1.06833735254742,-0.6100806417897175
2023-08-05,0.5987978965392897,-1.06833735254742
2023-08-06,0.6355958747712114,0.5987978965392897
2023-08-07,0.07732963643768435,0.6355958747712114
2023-08-08,-0.015702732202163238,0.07732963643768435
2023-08-09,0.44792322801257134,-0.015702732202163238
2023-08-10,0.1973767534831821,0.44792322801257134
2023-08-11,0.7104301797468041,0.1973767534831821
2023-08-12,0.9604082667231881,0.7104301797468041
2023-08-13,1.417842798215588,0.9604082667231881
2023-08-14,0.46102066658949886,1.417842798215588
2023-08-15,-0.5625890351749213,0.46102066658949886
2023-08-16,-0.6347838261933558,-0.5625890351749213
2023-08-17,-0.44460095229208924,-0.6347838261933558
2023-08-18,-0.3796307281059525,-0.44460095229208924
2023-08-19,-0.8688293621238263,-0.3796307281059525
2023-08-20,1.9222380217371198,-0.8688293621238263
2023-08-21,1.2093911773709183,1.9222380217371198
2023-08-22,-0.0379832594252781,1.2093911773709183
2023-08-23,0.8317135215225512,-0.0379832594252781
2023-08-24,0.2917961217867814,0.8317135215225512
2023-08-25,0.4947923464079946,0.2917961217867814
2023-08-26,1.5384204502852221,0.4947923464079946
2023-08-27,0.9488362912524608,1.5384204502852221
2023-08-28,-0.17603678701486114,0.9488362912524608
2023-08-29,0.5930577083902266,-0.17603678701486114
2023-08-30,0.99023578590421,0.5930577083902266
2023-08-31,-0.48947739668196416,0.99023578590421
2023-09-01,-0.7785653237468841,-0.48947739668196416
2023-09-02,0.3282332341854719,-0.7785653237468841
2023-09-03,2.8250100476934112,0.3282332341854719
2023-09-04,2.7812437827679335,2.8250100476934112
2023-09-05,3.6042612151738815,2.7812437827679335
2023-09-06,3.885566076321845,3.6042612151738815
2023-09-07,3.5997015079048986,3.885566076321845
2023-09-08,3.400010137717348,3.5997015079048986
2023-09-09,2.0186340724259972,3.400010137717348
2023-09-10,1.1895759034810234,2.0186340724259972
2023-09-11,1.0373233114979183,1.1895759034810234
2023-09-12,0.41686974069107785,1.0373233114979183
2023-09-13,-0.4047964677878115,0.41686974069107785
2023-09-14,-1.5796124566949032,-0.4047964677878115
2023-09-15,-2.3655142844069883,-1.5796124566949032
2023-09-16,-1.958908495372931,-2.3655142844069883
2023-09-17,-0.952893432166858,-1.958908495372931
2023-09-18,-1.2740741360573813,-0.952893432166858
2023-09-19,-1.0273400190959638,-1.2740741360573813
2023-09-20,-0.18469631078690538,-1.0273400190959638
2023-09-21,-0.3116342844677255,-0.18469631078690538
2023-09-22,-0.5957765611841294,-0.3116342844677255
2023-09-23,-2.2810032821199044,-0.5957765611841294
2023-09-24,-0.8982690771449691,-2.2810032821199044
2023-09-25,-1.2174127942714126,-0.8982690771449691
2023-09-26,-2.3356787076496226,-1.2174127942714126
2023-09-27,-1.3690298658924713,-2.3356787076496226
2023-09-28,-1.5042680584393928,-1.3690298658924713
2023-09-29,-1.2522913202773645,-1.5042680584393928
2023-09-30,-0.26898328726833065,-1.2522913202773645
2023-10-01,1.6204848327208545,-0.26898328726833065
2023-10-02,1.7800823823544625,1.6204848327208545
2023-10-03,2.8793618557834653,1.7800823823544625
2023-10-04,4.329239659568428,2.8793618557834653
2023-10-05,3.164312551726108,4.329239659568428
2023-10-06,1.6182454363112526,3.164312551726108
2023-10-07,-0.9024954429744915,1.6182454363112526
2023-10-08,-3.8621792151552365,-0.9024954429744915
2023-10-09,-2.5169065556033807,-3.8621792151552365
2023-10-10,-0.9670398813512835,-2.5169065556033807
2023-10-11,-1.1685787365988236,-0.9670398813512835
2023-10-12,-0.159530006417903,-1.1685787365988236
2023-10-13,-1.1602181499137865,-0.159530006417903
2023-10-14,-3.6636678209404794,-1.1602181499137865
2023-10-15,-2.3741767667024027,-3.6636678209404794
2023-10-16,-2.969466801505705,-2.3741767667024027
2023-10-17,-2.2245721110419905,-2.969466801505705
2023-10-18,-0.24100159863952955,-2.2245721110419905
2023-10-19,0.8379560605821904,-0.24100159863952955
2023-10-20,1.1107898283243562,0.8379560605821904
2023-10-21,1.4408273327445205,1.1107898283243562
2023-10-22,-0.5637237486896304,1.4408273327445205
2023-10-23,0.014133327150285332,-0.5637237486896304
2023-10-24,1.6157996952456264,0.014133327150285332
2023-10-25,2.7707830769168726,1.6157996952456264
2023-10-26,4.0333058705447895,2.7707830769168726
2023-10-27,4.32656577763336,4.0333058705447895
2023-10-28,3.62153624447544,4.32656577763336
2023-10-29,0.4710926553142664,3.62153624447544
2023-10-30,-1.2970196940383414,0.4710926553142664
2023-10-31,-3.6463696373689185,-1.2970196940383414
2023-11-01,-4.28882045461724,-3.6463696373689185
2023-11-02,-3.1322030512095007,-4.28882045461724
2023-11-03,-0.1955175741210741,-3.1322030512095007
2023-11-04,1.115782243692348,-0.1955175741210741
2023-11-05,3.1636670983763175,1.115782243692348
2023-11-06,1.8953191288382913,3.1636670983763175
2023-11-07,3.4049727066220705,1.8953191288382913
2023-11-08,1.6597676369171686,3.4049727066220705
2023-11-09,2.1066778523626484,1.6597676369171686
2023-11-10,-1.3705081852971666,2.1066778523626484
2023-11-11,-0.8957582713034281,-1.3705081852971666
2023-11-12,-1.403071482441082,-0.8957582713034281
2023-11-13,-0.8047304494252128,-1.403071482441082
2023-11-14,1.2871888746371003,-0.8047304494252128
2023-11-15,0.7632991740535392,1.2871888746371003
2023-11-16,2.891048674689385,0.7632991740535392
2023-11-17,3.7451245125430366,2.891048674689385
2023-11-18,1.9144848521004454,3.7451245125430366
2023-11-19,0.9414489167506209,1.9144848521004454
2023-11-20,-0.13362869860038287,0.9414489167506209
2023-11-21,-0.3277871266979467,-0.13362869860038287
2023-11-22,1.0067745485113229,-0.3277871266979467
2023-11-23,-0.4589779279085731,1.0067745485113229
2023-11-24,-0.8661776188902631,-0.4589779279085731
2023-11-25,-3.279431717522102,-0.8661776188902631
2023-11-26,-1.6611751521807345,-3.279431717522102
2023-11-27,-1.1426115750456844,-1.6611751521807345
2023-11-28,-3.847187959536819,-1.1426115750456844
2023-11-29,-3.6011426206339774,-3.847187959536819
2023-11-30,0.1324721008652136,-3.6011426206339774
2023-12-01,0.4169750133116489,0.1324721008652136
2023-12-02,1.919098539519161,0.4169750133116489
2023-12-03,1.6383579655971723,1.919098539519161
2023-12-04,1.7451073490983533,1.6383579655971723
2023-12-05,1.367406181511512,1.7451073490983533
2023-12-06,-1.2048440429925682,1.367406181511512
2023-12-07,-0.6537156897969909,-1.2048440429925682
2023-12-08,3.058678894499906,-0.6537156897969909
2023-12-09,4.275916502440129,3.058678894499906
2023-12-10,3.3053810163887376,4.275916502440129
2023-12-11,0.9200214820945045,3.3053810163887376
2023-12-12,-0.4741193950806833,0.9200214820945045
2023-12-13,-0.08226920623833435,-0.4741193950806833
2023-12-14,0.7061683213408522,-0.08226920623833435
2023-12-15,4.686899830317574,0.7061683213408522
2023-12-16,3.6421901613673335,4.686899830317574
2023-12-17,4.584605939512126,3.6421901613673335
2023-12-18,4.452982529785283,4.584605939512126
2023-12-19,-0.481681397943541,4.452982529785283
2023-12-20,1.0056996492929609,-0.481681397943541
2023-12-21,0.5118781737545499,1.0056996492929609
2023-12-22,0.21664911394675695,0.5118781737545499
2023-12-23,1.8316606363506487,0.21664911394675695
2023-12-24,2.630610653800164,1.8316606363506487
2023-12-25,2.4198776743671506,2.630610653800164
2023-12-26,2.147621140979036,2.4198776743671506
2023-12-27,1.741527063155949,2.147621140979036
2023-12-28,1.8486218984122618,1.741527063155949
2023-12-29,1.815210526083855,1.8486218984122618
2023-12-30,0.8569900198427332,1.815210526083855
2023-12-31,0.5920382881438448,0.8569900198427332
